image_id,relative_path,breed_id,breed_name,species,source_type,split
BUF_BUFFALO_BANNI_0001,dataset/expanded_82_breeds_v2/buffalo/buffalo_banni/banni_0001.jpg,buffalo_banni,Banni,buffalo,REAL,train
BUF_BUFFALO_BARGUR_0001,dataset/expanded_82_breeds_v2/buffalo/buffalo_bargur/bargur_0001.jpg,buffalo_bargur,Bargur,buffalo,REAL,train
BUF_BUFFALO_BARGUR_0002,dataset/expanded_82_breeds_v2/buffalo/buffalo_bargur/bargur_0002.jpg,buffalo_bargur,Bargur,buffalo,REAL,train
BUF_BUFFALO_BARGUR_0007,dataset/expanded_82_breeds_v2/buffalo/buffalo_bargur/bargur_0007.jpg,buffalo_bargur,Bargur,buffalo,REAL,train
BUF_BUFFALO_BARGUR_0004,dataset/expanded_82_breeds_v2/buffalo/buffalo_bargur/bargur_0004.jpg,buffalo_bargur,Bargur,buffalo,REAL,train
BUF_BUFFALO_BHADAWARI_0002,dataset/expanded_82_breeds_v2/buffalo/buffalo_bhadawari/bhadawari_0002.jpg,buffalo_bhadawari,Bhadawari,buffalo,REAL,train
BUF_BUFFALO_CHHATTISGARHI_0002,dataset/expanded_82_breeds_v2/buffalo/buffalo_chhattisgarhi/chhattisgarhi_0002.jpg,buffalo_chhattisgarhi,Chhattisgarhi,buffalo,REAL,train
BUF_BUFFALO_CHILIKA_0002,dataset/expanded_82_breeds_v2/buffalo/buffalo_chilika/chilika_0002.jpg,buffalo_chilika,Chilika,buffalo,REAL,train
BUF_BUFFALO_DHARWADI_0002,dataset/expanded_82_breeds_v2/buffalo/buffalo_dharwadi/dharwadi_0002.jpg,buffalo_dharwadi,Dharwadi,buffalo,REAL,train
BUF_BUFFALO_GOJRI_0002,dataset/expanded_82_breeds_v2/buffalo/buffalo_gojri/gojri_0002.jpg,buffalo_gojri,Gojri,buffalo,REAL,train
BUF_BUFFALO_GOMANCHALI_0001,dataset/expanded_82_breeds_v2/buffalo/buffalo_gomanchali/gomanchali_0001.jpg,buffalo_gomanchali,Gomanchali,buffalo,REAL,train
BUF_BUFFALO_JAFFARABADI_0002,dataset/expanded_82_breeds_v2/buffalo/buffalo_jaffarabadi/jaffarabadi_0002.jpg,buffalo_jaffarabadi,Jaffarabadi,buffalo,REAL,train
BUF_BUFFALO_KALAHANDI_0002,dataset/expanded_82_breeds_v2/buffalo/buffalo_kalahandi/kalahandi_0002.jpg,buffalo_kalahandi,Kalahandi,buffalo,REAL,train
BUF_BUFFALO_LUIT_SWAMP_0002,dataset/expanded_82_breeds_v2/buffalo/buffalo_luit_swamp/luit_swamp_0002.jpg,buffalo_luit_swamp,Luit (Swamp),buffalo,REAL,train
BUF_BUFFALO_MANAH_0002,dataset/expanded_82_breeds_v2/buffalo/buffalo_manah/manah_0002.jpg,buffalo_manah,Manah,buffalo,REAL,train
BUF_BUFFALO_MANDA_0029,dataset/expanded_82_breeds_v2/buffalo/buffalo_manda/manda_0029.jpg,buffalo_manda,Manda,buffalo,REAL,train
BUF_BUFFALO_MANDA_0017,dataset/expanded_82_breeds_v2/buffalo/buffalo_manda/manda_0017.jpg,buffalo_manda,Manda,buffalo,REAL,train
BUF_BUFFALO_MANDA_0025,dataset/expanded_82_breeds_v2/buffalo/buffalo_manda/manda_0025.jpg,buffalo_manda,Manda,buffalo,REAL,train
BUF_BUFFALO_MANDA_0019,dataset/expanded_82_breeds_v2/buffalo/buffalo_manda/manda_0019.jpg,buffalo_manda,Manda,buffalo,REAL,train
BUF_BUFFALO_MANDA_0010,dataset/expanded_82_breeds_v2/buffalo/buffalo_manda/manda_0010.jpg,buffalo_manda,Manda,buffalo,REAL,train
BUF_BUFFALO_MANDA_0011,dataset/expanded_82_breeds_v2/buffalo/buffalo_manda/manda_0011.jpg,buffalo_manda,Manda,buffalo,REAL,train
BUF_BUFFALO_MANDA_0031,dataset/expanded_82_breeds_v2/buffalo/buffalo_manda/manda_0031.jpg,buffalo_manda,Manda,buffalo,REAL,train
BUF_BUFFALO_MANDA_0026,dataset/expanded_82_breeds_v2/buffalo/buffalo_manda/manda_0026.jpg,buffalo_manda,Manda,buffalo,REAL,train
BUF_BUFFALO_MANDA_0014,dataset/expanded_82_breeds_v2/buffalo/buffalo_manda/manda_0014.jpg,buffalo_manda,Manda,buffalo,REAL,train
BUF_BUFFALO_MANDA_0001,dataset/expanded_82_breeds_v2/buffalo/buffalo_manda/manda_0001.jpg,buffalo_manda,Manda,buffalo,REAL,train
BUF_BUFFALO_MANDA_0006,dataset/expanded_82_breeds_v2/buffalo/buffalo_manda/manda_0006.jpg,buffalo_manda,Manda,buffalo,REAL,train
BUF_BUFFALO_MANDA_0018,dataset/expanded_82_breeds_v2/buffalo/buffalo_manda/manda_0018.jpg,buffalo_manda,Manda,buffalo,REAL,train
BUF_BUFFALO_MANDA_0007,dataset/expanded_82_breeds_v2/buffalo/buffalo_manda/manda_0007.jpg,buffalo_manda,Manda,buffalo,REAL,train
BUF_BUFFALO_MANDA_0015,dataset/expanded_82_breeds_v2/buffalo/buffalo_manda/manda_0015.jpg,buffalo_manda,Manda,buffalo,REAL,train
BUF_BUFFALO_MANDA_0013,dataset/expanded_82_breeds_v2/buffalo/buffalo_manda/manda_0013.jpg,buffalo_manda,Manda,buffalo,REAL,train
BUF_BUFFALO_MANDA_0024,dataset/expanded_82_breeds_v2/buffalo/buffalo_manda/manda_0024.jpg,buffalo_manda,Manda,buffalo,REAL,train
BUF_BUFFALO_MANDA_0002,dataset/expanded_82_breeds_v2/buffalo/buffalo_manda/manda_0002.jpg,buffalo_manda,Manda,buffalo,REAL,train
BUF_BUFFALO_MANDA_0003,dataset/expanded_82_breeds_v2/buffalo/buffalo_manda/manda_0003.jpg,buffalo_manda,Manda,buffalo,REAL,train
BUF_BUFFALO_MANDA_0027,dataset/expanded_82_breeds_v2/buffalo/buffalo_manda/manda_0027.jpg,buffalo_manda,Manda,buffalo,REAL,train
BUF_BUFFALO_MANDA_0004,dataset/expanded_82_breeds_v2/buffalo/buffalo_manda/manda_0004.jpg,buffalo_manda,Manda,buffalo,REAL,train
BUF_BUFFALO_MANDA_0023,dataset/expanded_82_breeds_v2/buffalo/buffalo_manda/manda_0023.jpg,buffalo_manda,Manda,buffalo,REAL,train
BUF_BUFFALO_MARATHWADI_0002,dataset/expanded_82_breeds_v2/buffalo/buffalo_marathwadi/marathwadi_0002.jpg,buffalo_marathwadi,Marathwadi,buffalo,REAL,train
BUF_BUFFALO_MEHSANA_0011,dataset/expanded_82_breeds_v2/buffalo/buffalo_mehsana/mehsana_0011.jpg,buffalo_mehsana,Mehsana,buffalo,REAL,train
BUF_BUFFALO_MEHSANA_0002,dataset/expanded_82_breeds_v2/buffalo/buffalo_mehsana/mehsana_0002.jpg,buffalo_mehsana,Mehsana,buffalo,REAL,train
BUF_BUFFALO_MEHSANA_0007,dataset/expanded_82_breeds_v2/buffalo/buffalo_mehsana/mehsana_0007.jpg,buffalo_mehsana,Mehsana,buffalo,REAL,train
BUF_BUFFALO_MEHSANA_0001,dataset/expanded_82_breeds_v2/buffalo/buffalo_mehsana/mehsana_0001.jpg,buffalo_mehsana,Mehsana,buffalo,REAL,train
BUF_BUFFALO_MEHSANA_0012,dataset/expanded_82_breeds_v2/buffalo/buffalo_mehsana/mehsana_0012.jpg,buffalo_mehsana,Mehsana,buffalo,REAL,train
BUF_BUFFALO_MEHSANA_0003,dataset/expanded_82_breeds_v2/buffalo/buffalo_mehsana/mehsana_0003.jpg,buffalo_mehsana,Mehsana,buffalo,REAL,train
BUF_BUFFALO_MEHSANA_0005,dataset/expanded_82_breeds_v2/buffalo/buffalo_mehsana/mehsana_0005.jpg,buffalo_mehsana,Mehsana,buffalo,REAL,train
BUF_BUFFALO_MELGHATI_0002,dataset/expanded_82_breeds_v2/buffalo/buffalo_melghati/melghati_0002.jpg,buffalo_melghati,Melghati,buffalo,REAL,train
BUF_BUFFALO_MURRAH_0009,dataset/expanded_82_breeds_v2/buffalo/buffalo_murrah/murrah_0009.jpg,buffalo_murrah,Murrah,buffalo,REAL,train
BUF_BUFFALO_MURRAH_0002,dataset/expanded_82_breeds_v2/buffalo/buffalo_murrah/murrah_0002.jpg,buffalo_murrah,Murrah,buffalo,REAL,train
BUF_BUFFALO_MURRAH_0006,dataset/expanded_82_breeds_v2/buffalo/buffalo_murrah/murrah_0006.jpg,buffalo_murrah,Murrah,buffalo,REAL,train
BUF_BUFFALO_MURRAH_0001,dataset/expanded_82_breeds_v2/buffalo/buffalo_murrah/murrah_0001.jpg,buffalo_murrah,Murrah,buffalo,REAL,train
BUF_BUFFALO_MURRAH_0008,dataset/expanded_82_breeds_v2/buffalo/buffalo_murrah/murrah_0008.jpg,buffalo_murrah,Murrah,buffalo,REAL,train
BUF_BUFFALO_MURRAH_0003,dataset/expanded_82_breeds_v2/buffalo/buffalo_murrah/murrah_0003.jpg,buffalo_murrah,Murrah,buffalo,REAL,train
BUF_BUFFALO_NAGPURI_0006,dataset/expanded_82_breeds_v2/buffalo/buffalo_nagpuri/nagpuri_0006.jpg,buffalo_nagpuri,Nagpuri,buffalo,REAL,train
BUF_BUFFALO_NAGPURI_0001,dataset/expanded_82_breeds_v2/buffalo/buffalo_nagpuri/nagpuri_0001.jpg,buffalo_nagpuri,Nagpuri,buffalo,REAL,train
BUF_BUFFALO_NAGPURI_0010,dataset/expanded_82_breeds_v2/buffalo/buffalo_nagpuri/nagpuri_0010.jpg,buffalo_nagpuri,Nagpuri,buffalo,REAL,train
BUF_BUFFALO_NAGPURI_0011,dataset/expanded_82_breeds_v2/buffalo/buffalo_nagpuri/nagpuri_0011.jpg,buffalo_nagpuri,Nagpuri,buffalo,REAL,train
BUF_BUFFALO_NAGPURI_0003,dataset/expanded_82_breeds_v2/buffalo/buffalo_nagpuri/nagpuri_0003.jpg,buffalo_nagpuri,Nagpuri,buffalo,REAL,train
BUF_BUFFALO_NAGPURI_0002,dataset/expanded_82_breeds_v2/buffalo/buffalo_nagpuri/nagpuri_0002.jpg,buffalo_nagpuri,Nagpuri,buffalo,REAL,train
BUF_BUFFALO_NAGPURI_0009,dataset/expanded_82_breeds_v2/buffalo/buffalo_nagpuri/nagpuri_0009.jpg,buffalo_nagpuri,Nagpuri,buffalo,REAL,train
BUF_BUFFALO_NILI_RAVI_0001,dataset/expanded_82_breeds_v2/buffalo/buffalo_nili_ravi/nili_ravi_0001.jpg,buffalo_nili_ravi,Nili Ravi,buffalo,REAL,train
BUF_BUFFALO_PANDHARPURI_0002,dataset/expanded_82_breeds_v2/buffalo/buffalo_pandharpuri/pandharpuri_0002.jpg,buffalo_pandharpuri,Pandharpuri,buffalo,REAL,train
BUF_BUFFALO_PURNATHADI_0002,dataset/expanded_82_breeds_v2/buffalo/buffalo_purnathadi/purnathadi_0002.jpg,buffalo_purnathadi,Purnathadi,buffalo,REAL,train
BUF_BUFFALO_SURTI_0001,dataset/expanded_82_breeds_v2/buffalo/buffalo_surti/surti_0001.jpg,buffalo_surti,Surti,buffalo,REAL,train
BUF_BUFFALO_SURTI_0018,dataset/expanded_82_breeds_v2/buffalo/buffalo_surti/surti_0018.jpg,buffalo_surti,Surti,buffalo,REAL,train
BUF_BUFFALO_SURTI_0016,dataset/expanded_82_breeds_v2/buffalo/buffalo_surti/surti_0016.jpg,buffalo_surti,Surti,buffalo,REAL,train
BUF_BUFFALO_SURTI_0002,dataset/expanded_82_breeds_v2/buffalo/buffalo_surti/surti_0002.jpg,buffalo_surti,Surti,buffalo,REAL,train
BUF_BUFFALO_SURTI_0009,dataset/expanded_82_breeds_v2/buffalo/buffalo_surti/surti_0009.jpg,buffalo_surti,Surti,buffalo,REAL,train
BUF_BUFFALO_SURTI_0006,dataset/expanded_82_breeds_v2/buffalo/buffalo_surti/surti_0006.jpg,buffalo_surti,Surti,buffalo,REAL,train
BUF_BUFFALO_SURTI_0012,dataset/expanded_82_breeds_v2/buffalo/buffalo_surti/surti_0012.jpg,buffalo_surti,Surti,buffalo,REAL,train
BUF_BUFFALO_SURTI_0004,dataset/expanded_82_breeds_v2/buffalo/buffalo_surti/surti_0004.jpg,buffalo_surti,Surti,buffalo,REAL,train
BUF_BUFFALO_SURTI_0019,dataset/expanded_82_breeds_v2/buffalo/buffalo_surti/surti_0019.jpg,buffalo_surti,Surti,buffalo,REAL,train
BUF_BUFFALO_SURTI_0017,dataset/expanded_82_breeds_v2/buffalo/buffalo_surti/surti_0017.jpg,buffalo_surti,Surti,buffalo,REAL,train
BUF_BUFFALO_SURTI_0014,dataset/expanded_82_breeds_v2/buffalo/buffalo_surti/surti_0014.jpg,buffalo_surti,Surti,buffalo,REAL,train
BUF_BUFFALO_SURTI_0003,dataset/expanded_82_breeds_v2/buffalo/buffalo_surti/surti_0003.jpg,buffalo_surti,Surti,buffalo,REAL,train
BUF_BUFFALO_SURTI_0010,dataset/expanded_82_breeds_v2/buffalo/buffalo_surti/surti_0010.jpg,buffalo_surti,Surti,buffalo,REAL,train
BUF_BUFFALO_SURTI_0021,dataset/expanded_82_breeds_v2/buffalo/buffalo_surti/surti_0021.jpg,buffalo_surti,Surti,buffalo,REAL,train
BUF_BUFFALO_SURTI_0005,dataset/expanded_82_breeds_v2/buffalo/buffalo_surti/surti_0005.jpg,buffalo_surti,Surti,buffalo,REAL,train
BUF_BUFFALO_TODA_0001,dataset/expanded_82_breeds_v2/buffalo/buffalo_toda/toda_0001.jpg,buffalo_toda,Toda,buffalo,REAL,train
BUF_BUFFALO_TODA_0002,dataset/expanded_82_breeds_v2/buffalo/buffalo_toda/toda_0002.jpg,buffalo_toda,Toda,buffalo,REAL,train
BUF_BUFFALO_TODA_0006,dataset/expanded_82_breeds_v2/buffalo/buffalo_toda/toda_0006.jpg,buffalo_toda,Toda,buffalo,REAL,train
BUF_BUFFALO_TODA_0017,dataset/expanded_82_breeds_v2/buffalo/buffalo_toda/toda_0017.jpg,buffalo_toda,Toda,buffalo,REAL,train
BUF_BUFFALO_TODA_0013,dataset/expanded_82_breeds_v2/buffalo/buffalo_toda/toda_0013.jpg,buffalo_toda,Toda,buffalo,REAL,train
BUF_BUFFALO_TODA_0016,dataset/expanded_82_breeds_v2/buffalo/buffalo_toda/toda_0016.jpg,buffalo_toda,Toda,buffalo,REAL,train
BUF_BUFFALO_TODA_0009,dataset/expanded_82_breeds_v2/buffalo/buffalo_toda/toda_0009.jpg,buffalo_toda,Toda,buffalo,REAL,train
BUF_BUFFALO_TODA_0015,dataset/expanded_82_breeds_v2/buffalo/buffalo_toda/toda_0015.jpg,buffalo_toda,Toda,buffalo,REAL,train
BUF_BUFFALO_TODA_0003,dataset/expanded_82_breeds_v2/buffalo/buffalo_toda/toda_0003.jpg,buffalo_toda,Toda,buffalo,REAL,train
BUF_BUFFALO_TODA_0010,dataset/expanded_82_breeds_v2/buffalo/buffalo_toda/toda_0010.jpg,buffalo_toda,Toda,buffalo,REAL,train
BUF_BUFFALO_TODA_0018,dataset/expanded_82_breeds_v2/buffalo/buffalo_toda/toda_0018.jpg,buffalo_toda,Toda,buffalo,REAL,train
CAT_COW_AMRITMAHAL_0001,dataset/expanded_82_breeds_v2/cattle/cow_amritmahal/amritmahal_0001.jpg,cow_amritmahal,Amritmahal,cattle,REAL,train
CAT_COW_AMRITMAHAL_0002,dataset/expanded_82_breeds_v2/cattle/cow_amritmahal/amritmahal_0002.jpg,cow_amritmahal,Amritmahal,cattle,REAL,train
CAT_COW_AMRITMAHAL_0006,dataset/expanded_82_breeds_v2/cattle/cow_amritmahal/cow_amritmahal_0006.jpg,cow_amritmahal,Amritmahal,cattle,REAL,train
CAT_COW_AMRITMAHAL_0003,dataset/expanded_82_breeds_v2/cattle/cow_amritmahal/cow_amritmahal_0003.jpg,cow_amritmahal,Amritmahal,cattle,REAL,train
CAT_COW_BACHAUR_0016,dataset/expanded_82_breeds_v2/cattle/cow_bachaur/cow_bachaur_0016.jpg,cow_bachaur,Bachaur,cattle,REAL,train
CAT_COW_BACHAUR_0010,dataset/expanded_82_breeds_v2/cattle/cow_bachaur/cow_bachaur_0010.jpg,cow_bachaur,Bachaur,cattle,REAL,train
CAT_COW_BACHAUR_0001,dataset/expanded_82_breeds_v2/cattle/cow_bachaur/bachaur_0001.jpg,cow_bachaur,Bachaur,cattle,REAL,train
CAT_COW_BACHAUR_0009,dataset/expanded_82_breeds_v2/cattle/cow_bachaur/cow_bachaur_0009.jpg,cow_bachaur,Bachaur,cattle,REAL,train
CAT_COW_BACHAUR_0018,dataset/expanded_82_breeds_v2/cattle/cow_bachaur/cow_bachaur_0018.jpg,cow_bachaur,Bachaur,cattle,REAL,train
CAT_COW_BACHAUR_0013,dataset/expanded_82_breeds_v2/cattle/cow_bachaur/cow_bachaur_0013.jpg,cow_bachaur,Bachaur,cattle,REAL,train
CAT_COW_BACHAUR_0002,dataset/expanded_82_breeds_v2/cattle/cow_bachaur/bachaur_0002.jpg,cow_bachaur,Bachaur,cattle,REAL,train
CAT_COW_BACHAUR_0014,dataset/expanded_82_breeds_v2/cattle/cow_bachaur/cow_bachaur_0014.jpg,cow_bachaur,Bachaur,cattle,REAL,train
CAT_COW_BACHAUR_0006,dataset/expanded_82_breeds_v2/cattle/cow_bachaur/cow_bachaur_0006.jpg,cow_bachaur,Bachaur,cattle,REAL,train
CAT_COW_BACHAUR_0003,dataset/expanded_82_breeds_v2/cattle/cow_bachaur/cow_bachaur_0003.jpg,cow_bachaur,Bachaur,cattle,REAL,train
CAT_COW_BACHAUR_0012,dataset/expanded_82_breeds_v2/cattle/cow_bachaur/cow_bachaur_0012.jpg,cow_bachaur,Bachaur,cattle,REAL,train
CAT_COW_BACHAUR_0021,dataset/expanded_82_breeds_v2/cattle/cow_bachaur/cow_bachaur_0021.jpg,cow_bachaur,Bachaur,cattle,REAL,train
CAT_COW_BACHAUR_0004,dataset/expanded_82_breeds_v2/cattle/cow_bachaur/cow_bachaur_0004.jpg,cow_bachaur,Bachaur,cattle,REAL,train
CAT_COW_BACHAUR_0005,dataset/expanded_82_breeds_v2/cattle/cow_bachaur/cow_bachaur_0005.jpg,cow_bachaur,Bachaur,cattle,REAL,train
CAT_COW_BACHAUR_0019,dataset/expanded_82_breeds_v2/cattle/cow_bachaur/cow_bachaur_0019.jpg,cow_bachaur,Bachaur,cattle,REAL,train
CAT_COW_BACHAUR_0017,dataset/expanded_82_breeds_v2/cattle/cow_bachaur/cow_bachaur_0017.jpg,cow_bachaur,Bachaur,cattle,REAL,train
CAT_COW_BACHAUR_0022,dataset/expanded_82_breeds_v2/cattle/cow_bachaur/cow_bachaur_0022.jpg,cow_bachaur,Bachaur,cattle,REAL,train
CAT_COW_BADRI_0001,dataset/expanded_82_breeds_v2/cattle/cow_badri/badri_0001.jpg,cow_badri,Badri,cattle,REAL,train
CAT_COW_BADRI_0002,dataset/expanded_82_breeds_v2/cattle/cow_badri/badri_0002.jpg,cow_badri,Badri,cattle,REAL,train
CAT_COW_BADRI_0006,dataset/expanded_82_breeds_v2/cattle/cow_badri/badri_0006.jpg,cow_badri,Badri,cattle,REAL,train
CAT_COW_BADRI_0016,dataset/expanded_82_breeds_v2/cattle/cow_badri/badri_0016.jpg,cow_badri,Badri,cattle,REAL,train
CAT_COW_BADRI_0012,dataset/expanded_82_breeds_v2/cattle/cow_badri/badri_0012.jpg,cow_badri,Badri,cattle,REAL,train
CAT_COW_BADRI_0015,dataset/expanded_82_breeds_v2/cattle/cow_badri/badri_0015.jpg,cow_badri,Badri,cattle,REAL,train
CAT_COW_BADRI_0009,dataset/expanded_82_breeds_v2/cattle/cow_badri/badri_0009.jpg,cow_badri,Badri,cattle,REAL,train
CAT_COW_BADRI_0014,dataset/expanded_82_breeds_v2/cattle/cow_badri/badri_0014.jpg,cow_badri,Badri,cattle,REAL,train
CAT_COW_BADRI_0003,dataset/expanded_82_breeds_v2/cattle/cow_badri/badri_0003.jpg,cow_badri,Badri,cattle,REAL,train
CAT_COW_BADRI_0010,dataset/expanded_82_breeds_v2/cattle/cow_badri/badri_0010.jpg,cow_badri,Badri,cattle,REAL,train
CAT_COW_BADRI_0017,dataset/expanded_82_breeds_v2/cattle/cow_badri/badri_0017.jpg,cow_badri,Badri,cattle,REAL,train
CAT_COW_BARGUR_0001,dataset/expanded_82_breeds_v2/cattle/cow_bargur/bargur_0001.jpg,cow_bargur,Bargur,cattle,REAL,train
CAT_COW_BARGUR_0002,dataset/expanded_82_breeds_v2/cattle/cow_bargur/cow_bargur_0002.jpg,cow_bargur,Bargur,cattle,REAL,train
CAT_COW_BARGUR_0006,dataset/expanded_82_breeds_v2/cattle/cow_bargur/cow_bargur_0006.jpg,cow_bargur,Bargur,cattle,REAL,train
CAT_COW_BARGUR_0003,dataset/expanded_82_breeds_v2/cattle/cow_bargur/cow_bargur_0003.jpg,cow_bargur,Bargur,cattle,REAL,train
CAT_COW_BARGUR_0005,dataset/expanded_82_breeds_v2/cattle/cow_bargur/cow_bargur_0005.jpg,cow_bargur,Bargur,cattle,REAL,train
CAT_COW_BELAHI_0002,dataset/expanded_82_breeds_v2/cattle/cow_belahi/belahi_0002.jpg,cow_belahi,Belahi,cattle,REAL,train
CAT_COW_BINJHARPURI_0002,dataset/expanded_82_breeds_v2/cattle/cow_binjharpuri/binjharpuri_0002.jpg,cow_binjharpuri,Binjharpuri,cattle,REAL,train
CAT_COW_DAGRI_0002,dataset/expanded_82_breeds_v2/cattle/cow_dagri/dagri_0002.jpg,cow_dagri,Dagri,cattle,REAL,train
CAT_COW_DANGI_0043,dataset/expanded_82_breeds_v2/cattle/cow_dangi/cow_dangi_0043.jpg,cow_dangi,Dangi,cattle,REAL,train
CAT_COW_DANGI_0030,dataset/expanded_82_breeds_v2/cattle/cow_dangi/cow_dangi_0030.jpg,cow_dangi,Dangi,cattle,REAL,train
CAT_COW_DANGI_0031,dataset/expanded_82_breeds_v2/cattle/cow_dangi/cow_dangi_0031.jpg,cow_dangi,Dangi,cattle,REAL,train
CAT_COW_DANGI_0042,dataset/expanded_82_breeds_v2/cattle/cow_dangi/cow_dangi_0042.jpg,cow_dangi,Dangi,cattle,REAL,train
CAT_COW_DANGI_0040,dataset/expanded_82_breeds_v2/cattle/cow_dangi/cow_dangi_0040.jpg,cow_dangi,Dangi,cattle,REAL,train
CAT_COW_DANGI_0002,dataset/expanded_82_breeds_v2/cattle/cow_dangi/dangi_0002.jpg,cow_dangi,Dangi,cattle,REAL,train
CAT_COW_DANGI_0010,dataset/expanded_82_breeds_v2/cattle/cow_dangi/cow_dangi_0010.jpg,cow_dangi,Dangi,cattle,REAL,train
CAT_COW_DANGI_0018,dataset/expanded_82_breeds_v2/cattle/cow_dangi/cow_dangi_0018.jpg,cow_dangi,Dangi,cattle,REAL,train
CAT_COW_DANGI_0014,dataset/expanded_82_breeds_v2/cattle/cow_dangi/cow_dangi_0014.jpg,cow_dangi,Dangi,cattle,REAL,train
CAT_COW_DANGI_0009,dataset/expanded_82_breeds_v2/cattle/cow_dangi/cow_dangi_0009.jpg,cow_dangi,Dangi,cattle,REAL,train
CAT_COW_DANGI_0012,dataset/expanded_82_breeds_v2/cattle/cow_dangi/cow_dangi_0012.jpg,cow_dangi,Dangi,cattle,REAL,train
CAT_COW_DANGI_0033,dataset/expanded_82_breeds_v2/cattle/cow_dangi/cow_dangi_0033.jpg,cow_dangi,Dangi,cattle,REAL,train
CAT_COW_DANGI_0037,dataset/expanded_82_breeds_v2/cattle/cow_dangi/cow_dangi_0037.jpg,cow_dangi,Dangi,cattle,REAL,train
CAT_COW_DANGI_0025,dataset/expanded_82_breeds_v2/cattle/cow_dangi/cow_dangi_0025.jpg,cow_dangi,Dangi,cattle,REAL,train
CAT_COW_DANGI_0023,dataset/expanded_82_breeds_v2/cattle/cow_dangi/cow_dangi_0023.jpg,cow_dangi,Dangi,cattle,REAL,train
CAT_COW_DANGI_0019,dataset/expanded_82_breeds_v2/cattle/cow_dangi/cow_dangi_0019.jpg,cow_dangi,Dangi,cattle,REAL,train
CAT_COW_DANGI_0003,dataset/expanded_82_breeds_v2/cattle/cow_dangi/dangi_0003.jpg,cow_dangi,Dangi,cattle,REAL,train
CAT_COW_DANGI_0021,dataset/expanded_82_breeds_v2/cattle/cow_dangi/cow_dangi_0021.jpg,cow_dangi,Dangi,cattle,REAL,train
CAT_COW_DANGI_0015,dataset/expanded_82_breeds_v2/cattle/cow_dangi/cow_dangi_0015.jpg,cow_dangi,Dangi,cattle,REAL,train
CAT_COW_DANGI_0022,dataset/expanded_82_breeds_v2/cattle/cow_dangi/cow_dangi_0022.jpg,cow_dangi,Dangi,cattle,REAL,train
CAT_COW_DANGI_0036,dataset/expanded_82_breeds_v2/cattle/cow_dangi/cow_dangi_0036.jpg,cow_dangi,Dangi,cattle,REAL,train
CAT_COW_DANGI_0032,dataset/expanded_82_breeds_v2/cattle/cow_dangi/cow_dangi_0032.jpg,cow_dangi,Dangi,cattle,REAL,train
CAT_COW_DANGI_0006,dataset/expanded_82_breeds_v2/cattle/cow_dangi/cow_dangi_0006.jpg,cow_dangi,Dangi,cattle,REAL,train
CAT_COW_DANGI_0035,dataset/expanded_82_breeds_v2/cattle/cow_dangi/cow_dangi_0035.jpg,cow_dangi,Dangi,cattle,REAL,train
CAT_COW_DANGI_0004,dataset/expanded_82_breeds_v2/cattle/cow_dangi/dangi_0004.jpg,cow_dangi,Dangi,cattle,REAL,train
CAT_COW_DANGI_0011,dataset/expanded_82_breeds_v2/cattle/cow_dangi/cow_dangi_0011.jpg,cow_dangi,Dangi,cattle,REAL,train
CAT_COW_DANGI_0017,dataset/expanded_82_breeds_v2/cattle/cow_dangi/cow_dangi_0017.jpg,cow_dangi,Dangi,cattle,REAL,train
CAT_COW_DANGI_0038,dataset/expanded_82_breeds_v2/cattle/cow_dangi/cow_dangi_0038.jpg,cow_dangi,Dangi,cattle,REAL,train
CAT_COW_DANGI_0007,dataset/expanded_82_breeds_v2/cattle/cow_dangi/cow_dangi_0007.jpg,cow_dangi,Dangi,cattle,REAL,train
CAT_COW_DANGI_0005,dataset/expanded_82_breeds_v2/cattle/cow_dangi/dangi_0005.jpg,cow_dangi,Dangi,cattle,REAL,train
CAT_COW_DANGI_0027,dataset/expanded_82_breeds_v2/cattle/cow_dangi/cow_dangi_0027.jpg,cow_dangi,Dangi,cattle,REAL,train
CAT_COW_DEONI_0001,dataset/expanded_82_breeds_v2/cattle/cow_deoni/deoni_0001.jpg,cow_deoni,Deoni,cattle,REAL,train
CAT_COW_DEONI_0003,dataset/expanded_82_breeds_v2/cattle/cow_deoni/deoni_0003.jpg,cow_deoni,Deoni,cattle,REAL,train
CAT_COW_GANGATIRI_0002,dataset/expanded_82_breeds_v2/cattle/cow_gangatiri/gangatiri_0002.jpg,cow_gangatiri,Gangatiri,cattle,REAL,train
CAT_COW_GANGATIRI_0006,dataset/expanded_82_breeds_v2/cattle/cow_gangatiri/gangatiri_0006.jpg,cow_gangatiri,Gangatiri,cattle,REAL,train
CAT_COW_GANGATIRI_0001,dataset/expanded_82_breeds_v2/cattle/cow_gangatiri/gangatiri_0001.jpg,cow_gangatiri,Gangatiri,cattle,REAL,train
CAT_COW_GANGATIRI_0008,dataset/expanded_82_breeds_v2/cattle/cow_gangatiri/gangatiri_0008.jpg,cow_gangatiri,Gangatiri,cattle,REAL,train
CAT_COW_GANGATIRI_0003,dataset/expanded_82_breeds_v2/cattle/cow_gangatiri/gangatiri_0003.jpg,cow_gangatiri,Gangatiri,cattle,REAL,train
CAT_COW_GANGATIRI_0005,dataset/expanded_82_breeds_v2/cattle/cow_gangatiri/gangatiri_0005.jpg,cow_gangatiri,Gangatiri,cattle,REAL,train
CAT_COW_GAOLAO_0001,dataset/expanded_82_breeds_v2/cattle/cow_gaolao/gaolao_0001.jpg,cow_gaolao,Gaolao,cattle,REAL,train
CAT_COW_GAOLAO_0018,dataset/expanded_82_breeds_v2/cattle/cow_gaolao/cow_gaolao_0018.jpg,cow_gaolao,Gaolao,cattle,REAL,train
CAT_COW_GAOLAO_0029,dataset/expanded_82_breeds_v2/cattle/cow_gaolao/cow_gaolao_0029.jpg,cow_gaolao,Gaolao,cattle,REAL,train
CAT_COW_GAOLAO_0020,dataset/expanded_82_breeds_v2/cattle/cow_gaolao/cow_gaolao_0020.jpg,cow_gaolao,Gaolao,cattle,REAL,train
CAT_COW_GAOLAO_0011,dataset/expanded_82_breeds_v2/cattle/cow_gaolao/cow_gaolao_0011.jpg,cow_gaolao,Gaolao,cattle,REAL,train
CAT_COW_GAOLAO_0012,dataset/expanded_82_breeds_v2/cattle/cow_gaolao/cow_gaolao_0012.jpg,cow_gaolao,Gaolao,cattle,REAL,train
CAT_COW_GAOLAO_0022,dataset/expanded_82_breeds_v2/cattle/cow_gaolao/cow_gaolao_0022.jpg,cow_gaolao,Gaolao,cattle,REAL,train
CAT_COW_GAOLAO_0024,dataset/expanded_82_breeds_v2/cattle/cow_gaolao/cow_gaolao_0024.jpg,cow_gaolao,Gaolao,cattle,REAL,train
CAT_COW_GAOLAO_0015,dataset/expanded_82_breeds_v2/cattle/cow_gaolao/cow_gaolao_0015.jpg,cow_gaolao,Gaolao,cattle,REAL,train
CAT_COW_GAOLAO_0003,dataset/expanded_82_breeds_v2/cattle/cow_gaolao/cow_gaolao_0003.jpg,cow_gaolao,Gaolao,cattle,REAL,train
CAT_COW_GAOLAO_0007,dataset/expanded_82_breeds_v2/cattle/cow_gaolao/cow_gaolao_0007.jpg,cow_gaolao,Gaolao,cattle,REAL,train
CAT_COW_GAOLAO_0019,dataset/expanded_82_breeds_v2/cattle/cow_gaolao/cow_gaolao_0019.jpg,cow_gaolao,Gaolao,cattle,REAL,train
CAT_COW_GAOLAO_0008,dataset/expanded_82_breeds_v2/cattle/cow_gaolao/cow_gaolao_0008.jpg,cow_gaolao,Gaolao,cattle,REAL,train
CAT_COW_GAOLAO_0016,dataset/expanded_82_breeds_v2/cattle/cow_gaolao/cow_gaolao_0016.jpg,cow_gaolao,Gaolao,cattle,REAL,train
CAT_COW_GAOLAO_0014,dataset/expanded_82_breeds_v2/cattle/cow_gaolao/cow_gaolao_0014.jpg,cow_gaolao,Gaolao,cattle,REAL,train
CAT_COW_GAOLAO_0027,dataset/expanded_82_breeds_v2/cattle/cow_gaolao/cow_gaolao_0027.jpg,cow_gaolao,Gaolao,cattle,REAL,train
CAT_COW_GAOLAO_0004,dataset/expanded_82_breeds_v2/cattle/cow_gaolao/cow_gaolao_0004.jpg,cow_gaolao,Gaolao,cattle,REAL,train
CAT_COW_GAOLAO_0005,dataset/expanded_82_breeds_v2/cattle/cow_gaolao/cow_gaolao_0005.jpg,cow_gaolao,Gaolao,cattle,REAL,train
CAT_COW_GAOLAO_0032,dataset/expanded_82_breeds_v2/cattle/cow_gaolao/cow_gaolao_0032.jpg,cow_gaolao,Gaolao,cattle,REAL,train
CAT_COW_GAOLAO_0006,dataset/expanded_82_breeds_v2/cattle/cow_gaolao/cow_gaolao_0006.jpg,cow_gaolao,Gaolao,cattle,REAL,train
CAT_COW_GAOLAO_0030,dataset/expanded_82_breeds_v2/cattle/cow_gaolao/cow_gaolao_0030.jpg,cow_gaolao,Gaolao,cattle,REAL,train
CAT_COW_GAOLAO_0026,dataset/expanded_82_breeds_v2/cattle/cow_gaolao/cow_gaolao_0026.jpg,cow_gaolao,Gaolao,cattle,REAL,train
CAT_COW_GAOLAO_0033,dataset/expanded_82_breeds_v2/cattle/cow_gaolao/cow_gaolao_0033.jpg,cow_gaolao,Gaolao,cattle,REAL,train
CAT_COW_GHUMUSARI_0001,dataset/expanded_82_breeds_v2/cattle/cow_ghumusari/ghumusari_0001.jpg,cow_ghumusari,Ghumusari,cattle,REAL,train
CAT_COW_GIR_0028,dataset/expanded_82_breeds_v2/cattle/cow_gir/gir_0028.jpg,cow_gir,Gir,cattle,REAL,train
CAT_COW_GIR_0016,dataset/expanded_82_breeds_v2/cattle/cow_gir/gir_0016.jpg,cow_gir,Gir,cattle,REAL,train
CAT_COW_GIR_0024,dataset/expanded_82_breeds_v2/cattle/cow_gir/gir_0024.jpg,cow_gir,Gir,cattle,REAL,train
CAT_COW_GIR_0018,dataset/expanded_82_breeds_v2/cattle/cow_gir/gir_0018.jpg,cow_gir,Gir,cattle,REAL,train
CAT_COW_GIR_0009,dataset/expanded_82_breeds_v2/cattle/cow_gir/gir_0009.jpg,cow_gir,Gir,cattle,REAL,train
CAT_COW_GIR_0010,dataset/expanded_82_breeds_v2/cattle/cow_gir/gir_0010.jpg,cow_gir,Gir,cattle,REAL,train
CAT_COW_GIR_0030,dataset/expanded_82_breeds_v2/cattle/cow_gir/gir_0030.jpg,cow_gir,Gir,cattle,REAL,train
CAT_COW_GIR_0025,dataset/expanded_82_breeds_v2/cattle/cow_gir/gir_0025.jpg,cow_gir,Gir,cattle,REAL,train
CAT_COW_GIR_0013,dataset/expanded_82_breeds_v2/cattle/cow_gir/gir_0013.jpg,cow_gir,Gir,cattle,REAL,train
CAT_COW_GIR_0001,dataset/expanded_82_breeds_v2/cattle/cow_gir/gir_0001.jpg,cow_gir,Gir,cattle,REAL,train
CAT_COW_GIR_0005,dataset/expanded_82_breeds_v2/cattle/cow_gir/gir_0005.jpg,cow_gir,Gir,cattle,REAL,train
CAT_COW_GIR_0017,dataset/expanded_82_breeds_v2/cattle/cow_gir/gir_0017.jpg,cow_gir,Gir,cattle,REAL,train
CAT_COW_GIR_0006,dataset/expanded_82_breeds_v2/cattle/cow_gir/gir_0006.jpg,cow_gir,Gir,cattle,REAL,train
CAT_COW_GIR_0014,dataset/expanded_82_breeds_v2/cattle/cow_gir/gir_0014.jpg,cow_gir,Gir,cattle,REAL,train
CAT_COW_GIR_0012,dataset/expanded_82_breeds_v2/cattle/cow_gir/gir_0012.jpg,cow_gir,Gir,cattle,REAL,train
CAT_COW_GIR_0023,dataset/expanded_82_breeds_v2/cattle/cow_gir/gir_0023.jpg,cow_gir,Gir,cattle,REAL,train
CAT_COW_GIR_0002,dataset/expanded_82_breeds_v2/cattle/cow_gir/gir_0002.jpg,cow_gir,Gir,cattle,REAL,train
CAT_COW_GIR_0003,dataset/expanded_82_breeds_v2/cattle/cow_gir/gir_0003.jpg,cow_gir,Gir,cattle,REAL,train
CAT_COW_GIR_0026,dataset/expanded_82_breeds_v2/cattle/cow_gir/gir_0026.jpg,cow_gir,Gir,cattle,REAL,train
CAT_COW_GIR_0004,dataset/expanded_82_breeds_v2/cattle/cow_gir/gir_0004.jpg,cow_gir,Gir,cattle,REAL,train
CAT_COW_GIR_0022,dataset/expanded_82_breeds_v2/cattle/cow_gir/gir_0022.jpg,cow_gir,Gir,cattle,REAL,train
CAT_COW_HALLIKAR_0001,dataset/expanded_82_breeds_v2/cattle/cow_hallikar/hallikar_0001.jpg,cow_hallikar,Hallikar,cattle,REAL,train
CAT_COW_HALLIKAR_0002,dataset/expanded_82_breeds_v2/cattle/cow_hallikar/hallikar_0002.jpg,cow_hallikar,Hallikar,cattle,REAL,train
CAT_COW_HALLIKAR_0006,dataset/expanded_82_breeds_v2/cattle/cow_hallikar/hallikar_0006.jpg,cow_hallikar,Hallikar,cattle,REAL,train
CAT_COW_HALLIKAR_0003,dataset/expanded_82_breeds_v2/cattle/cow_hallikar/hallikar_0003.jpg,cow_hallikar,Hallikar,cattle,REAL,train
CAT_COW_HARIANA_0001,dataset/expanded_82_breeds_v2/cattle/cow_hariana/hariana_0001.jpg,cow_hariana,Hariana,cattle,REAL,train
CAT_COW_HIMACHALI_PAHARI_0002,dataset/expanded_82_breeds_v2/cattle/cow_himachali_pahari/himachali_pahari_0002.jpg,cow_himachali_pahari,Himachali Pahari,cattle,REAL,train
CAT_COW_KANGAYAM_0001,dataset/expanded_82_breeds_v2/cattle/cow_kangayam/kangayam_0001.jpg,cow_kangayam,Kangayam,cattle,REAL,train
CAT_COW_KANGAYAM_0002,dataset/expanded_82_breeds_v2/cattle/cow_kangayam/kangayam_0002.jpg,cow_kangayam,Kangayam,cattle,REAL,train
CAT_COW_KANGAYAM_0006,dataset/expanded_82_breeds_v2/cattle/cow_kangayam/kangayam_0006.jpg,cow_kangayam,Kangayam,cattle,REAL,train
CAT_COW_KANGAYAM_0016,dataset/expanded_82_breeds_v2/cattle/cow_kangayam/kangayam_0016.jpg,cow_kangayam,Kangayam,cattle,REAL,train
CAT_COW_KANGAYAM_0012,dataset/expanded_82_breeds_v2/cattle/cow_kangayam/kangayam_0012.jpg,cow_kangayam,Kangayam,cattle,REAL,train
CAT_COW_KANGAYAM_0015,dataset/expanded_82_breeds_v2/cattle/cow_kangayam/kangayam_0015.jpg,cow_kangayam,Kangayam,cattle,REAL,train
CAT_COW_KANGAYAM_0009,dataset/expanded_82_breeds_v2/cattle/cow_kangayam/kangayam_0009.jpg,cow_kangayam,Kangayam,cattle,REAL,train
CAT_COW_KANGAYAM_0014,dataset/expanded_82_breeds_v2/cattle/cow_kangayam/kangayam_0014.jpg,cow_kangayam,Kangayam,cattle,REAL,train
CAT_COW_KANGAYAM_0003,dataset/expanded_82_breeds_v2/cattle/cow_kangayam/kangayam_0003.jpg,cow_kangayam,Kangayam,cattle,REAL,train
CAT_COW_KANGAYAM_0010,dataset/expanded_82_breeds_v2/cattle/cow_kangayam/kangayam_0010.jpg,cow_kangayam,Kangayam,cattle,REAL,train
CAT_COW_KANGAYAM_0017,dataset/expanded_82_breeds_v2/cattle/cow_kangayam/kangayam_0017.jpg,cow_kangayam,Kangayam,cattle,REAL,train
CAT_COW_KANKREJ_0010,dataset/expanded_82_breeds_v2/cattle/cow_kankrej/kankrej_0010.jpg,cow_kankrej,Kankrej,cattle,REAL,train
CAT_COW_KANKREJ_0012,dataset/expanded_82_breeds_v2/cattle/cow_kankrej/kankrej_0012.jpg,cow_kankrej,Kankrej,cattle,REAL,train
CAT_COW_KANKREJ_0001,dataset/expanded_82_breeds_v2/cattle/cow_kankrej/kankrej_0001.jpg,cow_kankrej,Kankrej,cattle,REAL,train
CAT_COW_KANKREJ_0015,dataset/expanded_82_breeds_v2/cattle/cow_kankrej/kankrej_0015.jpg,cow_kankrej,Kankrej,cattle,REAL,train
CAT_COW_KANKREJ_0006,dataset/expanded_82_breeds_v2/cattle/cow_kankrej/kankrej_0006.jpg,cow_kankrej,Kankrej,cattle,REAL,train
CAT_COW_KANKREJ_0009,dataset/expanded_82_breeds_v2/cattle/cow_kankrej/kankrej_0009.jpg,cow_kankrej,Kankrej,cattle,REAL,train
CAT_COW_KANKREJ_0003,dataset/expanded_82_breeds_v2/cattle/cow_kankrej/kankrej_0003.jpg,cow_kankrej,Kankrej,cattle,REAL,train
CAT_COW_KANKREJ_0002,dataset/expanded_82_breeds_v2/cattle/cow_kankrej/kankrej_0002.jpg,cow_kankrej,Kankrej,cattle,REAL,train
CAT_COW_KANKREJ_0016,dataset/expanded_82_breeds_v2/cattle/cow_kankrej/kankrej_0016.jpg,cow_kankrej,Kankrej,cattle,REAL,train
CAT_COW_KANKREJ_0005,dataset/expanded_82_breeds_v2/cattle/cow_kankrej/kankrej_0005.jpg,cow_kankrej,Kankrej,cattle,REAL,train
CAT_COW_KANKREJ_0008,dataset/expanded_82_breeds_v2/cattle/cow_kankrej/kankrej_0008.jpg,cow_kankrej,Kankrej,cattle,REAL,train
CAT_COW_KATHANI_0002,dataset/expanded_82_breeds_v2/cattle/cow_kathani/kathani_0002.jpg,cow_kathani,Kathani,cattle,REAL,train
CAT_COW_KENKATHA_0002,dataset/expanded_82_breeds_v2/cattle/cow_kenkatha/kenkatha_0002.jpg,cow_kenkatha,Kenkatha,cattle,REAL,train
CAT_COW_KHARIAR_0001,dataset/expanded_82_breeds_v2/cattle/cow_khariar/khariar_0001.jpg,cow_khariar,Khariar,cattle,REAL,train
CAT_COW_KHERIGARH_0002,dataset/expanded_82_breeds_v2/cattle/cow_kherigarh/kherigarh_0002.jpg,cow_kherigarh,Kherigarh,cattle,REAL,train
CAT_COW_KHILLAR_0002,dataset/expanded_82_breeds_v2/cattle/cow_khillar/khillar_0002.jpg,cow_khillar,Khillar,cattle,REAL,train
CAT_COW_KONKAN_KAPILA_0002,dataset/expanded_82_breeds_v2/cattle/cow_konkan_kapila/konkan_kapila_0002.jpg,cow_konkan_kapila,Konkan Kapila,cattle,REAL,train
CAT_COW_KOPPAL_0001,dataset/expanded_82_breeds_v2/cattle/cow_koppal/koppal_0001.jpg,cow_koppal,Koppal,cattle,REAL,train
CAT_COW_KOSALI_0001,dataset/expanded_82_breeds_v2/cattle/cow_kosali/kosali_0001.jpg,cow_kosali,Kosali,cattle,REAL,train
CAT_COW_KRISHNA_VALLEY_0002,dataset/expanded_82_breeds_v2/cattle/cow_krishna_valley/krishna_valley_0002.jpg,cow_krishna_valley,Krishna Valley,cattle,REAL,train
CAT_COW_LADAKHI_0002,dataset/expanded_82_breeds_v2/cattle/cow_ladakhi/ladakhi_0002.jpg,cow_ladakhi,Ladakhi,cattle,REAL,train
CAT_COW_LADAKHI_0005,dataset/expanded_82_breeds_v2/cattle/cow_ladakhi/ladakhi_0005.jpg,cow_ladakhi,Ladakhi,cattle,REAL,train
CAT_COW_LADAKHI_0003,dataset/expanded_82_breeds_v2/cattle/cow_ladakhi/ladakhi_0003.jpg,cow_ladakhi,Ladakhi,cattle,REAL,train
CAT_COW_LAKHIMI_0002,dataset/expanded_82_breeds_v2/cattle/cow_lakhimi/lakhimi_0002.jpg,cow_lakhimi,Lakhimi,cattle,REAL,train
CAT_COW_MAHAKAUSHALI_0002,dataset/expanded_82_breeds_v2/cattle/cow_mahakaushali/mahakaushali_0002.jpg,cow_mahakaushali,Mahakaushali,cattle,REAL,train
CAT_COW_MALNAD_GIDDA_0002,dataset/expanded_82_breeds_v2/cattle/cow_malnad_gidda/malnad_gidda_0002.jpg,cow_malnad_gidda,Malnad Gidda,cattle,REAL,train
CAT_COW_MALVI_0001,dataset/expanded_82_breeds_v2/cattle/cow_malvi/malvi_0001.jpg,cow_malvi,Malvi,cattle,REAL,train
CAT_COW_MASILUM_0002,dataset/expanded_82_breeds_v2/cattle/cow_masilum/masilum_0002.jpg,cow_masilum,Masilum,cattle,REAL,train
CAT_COW_MEDINI_0001,dataset/expanded_82_breeds_v2/cattle/cow_medini/medini_0001.jpg,cow_medini,Medini,cattle,REAL,train
CAT_COW_MEWATI_0002,dataset/expanded_82_breeds_v2/cattle/cow_mewati/mewati_0002.jpg,cow_mewati,Mewati,cattle,REAL,train
CAT_COW_MOTU_0002,dataset/expanded_82_breeds_v2/cattle/cow_motu/motu_0002.jpg,cow_motu,Motu,cattle,REAL,train
CAT_COW_NAGORI_0001,dataset/expanded_82_breeds_v2/cattle/cow_nagori/nagori_0001.jpg,cow_nagori,Nagori,cattle,REAL,train
CAT_COW_NAGORI_0002,dataset/expanded_82_breeds_v2/cattle/cow_nagori/nagori_0002.jpg,cow_nagori,Nagori,cattle,REAL,train
CAT_COW_NAGORI_0006,dataset/expanded_82_breeds_v2/cattle/cow_nagori/nagori_0006.jpg,cow_nagori,Nagori,cattle,REAL,train
CAT_COW_NAGORI_0016,dataset/expanded_82_breeds_v2/cattle/cow_nagori/nagori_0016.jpg,cow_nagori,Nagori,cattle,REAL,train
CAT_COW_NAGORI_0012,dataset/expanded_82_breeds_v2/cattle/cow_nagori/nagori_0012.jpg,cow_nagori,Nagori,cattle,REAL,train
CAT_COW_NAGORI_0015,dataset/expanded_82_breeds_v2/cattle/cow_nagori/nagori_0015.jpg,cow_nagori,Nagori,cattle,REAL,train
CAT_COW_NAGORI_0009,dataset/expanded_82_breeds_v2/cattle/cow_nagori/nagori_0009.jpg,cow_nagori,Nagori,cattle,REAL,train
CAT_COW_NAGORI_0014,dataset/expanded_82_breeds_v2/cattle/cow_nagori/nagori_0014.jpg,cow_nagori,Nagori,cattle,REAL,train
CAT_COW_NAGORI_0003,dataset/expanded_82_breeds_v2/cattle/cow_nagori/nagori_0003.jpg,cow_nagori,Nagori,cattle,REAL,train
CAT_COW_NAGORI_0010,dataset/expanded_82_breeds_v2/cattle/cow_nagori/nagori_0010.jpg,cow_nagori,Nagori,cattle,REAL,train
CAT_COW_NAGORI_0017,dataset/expanded_82_breeds_v2/cattle/cow_nagori/nagori_0017.jpg,cow_nagori,Nagori,cattle,REAL,train
CAT_COW_NARI_0001,dataset/expanded_82_breeds_v2/cattle/cow_nari/nari_0001.jpg,cow_nari,Nari,cattle,REAL,train
CAT_COW_NIMARI_0011,dataset/expanded_82_breeds_v2/cattle/cow_nimari/nimari_0011.jpg,cow_nimari,Nimari,cattle,REAL,train
CAT_COW_NIMARI_0010,dataset/expanded_82_breeds_v2/cattle/cow_nimari/nimari_0010.jpg,cow_nimari,Nimari,cattle,REAL,train
CAT_COW_NIMARI_0001,dataset/expanded_82_breeds_v2/cattle/cow_nimari/nimari_0001.jpg,cow_nimari,Nimari,cattle,REAL,train
CAT_COW_NIMARI_0009,dataset/expanded_82_breeds_v2/cattle/cow_nimari/nimari_0009.jpg,cow_nimari,Nimari,cattle,REAL,train
CAT_COW_NIMARI_0006,dataset/expanded_82_breeds_v2/cattle/cow_nimari/nimari_0006.jpg,cow_nimari,Nimari,cattle,REAL,train
CAT_COW_NIMARI_0003,dataset/expanded_82_breeds_v2/cattle/cow_nimari/nimari_0003.jpg,cow_nimari,Nimari,cattle,REAL,train
CAT_COW_NIMARI_0002,dataset/expanded_82_breeds_v2/cattle/cow_nimari/nimari_0002.jpg,cow_nimari,Nimari,cattle,REAL,train
CAT_COW_NIMARI_0012,dataset/expanded_82_breeds_v2/cattle/cow_nimari/nimari_0012.jpg,cow_nimari,Nimari,cattle,REAL,train
CAT_COW_ONGOLE_0028,dataset/expanded_82_breeds_v2/cattle/cow_ongole/ongole_0028.jpg,cow_ongole,Ongole,cattle,REAL,train
CAT_COW_ONGOLE_0017,dataset/expanded_82_breeds_v2/cattle/cow_ongole/ongole_0017.jpg,cow_ongole,Ongole,cattle,REAL,train
CAT_COW_ONGOLE_0013,dataset/expanded_82_breeds_v2/cattle/cow_ongole/ongole_0013.jpg,cow_ongole,Ongole,cattle,REAL,train
CAT_COW_ONGOLE_0023,dataset/expanded_82_breeds_v2/cattle/cow_ongole/ongole_0023.jpg,cow_ongole,Ongole,cattle,REAL,train
CAT_COW_ONGOLE_0009,dataset/expanded_82_breeds_v2/cattle/cow_ongole/ongole_0009.jpg,cow_ongole,Ongole,cattle,REAL,train
CAT_COW_ONGOLE_0010,dataset/expanded_82_breeds_v2/cattle/cow_ongole/ongole_0010.jpg,cow_ongole,Ongole,cattle,REAL,train
CAT_COW_ONGOLE_0022,dataset/expanded_82_breeds_v2/cattle/cow_ongole/ongole_0022.jpg,cow_ongole,Ongole,cattle,REAL,train
CAT_COW_ONGOLE_0001,dataset/expanded_82_breeds_v2/cattle/cow_ongole/ongole_0001.jpg,cow_ongole,Ongole,cattle,REAL,train
CAT_COW_ONGOLE_0027,dataset/expanded_82_breeds_v2/cattle/cow_ongole/ongole_0027.jpg,cow_ongole,Ongole,cattle,REAL,train
CAT_COW_ONGOLE_0014,dataset/expanded_82_breeds_v2/cattle/cow_ongole/ongole_0014.jpg,cow_ongole,Ongole,cattle,REAL,train
CAT_COW_ONGOLE_0016,dataset/expanded_82_breeds_v2/cattle/cow_ongole/ongole_0016.jpg,cow_ongole,Ongole,cattle,REAL,train
CAT_COW_ONGOLE_0012,dataset/expanded_82_breeds_v2/cattle/cow_ongole/ongole_0012.jpg,cow_ongole,Ongole,cattle,REAL,train
CAT_COW_ONGOLE_0018,dataset/expanded_82_breeds_v2/cattle/cow_ongole/ongole_0018.jpg,cow_ongole,Ongole,cattle,REAL,train
CAT_COW_ONGOLE_0002,dataset/expanded_82_breeds_v2/cattle/cow_ongole/ongole_0002.jpg,cow_ongole,Ongole,cattle,REAL,train
CAT_COW_ONGOLE_0005,dataset/expanded_82_breeds_v2/cattle/cow_ongole/ongole_0005.jpg,cow_ongole,Ongole,cattle,REAL,train
CAT_COW_ONGOLE_0006,dataset/expanded_82_breeds_v2/cattle/cow_ongole/ongole_0006.jpg,cow_ongole,Ongole,cattle,REAL,train
CAT_COW_ONGOLE_0003,dataset/expanded_82_breeds_v2/cattle/cow_ongole/ongole_0003.jpg,cow_ongole,Ongole,cattle,REAL,train
CAT_COW_ONGOLE_0025,dataset/expanded_82_breeds_v2/cattle/cow_ongole/ongole_0025.jpg,cow_ongole,Ongole,cattle,REAL,train
CAT_COW_ONGOLE_0004,dataset/expanded_82_breeds_v2/cattle/cow_ongole/ongole_0004.jpg,cow_ongole,Ongole,cattle,REAL,train
CAT_COW_ONGOLE_0024,dataset/expanded_82_breeds_v2/cattle/cow_ongole/ongole_0024.jpg,cow_ongole,Ongole,cattle,REAL,train
CAT_COW_ONGOLE_0026,dataset/expanded_82_breeds_v2/cattle/cow_ongole/ongole_0026.jpg,cow_ongole,Ongole,cattle,REAL,train
CAT_COW_PERIYAR_0001,dataset/expanded_82_breeds_v2/cattle/cow_periyar/periyar_0001.jpg,cow_periyar,Periyar,cattle,REAL,train
CAT_COW_PERIYAR_0002,dataset/expanded_82_breeds_v2/cattle/cow_periyar/periyar_0002.jpg,cow_periyar,Periyar,cattle,REAL,train
CAT_COW_PERIYAR_0006,dataset/expanded_82_breeds_v2/cattle/cow_periyar/periyar_0006.jpg,cow_periyar,Periyar,cattle,REAL,train
CAT_COW_PERIYAR_0003,dataset/expanded_82_breeds_v2/cattle/cow_periyar/periyar_0003.jpg,cow_periyar,Periyar,cattle,REAL,train
CAT_COW_PODA_THURPU_0002,dataset/expanded_82_breeds_v2/cattle/cow_poda_thurpu/poda_thurpu_0002.jpg,cow_poda_thurpu,Poda Thurpu,cattle,REAL,train
CAT_COW_PONWAR_0001,dataset/expanded_82_breeds_v2/cattle/cow_ponwar/ponwar_0001.jpg,cow_ponwar,Ponwar,cattle,REAL,train
CAT_COW_PULIKULAM_0002,dataset/expanded_82_breeds_v2/cattle/cow_pulikulam/pulikulam_0002.jpg,cow_pulikulam,Pulikulam,cattle,REAL,train
CAT_COW_PUNGANUR_0001,dataset/expanded_82_breeds_v2/cattle/cow_punganur/punganur_0001.jpg,cow_punganur,Punganur,cattle,REAL,train
CAT_COW_PUNGANUR_0002,dataset/expanded_82_breeds_v2/cattle/cow_punganur/punganur_0002.jpg,cow_punganur,Punganur,cattle,REAL,train
CAT_COW_PUNGANUR_0006,dataset/expanded_82_breeds_v2/cattle/cow_punganur/punganur_0006.jpg,cow_punganur,Punganur,cattle,REAL,train
CAT_COW_PUNGANUR_0015,dataset/expanded_82_breeds_v2/cattle/cow_punganur/punganur_0015.jpg,cow_punganur,Punganur,cattle,REAL,train
CAT_COW_PUNGANUR_0014,dataset/expanded_82_breeds_v2/cattle/cow_punganur/punganur_0014.jpg,cow_punganur,Punganur,cattle,REAL,train
CAT_COW_PUNGANUR_0012,dataset/expanded_82_breeds_v2/cattle/cow_punganur/punganur_0012.jpg,cow_punganur,Punganur,cattle,REAL,train
CAT_COW_PUNGANUR_0009,dataset/expanded_82_breeds_v2/cattle/cow_punganur/punganur_0009.jpg,cow_punganur,Punganur,cattle,REAL,train
CAT_COW_PUNGANUR_0010,dataset/expanded_82_breeds_v2/cattle/cow_punganur/punganur_0010.jpg,cow_punganur,Punganur,cattle,REAL,train
CAT_COW_PUNGANUR_0003,dataset/expanded_82_breeds_v2/cattle/cow_punganur/punganur_0003.jpg,cow_punganur,Punganur,cattle,REAL,train
CAT_COW_PUNGANUR_0016,dataset/expanded_82_breeds_v2/cattle/cow_punganur/punganur_0016.jpg,cow_punganur,Punganur,cattle,REAL,train
CAT_COW_PUNGANUR_0005,dataset/expanded_82_breeds_v2/cattle/cow_punganur/punganur_0005.jpg,cow_punganur,Punganur,cattle,REAL,train
CAT_COW_PUNGANUR_0008,dataset/expanded_82_breeds_v2/cattle/cow_punganur/punganur_0008.jpg,cow_punganur,Punganur,cattle,REAL,train
CAT_COW_PURNEA_0002,dataset/expanded_82_breeds_v2/cattle/cow_purnea/purnea_0002.jpg,cow_purnea,Purnea,cattle,REAL,train
CAT_COW_RATHI_0002,dataset/expanded_82_breeds_v2/cattle/cow_rathi/rathi_0002.jpg,cow_rathi,Rathi,cattle,REAL,train
CAT_COW_RED_KANDHARI_0001,dataset/expanded_82_breeds_v2/cattle/cow_red_kandhari/red_kandhari_0001.jpg,cow_red_kandhari,Red Kandhari,cattle,REAL,train
CAT_COW_RED_SINDHI_0002,dataset/expanded_82_breeds_v2/cattle/cow_red_sindhi/red_sindhi_0002.jpg,cow_red_sindhi,Red Sindhi,cattle,REAL,train
CAT_COW_RED_SINDHI_0005,dataset/expanded_82_breeds_v2/cattle/cow_red_sindhi/red_sindhi_0005.jpg,cow_red_sindhi,Red Sindhi,cattle,REAL,train
CAT_COW_RED_SINDHI_0003,dataset/expanded_82_breeds_v2/cattle/cow_red_sindhi/red_sindhi_0003.jpg,cow_red_sindhi,Red Sindhi,cattle,REAL,train
CAT_COW_ROHILKHANDI_0002,dataset/expanded_82_breeds_v2/cattle/cow_rohilkhandi/rohilkhandi_0002.jpg,cow_rohilkhandi,Rohilkhandi,cattle,REAL,train
CAT_COW_SAHIWAL_0001,dataset/expanded_82_breeds_v2/cattle/cow_sahiwal/sahiwal_0001.jpg,cow_sahiwal,Sahiwal,cattle,REAL,train
CAT_COW_SAHIWAL_0014,dataset/expanded_82_breeds_v2/cattle/cow_sahiwal/sahiwal_0014.jpg,cow_sahiwal,Sahiwal,cattle,REAL,train
CAT_COW_SAHIWAL_0009,dataset/expanded_82_breeds_v2/cattle/cow_sahiwal/sahiwal_0009.jpg,cow_sahiwal,Sahiwal,cattle,REAL,train
CAT_COW_SAHIWAL_0002,dataset/expanded_82_breeds_v2/cattle/cow_sahiwal/sahiwal_0002.jpg,cow_sahiwal,Sahiwal,cattle,REAL,train
CAT_COW_SAHIWAL_0016,dataset/expanded_82_breeds_v2/cattle/cow_sahiwal/sahiwal_0016.jpg,cow_sahiwal,Sahiwal,cattle,REAL,train
CAT_COW_SAHIWAL_0006,dataset/expanded_82_breeds_v2/cattle/cow_sahiwal/sahiwal_0006.jpg,cow_sahiwal,Sahiwal,cattle,REAL,train
CAT_COW_SAHIWAL_0021,dataset/expanded_82_breeds_v2/cattle/cow_sahiwal/sahiwal_0021.jpg,cow_sahiwal,Sahiwal,cattle,REAL,train
CAT_COW_SAHIWAL_0012,dataset/expanded_82_breeds_v2/cattle/cow_sahiwal/sahiwal_0012.jpg,cow_sahiwal,Sahiwal,cattle,REAL,train
CAT_COW_SAHIWAL_0004,dataset/expanded_82_breeds_v2/cattle/cow_sahiwal/sahiwal_0004.jpg,cow_sahiwal,Sahiwal,cattle,REAL,train
CAT_COW_SAHIWAL_0005,dataset/expanded_82_breeds_v2/cattle/cow_sahiwal/sahiwal_0005.jpg,cow_sahiwal,Sahiwal,cattle,REAL,train
CAT_COW_SAHIWAL_0018,dataset/expanded_82_breeds_v2/cattle/cow_sahiwal/sahiwal_0018.jpg,cow_sahiwal,Sahiwal,cattle,REAL,train
CAT_COW_SAHIWAL_0013,dataset/expanded_82_breeds_v2/cattle/cow_sahiwal/sahiwal_0013.jpg,cow_sahiwal,Sahiwal,cattle,REAL,train
CAT_COW_SAHIWAL_0019,dataset/expanded_82_breeds_v2/cattle/cow_sahiwal/sahiwal_0019.jpg,cow_sahiwal,Sahiwal,cattle,REAL,train
CAT_COW_SAHIWAL_0017,dataset/expanded_82_breeds_v2/cattle/cow_sahiwal/sahiwal_0017.jpg,cow_sahiwal,Sahiwal,cattle,REAL,train
CAT_COW_SAHIWAL_0003,dataset/expanded_82_breeds_v2/cattle/cow_sahiwal/sahiwal_0003.jpg,cow_sahiwal,Sahiwal,cattle,REAL,train
CAT_COW_SAHIWAL_0010,dataset/expanded_82_breeds_v2/cattle/cow_sahiwal/sahiwal_0010.jpg,cow_sahiwal,Sahiwal,cattle,REAL,train
CAT_COW_SANCHORI_0002,dataset/expanded_82_breeds_v2/cattle/cow_sanchori/sanchori_0002.jpg,cow_sanchori,Sanchori,cattle,REAL,train
CAT_COW_SHWETA_KAPILA_0002,dataset/expanded_82_breeds_v2/cattle/cow_shweta_kapila/shweta_kapila_0002.jpg,cow_shweta_kapila,Shweta Kapila,cattle,REAL,train
CAT_COW_SIRI_0001,dataset/expanded_82_breeds_v2/cattle/cow_siri/siri_0001.jpg,cow_siri,Siri,cattle,REAL,train
CAT_COW_SIRI_0018,dataset/expanded_82_breeds_v2/cattle/cow_siri/siri_0018.jpg,cow_siri,Siri,cattle,REAL,train
CAT_COW_SIRI_0016,dataset/expanded_82_breeds_v2/cattle/cow_siri/siri_0016.jpg,cow_siri,Siri,cattle,REAL,train
CAT_COW_SIRI_0002,dataset/expanded_82_breeds_v2/cattle/cow_siri/siri_0002.jpg,cow_siri,Siri,cattle,REAL,train
CAT_COW_SIRI_0009,dataset/expanded_82_breeds_v2/cattle/cow_siri/siri_0009.jpg,cow_siri,Siri,cattle,REAL,train
CAT_COW_SIRI_0006,dataset/expanded_82_breeds_v2/cattle/cow_siri/siri_0006.jpg,cow_siri,Siri,cattle,REAL,train
CAT_COW_SIRI_0012,dataset/expanded_82_breeds_v2/cattle/cow_siri/siri_0012.jpg,cow_siri,Siri,cattle,REAL,train
CAT_COW_SIRI_0004,dataset/expanded_82_breeds_v2/cattle/cow_siri/siri_0004.jpg,cow_siri,Siri,cattle,REAL,train
CAT_COW_SIRI_0019,dataset/expanded_82_breeds_v2/cattle/cow_siri/siri_0019.jpg,cow_siri,Siri,cattle,REAL,train
CAT_COW_SIRI_0017,dataset/expanded_82_breeds_v2/cattle/cow_siri/siri_0017.jpg,cow_siri,Siri,cattle,REAL,train
CAT_COW_SIRI_0014,dataset/expanded_82_breeds_v2/cattle/cow_siri/siri_0014.jpg,cow_siri,Siri,cattle,REAL,train
CAT_COW_SIRI_0003,dataset/expanded_82_breeds_v2/cattle/cow_siri/siri_0003.jpg,cow_siri,Siri,cattle,REAL,train
CAT_COW_SIRI_0010,dataset/expanded_82_breeds_v2/cattle/cow_siri/siri_0010.jpg,cow_siri,Siri,cattle,REAL,train
CAT_COW_SIRI_0021,dataset/expanded_82_breeds_v2/cattle/cow_siri/siri_0021.jpg,cow_siri,Siri,cattle,REAL,train
CAT_COW_SIRI_0005,dataset/expanded_82_breeds_v2/cattle/cow_siri/siri_0005.jpg,cow_siri,Siri,cattle,REAL,train
CAT_COW_THARPARKAR_0006,dataset/expanded_82_breeds_v2/cattle/cow_tharparkar/tharparkar_0006.jpg,cow_tharparkar,Tharparkar,cattle,REAL,train
CAT_COW_THARPARKAR_0001,dataset/expanded_82_breeds_v2/cattle/cow_tharparkar/tharparkar_0001.jpg,cow_tharparkar,Tharparkar,cattle,REAL,train
CAT_COW_THARPARKAR_0010,dataset/expanded_82_breeds_v2/cattle/cow_tharparkar/tharparkar_0010.jpg,cow_tharparkar,Tharparkar,cattle,REAL,train
CAT_COW_THARPARKAR_0012,dataset/expanded_82_breeds_v2/cattle/cow_tharparkar/tharparkar_0012.jpg,cow_tharparkar,Tharparkar,cattle,REAL,train
CAT_COW_THARPARKAR_0003,dataset/expanded_82_breeds_v2/cattle/cow_tharparkar/tharparkar_0003.jpg,cow_tharparkar,Tharparkar,cattle,REAL,train
CAT_COW_THARPARKAR_0002,dataset/expanded_82_breeds_v2/cattle/cow_tharparkar/tharparkar_0002.jpg,cow_tharparkar,Tharparkar,cattle,REAL,train
CAT_COW_THARPARKAR_0009,dataset/expanded_82_breeds_v2/cattle/cow_tharparkar/tharparkar_0009.jpg,cow_tharparkar,Tharparkar,cattle,REAL,train
CAT_COW_THUTHO_0002,dataset/expanded_82_breeds_v2/cattle/cow_thutho/thutho_0002.jpg,cow_thutho,Thutho,cattle,REAL,train
CAT_COW_UMARDA_0002,dataset/expanded_82_breeds_v2/cattle/cow_umarda/umarda_0002.jpg,cow_umarda,Umarda,cattle,REAL,train
CAT_COW_UMBLACHERY_0002,dataset/expanded_82_breeds_v2/cattle/cow_umblachery/umblachery_0002.jpg,cow_umblachery,Umblachery,cattle,REAL,train
CAT_COW_VECHUR_0001,dataset/expanded_82_breeds_v2/cattle/cow_vechur/vechur_0001.jpg,cow_vechur,Vechur,cattle,REAL,train
CAT_COW_VECHUR_0006,dataset/expanded_82_breeds_v2/cattle/cow_vechur/vechur_0006.jpg,cow_vechur,Vechur,cattle,REAL,train
CAT_COW_VECHUR_0012,dataset/expanded_82_breeds_v2/cattle/cow_vechur/vechur_0012.jpg,cow_vechur,Vechur,cattle,REAL,train
CAT_COW_VECHUR_0002,dataset/expanded_82_breeds_v2/cattle/cow_vechur/vechur_0002.jpg,cow_vechur,Vechur,cattle,REAL,train
CAT_COW_VECHUR_0009,dataset/expanded_82_breeds_v2/cattle/cow_vechur/vechur_0009.jpg,cow_vechur,Vechur,cattle,REAL,train
CAT_COW_VECHUR_0017,dataset/expanded_82_breeds_v2/cattle/cow_vechur/vechur_0017.jpg,cow_vechur,Vechur,cattle,REAL,train
CAT_COW_VECHUR_0004,dataset/expanded_82_breeds_v2/cattle/cow_vechur/vechur_0004.jpg,cow_vechur,Vechur,cattle,REAL,train
CAT_COW_VECHUR_0014,dataset/expanded_82_breeds_v2/cattle/cow_vechur/vechur_0014.jpg,cow_vechur,Vechur,cattle,REAL,train
CAT_COW_VECHUR_0016,dataset/expanded_82_breeds_v2/cattle/cow_vechur/vechur_0016.jpg,cow_vechur,Vechur,cattle,REAL,train
CAT_COW_VECHUR_0018,dataset/expanded_82_breeds_v2/cattle/cow_vechur/vechur_0018.jpg,cow_vechur,Vechur,cattle,REAL,train
CAT_COW_VECHUR_0003,dataset/expanded_82_breeds_v2/cattle/cow_vechur/vechur_0003.jpg,cow_vechur,Vechur,cattle,REAL,train
CAT_COW_VECHUR_0010,dataset/expanded_82_breeds_v2/cattle/cow_vechur/vechur_0010.jpg,cow_vechur,Vechur,cattle,REAL,train
CAT_COW_VECHUR_0019,dataset/expanded_82_breeds_v2/cattle/cow_vechur/vechur_0019.jpg,cow_vechur,Vechur,cattle,REAL,train
BUF_BUFFALO_BANNI_0002,dataset/expanded_82_breeds_v2/buffalo/buffalo_banni/banni_0002.jpg,buffalo_banni,Banni,buffalo,REAL,validation
BUF_BUFFALO_BARGUR_0006,dataset/expanded_82_breeds_v2/buffalo/buffalo_bargur/bargur_0006.jpg,buffalo_bargur,Bargur,buffalo,REAL,validation
BUF_BUFFALO_GOMANCHALI_0002,dataset/expanded_82_breeds_v2/buffalo/buffalo_gomanchali/gomanchali_0002.jpg,buffalo_gomanchali,Gomanchali,buffalo,REAL,validation
BUF_BUFFALO_MANDA_0028,dataset/expanded_82_breeds_v2/buffalo/buffalo_manda/manda_0028.jpg,buffalo_manda,Manda,buffalo,REAL,validation
BUF_BUFFALO_MANDA_0020,dataset/expanded_82_breeds_v2/buffalo/buffalo_manda/manda_0020.jpg,buffalo_manda,Manda,buffalo,REAL,validation
BUF_BUFFALO_MANDA_0032,dataset/expanded_82_breeds_v2/buffalo/buffalo_manda/manda_0032.jpg,buffalo_manda,Manda,buffalo,REAL,validation
BUF_BUFFALO_MANDA_0022,dataset/expanded_82_breeds_v2/buffalo/buffalo_manda/manda_0022.jpg,buffalo_manda,Manda,buffalo,REAL,validation
BUF_BUFFALO_MANDA_0009,dataset/expanded_82_breeds_v2/buffalo/buffalo_manda/manda_0009.jpg,buffalo_manda,Manda,buffalo,REAL,validation
BUF_BUFFALO_MEHSANA_0004,dataset/expanded_82_breeds_v2/buffalo/buffalo_mehsana/mehsana_0004.jpg,buffalo_mehsana,Mehsana,buffalo,REAL,validation
BUF_BUFFALO_MURRAH_0010,dataset/expanded_82_breeds_v2/buffalo/buffalo_murrah/murrah_0010.jpg,buffalo_murrah,Murrah,buffalo,REAL,validation
BUF_BUFFALO_MURRAH_0005,dataset/expanded_82_breeds_v2/buffalo/buffalo_murrah/murrah_0005.jpg,buffalo_murrah,Murrah,buffalo,REAL,validation
BUF_BUFFALO_NAGPURI_0005,dataset/expanded_82_breeds_v2/buffalo/buffalo_nagpuri/nagpuri_0005.jpg,buffalo_nagpuri,Nagpuri,buffalo,REAL,validation
BUF_BUFFALO_NAGPURI_0008,dataset/expanded_82_breeds_v2/buffalo/buffalo_nagpuri/nagpuri_0008.jpg,buffalo_nagpuri,Nagpuri,buffalo,REAL,validation
BUF_BUFFALO_NILI_RAVI_0002,dataset/expanded_82_breeds_v2/buffalo/buffalo_nili_ravi/nili_ravi_0002.jpg,buffalo_nili_ravi,Nili Ravi,buffalo,REAL,validation
BUF_BUFFALO_SURTI_0013,dataset/expanded_82_breeds_v2/buffalo/buffalo_surti/surti_0013.jpg,buffalo_surti,Surti,buffalo,REAL,validation
BUF_BUFFALO_SURTI_0008,dataset/expanded_82_breeds_v2/buffalo/buffalo_surti/surti_0008.jpg,buffalo_surti,Surti,buffalo,REAL,validation
BUF_BUFFALO_SURTI_0011,dataset/expanded_82_breeds_v2/buffalo/buffalo_surti/surti_0011.jpg,buffalo_surti,Surti,buffalo,REAL,validation
BUF_BUFFALO_TODA_0005,dataset/expanded_82_breeds_v2/buffalo/buffalo_toda/toda_0005.jpg,buffalo_toda,Toda,buffalo,REAL,validation
BUF_BUFFALO_TODA_0008,dataset/expanded_82_breeds_v2/buffalo/buffalo_toda/toda_0008.jpg,buffalo_toda,Toda,buffalo,REAL,validation
BUF_BUFFALO_TODA_0011,dataset/expanded_82_breeds_v2/buffalo/buffalo_toda/toda_0011.jpg,buffalo_toda,Toda,buffalo,REAL,validation
CAT_COW_AMRITMAHAL_0005,dataset/expanded_82_breeds_v2/cattle/cow_amritmahal/cow_amritmahal_0005.jpg,cow_amritmahal,Amritmahal,cattle,REAL,validation
CAT_COW_BACHAUR_0023,dataset/expanded_82_breeds_v2/cattle/cow_bachaur/cow_bachaur_0023.jpg,cow_bachaur,Bachaur,cattle,REAL,validation
CAT_COW_BACHAUR_0008,dataset/expanded_82_breeds_v2/cattle/cow_bachaur/cow_bachaur_0008.jpg,cow_bachaur,Bachaur,cattle,REAL,validation
CAT_COW_BACHAUR_0011,dataset/expanded_82_breeds_v2/cattle/cow_bachaur/cow_bachaur_0011.jpg,cow_bachaur,Bachaur,cattle,REAL,validation
CAT_COW_BADRI_0005,dataset/expanded_82_breeds_v2/cattle/cow_badri/badri_0005.jpg,cow_badri,Badri,cattle,REAL,validation
CAT_COW_BADRI_0008,dataset/expanded_82_breeds_v2/cattle/cow_badri/badri_0008.jpg,cow_badri,Badri,cattle,REAL,validation
CAT_COW_BADRI_0011,dataset/expanded_82_breeds_v2/cattle/cow_badri/badri_0011.jpg,cow_badri,Badri,cattle,REAL,validation
CAT_COW_BARGUR_0004,dataset/expanded_82_breeds_v2/cattle/cow_bargur/cow_bargur_0004.jpg,cow_bargur,Bargur,cattle,REAL,validation
CAT_COW_DANGI_0008,dataset/expanded_82_breeds_v2/cattle/cow_dangi/cow_dangi_0008.jpg,cow_dangi,Dangi,cattle,REAL,validation
CAT_COW_DANGI_0039,dataset/expanded_82_breeds_v2/cattle/cow_dangi/cow_dangi_0039.jpg,cow_dangi,Dangi,cattle,REAL,validation
CAT_COW_DANGI_0029,dataset/expanded_82_breeds_v2/cattle/cow_dangi/cow_dangi_0029.jpg,cow_dangi,Dangi,cattle,REAL,validation
CAT_COW_DANGI_0041,dataset/expanded_82_breeds_v2/cattle/cow_dangi/cow_dangi_0041.jpg,cow_dangi,Dangi,cattle,REAL,validation
CAT_COW_DANGI_0016,dataset/expanded_82_breeds_v2/cattle/cow_dangi/cow_dangi_0016.jpg,cow_dangi,Dangi,cattle,REAL,validation
CAT_COW_DANGI_0028,dataset/expanded_82_breeds_v2/cattle/cow_dangi/cow_dangi_0028.jpg,cow_dangi,Dangi,cattle,REAL,validation
CAT_COW_DEONI_0004,dataset/expanded_82_breeds_v2/cattle/cow_deoni/cow_deoni_0004.jpg,cow_deoni,Deoni,cattle,REAL,validation
CAT_COW_GANGATIRI_0004,dataset/expanded_82_breeds_v2/cattle/cow_gangatiri/gangatiri_0004.jpg,cow_gangatiri,Gangatiri,cattle,REAL,validation
CAT_COW_GAOLAO_0025,dataset/expanded_82_breeds_v2/cattle/cow_gaolao/cow_gaolao_0025.jpg,cow_gaolao,Gaolao,cattle,REAL,validation
CAT_COW_GAOLAO_0021,dataset/expanded_82_breeds_v2/cattle/cow_gaolao/cow_gaolao_0021.jpg,cow_gaolao,Gaolao,cattle,REAL,validation
CAT_COW_GAOLAO_0028,dataset/expanded_82_breeds_v2/cattle/cow_gaolao/cow_gaolao_0028.jpg,cow_gaolao,Gaolao,cattle,REAL,validation
CAT_COW_GAOLAO_0009,dataset/expanded_82_breeds_v2/cattle/cow_gaolao/cow_gaolao_0009.jpg,cow_gaolao,Gaolao,cattle,REAL,validation
CAT_COW_GAOLAO_0023,dataset/expanded_82_breeds_v2/cattle/cow_gaolao/cow_gaolao_0023.jpg,cow_gaolao,Gaolao,cattle,REAL,validation
CAT_COW_GIR_0027,dataset/expanded_82_breeds_v2/cattle/cow_gir/gir_0027.jpg,cow_gir,Gir,cattle,REAL,validation
CAT_COW_GIR_0019,dataset/expanded_82_breeds_v2/cattle/cow_gir/gir_0019.jpg,cow_gir,Gir,cattle,REAL,validation
CAT_COW_GIR_0031,dataset/expanded_82_breeds_v2/cattle/cow_gir/gir_0031.jpg,cow_gir,Gir,cattle,REAL,validation
CAT_COW_GIR_0021,dataset/expanded_82_breeds_v2/cattle/cow_gir/gir_0021.jpg,cow_gir,Gir,cattle,REAL,validation
CAT_COW_GIR_0008,dataset/expanded_82_breeds_v2/cattle/cow_gir/gir_0008.jpg,cow_gir,Gir,cattle,REAL,validation
CAT_COW_HALLIKAR_0005,dataset/expanded_82_breeds_v2/cattle/cow_hallikar/hallikar_0005.jpg,cow_hallikar,Hallikar,cattle,REAL,validation
CAT_COW_HARIANA_0002,dataset/expanded_82_breeds_v2/cattle/cow_hariana/hariana_0002.jpg,cow_hariana,Hariana,cattle,REAL,validation
CAT_COW_KANGAYAM_0005,dataset/expanded_82_breeds_v2/cattle/cow_kangayam/kangayam_0005.jpg,cow_kangayam,Kangayam,cattle,REAL,validation
CAT_COW_KANGAYAM_0008,dataset/expanded_82_breeds_v2/cattle/cow_kangayam/kangayam_0008.jpg,cow_kangayam,Kangayam,cattle,REAL,validation
CAT_COW_KANGAYAM_0011,dataset/expanded_82_breeds_v2/cattle/cow_kangayam/kangayam_0011.jpg,cow_kangayam,Kangayam,cattle,REAL,validation
CAT_COW_KANKREJ_0011,dataset/expanded_82_breeds_v2/cattle/cow_kankrej/kankrej_0011.jpg,cow_kankrej,Kankrej,cattle,REAL,validation
CAT_COW_KANKREJ_0013,dataset/expanded_82_breeds_v2/cattle/cow_kankrej/kankrej_0013.jpg,cow_kankrej,Kankrej,cattle,REAL,validation
CAT_COW_KOPPAL_0002,dataset/expanded_82_breeds_v2/cattle/cow_koppal/koppal_0002.jpg,cow_koppal,Koppal,cattle,REAL,validation
CAT_COW_LADAKHI_0001,dataset/expanded_82_breeds_v2/cattle/cow_ladakhi/ladakhi_0001.jpg,cow_ladakhi,Ladakhi,cattle,REAL,validation
CAT_COW_MALVI_0002,dataset/expanded_82_breeds_v2/cattle/cow_malvi/malvi_0002.jpg,cow_malvi,Malvi,cattle,REAL,validation
CAT_COW_MEDINI_0002,dataset/expanded_82_breeds_v2/cattle/cow_medini/medini_0002.jpg,cow_medini,Medini,cattle,REAL,validation
CAT_COW_NAGORI_0005,dataset/expanded_82_breeds_v2/cattle/cow_nagori/nagori_0005.jpg,cow_nagori,Nagori,cattle,REAL,validation
CAT_COW_NAGORI_0008,dataset/expanded_82_breeds_v2/cattle/cow_nagori/nagori_0008.jpg,cow_nagori,Nagori,cattle,REAL,validation
CAT_COW_NAGORI_0011,dataset/expanded_82_breeds_v2/cattle/cow_nagori/nagori_0011.jpg,cow_nagori,Nagori,cattle,REAL,validation
CAT_COW_NARI_0002,dataset/expanded_82_breeds_v2/cattle/cow_nari/nari_0002.jpg,cow_nari,Nari,cattle,REAL,validation
CAT_COW_NIMARI_0005,dataset/expanded_82_breeds_v2/cattle/cow_nimari/nimari_0005.jpg,cow_nimari,Nimari,cattle,REAL,validation
CAT_COW_NIMARI_0008,dataset/expanded_82_breeds_v2/cattle/cow_nimari/nimari_0008.jpg,cow_nimari,Nimari,cattle,REAL,validation
CAT_COW_ONGOLE_0019,dataset/expanded_82_breeds_v2/cattle/cow_ongole/ongole_0019.jpg,cow_ongole,Ongole,cattle,REAL,validation
CAT_COW_ONGOLE_0029,dataset/expanded_82_breeds_v2/cattle/cow_ongole/ongole_0029.jpg,cow_ongole,Ongole,cattle,REAL,validation
CAT_COW_ONGOLE_0021,dataset/expanded_82_breeds_v2/cattle/cow_ongole/ongole_0021.jpg,cow_ongole,Ongole,cattle,REAL,validation
CAT_COW_ONGOLE_0008,dataset/expanded_82_breeds_v2/cattle/cow_ongole/ongole_0008.jpg,cow_ongole,Ongole,cattle,REAL,validation
CAT_COW_PERIYAR_0005,dataset/expanded_82_breeds_v2/cattle/cow_periyar/periyar_0005.jpg,cow_periyar,Periyar,cattle,REAL,validation
CAT_COW_PONWAR_0002,dataset/expanded_82_breeds_v2/cattle/cow_ponwar/ponwar_0002.jpg,cow_ponwar,Ponwar,cattle,REAL,validation
CAT_COW_PUNGANUR_0011,dataset/expanded_82_breeds_v2/cattle/cow_punganur/punganur_0011.jpg,cow_punganur,Punganur,cattle,REAL,validation
CAT_COW_PUNGANUR_0013,dataset/expanded_82_breeds_v2/cattle/cow_punganur/punganur_0013.jpg,cow_punganur,Punganur,cattle,REAL,validation
CAT_COW_RED_KANDHARI_0002,dataset/expanded_82_breeds_v2/cattle/cow_red_kandhari/red_kandhari_0002.jpg,cow_red_kandhari,Red Kandhari,cattle,REAL,validation
CAT_COW_RED_SINDHI_0001,dataset/expanded_82_breeds_v2/cattle/cow_red_sindhi/red_sindhi_0001.jpg,cow_red_sindhi,Red Sindhi,cattle,REAL,validation
CAT_COW_SAHIWAL_0022,dataset/expanded_82_breeds_v2/cattle/cow_sahiwal/sahiwal_0022.jpg,cow_sahiwal,Sahiwal,cattle,REAL,validation
CAT_COW_SAHIWAL_0008,dataset/expanded_82_breeds_v2/cattle/cow_sahiwal/sahiwal_0008.jpg,cow_sahiwal,Sahiwal,cattle,REAL,validation
CAT_COW_SAHIWAL_0011,dataset/expanded_82_breeds_v2/cattle/cow_sahiwal/sahiwal_0011.jpg,cow_sahiwal,Sahiwal,cattle,REAL,validation
CAT_COW_SIRI_0013,dataset/expanded_82_breeds_v2/cattle/cow_siri/siri_0013.jpg,cow_siri,Siri,cattle,REAL,validation
CAT_COW_SIRI_0008,dataset/expanded_82_breeds_v2/cattle/cow_siri/siri_0008.jpg,cow_siri,Siri,cattle,REAL,validation
CAT_COW_SIRI_0011,dataset/expanded_82_breeds_v2/cattle/cow_siri/siri_0011.jpg,cow_siri,Siri,cattle,REAL,validation
CAT_COW_THARPARKAR_0005,dataset/expanded_82_breeds_v2/cattle/cow_tharparkar/tharparkar_0005.jpg,cow_tharparkar,Tharparkar,cattle,REAL,validation
CAT_COW_THARPARKAR_0008,dataset/expanded_82_breeds_v2/cattle/cow_tharparkar/tharparkar_0008.jpg,cow_tharparkar,Tharparkar,cattle,REAL,validation
CAT_COW_VECHUR_0005,dataset/expanded_82_breeds_v2/cattle/cow_vechur/vechur_0005.jpg,cow_vechur,Vechur,cattle,REAL,validation
CAT_COW_VECHUR_0013,dataset/expanded_82_breeds_v2/cattle/cow_vechur/vechur_0013.jpg,cow_vechur,Vechur,cattle,REAL,validation
CAT_COW_VECHUR_0008,dataset/expanded_82_breeds_v2/cattle/cow_vechur/vechur_0008.jpg,cow_vechur,Vechur,cattle,REAL,validation
BUF_BUFFALO_BANNI_0003,dataset/expanded_82_breeds_v2/buffalo/buffalo_banni/banni_0003.jpg,buffalo_banni,Banni,buffalo,REAL,test
BUF_BUFFALO_BARGUR_0005,dataset/expanded_82_breeds_v2/buffalo/buffalo_bargur/bargur_0005.jpg,buffalo_bargur,Bargur,buffalo,REAL,test
BUF_BUFFALO_BHADAWARI_0001,dataset/expanded_82_breeds_v2/buffalo/buffalo_bhadawari/bhadawari_0001.jpg,buffalo_bhadawari,Bhadawari,buffalo,REAL,test
BUF_BUFFALO_CHHATTISGARHI_0001,dataset/expanded_82_breeds_v2/buffalo/buffalo_chhattisgarhi/chhattisgarhi_0001.jpg,buffalo_chhattisgarhi,Chhattisgarhi,buffalo,REAL,test
BUF_BUFFALO_CHILIKA_0001,dataset/expanded_82_breeds_v2/buffalo/buffalo_chilika/chilika_0001.jpg,buffalo_chilika,Chilika,buffalo,REAL,test
BUF_BUFFALO_DHARWADI_0001,dataset/expanded_82_breeds_v2/buffalo/buffalo_dharwadi/dharwadi_0001.jpg,buffalo_dharwadi,Dharwadi,buffalo,REAL,test
BUF_BUFFALO_GOJRI_0001,dataset/expanded_82_breeds_v2/buffalo/buffalo_gojri/gojri_0001.jpg,buffalo_gojri,Gojri,buffalo,REAL,test
BUF_BUFFALO_GOMANCHALI_0003,dataset/expanded_82_breeds_v2/buffalo/buffalo_gomanchali/gomanchali_0003.jpg,buffalo_gomanchali,Gomanchali,buffalo,REAL,test
BUF_BUFFALO_JAFFARABADI_0001,dataset/expanded_82_breeds_v2/buffalo/buffalo_jaffarabadi/jaffarabadi_0001.jpg,buffalo_jaffarabadi,Jaffarabadi,buffalo,REAL,test
BUF_BUFFALO_KALAHANDI_0001,dataset/expanded_82_breeds_v2/buffalo/buffalo_kalahandi/kalahandi_0001.jpg,buffalo_kalahandi,Kalahandi,buffalo,REAL,test
BUF_BUFFALO_LUIT_SWAMP_0001,dataset/expanded_82_breeds_v2/buffalo/buffalo_luit_swamp/luit_swamp_0001.jpg,buffalo_luit_swamp,Luit (Swamp),buffalo,REAL,test
BUF_BUFFALO_MANAH_0001,dataset/expanded_82_breeds_v2/buffalo/buffalo_manah/manah_0001.jpg,buffalo_manah,Manah,buffalo,REAL,test
BUF_BUFFALO_MANDA_0012,dataset/expanded_82_breeds_v2/buffalo/buffalo_manda/manda_0012.jpg,buffalo_manda,Manda,buffalo,REAL,test
BUF_BUFFALO_MANDA_0016,dataset/expanded_82_breeds_v2/buffalo/buffalo_manda/manda_0016.jpg,buffalo_manda,Manda,buffalo,REAL,test
BUF_BUFFALO_MANDA_0030,dataset/expanded_82_breeds_v2/buffalo/buffalo_manda/manda_0030.jpg,buffalo_manda,Manda,buffalo,REAL,test
BUF_BUFFALO_MANDA_0021,dataset/expanded_82_breeds_v2/buffalo/buffalo_manda/manda_0021.jpg,buffalo_manda,Manda,buffalo,REAL,test
BUF_BUFFALO_MANDA_0008,dataset/expanded_82_breeds_v2/buffalo/buffalo_manda/manda_0008.jpg,buffalo_manda,Manda,buffalo,REAL,test
BUF_BUFFALO_MARATHWADI_0001,dataset/expanded_82_breeds_v2/buffalo/buffalo_marathwadi/marathwadi_0001.jpg,buffalo_marathwadi,Marathwadi,buffalo,REAL,test
BUF_BUFFALO_MEHSANA_0010,dataset/expanded_82_breeds_v2/buffalo/buffalo_mehsana/mehsana_0010.jpg,buffalo_mehsana,Mehsana,buffalo,REAL,test
BUF_BUFFALO_MELGHATI_0001,dataset/expanded_82_breeds_v2/buffalo/buffalo_melghati/melghati_0001.jpg,buffalo_melghati,Melghati,buffalo,REAL,test
BUF_BUFFALO_MURRAH_0004,dataset/expanded_82_breeds_v2/buffalo/buffalo_murrah/murrah_0004.jpg,buffalo_murrah,Murrah,buffalo,REAL,test
BUF_BUFFALO_MURRAH_0007,dataset/expanded_82_breeds_v2/buffalo/buffalo_murrah/murrah_0007.jpg,buffalo_murrah,Murrah,buffalo,REAL,test
BUF_BUFFALO_NAGPURI_0004,dataset/expanded_82_breeds_v2/buffalo/buffalo_nagpuri/nagpuri_0004.jpg,buffalo_nagpuri,Nagpuri,buffalo,REAL,test
BUF_BUFFALO_NAGPURI_0007,dataset/expanded_82_breeds_v2/buffalo/buffalo_nagpuri/nagpuri_0007.jpg,buffalo_nagpuri,Nagpuri,buffalo,REAL,test
BUF_BUFFALO_NILI_RAVI_0003,dataset/expanded_82_breeds_v2/buffalo/buffalo_nili_ravi/nili_ravi_0003.jpg,buffalo_nili_ravi,Nili Ravi,buffalo,REAL,test
BUF_BUFFALO_PANDHARPURI_0001,dataset/expanded_82_breeds_v2/buffalo/buffalo_pandharpuri/pandharpuri_0001.jpg,buffalo_pandharpuri,Pandharpuri,buffalo,REAL,test
BUF_BUFFALO_PURNATHADI_0001,dataset/expanded_82_breeds_v2/buffalo/buffalo_purnathadi/purnathadi_0001.jpg,buffalo_purnathadi,Purnathadi,buffalo,REAL,test
BUF_BUFFALO_SURTI_0015,dataset/expanded_82_breeds_v2/buffalo/buffalo_surti/surti_0015.jpg,buffalo_surti,Surti,buffalo,REAL,test
BUF_BUFFALO_SURTI_0020,dataset/expanded_82_breeds_v2/buffalo/buffalo_surti/surti_0020.jpg,buffalo_surti,Surti,buffalo,REAL,test
BUF_BUFFALO_SURTI_0007,dataset/expanded_82_breeds_v2/buffalo/buffalo_surti/surti_0007.jpg,buffalo_surti,Surti,buffalo,REAL,test
BUF_BUFFALO_TODA_0014,dataset/expanded_82_breeds_v2/buffalo/buffalo_toda/toda_0014.jpg,buffalo_toda,Toda,buffalo,REAL,test
BUF_BUFFALO_TODA_0004,dataset/expanded_82_breeds_v2/buffalo/buffalo_toda/toda_0004.jpg,buffalo_toda,Toda,buffalo,REAL,test
BUF_BUFFALO_TODA_0007,dataset/expanded_82_breeds_v2/buffalo/buffalo_toda/toda_0007.jpg,buffalo_toda,Toda,buffalo,REAL,test
CAT_COW_AMRITMAHAL_0004,dataset/expanded_82_breeds_v2/cattle/cow_amritmahal/cow_amritmahal_0004.jpg,cow_amritmahal,Amritmahal,cattle,REAL,test
CAT_COW_BACHAUR_0015,dataset/expanded_82_breeds_v2/cattle/cow_bachaur/cow_bachaur_0015.jpg,cow_bachaur,Bachaur,cattle,REAL,test
CAT_COW_BACHAUR_0020,dataset/expanded_82_breeds_v2/cattle/cow_bachaur/cow_bachaur_0020.jpg,cow_bachaur,Bachaur,cattle,REAL,test
CAT_COW_BACHAUR_0007,dataset/expanded_82_breeds_v2/cattle/cow_bachaur/cow_bachaur_0007.jpg,cow_bachaur,Bachaur,cattle,REAL,test
CAT_COW_BADRI_0013,dataset/expanded_82_breeds_v2/cattle/cow_badri/badri_0013.jpg,cow_badri,Badri,cattle,REAL,test
CAT_COW_BADRI_0004,dataset/expanded_82_breeds_v2/cattle/cow_badri/badri_0004.jpg,cow_badri,Badri,cattle,REAL,test
CAT_COW_BADRI_0007,dataset/expanded_82_breeds_v2/cattle/cow_badri/badri_0007.jpg,cow_badri,Badri,cattle,REAL,test
CAT_COW_BARGUR_0007,dataset/expanded_82_breeds_v2/cattle/cow_bargur/cow_bargur_0007.jpg,cow_bargur,Bargur,cattle,REAL,test
CAT_COW_BELAHI_0001,dataset/expanded_82_breeds_v2/cattle/cow_belahi/belahi_0001.jpg,cow_belahi,Belahi,cattle,REAL,test
CAT_COW_BINJHARPURI_0001,dataset/expanded_82_breeds_v2/cattle/cow_binjharpuri/binjharpuri_0001.jpg,cow_binjharpuri,Binjharpuri,cattle,REAL,test
CAT_COW_DAGRI_0001,dataset/expanded_82_breeds_v2/cattle/cow_dagri/dagri_0001.jpg,cow_dagri,Dagri,cattle,REAL,test
CAT_COW_DANGI_0024,dataset/expanded_82_breeds_v2/cattle/cow_dangi/cow_dangi_0024.jpg,cow_dangi,Dangi,cattle,REAL,test
CAT_COW_DANGI_0026,dataset/expanded_82_breeds_v2/cattle/cow_dangi/cow_dangi_0026.jpg,cow_dangi,Dangi,cattle,REAL,test
CAT_COW_DANGI_0013,dataset/expanded_82_breeds_v2/cattle/cow_dangi/cow_dangi_0013.jpg,cow_dangi,Dangi,cattle,REAL,test
CAT_COW_DANGI_0020,dataset/expanded_82_breeds_v2/cattle/cow_dangi/cow_dangi_0020.jpg,cow_dangi,Dangi,cattle,REAL,test
CAT_COW_DANGI_0034,dataset/expanded_82_breeds_v2/cattle/cow_dangi/cow_dangi_0034.jpg,cow_dangi,Dangi,cattle,REAL,test
CAT_COW_DANGI_0001,dataset/expanded_82_breeds_v2/cattle/cow_dangi/dangi_0001.jpg,cow_dangi,Dangi,cattle,REAL,test
CAT_COW_DEONI_0002,dataset/expanded_82_breeds_v2/cattle/cow_deoni/deoni_0002.jpg,cow_deoni,Deoni,cattle,REAL,test
CAT_COW_GANGATIRI_0007,dataset/expanded_82_breeds_v2/cattle/cow_gangatiri/gangatiri_0007.jpg,cow_gangatiri,Gangatiri,cattle,REAL,test
CAT_COW_GAOLAO_0002,dataset/expanded_82_breeds_v2/cattle/cow_gaolao/gaolao_0002.jpg,cow_gaolao,Gaolao,cattle,REAL,test
CAT_COW_GAOLAO_0010,dataset/expanded_82_breeds_v2/cattle/cow_gaolao/cow_gaolao_0010.jpg,cow_gaolao,Gaolao,cattle,REAL,test
CAT_COW_GAOLAO_0013,dataset/expanded_82_breeds_v2/cattle/cow_gaolao/cow_gaolao_0013.jpg,cow_gaolao,Gaolao,cattle,REAL,test
CAT_COW_GAOLAO_0017,dataset/expanded_82_breeds_v2/cattle/cow_gaolao/cow_gaolao_0017.jpg,cow_gaolao,Gaolao,cattle,REAL,test
CAT_COW_GAOLAO_0031,dataset/expanded_82_breeds_v2/cattle/cow_gaolao/cow_gaolao_0031.jpg,cow_gaolao,Gaolao,cattle,REAL,test
CAT_COW_GIR_0011,dataset/expanded_82_breeds_v2/cattle/cow_gir/gir_0011.jpg,cow_gir,Gir,cattle,REAL,test
CAT_COW_GIR_0015,dataset/expanded_82_breeds_v2/cattle/cow_gir/gir_0015.jpg,cow_gir,Gir,cattle,REAL,test
CAT_COW_GIR_0029,dataset/expanded_82_breeds_v2/cattle/cow_gir/gir_0029.jpg,cow_gir,Gir,cattle,REAL,test
CAT_COW_GIR_0020,dataset/expanded_82_breeds_v2/cattle/cow_gir/gir_0020.jpg,cow_gir,Gir,cattle,REAL,test
CAT_COW_GIR_0007,dataset/expanded_82_breeds_v2/cattle/cow_gir/gir_0007.jpg,cow_gir,Gir,cattle,REAL,test
CAT_COW_HALLIKAR_0004,dataset/expanded_82_breeds_v2/cattle/cow_hallikar/hallikar_0004.jpg,cow_hallikar,Hallikar,cattle,REAL,test
CAT_COW_HARIANA_0003,dataset/expanded_82_breeds_v2/cattle/cow_hariana/hariana_0003.jpg,cow_hariana,Hariana,cattle,REAL,test
CAT_COW_HIMACHALI_PAHARI_0001,dataset/expanded_82_breeds_v2/cattle/cow_himachali_pahari/himachali_pahari_0001.jpg,cow_himachali_pahari,Himachali Pahari,cattle,REAL,test
CAT_COW_KANGAYAM_0013,dataset/expanded_82_breeds_v2/cattle/cow_kangayam/kangayam_0013.jpg,cow_kangayam,Kangayam,cattle,REAL,test
CAT_COW_KANGAYAM_0004,dataset/expanded_82_breeds_v2/cattle/cow_kangayam/kangayam_0004.jpg,cow_kangayam,Kangayam,cattle,REAL,test
CAT_COW_KANGAYAM_0007,dataset/expanded_82_breeds_v2/cattle/cow_kangayam/kangayam_0007.jpg,cow_kangayam,Kangayam,cattle,REAL,test
CAT_COW_KANKREJ_0004,dataset/expanded_82_breeds_v2/cattle/cow_kankrej/kankrej_0004.jpg,cow_kankrej,Kankrej,cattle,REAL,test
CAT_COW_KANKREJ_0007,dataset/expanded_82_breeds_v2/cattle/cow_kankrej/kankrej_0007.jpg,cow_kankrej,Kankrej,cattle,REAL,test
CAT_COW_KATHANI_0001,dataset/expanded_82_breeds_v2/cattle/cow_kathani/kathani_0001.jpg,cow_kathani,Kathani,cattle,REAL,test
CAT_COW_KENKATHA_0001,dataset/expanded_82_breeds_v2/cattle/cow_kenkatha/kenkatha_0001.jpg,cow_kenkatha,Kenkatha,cattle,REAL,test
CAT_COW_KHERIGARH_0001,dataset/expanded_82_breeds_v2/cattle/cow_kherigarh/kherigarh_0001.jpg,cow_kherigarh,Kherigarh,cattle,REAL,test
CAT_COW_KHILLAR_0001,dataset/expanded_82_breeds_v2/cattle/cow_khillar/khillar_0001.jpg,cow_khillar,Khillar,cattle,REAL,test
CAT_COW_KONKAN_KAPILA_0001,dataset/expanded_82_breeds_v2/cattle/cow_konkan_kapila/konkan_kapila_0001.jpg,cow_konkan_kapila,Konkan Kapila,cattle,REAL,test
CAT_COW_KOPPAL_0003,dataset/expanded_82_breeds_v2/cattle/cow_koppal/koppal_0003.jpg,cow_koppal,Koppal,cattle,REAL,test
CAT_COW_KRISHNA_VALLEY_0001,dataset/expanded_82_breeds_v2/cattle/cow_krishna_valley/krishna_valley_0001.jpg,cow_krishna_valley,Krishna Valley,cattle,REAL,test
CAT_COW_LADAKHI_0004,dataset/expanded_82_breeds_v2/cattle/cow_ladakhi/ladakhi_0004.jpg,cow_ladakhi,Ladakhi,cattle,REAL,test
CAT_COW_LAKHIMI_0001,dataset/expanded_82_breeds_v2/cattle/cow_lakhimi/lakhimi_0001.jpg,cow_lakhimi,Lakhimi,cattle,REAL,test
CAT_COW_MAHAKAUSHALI_0001,dataset/expanded_82_breeds_v2/cattle/cow_mahakaushali/mahakaushali_0001.jpg,cow_mahakaushali,Mahakaushali,cattle,REAL,test
CAT_COW_MALNAD_GIDDA_0001,dataset/expanded_82_breeds_v2/cattle/cow_malnad_gidda/malnad_gidda_0001.jpg,cow_malnad_gidda,Malnad Gidda,cattle,REAL,test
CAT_COW_MALVI_0003,dataset/expanded_82_breeds_v2/cattle/cow_malvi/malvi_0003.jpg,cow_malvi,Malvi,cattle,REAL,test
CAT_COW_MASILUM_0001,dataset/expanded_82_breeds_v2/cattle/cow_masilum/masilum_0001.jpg,cow_masilum,Masilum,cattle,REAL,test
CAT_COW_MEDINI_0003,dataset/expanded_82_breeds_v2/cattle/cow_medini/medini_0003.jpg,cow_medini,Medini,cattle,REAL,test
CAT_COW_MEWATI_0001,dataset/expanded_82_breeds_v2/cattle/cow_mewati/mewati_0001.jpg,cow_mewati,Mewati,cattle,REAL,test
CAT_COW_MOTU_0001,dataset/expanded_82_breeds_v2/cattle/cow_motu/motu_0001.jpg,cow_motu,Motu,cattle,REAL,test
CAT_COW_NAGORI_0013,dataset/expanded_82_breeds_v2/cattle/cow_nagori/nagori_0013.jpg,cow_nagori,Nagori,cattle,REAL,test
CAT_COW_NAGORI_0004,dataset/expanded_82_breeds_v2/cattle/cow_nagori/nagori_0004.jpg,cow_nagori,Nagori,cattle,REAL,test
CAT_COW_NAGORI_0007,dataset/expanded_82_breeds_v2/cattle/cow_nagori/nagori_0007.jpg,cow_nagori,Nagori,cattle,REAL,test
CAT_COW_NARI_0003,dataset/expanded_82_breeds_v2/cattle/cow_nari/nari_0003.jpg,cow_nari,Nari,cattle,REAL,test
CAT_COW_NIMARI_0004,dataset/expanded_82_breeds_v2/cattle/cow_nimari/nimari_0004.jpg,cow_nimari,Nimari,cattle,REAL,test
CAT_COW_NIMARI_0007,dataset/expanded_82_breeds_v2/cattle/cow_nimari/nimari_0007.jpg,cow_nimari,Nimari,cattle,REAL,test
CAT_COW_ONGOLE_0011,dataset/expanded_82_breeds_v2/cattle/cow_ongole/ongole_0011.jpg,cow_ongole,Ongole,cattle,REAL,test
CAT_COW_ONGOLE_0015,dataset/expanded_82_breeds_v2/cattle/cow_ongole/ongole_0015.jpg,cow_ongole,Ongole,cattle,REAL,test
CAT_COW_ONGOLE_0020,dataset/expanded_82_breeds_v2/cattle/cow_ongole/ongole_0020.jpg,cow_ongole,Ongole,cattle,REAL,test
CAT_COW_ONGOLE_0007,dataset/expanded_82_breeds_v2/cattle/cow_ongole/ongole_0007.jpg,cow_ongole,Ongole,cattle,REAL,test
CAT_COW_PERIYAR_0004,dataset/expanded_82_breeds_v2/cattle/cow_periyar/periyar_0004.jpg,cow_periyar,Periyar,cattle,REAL,test
CAT_COW_PODA_THURPU_0001,dataset/expanded_82_breeds_v2/cattle/cow_poda_thurpu/poda_thurpu_0001.jpg,cow_poda_thurpu,Poda Thurpu,cattle,REAL,test
CAT_COW_PONWAR_0003,dataset/expanded_82_breeds_v2/cattle/cow_ponwar/ponwar_0003.jpg,cow_ponwar,Ponwar,cattle,REAL,test
CAT_COW_PULIKULAM_0001,dataset/expanded_82_breeds_v2/cattle/cow_pulikulam/pulikulam_0001.jpg,cow_pulikulam,Pulikulam,cattle,REAL,test
CAT_COW_PUNGANUR_0004,dataset/expanded_82_breeds_v2/cattle/cow_punganur/punganur_0004.jpg,cow_punganur,Punganur,cattle,REAL,test
CAT_COW_PUNGANUR_0007,dataset/expanded_82_breeds_v2/cattle/cow_punganur/punganur_0007.jpg,cow_punganur,Punganur,cattle,REAL,test
CAT_COW_PURNEA_0001,dataset/expanded_82_breeds_v2/cattle/cow_purnea/purnea_0001.jpg,cow_purnea,Purnea,cattle,REAL,test
CAT_COW_RATHI_0001,dataset/expanded_82_breeds_v2/cattle/cow_rathi/rathi_0001.jpg,cow_rathi,Rathi,cattle,REAL,test
CAT_COW_RED_KANDHARI_0003,dataset/expanded_82_breeds_v2/cattle/cow_red_kandhari/red_kandhari_0003.jpg,cow_red_kandhari,Red Kandhari,cattle,REAL,test
CAT_COW_RED_SINDHI_0004,dataset/expanded_82_breeds_v2/cattle/cow_red_sindhi/red_sindhi_0004.jpg,cow_red_sindhi,Red Sindhi,cattle,REAL,test
CAT_COW_ROHILKHANDI_0001,dataset/expanded_82_breeds_v2/cattle/cow_rohilkhandi/rohilkhandi_0001.jpg,cow_rohilkhandi,Rohilkhandi,cattle,REAL,test
CAT_COW_SAHIWAL_0015,dataset/expanded_82_breeds_v2/cattle/cow_sahiwal/sahiwal_0015.jpg,cow_sahiwal,Sahiwal,cattle,REAL,test
CAT_COW_SAHIWAL_0020,dataset/expanded_82_breeds_v2/cattle/cow_sahiwal/sahiwal_0020.jpg,cow_sahiwal,Sahiwal,cattle,REAL,test
CAT_COW_SAHIWAL_0007,dataset/expanded_82_breeds_v2/cattle/cow_sahiwal/sahiwal_0007.jpg,cow_sahiwal,Sahiwal,cattle,REAL,test
CAT_COW_SANCHORI_0001,dataset/expanded_82_breeds_v2/cattle/cow_sanchori/sanchori_0001.jpg,cow_sanchori,Sanchori,cattle,REAL,test
CAT_COW_SHWETA_KAPILA_0001,dataset/expanded_82_breeds_v2/cattle/cow_shweta_kapila/shweta_kapila_0001.jpg,cow_shweta_kapila,Shweta Kapila,cattle,REAL,test
CAT_COW_SIRI_0015,dataset/expanded_82_breeds_v2/cattle/cow_siri/siri_0015.jpg,cow_siri,Siri,cattle,REAL,test
CAT_COW_SIRI_0020,dataset/expanded_82_breeds_v2/cattle/cow_siri/siri_0020.jpg,cow_siri,Siri,cattle,REAL,test
CAT_COW_SIRI_0007,dataset/expanded_82_breeds_v2/cattle/cow_siri/siri_0007.jpg,cow_siri,Siri,cattle,REAL,test
CAT_COW_THARPARKAR_0004,dataset/expanded_82_breeds_v2/cattle/cow_tharparkar/tharparkar_0004.jpg,cow_tharparkar,Tharparkar,cattle,REAL,test
CAT_COW_THARPARKAR_0007,dataset/expanded_82_breeds_v2/cattle/cow_tharparkar/tharparkar_0007.jpg,cow_tharparkar,Tharparkar,cattle,REAL,test
CAT_COW_THUTHO_0001,dataset/expanded_82_breeds_v2/cattle/cow_thutho/thutho_0001.jpg,cow_thutho,Thutho,cattle,REAL,test
CAT_COW_UMARDA_0001,dataset/expanded_82_breeds_v2/cattle/cow_umarda/umarda_0001.jpg,cow_umarda,Umarda,cattle,REAL,test
CAT_COW_UMBLACHERY_0001,dataset/expanded_82_breeds_v2/cattle/cow_umblachery/umblachery_0001.jpg,cow_umblachery,Umblachery,cattle,REAL,test
CAT_COW_VECHUR_0011,dataset/expanded_82_breeds_v2/cattle/cow_vechur/vechur_0011.jpg,cow_vechur,Vechur,cattle,REAL,test
CAT_COW_VECHUR_0015,dataset/expanded_82_breeds_v2/cattle/cow_vechur/vechur_0015.jpg,cow_vechur,Vechur,cattle,REAL,test
CAT_COW_VECHUR_0007,dataset/expanded_82_breeds_v2/cattle/cow_vechur/vechur_0007.jpg,cow_vechur,Vechur,cattle,REAL,test
SYNTH_COW_GHUMUSARI_0003,dataset/synthetic_82_breeds_v3/synthetic/cattle/cow_ghumusari/SYNTH_COW_GHUMUSARI_0003.jpg,cow_ghumusari,Ghumusari,cattle,SYNTHETIC,train
SYNTH_COW_GHUMUSARI_0001,dataset/synthetic_82_breeds_v3/synthetic/cattle/cow_ghumusari/SYNTH_COW_GHUMUSARI_0001.jpg,cow_ghumusari,Ghumusari,cattle,SYNTHETIC,train
SYNTH_COW_GHUMUSARI_0002,dataset/synthetic_82_breeds_v3/synthetic/cattle/cow_ghumusari/SYNTH_COW_GHUMUSARI_0002.jpg,cow_ghumusari,Ghumusari,cattle,SYNTHETIC,train
SYNTH_COW_GHUMUSARI_0005,dataset/synthetic_82_breeds_v3/synthetic/cattle/cow_ghumusari/SYNTH_COW_GHUMUSARI_0005.jpg,cow_ghumusari,Ghumusari,cattle,SYNTHETIC,train
SYNTH_COW_GHUMUSARI_0004,dataset/synthetic_82_breeds_v3/synthetic/cattle/cow_ghumusari/SYNTH_COW_GHUMUSARI_0004.jpg,cow_ghumusari,Ghumusari,cattle,SYNTHETIC,train
SYNTH_COW_GHUMUSARI_0007,dataset/synthetic_82_breeds_v3/synthetic/cattle/cow_ghumusari/SYNTH_COW_GHUMUSARI_0007.jpg,cow_ghumusari,Ghumusari,cattle,SYNTHETIC,train
SYNTH_COW_GHUMUSARI_0006,dataset/synthetic_82_breeds_v3/synthetic/cattle/cow_ghumusari/SYNTH_COW_GHUMUSARI_0006.jpg,cow_ghumusari,Ghumusari,cattle,SYNTHETIC,train
SYNTH_COW_GHUMUSARI_0009,dataset/synthetic_82_breeds_v3/synthetic/cattle/cow_ghumusari/SYNTH_COW_GHUMUSARI_0009.jpg,cow_ghumusari,Ghumusari,cattle,SYNTHETIC,train
SYNTH_COW_GHUMUSARI_0013,dataset/synthetic_82_breeds_v3/synthetic/cattle/cow_ghumusari/SYNTH_COW_GHUMUSARI_0013.jpg,cow_ghumusari,Ghumusari,cattle,SYNTHETIC,train
SYNTH_COW_GHUMUSARI_0011,dataset/synthetic_82_breeds_v3/synthetic/cattle/cow_ghumusari/SYNTH_COW_GHUMUSARI_0011.jpg,cow_ghumusari,Ghumusari,cattle,SYNTHETIC,train
SYNTH_COW_GHUMUSARI_0010,dataset/synthetic_82_breeds_v3/synthetic/cattle/cow_ghumusari/SYNTH_COW_GHUMUSARI_0010.jpg,cow_ghumusari,Ghumusari,cattle,SYNTHETIC,train
SYNTH_COW_GHUMUSARI_0008,dataset/synthetic_82_breeds_v3/synthetic/cattle/cow_ghumusari/SYNTH_COW_GHUMUSARI_0008.jpg,cow_ghumusari,Ghumusari,cattle,SYNTHETIC,train
SYNTH_COW_GHUMUSARI_0012,dataset/synthetic_82_breeds_v3/synthetic/cattle/cow_ghumusari/SYNTH_COW_GHUMUSARI_0012.jpg,cow_ghumusari,Ghumusari,cattle,SYNTHETIC,train
SYNTH_COW_GHUMUSARI_0014,dataset/synthetic_82_breeds_v3/synthetic/cattle/cow_ghumusari/SYNTH_COW_GHUMUSARI_0014.jpg,cow_ghumusari,Ghumusari,cattle,SYNTHETIC,train
SYNTH_COW_GHUMUSARI_0018,dataset/synthetic_82_breeds_v3/synthetic/cattle/cow_ghumusari/SYNTH_COW_GHUMUSARI_0018.jpg,cow_ghumusari,Ghumusari,cattle,SYNTHETIC,train
SYNTH_COW_GHUMUSARI_0019,dataset/synthetic_82_breeds_v3/synthetic/cattle/cow_ghumusari/SYNTH_COW_GHUMUSARI_0019.jpg,cow_ghumusari,Ghumusari,cattle,SYNTHETIC,train
SYNTH_COW_GHUMUSARI_0015,dataset/synthetic_82_breeds_v3/synthetic/cattle/cow_ghumusari/SYNTH_COW_GHUMUSARI_0015.jpg,cow_ghumusari,Ghumusari,cattle,SYNTHETIC,train
SYNTH_COW_GHUMUSARI_0017,dataset/synthetic_82_breeds_v3/synthetic/cattle/cow_ghumusari/SYNTH_COW_GHUMUSARI_0017.jpg,cow_ghumusari,Ghumusari,cattle,SYNTHETIC,train
SYNTH_COW_GHUMUSARI_0016,dataset/synthetic_82_breeds_v3/synthetic/cattle/cow_ghumusari/SYNTH_COW_GHUMUSARI_0016.jpg,cow_ghumusari,Ghumusari,cattle,SYNTHETIC,train
SYNTH_COW_GHUMUSARI_0023,dataset/synthetic_82_breeds_v3/synthetic/cattle/cow_ghumusari/SYNTH_COW_GHUMUSARI_0023.jpg,cow_ghumusari,Ghumusari,cattle,SYNTHETIC,train
SYNTH_COW_GHUMUSARI_0022,dataset/synthetic_82_breeds_v3/synthetic/cattle/cow_ghumusari/SYNTH_COW_GHUMUSARI_0022.jpg,cow_ghumusari,Ghumusari,cattle,SYNTHETIC,train
SYNTH_COW_GHUMUSARI_0026,dataset/synthetic_82_breeds_v3/synthetic/cattle/cow_ghumusari/SYNTH_COW_GHUMUSARI_0026.jpg,cow_ghumusari,Ghumusari,cattle,SYNTHETIC,train
SYNTH_COW_GHUMUSARI_0025,dataset/synthetic_82_breeds_v3/synthetic/cattle/cow_ghumusari/SYNTH_COW_GHUMUSARI_0025.jpg,cow_ghumusari,Ghumusari,cattle,SYNTHETIC,train
SYNTH_COW_GHUMUSARI_0020,dataset/synthetic_82_breeds_v3/synthetic/cattle/cow_ghumusari/SYNTH_COW_GHUMUSARI_0020.jpg,cow_ghumusari,Ghumusari,cattle,SYNTHETIC,train
SYNTH_COW_KHARIAR_0002,dataset/synthetic_82_breeds_v3/synthetic/cattle/cow_khariar/SYNTH_COW_KHARIAR_0002.jpg,cow_khariar,Khariar,cattle,SYNTHETIC,train
SYNTH_COW_KHARIAR_0001,dataset/synthetic_82_breeds_v3/synthetic/cattle/cow_khariar/SYNTH_COW_KHARIAR_0001.jpg,cow_khariar,Khariar,cattle,SYNTHETIC,train
SYNTH_COW_KHARIAR_0003,dataset/synthetic_82_breeds_v3/synthetic/cattle/cow_khariar/SYNTH_COW_KHARIAR_0003.jpg,cow_khariar,Khariar,cattle,SYNTHETIC,train
SYNTH_COW_KHARIAR_0004,dataset/synthetic_82_breeds_v3/synthetic/cattle/cow_khariar/SYNTH_COW_KHARIAR_0004.jpg,cow_khariar,Khariar,cattle,SYNTHETIC,train
SYNTH_COW_KHARIAR_0006,dataset/synthetic_82_breeds_v3/synthetic/cattle/cow_khariar/SYNTH_COW_KHARIAR_0006.jpg,cow_khariar,Khariar,cattle,SYNTHETIC,train
SYNTH_COW_KHARIAR_0005,dataset/synthetic_82_breeds_v3/synthetic/cattle/cow_khariar/SYNTH_COW_KHARIAR_0005.jpg,cow_khariar,Khariar,cattle,SYNTHETIC,train
SYNTH_COW_GHUMUSARI_0027,dataset/synthetic_82_breeds_v3/synthetic/cattle/cow_ghumusari/SYNTH_COW_GHUMUSARI_0027.jpg,cow_ghumusari,Ghumusari,cattle,SYNTHETIC,train
SYNTH_COW_GHUMUSARI_0024,dataset/synthetic_82_breeds_v3/synthetic/cattle/cow_ghumusari/SYNTH_COW_GHUMUSARI_0024.jpg,cow_ghumusari,Ghumusari,cattle,SYNTHETIC,train
SYNTH_COW_KHARIAR_0007,dataset/synthetic_82_breeds_v3/synthetic/cattle/cow_khariar/SYNTH_COW_KHARIAR_0007.jpg,cow_khariar,Khariar,cattle,SYNTHETIC,train
SYNTH_COW_GHUMUSARI_0021,dataset/synthetic_82_breeds_v3/synthetic/cattle/cow_ghumusari/SYNTH_COW_GHUMUSARI_0021.jpg,cow_ghumusari,Ghumusari,cattle,SYNTHETIC,train
SYNTH_COW_KHARIAR_0008,dataset/synthetic_82_breeds_v3/synthetic/cattle/cow_khariar/SYNTH_COW_KHARIAR_0008.jpg,cow_khariar,Khariar,cattle,SYNTHETIC,train
SYNTH_COW_KHARIAR_0010,dataset/synthetic_82_breeds_v3/synthetic/cattle/cow_khariar/SYNTH_COW_KHARIAR_0010.jpg,cow_khariar,Khariar,cattle,SYNTHETIC,train
SYNTH_COW_KHARIAR_0009,dataset/synthetic_82_breeds_v3/synthetic/cattle/cow_khariar/SYNTH_COW_KHARIAR_0009.jpg,cow_khariar,Khariar,cattle,SYNTHETIC,train
SYNTH_COW_KHARIAR_0014,dataset/synthetic_82_breeds_v3/synthetic/cattle/cow_khariar/SYNTH_COW_KHARIAR_0014.jpg,cow_khariar,Khariar,cattle,SYNTHETIC,train
SYNTH_COW_KHARIAR_0013,dataset/synthetic_82_breeds_v3/synthetic/cattle/cow_khariar/SYNTH_COW_KHARIAR_0013.jpg,cow_khariar,Khariar,cattle,SYNTHETIC,train
SYNTH_COW_KHARIAR_0011,dataset/synthetic_82_breeds_v3/synthetic/cattle/cow_khariar/SYNTH_COW_KHARIAR_0011.jpg,cow_khariar,Khariar,cattle,SYNTHETIC,train
SYNTH_COW_KHARIAR_0015,dataset/synthetic_82_breeds_v3/synthetic/cattle/cow_khariar/SYNTH_COW_KHARIAR_0015.jpg,cow_khariar,Khariar,cattle,SYNTHETIC,train
SYNTH_COW_KHARIAR_0012,dataset/synthetic_82_breeds_v3/synthetic/cattle/cow_khariar/SYNTH_COW_KHARIAR_0012.jpg,cow_khariar,Khariar,cattle,SYNTHETIC,train
SYNTH_COW_KHARIAR_0016,dataset/synthetic_82_breeds_v3/synthetic/cattle/cow_khariar/SYNTH_COW_KHARIAR_0016.jpg,cow_khariar,Khariar,cattle,SYNTHETIC,train
SYNTH_COW_KHARIAR_0018,dataset/synthetic_82_breeds_v3/synthetic/cattle/cow_khariar/SYNTH_COW_KHARIAR_0018.jpg,cow_khariar,Khariar,cattle,SYNTHETIC,train
SYNTH_COW_KHARIAR_0019,dataset/synthetic_82_breeds_v3/synthetic/cattle/cow_khariar/SYNTH_COW_KHARIAR_0019.jpg,cow_khariar,Khariar,cattle,SYNTHETIC,train
SYNTH_COW_KHARIAR_0017,dataset/synthetic_82_breeds_v3/synthetic/cattle/cow_khariar/SYNTH_COW_KHARIAR_0017.jpg,cow_khariar,Khariar,cattle,SYNTHETIC,train
SYNTH_COW_GHUMUSARI_0029,dataset/synthetic_82_breeds_v3/synthetic/cattle/cow_ghumusari/SYNTH_COW_GHUMUSARI_0029.jpg,cow_ghumusari,Ghumusari,cattle,SYNTHETIC,train
SYNTH_COW_GHUMUSARI_0028,dataset/synthetic_82_breeds_v3/synthetic/cattle/cow_ghumusari/SYNTH_COW_GHUMUSARI_0028.jpg,cow_ghumusari,Ghumusari,cattle,SYNTHETIC,train
SYNTH_COW_KHARIAR_0025,dataset/synthetic_82_breeds_v3/synthetic/cattle/cow_khariar/SYNTH_COW_KHARIAR_0025.jpg,cow_khariar,Khariar,cattle,SYNTHETIC,train
SYNTH_COW_KHARIAR_0022,dataset/synthetic_82_breeds_v3/synthetic/cattle/cow_khariar/SYNTH_COW_KHARIAR_0022.jpg,cow_khariar,Khariar,cattle,SYNTHETIC,train
SYNTH_COW_KHARIAR_0020,dataset/synthetic_82_breeds_v3/synthetic/cattle/cow_khariar/SYNTH_COW_KHARIAR_0020.jpg,cow_khariar,Khariar,cattle,SYNTHETIC,train
SYNTH_COW_KOSALI_0001,dataset/synthetic_82_breeds_v3/synthetic/cattle/cow_kosali/SYNTH_COW_KOSALI_0001.jpg,cow_kosali,Kosali,cattle,SYNTHETIC,train
SYNTH_COW_KHARIAR_0023,dataset/synthetic_82_breeds_v3/synthetic/cattle/cow_khariar/SYNTH_COW_KHARIAR_0023.jpg,cow_khariar,Khariar,cattle,SYNTHETIC,train
SYNTH_COW_KOSALI_0002,dataset/synthetic_82_breeds_v3/synthetic/cattle/cow_kosali/SYNTH_COW_KOSALI_0002.jpg,cow_kosali,Kosali,cattle,SYNTHETIC,train
SYNTH_COW_KOSALI_0003,dataset/synthetic_82_breeds_v3/synthetic/cattle/cow_kosali/SYNTH_COW_KOSALI_0003.jpg,cow_kosali,Kosali,cattle,SYNTHETIC,train
SYNTH_COW_KOSALI_0004,dataset/synthetic_82_breeds_v3/synthetic/cattle/cow_kosali/SYNTH_COW_KOSALI_0004.jpg,cow_kosali,Kosali,cattle,SYNTHETIC,train
SYNTH_COW_KOSALI_0005,dataset/synthetic_82_breeds_v3/synthetic/cattle/cow_kosali/SYNTH_COW_KOSALI_0005.jpg,cow_kosali,Kosali,cattle,SYNTHETIC,train
SYNTH_COW_KOSALI_0006,dataset/synthetic_82_breeds_v3/synthetic/cattle/cow_kosali/SYNTH_COW_KOSALI_0006.jpg,cow_kosali,Kosali,cattle,SYNTHETIC,train
SYNTH_COW_KOSALI_0007,dataset/synthetic_82_breeds_v3/synthetic/cattle/cow_kosali/SYNTH_COW_KOSALI_0007.jpg,cow_kosali,Kosali,cattle,SYNTHETIC,train
SYNTH_COW_KHARIAR_0024,dataset/synthetic_82_breeds_v3/synthetic/cattle/cow_khariar/SYNTH_COW_KHARIAR_0024.jpg,cow_khariar,Khariar,cattle,SYNTHETIC,train
SYNTH_COW_KOSALI_0008,dataset/synthetic_82_breeds_v3/synthetic/cattle/cow_kosali/SYNTH_COW_KOSALI_0008.jpg,cow_kosali,Kosali,cattle,SYNTHETIC,train
SYNTH_COW_KOSALI_0009,dataset/synthetic_82_breeds_v3/synthetic/cattle/cow_kosali/SYNTH_COW_KOSALI_0009.jpg,cow_kosali,Kosali,cattle,SYNTHETIC,train
SYNTH_COW_KHARIAR_0021,dataset/synthetic_82_breeds_v3/synthetic/cattle/cow_khariar/SYNTH_COW_KHARIAR_0021.jpg,cow_khariar,Khariar,cattle,SYNTHETIC,train
SYNTH_COW_KOSALI_0011,dataset/synthetic_82_breeds_v3/synthetic/cattle/cow_kosali/SYNTH_COW_KOSALI_0011.jpg,cow_kosali,Kosali,cattle,SYNTHETIC,train
SYNTH_COW_KOSALI_0010,dataset/synthetic_82_breeds_v3/synthetic/cattle/cow_kosali/SYNTH_COW_KOSALI_0010.jpg,cow_kosali,Kosali,cattle,SYNTHETIC,train
SYNTH_COW_KHARIAR_0026,dataset/synthetic_82_breeds_v3/synthetic/cattle/cow_khariar/SYNTH_COW_KHARIAR_0026.jpg,cow_khariar,Khariar,cattle,SYNTHETIC,train
SYNTH_COW_KOSALI_0012,dataset/synthetic_82_breeds_v3/synthetic/cattle/cow_kosali/SYNTH_COW_KOSALI_0012.jpg,cow_kosali,Kosali,cattle,SYNTHETIC,train
SYNTH_COW_KOSALI_0016,dataset/synthetic_82_breeds_v3/synthetic/cattle/cow_kosali/SYNTH_COW_KOSALI_0016.jpg,cow_kosali,Kosali,cattle,SYNTHETIC,train
SYNTH_COW_KOSALI_0015,dataset/synthetic_82_breeds_v3/synthetic/cattle/cow_kosali/SYNTH_COW_KOSALI_0015.jpg,cow_kosali,Kosali,cattle,SYNTHETIC,train
SYNTH_COW_KOSALI_0014,dataset/synthetic_82_breeds_v3/synthetic/cattle/cow_kosali/SYNTH_COW_KOSALI_0014.jpg,cow_kosali,Kosali,cattle,SYNTHETIC,train
SYNTH_COW_KOSALI_0018,dataset/synthetic_82_breeds_v3/synthetic/cattle/cow_kosali/SYNTH_COW_KOSALI_0018.jpg,cow_kosali,Kosali,cattle,SYNTHETIC,train
SYNTH_COW_KOSALI_0019,dataset/synthetic_82_breeds_v3/synthetic/cattle/cow_kosali/SYNTH_COW_KOSALI_0019.jpg,cow_kosali,Kosali,cattle,SYNTHETIC,train
SYNTH_COW_KOSALI_0013,dataset/synthetic_82_breeds_v3/synthetic/cattle/cow_kosali/SYNTH_COW_KOSALI_0013.jpg,cow_kosali,Kosali,cattle,SYNTHETIC,train
SYNTH_COW_KOSALI_0017,dataset/synthetic_82_breeds_v3/synthetic/cattle/cow_kosali/SYNTH_COW_KOSALI_0017.jpg,cow_kosali,Kosali,cattle,SYNTHETIC,train
SYNTH_COW_KHARIAR_0027,dataset/synthetic_82_breeds_v3/synthetic/cattle/cow_khariar/SYNTH_COW_KHARIAR_0027.jpg,cow_khariar,Khariar,cattle,SYNTHETIC,train
SYNTH_COW_KHARIAR_0028,dataset/synthetic_82_breeds_v3/synthetic/cattle/cow_khariar/SYNTH_COW_KHARIAR_0028.jpg,cow_khariar,Khariar,cattle,SYNTHETIC,train
SYNTH_COW_KHARIAR_0029,dataset/synthetic_82_breeds_v3/synthetic/cattle/cow_khariar/SYNTH_COW_KHARIAR_0029.jpg,cow_khariar,Khariar,cattle,SYNTHETIC,train
SYNTH_COW_KOSALI_0023,dataset/synthetic_82_breeds_v3/synthetic/cattle/cow_kosali/SYNTH_COW_KOSALI_0023.jpg,cow_kosali,Kosali,cattle,SYNTHETIC,train
SYNTH_COW_KOSALI_0021,dataset/synthetic_82_breeds_v3/synthetic/cattle/cow_kosali/SYNTH_COW_KOSALI_0021.jpg,cow_kosali,Kosali,cattle,SYNTHETIC,train
SYNTH_COW_KOSALI_0025,dataset/synthetic_82_breeds_v3/synthetic/cattle/cow_kosali/SYNTH_COW_KOSALI_0025.jpg,cow_kosali,Kosali,cattle,SYNTHETIC,train
SYNTH_COW_KOSALI_0022,dataset/synthetic_82_breeds_v3/synthetic/cattle/cow_kosali/SYNTH_COW_KOSALI_0022.jpg,cow_kosali,Kosali,cattle,SYNTHETIC,train
SYNTH_COW_KOSALI_0020,dataset/synthetic_82_breeds_v3/synthetic/cattle/cow_kosali/SYNTH_COW_KOSALI_0020.jpg,cow_kosali,Kosali,cattle,SYNTHETIC,train
SYNTH_COW_BELAHI_0001,dataset/synthetic_82_breeds_v3/synthetic/cattle/cow_belahi/SYNTH_COW_BELAHI_0001.jpg,cow_belahi,Belahi,cattle,SYNTHETIC,train
SYNTH_COW_BELAHI_0002,dataset/synthetic_82_breeds_v3/synthetic/cattle/cow_belahi/SYNTH_COW_BELAHI_0002.jpg,cow_belahi,Belahi,cattle,SYNTHETIC,train
SYNTH_COW_BELAHI_0003,dataset/synthetic_82_breeds_v3/synthetic/cattle/cow_belahi/SYNTH_COW_BELAHI_0003.jpg,cow_belahi,Belahi,cattle,SYNTHETIC,train
SYNTH_COW_BELAHI_0004,dataset/synthetic_82_breeds_v3/synthetic/cattle/cow_belahi/SYNTH_COW_BELAHI_0004.jpg,cow_belahi,Belahi,cattle,SYNTHETIC,train
SYNTH_COW_BELAHI_0005,dataset/synthetic_82_breeds_v3/synthetic/cattle/cow_belahi/SYNTH_COW_BELAHI_0005.jpg,cow_belahi,Belahi,cattle,SYNTHETIC,train
SYNTH_COW_BELAHI_0006,dataset/synthetic_82_breeds_v3/synthetic/cattle/cow_belahi/SYNTH_COW_BELAHI_0006.jpg,cow_belahi,Belahi,cattle,SYNTHETIC,train
SYNTH_COW_BELAHI_0007,dataset/synthetic_82_breeds_v3/synthetic/cattle/cow_belahi/SYNTH_COW_BELAHI_0007.jpg,cow_belahi,Belahi,cattle,SYNTHETIC,train
SYNTH_COW_BELAHI_0009,dataset/synthetic_82_breeds_v3/synthetic/cattle/cow_belahi/SYNTH_COW_BELAHI_0009.jpg,cow_belahi,Belahi,cattle,SYNTHETIC,train
SYNTH_COW_BELAHI_0008,dataset/synthetic_82_breeds_v3/synthetic/cattle/cow_belahi/SYNTH_COW_BELAHI_0008.jpg,cow_belahi,Belahi,cattle,SYNTHETIC,train
SYNTH_COW_BELAHI_0010,dataset/synthetic_82_breeds_v3/synthetic/cattle/cow_belahi/SYNTH_COW_BELAHI_0010.jpg,cow_belahi,Belahi,cattle,SYNTHETIC,train
SYNTH_COW_BELAHI_0011,dataset/synthetic_82_breeds_v3/synthetic/cattle/cow_belahi/SYNTH_COW_BELAHI_0011.jpg,cow_belahi,Belahi,cattle,SYNTHETIC,train
SYNTH_COW_BELAHI_0012,dataset/synthetic_82_breeds_v3/synthetic/cattle/cow_belahi/SYNTH_COW_BELAHI_0012.jpg,cow_belahi,Belahi,cattle,SYNTHETIC,train
SYNTH_COW_BELAHI_0013,dataset/synthetic_82_breeds_v3/synthetic/cattle/cow_belahi/SYNTH_COW_BELAHI_0013.jpg,cow_belahi,Belahi,cattle,SYNTHETIC,train
SYNTH_COW_BELAHI_0014,dataset/synthetic_82_breeds_v3/synthetic/cattle/cow_belahi/SYNTH_COW_BELAHI_0014.jpg,cow_belahi,Belahi,cattle,SYNTHETIC,train
SYNTH_COW_BELAHI_0015,dataset/synthetic_82_breeds_v3/synthetic/cattle/cow_belahi/SYNTH_COW_BELAHI_0015.jpg,cow_belahi,Belahi,cattle,SYNTHETIC,train
SYNTH_COW_BELAHI_0016,dataset/synthetic_82_breeds_v3/synthetic/cattle/cow_belahi/SYNTH_COW_BELAHI_0016.jpg,cow_belahi,Belahi,cattle,SYNTHETIC,train
SYNTH_COW_BELAHI_0018,dataset/synthetic_82_breeds_v3/synthetic/cattle/cow_belahi/SYNTH_COW_BELAHI_0018.jpg,cow_belahi,Belahi,cattle,SYNTHETIC,train
SYNTH_COW_KOSALI_0026,dataset/synthetic_82_breeds_v3/synthetic/cattle/cow_kosali/SYNTH_COW_KOSALI_0026.jpg,cow_kosali,Kosali,cattle,SYNTHETIC,train
SYNTH_COW_BELAHI_0019,dataset/synthetic_82_breeds_v3/synthetic/cattle/cow_belahi/SYNTH_COW_BELAHI_0019.jpg,cow_belahi,Belahi,cattle,SYNTHETIC,train
SYNTH_COW_BELAHI_0017,dataset/synthetic_82_breeds_v3/synthetic/cattle/cow_belahi/SYNTH_COW_BELAHI_0017.jpg,cow_belahi,Belahi,cattle,SYNTHETIC,train
SYNTH_COW_KOSALI_0027,dataset/synthetic_82_breeds_v3/synthetic/cattle/cow_kosali/SYNTH_COW_KOSALI_0027.jpg,cow_kosali,Kosali,cattle,SYNTHETIC,train
SYNTH_COW_KOSALI_0024,dataset/synthetic_82_breeds_v3/synthetic/cattle/cow_kosali/SYNTH_COW_KOSALI_0024.jpg,cow_kosali,Kosali,cattle,SYNTHETIC,train
SYNTH_COW_KOSALI_0029,dataset/synthetic_82_breeds_v3/synthetic/cattle/cow_kosali/SYNTH_COW_KOSALI_0029.jpg,cow_kosali,Kosali,cattle,SYNTHETIC,train
SYNTH_COW_KOSALI_0028,dataset/synthetic_82_breeds_v3/synthetic/cattle/cow_kosali/SYNTH_COW_KOSALI_0028.jpg,cow_kosali,Kosali,cattle,SYNTHETIC,train
SYNTH_COW_BELAHI_0023,dataset/synthetic_82_breeds_v3/synthetic/cattle/cow_belahi/SYNTH_COW_BELAHI_0023.jpg,cow_belahi,Belahi,cattle,SYNTHETIC,train
SYNTH_COW_BELAHI_0021,dataset/synthetic_82_breeds_v3/synthetic/cattle/cow_belahi/SYNTH_COW_BELAHI_0021.jpg,cow_belahi,Belahi,cattle,SYNTHETIC,train
SYNTH_COW_BELAHI_0020,dataset/synthetic_82_breeds_v3/synthetic/cattle/cow_belahi/SYNTH_COW_BELAHI_0020.jpg,cow_belahi,Belahi,cattle,SYNTHETIC,train
SYNTH_COW_BELAHI_0022,dataset/synthetic_82_breeds_v3/synthetic/cattle/cow_belahi/SYNTH_COW_BELAHI_0022.jpg,cow_belahi,Belahi,cattle,SYNTHETIC,train
SYNTH_COW_BELAHI_0025,dataset/synthetic_82_breeds_v3/synthetic/cattle/cow_belahi/SYNTH_COW_BELAHI_0025.jpg,cow_belahi,Belahi,cattle,SYNTHETIC,train
SYNTH_BUFFALO_BHADAWARI_0002,dataset/synthetic_82_breeds_v3/synthetic/buffalo/buffalo_bhadawari/SYNTH_BUFFALO_BHADAWARI_0002.jpg,buffalo_bhadawari,Bhadawari,buffalo,SYNTHETIC,train
SYNTH_BUFFALO_BHADAWARI_0001,dataset/synthetic_82_breeds_v3/synthetic/buffalo/buffalo_bhadawari/SYNTH_BUFFALO_BHADAWARI_0001.jpg,buffalo_bhadawari,Bhadawari,buffalo,SYNTHETIC,train
SYNTH_BUFFALO_BHADAWARI_0003,dataset/synthetic_82_breeds_v3/synthetic/buffalo/buffalo_bhadawari/SYNTH_BUFFALO_BHADAWARI_0003.jpg,buffalo_bhadawari,Bhadawari,buffalo,SYNTHETIC,train
SYNTH_BUFFALO_BHADAWARI_0004,dataset/synthetic_82_breeds_v3/synthetic/buffalo/buffalo_bhadawari/SYNTH_BUFFALO_BHADAWARI_0004.jpg,buffalo_bhadawari,Bhadawari,buffalo,SYNTHETIC,train
SYNTH_BUFFALO_BHADAWARI_0005,dataset/synthetic_82_breeds_v3/synthetic/buffalo/buffalo_bhadawari/SYNTH_BUFFALO_BHADAWARI_0005.jpg,buffalo_bhadawari,Bhadawari,buffalo,SYNTHETIC,train
SYNTH_BUFFALO_BHADAWARI_0006,dataset/synthetic_82_breeds_v3/synthetic/buffalo/buffalo_bhadawari/SYNTH_BUFFALO_BHADAWARI_0006.jpg,buffalo_bhadawari,Bhadawari,buffalo,SYNTHETIC,train
SYNTH_BUFFALO_BHADAWARI_0007,dataset/synthetic_82_breeds_v3/synthetic/buffalo/buffalo_bhadawari/SYNTH_BUFFALO_BHADAWARI_0007.jpg,buffalo_bhadawari,Bhadawari,buffalo,SYNTHETIC,train
SYNTH_BUFFALO_BHADAWARI_0008,dataset/synthetic_82_breeds_v3/synthetic/buffalo/buffalo_bhadawari/SYNTH_BUFFALO_BHADAWARI_0008.jpg,buffalo_bhadawari,Bhadawari,buffalo,SYNTHETIC,train
SYNTH_BUFFALO_BHADAWARI_0010,dataset/synthetic_82_breeds_v3/synthetic/buffalo/buffalo_bhadawari/SYNTH_BUFFALO_BHADAWARI_0010.jpg,buffalo_bhadawari,Bhadawari,buffalo,SYNTHETIC,train
SYNTH_BUFFALO_BHADAWARI_0011,dataset/synthetic_82_breeds_v3/synthetic/buffalo/buffalo_bhadawari/SYNTH_BUFFALO_BHADAWARI_0011.jpg,buffalo_bhadawari,Bhadawari,buffalo,SYNTHETIC,train
SYNTH_BUFFALO_BHADAWARI_0009,dataset/synthetic_82_breeds_v3/synthetic/buffalo/buffalo_bhadawari/SYNTH_BUFFALO_BHADAWARI_0009.jpg,buffalo_bhadawari,Bhadawari,buffalo,SYNTHETIC,train
SYNTH_BUFFALO_BHADAWARI_0012,dataset/synthetic_82_breeds_v3/synthetic/buffalo/buffalo_bhadawari/SYNTH_BUFFALO_BHADAWARI_0012.jpg,buffalo_bhadawari,Bhadawari,buffalo,SYNTHETIC,train
SYNTH_BUFFALO_BHADAWARI_0014,dataset/synthetic_82_breeds_v3/synthetic/buffalo/buffalo_bhadawari/SYNTH_BUFFALO_BHADAWARI_0014.jpg,buffalo_bhadawari,Bhadawari,buffalo,SYNTHETIC,train
SYNTH_BUFFALO_BHADAWARI_0013,dataset/synthetic_82_breeds_v3/synthetic/buffalo/buffalo_bhadawari/SYNTH_BUFFALO_BHADAWARI_0013.jpg,buffalo_bhadawari,Bhadawari,buffalo,SYNTHETIC,train
SYNTH_BUFFALO_BHADAWARI_0015,dataset/synthetic_82_breeds_v3/synthetic/buffalo/buffalo_bhadawari/SYNTH_BUFFALO_BHADAWARI_0015.jpg,buffalo_bhadawari,Bhadawari,buffalo,SYNTHETIC,train
SYNTH_BUFFALO_BHADAWARI_0016,dataset/synthetic_82_breeds_v3/synthetic/buffalo/buffalo_bhadawari/SYNTH_BUFFALO_BHADAWARI_0016.jpg,buffalo_bhadawari,Bhadawari,buffalo,SYNTHETIC,train
SYNTH_COW_BELAHI_0024,dataset/synthetic_82_breeds_v3/synthetic/cattle/cow_belahi/SYNTH_COW_BELAHI_0024.jpg,cow_belahi,Belahi,cattle,SYNTHETIC,train
SYNTH_BUFFALO_BHADAWARI_0017,dataset/synthetic_82_breeds_v3/synthetic/buffalo/buffalo_bhadawari/SYNTH_BUFFALO_BHADAWARI_0017.jpg,buffalo_bhadawari,Bhadawari,buffalo,SYNTHETIC,train
SYNTH_BUFFALO_BHADAWARI_0018,dataset/synthetic_82_breeds_v3/synthetic/buffalo/buffalo_bhadawari/SYNTH_BUFFALO_BHADAWARI_0018.jpg,buffalo_bhadawari,Bhadawari,buffalo,SYNTHETIC,train
SYNTH_BUFFALO_BHADAWARI_0019,dataset/synthetic_82_breeds_v3/synthetic/buffalo/buffalo_bhadawari/SYNTH_BUFFALO_BHADAWARI_0019.jpg,buffalo_bhadawari,Bhadawari,buffalo,SYNTHETIC,train
SYNTH_COW_BELAHI_0026,dataset/synthetic_82_breeds_v3/synthetic/cattle/cow_belahi/SYNTH_COW_BELAHI_0026.jpg,cow_belahi,Belahi,cattle,SYNTHETIC,train
SYNTH_COW_BELAHI_0027,dataset/synthetic_82_breeds_v3/synthetic/cattle/cow_belahi/SYNTH_COW_BELAHI_0027.jpg,cow_belahi,Belahi,cattle,SYNTHETIC,train
SYNTH_COW_BELAHI_0029,dataset/synthetic_82_breeds_v3/synthetic/cattle/cow_belahi/SYNTH_COW_BELAHI_0029.jpg,cow_belahi,Belahi,cattle,SYNTHETIC,train
SYNTH_COW_BELAHI_0028,dataset/synthetic_82_breeds_v3/synthetic/cattle/cow_belahi/SYNTH_COW_BELAHI_0028.jpg,cow_belahi,Belahi,cattle,SYNTHETIC,train
SYNTH_BUFFALO_BHADAWARI_0025,dataset/synthetic_82_breeds_v3/synthetic/buffalo/buffalo_bhadawari/SYNTH_BUFFALO_BHADAWARI_0025.jpg,buffalo_bhadawari,Bhadawari,buffalo,SYNTHETIC,train
SYNTH_BUFFALO_BHADAWARI_0022,dataset/synthetic_82_breeds_v3/synthetic/buffalo/buffalo_bhadawari/SYNTH_BUFFALO_BHADAWARI_0022.jpg,buffalo_bhadawari,Bhadawari,buffalo,SYNTHETIC,train
SYNTH_BUFFALO_BHADAWARI_0020,dataset/synthetic_82_breeds_v3/synthetic/buffalo/buffalo_bhadawari/SYNTH_BUFFALO_BHADAWARI_0020.jpg,buffalo_bhadawari,Bhadawari,buffalo,SYNTHETIC,train
SYNTH_BUFFALO_BHADAWARI_0026,dataset/synthetic_82_breeds_v3/synthetic/buffalo/buffalo_bhadawari/SYNTH_BUFFALO_BHADAWARI_0026.jpg,buffalo_bhadawari,Bhadawari,buffalo,SYNTHETIC,train
SYNTH_BUFFALO_BHADAWARI_0023,dataset/synthetic_82_breeds_v3/synthetic/buffalo/buffalo_bhadawari/SYNTH_BUFFALO_BHADAWARI_0023.jpg,buffalo_bhadawari,Bhadawari,buffalo,SYNTHETIC,train
SYNTH_COW_BINJHARPURI_0001,dataset/synthetic_82_breeds_v3/synthetic/cattle/cow_binjharpuri/SYNTH_COW_BINJHARPURI_0001.jpg,cow_binjharpuri,Binjharpuri,cattle,SYNTHETIC,train
SYNTH_COW_BINJHARPURI_0002,dataset/synthetic_82_breeds_v3/synthetic/cattle/cow_binjharpuri/SYNTH_COW_BINJHARPURI_0002.jpg,cow_binjharpuri,Binjharpuri,cattle,SYNTHETIC,train
SYNTH_COW_BINJHARPURI_0003,dataset/synthetic_82_breeds_v3/synthetic/cattle/cow_binjharpuri/SYNTH_COW_BINJHARPURI_0003.jpg,cow_binjharpuri,Binjharpuri,cattle,SYNTHETIC,train
SYNTH_COW_BINJHARPURI_0004,dataset/synthetic_82_breeds_v3/synthetic/cattle/cow_binjharpuri/SYNTH_COW_BINJHARPURI_0004.jpg,cow_binjharpuri,Binjharpuri,cattle,SYNTHETIC,train
SYNTH_COW_BINJHARPURI_0005,dataset/synthetic_82_breeds_v3/synthetic/cattle/cow_binjharpuri/SYNTH_COW_BINJHARPURI_0005.jpg,cow_binjharpuri,Binjharpuri,cattle,SYNTHETIC,train
SYNTH_COW_BINJHARPURI_0006,dataset/synthetic_82_breeds_v3/synthetic/cattle/cow_binjharpuri/SYNTH_COW_BINJHARPURI_0006.jpg,cow_binjharpuri,Binjharpuri,cattle,SYNTHETIC,train
SYNTH_COW_BINJHARPURI_0007,dataset/synthetic_82_breeds_v3/synthetic/cattle/cow_binjharpuri/SYNTH_COW_BINJHARPURI_0007.jpg,cow_binjharpuri,Binjharpuri,cattle,SYNTHETIC,train
SYNTH_COW_BINJHARPURI_0008,dataset/synthetic_82_breeds_v3/synthetic/cattle/cow_binjharpuri/SYNTH_COW_BINJHARPURI_0008.jpg,cow_binjharpuri,Binjharpuri,cattle,SYNTHETIC,train
SYNTH_COW_BINJHARPURI_0009,dataset/synthetic_82_breeds_v3/synthetic/cattle/cow_binjharpuri/SYNTH_COW_BINJHARPURI_0009.jpg,cow_binjharpuri,Binjharpuri,cattle,SYNTHETIC,train
SYNTH_COW_BINJHARPURI_0010,dataset/synthetic_82_breeds_v3/synthetic/cattle/cow_binjharpuri/SYNTH_COW_BINJHARPURI_0010.jpg,cow_binjharpuri,Binjharpuri,cattle,SYNTHETIC,train
SYNTH_COW_BINJHARPURI_0011,dataset/synthetic_82_breeds_v3/synthetic/cattle/cow_binjharpuri/SYNTH_COW_BINJHARPURI_0011.jpg,cow_binjharpuri,Binjharpuri,cattle,SYNTHETIC,train
SYNTH_COW_BINJHARPURI_0012,dataset/synthetic_82_breeds_v3/synthetic/cattle/cow_binjharpuri/SYNTH_COW_BINJHARPURI_0012.jpg,cow_binjharpuri,Binjharpuri,cattle,SYNTHETIC,train
SYNTH_COW_BINJHARPURI_0013,dataset/synthetic_82_breeds_v3/synthetic/cattle/cow_binjharpuri/SYNTH_COW_BINJHARPURI_0013.jpg,cow_binjharpuri,Binjharpuri,cattle,SYNTHETIC,train
SYNTH_COW_BINJHARPURI_0014,dataset/synthetic_82_breeds_v3/synthetic/cattle/cow_binjharpuri/SYNTH_COW_BINJHARPURI_0014.jpg,cow_binjharpuri,Binjharpuri,cattle,SYNTHETIC,train
SYNTH_COW_BINJHARPURI_0015,dataset/synthetic_82_breeds_v3/synthetic/cattle/cow_binjharpuri/SYNTH_COW_BINJHARPURI_0015.jpg,cow_binjharpuri,Binjharpuri,cattle,SYNTHETIC,train
SYNTH_COW_BINJHARPURI_0016,dataset/synthetic_82_breeds_v3/synthetic/cattle/cow_binjharpuri/SYNTH_COW_BINJHARPURI_0016.jpg,cow_binjharpuri,Binjharpuri,cattle,SYNTHETIC,train
SYNTH_COW_BINJHARPURI_0017,dataset/synthetic_82_breeds_v3/synthetic/cattle/cow_binjharpuri/SYNTH_COW_BINJHARPURI_0017.jpg,cow_binjharpuri,Binjharpuri,cattle,SYNTHETIC,train
SYNTH_COW_BINJHARPURI_0018,dataset/synthetic_82_breeds_v3/synthetic/cattle/cow_binjharpuri/SYNTH_COW_BINJHARPURI_0018.jpg,cow_binjharpuri,Binjharpuri,cattle,SYNTHETIC,train
SYNTH_COW_BINJHARPURI_0019,dataset/synthetic_82_breeds_v3/synthetic/cattle/cow_binjharpuri/SYNTH_COW_BINJHARPURI_0019.jpg,cow_binjharpuri,Binjharpuri,cattle,SYNTHETIC,train
SYNTH_BUFFALO_BHADAWARI_0021,dataset/synthetic_82_breeds_v3/synthetic/buffalo/buffalo_bhadawari/SYNTH_BUFFALO_BHADAWARI_0021.jpg,buffalo_bhadawari,Bhadawari,buffalo,SYNTHETIC,train
SYNTH_BUFFALO_BHADAWARI_0024,dataset/synthetic_82_breeds_v3/synthetic/buffalo/buffalo_bhadawari/SYNTH_BUFFALO_BHADAWARI_0024.jpg,buffalo_bhadawari,Bhadawari,buffalo,SYNTHETIC,train
SYNTH_BUFFALO_BHADAWARI_0027,dataset/synthetic_82_breeds_v3/synthetic/buffalo/buffalo_bhadawari/SYNTH_BUFFALO_BHADAWARI_0027.jpg,buffalo_bhadawari,Bhadawari,buffalo,SYNTHETIC,train
SYNTH_BUFFALO_BHADAWARI_0028,dataset/synthetic_82_breeds_v3/synthetic/buffalo/buffalo_bhadawari/SYNTH_BUFFALO_BHADAWARI_0028.jpg,buffalo_bhadawari,Bhadawari,buffalo,SYNTHETIC,train
SYNTH_BUFFALO_BHADAWARI_0029,dataset/synthetic_82_breeds_v3/synthetic/buffalo/buffalo_bhadawari/SYNTH_BUFFALO_BHADAWARI_0029.jpg,buffalo_bhadawari,Bhadawari,buffalo,SYNTHETIC,train
SYNTH_COW_BINJHARPURI_0025,dataset/synthetic_82_breeds_v3/synthetic/cattle/cow_binjharpuri/SYNTH_COW_BINJHARPURI_0025.jpg,cow_binjharpuri,Binjharpuri,cattle,SYNTHETIC,train
SYNTH_COW_BINJHARPURI_0020,dataset/synthetic_82_breeds_v3/synthetic/cattle/cow_binjharpuri/SYNTH_COW_BINJHARPURI_0020.jpg,cow_binjharpuri,Binjharpuri,cattle,SYNTHETIC,train
SYNTH_COW_BINJHARPURI_0022,dataset/synthetic_82_breeds_v3/synthetic/cattle/cow_binjharpuri/SYNTH_COW_BINJHARPURI_0022.jpg,cow_binjharpuri,Binjharpuri,cattle,SYNTHETIC,train
SYNTH_COW_BINJHARPURI_0026,dataset/synthetic_82_breeds_v3/synthetic/cattle/cow_binjharpuri/SYNTH_COW_BINJHARPURI_0026.jpg,cow_binjharpuri,Binjharpuri,cattle,SYNTHETIC,train
SYNTH_COW_BINJHARPURI_0028,dataset/synthetic_82_breeds_v3/synthetic/cattle/cow_binjharpuri/SYNTH_COW_BINJHARPURI_0028.jpg,cow_binjharpuri,Binjharpuri,cattle,SYNTHETIC,train
SYNTH_BUFFALO_CHHATTISGARHI_0001,dataset/synthetic_82_breeds_v3/synthetic/buffalo/buffalo_chhattisgarhi/SYNTH_BUFFALO_CHHATTISGARHI_0001.jpg,buffalo_chhattisgarhi,Chhattisgarhi,buffalo,SYNTHETIC,train
SYNTH_BUFFALO_CHHATTISGARHI_0003,dataset/synthetic_82_breeds_v3/synthetic/buffalo/buffalo_chhattisgarhi/SYNTH_BUFFALO_CHHATTISGARHI_0003.jpg,buffalo_chhattisgarhi,Chhattisgarhi,buffalo,SYNTHETIC,train
SYNTH_BUFFALO_CHHATTISGARHI_0002,dataset/synthetic_82_breeds_v3/synthetic/buffalo/buffalo_chhattisgarhi/SYNTH_BUFFALO_CHHATTISGARHI_0002.jpg,buffalo_chhattisgarhi,Chhattisgarhi,buffalo,SYNTHETIC,train
SYNTH_BUFFALO_CHHATTISGARHI_0004,dataset/synthetic_82_breeds_v3/synthetic/buffalo/buffalo_chhattisgarhi/SYNTH_BUFFALO_CHHATTISGARHI_0004.jpg,buffalo_chhattisgarhi,Chhattisgarhi,buffalo,SYNTHETIC,train
SYNTH_BUFFALO_CHHATTISGARHI_0005,dataset/synthetic_82_breeds_v3/synthetic/buffalo/buffalo_chhattisgarhi/SYNTH_BUFFALO_CHHATTISGARHI_0005.jpg,buffalo_chhattisgarhi,Chhattisgarhi,buffalo,SYNTHETIC,train
SYNTH_BUFFALO_CHHATTISGARHI_0006,dataset/synthetic_82_breeds_v3/synthetic/buffalo/buffalo_chhattisgarhi/SYNTH_BUFFALO_CHHATTISGARHI_0006.jpg,buffalo_chhattisgarhi,Chhattisgarhi,buffalo,SYNTHETIC,train
SYNTH_BUFFALO_CHHATTISGARHI_0008,dataset/synthetic_82_breeds_v3/synthetic/buffalo/buffalo_chhattisgarhi/SYNTH_BUFFALO_CHHATTISGARHI_0008.jpg,buffalo_chhattisgarhi,Chhattisgarhi,buffalo,SYNTHETIC,train
SYNTH_BUFFALO_CHHATTISGARHI_0007,dataset/synthetic_82_breeds_v3/synthetic/buffalo/buffalo_chhattisgarhi/SYNTH_BUFFALO_CHHATTISGARHI_0007.jpg,buffalo_chhattisgarhi,Chhattisgarhi,buffalo,SYNTHETIC,train
SYNTH_BUFFALO_CHHATTISGARHI_0009,dataset/synthetic_82_breeds_v3/synthetic/buffalo/buffalo_chhattisgarhi/SYNTH_BUFFALO_CHHATTISGARHI_0009.jpg,buffalo_chhattisgarhi,Chhattisgarhi,buffalo,SYNTHETIC,train
SYNTH_BUFFALO_CHHATTISGARHI_0011,dataset/synthetic_82_breeds_v3/synthetic/buffalo/buffalo_chhattisgarhi/SYNTH_BUFFALO_CHHATTISGARHI_0011.jpg,buffalo_chhattisgarhi,Chhattisgarhi,buffalo,SYNTHETIC,train
SYNTH_BUFFALO_CHHATTISGARHI_0012,dataset/synthetic_82_breeds_v3/synthetic/buffalo/buffalo_chhattisgarhi/SYNTH_BUFFALO_CHHATTISGARHI_0012.jpg,buffalo_chhattisgarhi,Chhattisgarhi,buffalo,SYNTHETIC,train
SYNTH_BUFFALO_CHHATTISGARHI_0013,dataset/synthetic_82_breeds_v3/synthetic/buffalo/buffalo_chhattisgarhi/SYNTH_BUFFALO_CHHATTISGARHI_0013.jpg,buffalo_chhattisgarhi,Chhattisgarhi,buffalo,SYNTHETIC,train
SYNTH_BUFFALO_CHHATTISGARHI_0015,dataset/synthetic_82_breeds_v3/synthetic/buffalo/buffalo_chhattisgarhi/SYNTH_BUFFALO_CHHATTISGARHI_0015.jpg,buffalo_chhattisgarhi,Chhattisgarhi,buffalo,SYNTHETIC,train
SYNTH_BUFFALO_CHHATTISGARHI_0016,dataset/synthetic_82_breeds_v3/synthetic/buffalo/buffalo_chhattisgarhi/SYNTH_BUFFALO_CHHATTISGARHI_0016.jpg,buffalo_chhattisgarhi,Chhattisgarhi,buffalo,SYNTHETIC,train
SYNTH_BUFFALO_CHHATTISGARHI_0010,dataset/synthetic_82_breeds_v3/synthetic/buffalo/buffalo_chhattisgarhi/SYNTH_BUFFALO_CHHATTISGARHI_0010.jpg,buffalo_chhattisgarhi,Chhattisgarhi,buffalo,SYNTHETIC,train
SYNTH_BUFFALO_CHHATTISGARHI_0017,dataset/synthetic_82_breeds_v3/synthetic/buffalo/buffalo_chhattisgarhi/SYNTH_BUFFALO_CHHATTISGARHI_0017.jpg,buffalo_chhattisgarhi,Chhattisgarhi,buffalo,SYNTHETIC,train
SYNTH_BUFFALO_CHHATTISGARHI_0014,dataset/synthetic_82_breeds_v3/synthetic/buffalo/buffalo_chhattisgarhi/SYNTH_BUFFALO_CHHATTISGARHI_0014.jpg,buffalo_chhattisgarhi,Chhattisgarhi,buffalo,SYNTHETIC,train
SYNTH_BUFFALO_CHHATTISGARHI_0018,dataset/synthetic_82_breeds_v3/synthetic/buffalo/buffalo_chhattisgarhi/SYNTH_BUFFALO_CHHATTISGARHI_0018.jpg,buffalo_chhattisgarhi,Chhattisgarhi,buffalo,SYNTHETIC,train
SYNTH_BUFFALO_CHHATTISGARHI_0019,dataset/synthetic_82_breeds_v3/synthetic/buffalo/buffalo_chhattisgarhi/SYNTH_BUFFALO_CHHATTISGARHI_0019.jpg,buffalo_chhattisgarhi,Chhattisgarhi,buffalo,SYNTHETIC,train
SYNTH_COW_BINJHARPURI_0023,dataset/synthetic_82_breeds_v3/synthetic/cattle/cow_binjharpuri/SYNTH_COW_BINJHARPURI_0023.jpg,cow_binjharpuri,Binjharpuri,cattle,SYNTHETIC,train
SYNTH_BUFFALO_CHHATTISGARHI_0023,dataset/synthetic_82_breeds_v3/synthetic/buffalo/buffalo_chhattisgarhi/SYNTH_BUFFALO_CHHATTISGARHI_0023.jpg,buffalo_chhattisgarhi,Chhattisgarhi,buffalo,SYNTHETIC,train
SYNTH_BUFFALO_CHHATTISGARHI_0022,dataset/synthetic_82_breeds_v3/synthetic/buffalo/buffalo_chhattisgarhi/SYNTH_BUFFALO_CHHATTISGARHI_0022.jpg,buffalo_chhattisgarhi,Chhattisgarhi,buffalo,SYNTHETIC,train
SYNTH_BUFFALO_CHHATTISGARHI_0020,dataset/synthetic_82_breeds_v3/synthetic/buffalo/buffalo_chhattisgarhi/SYNTH_BUFFALO_CHHATTISGARHI_0020.jpg,buffalo_chhattisgarhi,Chhattisgarhi,buffalo,SYNTHETIC,train
SYNTH_BUFFALO_CHHATTISGARHI_0021,dataset/synthetic_82_breeds_v3/synthetic/buffalo/buffalo_chhattisgarhi/SYNTH_BUFFALO_CHHATTISGARHI_0021.jpg,buffalo_chhattisgarhi,Chhattisgarhi,buffalo,SYNTHETIC,train
SYNTH_BUFFALO_CHHATTISGARHI_0025,dataset/synthetic_82_breeds_v3/synthetic/buffalo/buffalo_chhattisgarhi/SYNTH_BUFFALO_CHHATTISGARHI_0025.jpg,buffalo_chhattisgarhi,Chhattisgarhi,buffalo,SYNTHETIC,train
SYNTH_COW_BINJHARPURI_0021,dataset/synthetic_82_breeds_v3/synthetic/cattle/cow_binjharpuri/SYNTH_COW_BINJHARPURI_0021.jpg,cow_binjharpuri,Binjharpuri,cattle,SYNTHETIC,train
SYNTH_BUFFALO_CHHATTISGARHI_0026,dataset/synthetic_82_breeds_v3/synthetic/buffalo/buffalo_chhattisgarhi/SYNTH_BUFFALO_CHHATTISGARHI_0026.jpg,buffalo_chhattisgarhi,Chhattisgarhi,buffalo,SYNTHETIC,train
SYNTH_BUFFALO_CHILIKA_0001,dataset/synthetic_82_breeds_v3/synthetic/buffalo/buffalo_chilika/SYNTH_BUFFALO_CHILIKA_0001.jpg,buffalo_chilika,Chilika,buffalo,SYNTHETIC,train
SYNTH_BUFFALO_CHILIKA_0002,dataset/synthetic_82_breeds_v3/synthetic/buffalo/buffalo_chilika/SYNTH_BUFFALO_CHILIKA_0002.jpg,buffalo_chilika,Chilika,buffalo,SYNTHETIC,train
SYNTH_BUFFALO_CHILIKA_0003,dataset/synthetic_82_breeds_v3/synthetic/buffalo/buffalo_chilika/SYNTH_BUFFALO_CHILIKA_0003.jpg,buffalo_chilika,Chilika,buffalo,SYNTHETIC,train
SYNTH_BUFFALO_CHILIKA_0004,dataset/synthetic_82_breeds_v3/synthetic/buffalo/buffalo_chilika/SYNTH_BUFFALO_CHILIKA_0004.jpg,buffalo_chilika,Chilika,buffalo,SYNTHETIC,train
SYNTH_BUFFALO_CHILIKA_0005,dataset/synthetic_82_breeds_v3/synthetic/buffalo/buffalo_chilika/SYNTH_BUFFALO_CHILIKA_0005.jpg,buffalo_chilika,Chilika,buffalo,SYNTHETIC,train
SYNTH_BUFFALO_CHILIKA_0006,dataset/synthetic_82_breeds_v3/synthetic/buffalo/buffalo_chilika/SYNTH_BUFFALO_CHILIKA_0006.jpg,buffalo_chilika,Chilika,buffalo,SYNTHETIC,train
SYNTH_BUFFALO_CHILIKA_0007,dataset/synthetic_82_breeds_v3/synthetic/buffalo/buffalo_chilika/SYNTH_BUFFALO_CHILIKA_0007.jpg,buffalo_chilika,Chilika,buffalo,SYNTHETIC,train
SYNTH_BUFFALO_CHILIKA_0008,dataset/synthetic_82_breeds_v3/synthetic/buffalo/buffalo_chilika/SYNTH_BUFFALO_CHILIKA_0008.jpg,buffalo_chilika,Chilika,buffalo,SYNTHETIC,train
SYNTH_BUFFALO_CHILIKA_0009,dataset/synthetic_82_breeds_v3/synthetic/buffalo/buffalo_chilika/SYNTH_BUFFALO_CHILIKA_0009.jpg,buffalo_chilika,Chilika,buffalo,SYNTHETIC,train
SYNTH_BUFFALO_CHILIKA_0010,dataset/synthetic_82_breeds_v3/synthetic/buffalo/buffalo_chilika/SYNTH_BUFFALO_CHILIKA_0010.jpg,buffalo_chilika,Chilika,buffalo,SYNTHETIC,train
SYNTH_BUFFALO_CHILIKA_0011,dataset/synthetic_82_breeds_v3/synthetic/buffalo/buffalo_chilika/SYNTH_BUFFALO_CHILIKA_0011.jpg,buffalo_chilika,Chilika,buffalo,SYNTHETIC,train
SYNTH_BUFFALO_CHHATTISGARHI_0024,dataset/synthetic_82_breeds_v3/synthetic/buffalo/buffalo_chhattisgarhi/SYNTH_BUFFALO_CHHATTISGARHI_0024.jpg,buffalo_chhattisgarhi,Chhattisgarhi,buffalo,SYNTHETIC,train
SYNTH_BUFFALO_CHILIKA_0012,dataset/synthetic_82_breeds_v3/synthetic/buffalo/buffalo_chilika/SYNTH_BUFFALO_CHILIKA_0012.jpg,buffalo_chilika,Chilika,buffalo,SYNTHETIC,train
SYNTH_BUFFALO_CHILIKA_0013,dataset/synthetic_82_breeds_v3/synthetic/buffalo/buffalo_chilika/SYNTH_BUFFALO_CHILIKA_0013.jpg,buffalo_chilika,Chilika,buffalo,SYNTHETIC,train
SYNTH_BUFFALO_CHILIKA_0014,dataset/synthetic_82_breeds_v3/synthetic/buffalo/buffalo_chilika/SYNTH_BUFFALO_CHILIKA_0014.jpg,buffalo_chilika,Chilika,buffalo,SYNTHETIC,train
SYNTH_BUFFALO_CHILIKA_0015,dataset/synthetic_82_breeds_v3/synthetic/buffalo/buffalo_chilika/SYNTH_BUFFALO_CHILIKA_0015.jpg,buffalo_chilika,Chilika,buffalo,SYNTHETIC,train
SYNTH_BUFFALO_CHILIKA_0017,dataset/synthetic_82_breeds_v3/synthetic/buffalo/buffalo_chilika/SYNTH_BUFFALO_CHILIKA_0017.jpg,buffalo_chilika,Chilika,buffalo,SYNTHETIC,train
SYNTH_BUFFALO_CHILIKA_0018,dataset/synthetic_82_breeds_v3/synthetic/buffalo/buffalo_chilika/SYNTH_BUFFALO_CHILIKA_0018.jpg,buffalo_chilika,Chilika,buffalo,SYNTHETIC,train
SYNTH_BUFFALO_CHILIKA_0019,dataset/synthetic_82_breeds_v3/synthetic/buffalo/buffalo_chilika/SYNTH_BUFFALO_CHILIKA_0019.jpg,buffalo_chilika,Chilika,buffalo,SYNTHETIC,train
SYNTH_BUFFALO_CHILIKA_0016,dataset/synthetic_82_breeds_v3/synthetic/buffalo/buffalo_chilika/SYNTH_BUFFALO_CHILIKA_0016.jpg,buffalo_chilika,Chilika,buffalo,SYNTHETIC,train
SYNTH_BUFFALO_CHHATTISGARHI_0028,dataset/synthetic_82_breeds_v3/synthetic/buffalo/buffalo_chhattisgarhi/SYNTH_BUFFALO_CHHATTISGARHI_0028.jpg,buffalo_chhattisgarhi,Chhattisgarhi,buffalo,SYNTHETIC,train
SYNTH_BUFFALO_CHHATTISGARHI_0029,dataset/synthetic_82_breeds_v3/synthetic/buffalo/buffalo_chhattisgarhi/SYNTH_BUFFALO_CHHATTISGARHI_0029.jpg,buffalo_chhattisgarhi,Chhattisgarhi,buffalo,SYNTHETIC,train
SYNTH_BUFFALO_CHHATTISGARHI_0027,dataset/synthetic_82_breeds_v3/synthetic/buffalo/buffalo_chhattisgarhi/SYNTH_BUFFALO_CHHATTISGARHI_0027.jpg,buffalo_chhattisgarhi,Chhattisgarhi,buffalo,SYNTHETIC,train
SYNTH_BUFFALO_CHILIKA_0020,dataset/synthetic_82_breeds_v3/synthetic/buffalo/buffalo_chilika/SYNTH_BUFFALO_CHILIKA_0020.jpg,buffalo_chilika,Chilika,buffalo,SYNTHETIC,train
SYNTH_COW_BINJHARPURI_0027,dataset/synthetic_82_breeds_v3/synthetic/cattle/cow_binjharpuri/SYNTH_COW_BINJHARPURI_0027.jpg,cow_binjharpuri,Binjharpuri,cattle,SYNTHETIC,train
SYNTH_COW_BINJHARPURI_0024,dataset/synthetic_82_breeds_v3/synthetic/cattle/cow_binjharpuri/SYNTH_COW_BINJHARPURI_0024.jpg,cow_binjharpuri,Binjharpuri,cattle,SYNTHETIC,train
SYNTH_BUFFALO_CHILIKA_0022,dataset/synthetic_82_breeds_v3/synthetic/buffalo/buffalo_chilika/SYNTH_BUFFALO_CHILIKA_0022.jpg,buffalo_chilika,Chilika,buffalo,SYNTHETIC,train
SYNTH_BUFFALO_CHILIKA_0021,dataset/synthetic_82_breeds_v3/synthetic/buffalo/buffalo_chilika/SYNTH_BUFFALO_CHILIKA_0021.jpg,buffalo_chilika,Chilika,buffalo,SYNTHETIC,train
SYNTH_BUFFALO_CHILIKA_0024,dataset/synthetic_82_breeds_v3/synthetic/buffalo/buffalo_chilika/SYNTH_BUFFALO_CHILIKA_0024.jpg,buffalo_chilika,Chilika,buffalo,SYNTHETIC,train
SYNTH_COW_DAGRI_0001,dataset/synthetic_82_breeds_v3/synthetic/cattle/cow_dagri/SYNTH_COW_DAGRI_0001.jpg,cow_dagri,Dagri,cattle,SYNTHETIC,train
SYNTH_COW_DAGRI_0002,dataset/synthetic_82_breeds_v3/synthetic/cattle/cow_dagri/SYNTH_COW_DAGRI_0002.jpg,cow_dagri,Dagri,cattle,SYNTHETIC,train
SYNTH_COW_DAGRI_0003,dataset/synthetic_82_breeds_v3/synthetic/cattle/cow_dagri/SYNTH_COW_DAGRI_0003.jpg,cow_dagri,Dagri,cattle,SYNTHETIC,train
SYNTH_COW_DAGRI_0004,dataset/synthetic_82_breeds_v3/synthetic/cattle/cow_dagri/SYNTH_COW_DAGRI_0004.jpg,cow_dagri,Dagri,cattle,SYNTHETIC,train
SYNTH_COW_DAGRI_0005,dataset/synthetic_82_breeds_v3/synthetic/cattle/cow_dagri/SYNTH_COW_DAGRI_0005.jpg,cow_dagri,Dagri,cattle,SYNTHETIC,train
SYNTH_BUFFALO_CHILIKA_0025,dataset/synthetic_82_breeds_v3/synthetic/buffalo/buffalo_chilika/SYNTH_BUFFALO_CHILIKA_0025.jpg,buffalo_chilika,Chilika,buffalo,SYNTHETIC,train
SYNTH_BUFFALO_CHILIKA_0023,dataset/synthetic_82_breeds_v3/synthetic/buffalo/buffalo_chilika/SYNTH_BUFFALO_CHILIKA_0023.jpg,buffalo_chilika,Chilika,buffalo,SYNTHETIC,train
SYNTH_COW_DAGRI_0006,dataset/synthetic_82_breeds_v3/synthetic/cattle/cow_dagri/SYNTH_COW_DAGRI_0006.jpg,cow_dagri,Dagri,cattle,SYNTHETIC,train
SYNTH_COW_DAGRI_0007,dataset/synthetic_82_breeds_v3/synthetic/cattle/cow_dagri/SYNTH_COW_DAGRI_0007.jpg,cow_dagri,Dagri,cattle,SYNTHETIC,train
SYNTH_COW_DAGRI_0008,dataset/synthetic_82_breeds_v3/synthetic/cattle/cow_dagri/SYNTH_COW_DAGRI_0008.jpg,cow_dagri,Dagri,cattle,SYNTHETIC,train
SYNTH_COW_DAGRI_0010,dataset/synthetic_82_breeds_v3/synthetic/cattle/cow_dagri/SYNTH_COW_DAGRI_0010.jpg,cow_dagri,Dagri,cattle,SYNTHETIC,train
SYNTH_COW_DAGRI_0011,dataset/synthetic_82_breeds_v3/synthetic/cattle/cow_dagri/SYNTH_COW_DAGRI_0011.jpg,cow_dagri,Dagri,cattle,SYNTHETIC,train
SYNTH_COW_DAGRI_0009,dataset/synthetic_82_breeds_v3/synthetic/cattle/cow_dagri/SYNTH_COW_DAGRI_0009.jpg,cow_dagri,Dagri,cattle,SYNTHETIC,train
SYNTH_COW_DAGRI_0013,dataset/synthetic_82_breeds_v3/synthetic/cattle/cow_dagri/SYNTH_COW_DAGRI_0013.jpg,cow_dagri,Dagri,cattle,SYNTHETIC,train
SYNTH_COW_DAGRI_0012,dataset/synthetic_82_breeds_v3/synthetic/cattle/cow_dagri/SYNTH_COW_DAGRI_0012.jpg,cow_dagri,Dagri,cattle,SYNTHETIC,train
SYNTH_COW_DAGRI_0014,dataset/synthetic_82_breeds_v3/synthetic/cattle/cow_dagri/SYNTH_COW_DAGRI_0014.jpg,cow_dagri,Dagri,cattle,SYNTHETIC,train
SYNTH_COW_DAGRI_0015,dataset/synthetic_82_breeds_v3/synthetic/cattle/cow_dagri/SYNTH_COW_DAGRI_0015.jpg,cow_dagri,Dagri,cattle,SYNTHETIC,train
SYNTH_COW_DAGRI_0016,dataset/synthetic_82_breeds_v3/synthetic/cattle/cow_dagri/SYNTH_COW_DAGRI_0016.jpg,cow_dagri,Dagri,cattle,SYNTHETIC,train
SYNTH_COW_DAGRI_0017,dataset/synthetic_82_breeds_v3/synthetic/cattle/cow_dagri/SYNTH_COW_DAGRI_0017.jpg,cow_dagri,Dagri,cattle,SYNTHETIC,train
SYNTH_COW_DAGRI_0018,dataset/synthetic_82_breeds_v3/synthetic/cattle/cow_dagri/SYNTH_COW_DAGRI_0018.jpg,cow_dagri,Dagri,cattle,SYNTHETIC,train
SYNTH_COW_DAGRI_0019,dataset/synthetic_82_breeds_v3/synthetic/cattle/cow_dagri/SYNTH_COW_DAGRI_0019.jpg,cow_dagri,Dagri,cattle,SYNTHETIC,train
SYNTH_BUFFALO_CHILIKA_0026,dataset/synthetic_82_breeds_v3/synthetic/buffalo/buffalo_chilika/SYNTH_BUFFALO_CHILIKA_0026.jpg,buffalo_chilika,Chilika,buffalo,SYNTHETIC,train
SYNTH_BUFFALO_CHILIKA_0028,dataset/synthetic_82_breeds_v3/synthetic/buffalo/buffalo_chilika/SYNTH_BUFFALO_CHILIKA_0028.jpg,buffalo_chilika,Chilika,buffalo,SYNTHETIC,train
SYNTH_BUFFALO_CHILIKA_0029,dataset/synthetic_82_breeds_v3/synthetic/buffalo/buffalo_chilika/SYNTH_BUFFALO_CHILIKA_0029.jpg,buffalo_chilika,Chilika,buffalo,SYNTHETIC,train
SYNTH_COW_DAGRI_0022,dataset/synthetic_82_breeds_v3/synthetic/cattle/cow_dagri/SYNTH_COW_DAGRI_0022.jpg,cow_dagri,Dagri,cattle,SYNTHETIC,train
SYNTH_COW_DAGRI_0021,dataset/synthetic_82_breeds_v3/synthetic/cattle/cow_dagri/SYNTH_COW_DAGRI_0021.jpg,cow_dagri,Dagri,cattle,SYNTHETIC,train
SYNTH_COW_DAGRI_0020,dataset/synthetic_82_breeds_v3/synthetic/cattle/cow_dagri/SYNTH_COW_DAGRI_0020.jpg,cow_dagri,Dagri,cattle,SYNTHETIC,train
SYNTH_BUFFALO_CHILIKA_0027,dataset/synthetic_82_breeds_v3/synthetic/buffalo/buffalo_chilika/SYNTH_BUFFALO_CHILIKA_0027.jpg,buffalo_chilika,Chilika,buffalo,SYNTHETIC,train
SYNTH_COW_DAGRI_0025,dataset/synthetic_82_breeds_v3/synthetic/cattle/cow_dagri/SYNTH_COW_DAGRI_0025.jpg,cow_dagri,Dagri,cattle,SYNTHETIC,train
SYNTH_BUFFALO_DHARWADI_0001,dataset/synthetic_82_breeds_v3/synthetic/buffalo/buffalo_dharwadi/SYNTH_BUFFALO_DHARWADI_0001.jpg,buffalo_dharwadi,Dharwadi,buffalo,SYNTHETIC,train
SYNTH_BUFFALO_DHARWADI_0002,dataset/synthetic_82_breeds_v3/synthetic/buffalo/buffalo_dharwadi/SYNTH_BUFFALO_DHARWADI_0002.jpg,buffalo_dharwadi,Dharwadi,buffalo,SYNTHETIC,train
SYNTH_BUFFALO_DHARWADI_0003,dataset/synthetic_82_breeds_v3/synthetic/buffalo/buffalo_dharwadi/SYNTH_BUFFALO_DHARWADI_0003.jpg,buffalo_dharwadi,Dharwadi,buffalo,SYNTHETIC,train
SYNTH_BUFFALO_DHARWADI_0004,dataset/synthetic_82_breeds_v3/synthetic/buffalo/buffalo_dharwadi/SYNTH_BUFFALO_DHARWADI_0004.jpg,buffalo_dharwadi,Dharwadi,buffalo,SYNTHETIC,train
SYNTH_BUFFALO_DHARWADI_0005,dataset/synthetic_82_breeds_v3/synthetic/buffalo/buffalo_dharwadi/SYNTH_BUFFALO_DHARWADI_0005.jpg,buffalo_dharwadi,Dharwadi,buffalo,SYNTHETIC,train
SYNTH_COW_DAGRI_0023,dataset/synthetic_82_breeds_v3/synthetic/cattle/cow_dagri/SYNTH_COW_DAGRI_0023.jpg,cow_dagri,Dagri,cattle,SYNTHETIC,train
SYNTH_BUFFALO_DHARWADI_0006,dataset/synthetic_82_breeds_v3/synthetic/buffalo/buffalo_dharwadi/SYNTH_BUFFALO_DHARWADI_0006.jpg,buffalo_dharwadi,Dharwadi,buffalo,SYNTHETIC,train
SYNTH_BUFFALO_DHARWADI_0007,dataset/synthetic_82_breeds_v3/synthetic/buffalo/buffalo_dharwadi/SYNTH_BUFFALO_DHARWADI_0007.jpg,buffalo_dharwadi,Dharwadi,buffalo,SYNTHETIC,train
SYNTH_BUFFALO_DHARWADI_0008,dataset/synthetic_82_breeds_v3/synthetic/buffalo/buffalo_dharwadi/SYNTH_BUFFALO_DHARWADI_0008.jpg,buffalo_dharwadi,Dharwadi,buffalo,SYNTHETIC,train
SYNTH_BUFFALO_DHARWADI_0009,dataset/synthetic_82_breeds_v3/synthetic/buffalo/buffalo_dharwadi/SYNTH_BUFFALO_DHARWADI_0009.jpg,buffalo_dharwadi,Dharwadi,buffalo,SYNTHETIC,train
SYNTH_BUFFALO_DHARWADI_0010,dataset/synthetic_82_breeds_v3/synthetic/buffalo/buffalo_dharwadi/SYNTH_BUFFALO_DHARWADI_0010.jpg,buffalo_dharwadi,Dharwadi,buffalo,SYNTHETIC,train
SYNTH_BUFFALO_DHARWADI_0012,dataset/synthetic_82_breeds_v3/synthetic/buffalo/buffalo_dharwadi/SYNTH_BUFFALO_DHARWADI_0012.jpg,buffalo_dharwadi,Dharwadi,buffalo,SYNTHETIC,train
SYNTH_BUFFALO_DHARWADI_0011,dataset/synthetic_82_breeds_v3/synthetic/buffalo/buffalo_dharwadi/SYNTH_BUFFALO_DHARWADI_0011.jpg,buffalo_dharwadi,Dharwadi,buffalo,SYNTHETIC,train
SYNTH_BUFFALO_DHARWADI_0014,dataset/synthetic_82_breeds_v3/synthetic/buffalo/buffalo_dharwadi/SYNTH_BUFFALO_DHARWADI_0014.jpg,buffalo_dharwadi,Dharwadi,buffalo,SYNTHETIC,train
SYNTH_BUFFALO_DHARWADI_0013,dataset/synthetic_82_breeds_v3/synthetic/buffalo/buffalo_dharwadi/SYNTH_BUFFALO_DHARWADI_0013.jpg,buffalo_dharwadi,Dharwadi,buffalo,SYNTHETIC,train
SYNTH_BUFFALO_DHARWADI_0016,dataset/synthetic_82_breeds_v3/synthetic/buffalo/buffalo_dharwadi/SYNTH_BUFFALO_DHARWADI_0016.jpg,buffalo_dharwadi,Dharwadi,buffalo,SYNTHETIC,train
SYNTH_BUFFALO_DHARWADI_0017,dataset/synthetic_82_breeds_v3/synthetic/buffalo/buffalo_dharwadi/SYNTH_BUFFALO_DHARWADI_0017.jpg,buffalo_dharwadi,Dharwadi,buffalo,SYNTHETIC,train
SYNTH_BUFFALO_DHARWADI_0018,dataset/synthetic_82_breeds_v3/synthetic/buffalo/buffalo_dharwadi/SYNTH_BUFFALO_DHARWADI_0018.jpg,buffalo_dharwadi,Dharwadi,buffalo,SYNTHETIC,train
SYNTH_BUFFALO_DHARWADI_0015,dataset/synthetic_82_breeds_v3/synthetic/buffalo/buffalo_dharwadi/SYNTH_BUFFALO_DHARWADI_0015.jpg,buffalo_dharwadi,Dharwadi,buffalo,SYNTHETIC,train
SYNTH_BUFFALO_DHARWADI_0019,dataset/synthetic_82_breeds_v3/synthetic/buffalo/buffalo_dharwadi/SYNTH_BUFFALO_DHARWADI_0019.jpg,buffalo_dharwadi,Dharwadi,buffalo,SYNTHETIC,train
SYNTH_COW_DAGRI_0026,dataset/synthetic_82_breeds_v3/synthetic/cattle/cow_dagri/SYNTH_COW_DAGRI_0026.jpg,cow_dagri,Dagri,cattle,SYNTHETIC,train
SYNTH_COW_DAGRI_0029,dataset/synthetic_82_breeds_v3/synthetic/cattle/cow_dagri/SYNTH_COW_DAGRI_0029.jpg,cow_dagri,Dagri,cattle,SYNTHETIC,train
SYNTH_COW_DAGRI_0024,dataset/synthetic_82_breeds_v3/synthetic/cattle/cow_dagri/SYNTH_COW_DAGRI_0024.jpg,cow_dagri,Dagri,cattle,SYNTHETIC,train
SYNTH_COW_DAGRI_0028,dataset/synthetic_82_breeds_v3/synthetic/cattle/cow_dagri/SYNTH_COW_DAGRI_0028.jpg,cow_dagri,Dagri,cattle,SYNTHETIC,train
SYNTH_COW_DAGRI_0027,dataset/synthetic_82_breeds_v3/synthetic/cattle/cow_dagri/SYNTH_COW_DAGRI_0027.jpg,cow_dagri,Dagri,cattle,SYNTHETIC,train
SYNTH_BUFFALO_DHARWADI_0025,dataset/synthetic_82_breeds_v3/synthetic/buffalo/buffalo_dharwadi/SYNTH_BUFFALO_DHARWADI_0025.jpg,buffalo_dharwadi,Dharwadi,buffalo,SYNTHETIC,train
SYNTH_BUFFALO_DHARWADI_0020,dataset/synthetic_82_breeds_v3/synthetic/buffalo/buffalo_dharwadi/SYNTH_BUFFALO_DHARWADI_0020.jpg,buffalo_dharwadi,Dharwadi,buffalo,SYNTHETIC,train
SYNTH_BUFFALO_DHARWADI_0026,dataset/synthetic_82_breeds_v3/synthetic/buffalo/buffalo_dharwadi/SYNTH_BUFFALO_DHARWADI_0026.jpg,buffalo_dharwadi,Dharwadi,buffalo,SYNTHETIC,train
SYNTH_BUFFALO_DHARWADI_0021,dataset/synthetic_82_breeds_v3/synthetic/buffalo/buffalo_dharwadi/SYNTH_BUFFALO_DHARWADI_0021.jpg,buffalo_dharwadi,Dharwadi,buffalo,SYNTHETIC,train
SYNTH_BUFFALO_DHARWADI_0022,dataset/synthetic_82_breeds_v3/synthetic/buffalo/buffalo_dharwadi/SYNTH_BUFFALO_DHARWADI_0022.jpg,buffalo_dharwadi,Dharwadi,buffalo,SYNTHETIC,train
SYNTH_BUFFALO_GOJRI_0001,dataset/synthetic_82_breeds_v3/synthetic/buffalo/buffalo_gojri/SYNTH_BUFFALO_GOJRI_0001.jpg,buffalo_gojri,Gojri,buffalo,SYNTHETIC,train
SYNTH_BUFFALO_GOJRI_0002,dataset/synthetic_82_breeds_v3/synthetic/buffalo/buffalo_gojri/SYNTH_BUFFALO_GOJRI_0002.jpg,buffalo_gojri,Gojri,buffalo,SYNTHETIC,train
SYNTH_BUFFALO_GOJRI_0003,dataset/synthetic_82_breeds_v3/synthetic/buffalo/buffalo_gojri/SYNTH_BUFFALO_GOJRI_0003.jpg,buffalo_gojri,Gojri,buffalo,SYNTHETIC,train
SYNTH_BUFFALO_GOJRI_0004,dataset/synthetic_82_breeds_v3/synthetic/buffalo/buffalo_gojri/SYNTH_BUFFALO_GOJRI_0004.jpg,buffalo_gojri,Gojri,buffalo,SYNTHETIC,train
SYNTH_BUFFALO_GOJRI_0005,dataset/synthetic_82_breeds_v3/synthetic/buffalo/buffalo_gojri/SYNTH_BUFFALO_GOJRI_0005.jpg,buffalo_gojri,Gojri,buffalo,SYNTHETIC,train
SYNTH_BUFFALO_DHARWADI_0023,dataset/synthetic_82_breeds_v3/synthetic/buffalo/buffalo_dharwadi/SYNTH_BUFFALO_DHARWADI_0023.jpg,buffalo_dharwadi,Dharwadi,buffalo,SYNTHETIC,train
SYNTH_BUFFALO_GOJRI_0006,dataset/synthetic_82_breeds_v3/synthetic/buffalo/buffalo_gojri/SYNTH_BUFFALO_GOJRI_0006.jpg,buffalo_gojri,Gojri,buffalo,SYNTHETIC,train
SYNTH_BUFFALO_GOJRI_0008,dataset/synthetic_82_breeds_v3/synthetic/buffalo/buffalo_gojri/SYNTH_BUFFALO_GOJRI_0008.jpg,buffalo_gojri,Gojri,buffalo,SYNTHETIC,train
SYNTH_BUFFALO_GOJRI_0007,dataset/synthetic_82_breeds_v3/synthetic/buffalo/buffalo_gojri/SYNTH_BUFFALO_GOJRI_0007.jpg,buffalo_gojri,Gojri,buffalo,SYNTHETIC,train
SYNTH_BUFFALO_GOJRI_0009,dataset/synthetic_82_breeds_v3/synthetic/buffalo/buffalo_gojri/SYNTH_BUFFALO_GOJRI_0009.jpg,buffalo_gojri,Gojri,buffalo,SYNTHETIC,train
SYNTH_BUFFALO_GOJRI_0010,dataset/synthetic_82_breeds_v3/synthetic/buffalo/buffalo_gojri/SYNTH_BUFFALO_GOJRI_0010.jpg,buffalo_gojri,Gojri,buffalo,SYNTHETIC,train
SYNTH_BUFFALO_GOJRI_0011,dataset/synthetic_82_breeds_v3/synthetic/buffalo/buffalo_gojri/SYNTH_BUFFALO_GOJRI_0011.jpg,buffalo_gojri,Gojri,buffalo,SYNTHETIC,train
SYNTH_BUFFALO_GOJRI_0012,dataset/synthetic_82_breeds_v3/synthetic/buffalo/buffalo_gojri/SYNTH_BUFFALO_GOJRI_0012.jpg,buffalo_gojri,Gojri,buffalo,SYNTHETIC,train
SYNTH_BUFFALO_GOJRI_0015,dataset/synthetic_82_breeds_v3/synthetic/buffalo/buffalo_gojri/SYNTH_BUFFALO_GOJRI_0015.jpg,buffalo_gojri,Gojri,buffalo,SYNTHETIC,train
SYNTH_BUFFALO_GOJRI_0013,dataset/synthetic_82_breeds_v3/synthetic/buffalo/buffalo_gojri/SYNTH_BUFFALO_GOJRI_0013.jpg,buffalo_gojri,Gojri,buffalo,SYNTHETIC,train
SYNTH_BUFFALO_GOJRI_0014,dataset/synthetic_82_breeds_v3/synthetic/buffalo/buffalo_gojri/SYNTH_BUFFALO_GOJRI_0014.jpg,buffalo_gojri,Gojri,buffalo,SYNTHETIC,train
SYNTH_BUFFALO_GOJRI_0017,dataset/synthetic_82_breeds_v3/synthetic/buffalo/buffalo_gojri/SYNTH_BUFFALO_GOJRI_0017.jpg,buffalo_gojri,Gojri,buffalo,SYNTHETIC,train
SYNTH_BUFFALO_GOJRI_0016,dataset/synthetic_82_breeds_v3/synthetic/buffalo/buffalo_gojri/SYNTH_BUFFALO_GOJRI_0016.jpg,buffalo_gojri,Gojri,buffalo,SYNTHETIC,train
SYNTH_BUFFALO_GOJRI_0019,dataset/synthetic_82_breeds_v3/synthetic/buffalo/buffalo_gojri/SYNTH_BUFFALO_GOJRI_0019.jpg,buffalo_gojri,Gojri,buffalo,SYNTHETIC,train
SYNTH_BUFFALO_GOJRI_0018,dataset/synthetic_82_breeds_v3/synthetic/buffalo/buffalo_gojri/SYNTH_BUFFALO_GOJRI_0018.jpg,buffalo_gojri,Gojri,buffalo,SYNTHETIC,train
SYNTH_BUFFALO_DHARWADI_0024,dataset/synthetic_82_breeds_v3/synthetic/buffalo/buffalo_dharwadi/SYNTH_BUFFALO_DHARWADI_0024.jpg,buffalo_dharwadi,Dharwadi,buffalo,SYNTHETIC,train
SYNTH_BUFFALO_DHARWADI_0028,dataset/synthetic_82_breeds_v3/synthetic/buffalo/buffalo_dharwadi/SYNTH_BUFFALO_DHARWADI_0028.jpg,buffalo_dharwadi,Dharwadi,buffalo,SYNTHETIC,train
SYNTH_BUFFALO_GOJRI_0022,dataset/synthetic_82_breeds_v3/synthetic/buffalo/buffalo_gojri/SYNTH_BUFFALO_GOJRI_0022.jpg,buffalo_gojri,Gojri,buffalo,SYNTHETIC,train
SYNTH_BUFFALO_GOJRI_0020,dataset/synthetic_82_breeds_v3/synthetic/buffalo/buffalo_gojri/SYNTH_BUFFALO_GOJRI_0020.jpg,buffalo_gojri,Gojri,buffalo,SYNTHETIC,train
SYNTH_BUFFALO_GOJRI_0023,dataset/synthetic_82_breeds_v3/synthetic/buffalo/buffalo_gojri/SYNTH_BUFFALO_GOJRI_0023.jpg,buffalo_gojri,Gojri,buffalo,SYNTHETIC,train
SYNTH_BUFFALO_DHARWADI_0029,dataset/synthetic_82_breeds_v3/synthetic/buffalo/buffalo_dharwadi/SYNTH_BUFFALO_DHARWADI_0029.jpg,buffalo_dharwadi,Dharwadi,buffalo,SYNTHETIC,train
SYNTH_BUFFALO_DHARWADI_0027,dataset/synthetic_82_breeds_v3/synthetic/buffalo/buffalo_dharwadi/SYNTH_BUFFALO_DHARWADI_0027.jpg,buffalo_dharwadi,Dharwadi,buffalo,SYNTHETIC,train
SYNTH_BUFFALO_GOJRI_0021,dataset/synthetic_82_breeds_v3/synthetic/buffalo/buffalo_gojri/SYNTH_BUFFALO_GOJRI_0021.jpg,buffalo_gojri,Gojri,buffalo,SYNTHETIC,train
SYNTH_COW_HIMACHALI_PAHARI_0001,dataset/synthetic_82_breeds_v3/synthetic/cattle/cow_himachali_pahari/SYNTH_COW_HIMACHALI_PAHARI_0001.jpg,cow_himachali_pahari,Himachali Pahari,cattle,SYNTHETIC,train
SYNTH_COW_HIMACHALI_PAHARI_0002,dataset/synthetic_82_breeds_v3/synthetic/cattle/cow_himachali_pahari/SYNTH_COW_HIMACHALI_PAHARI_0002.jpg,cow_himachali_pahari,Himachali Pahari,cattle,SYNTHETIC,train
SYNTH_BUFFALO_GOJRI_0025,dataset/synthetic_82_breeds_v3/synthetic/buffalo/buffalo_gojri/SYNTH_BUFFALO_GOJRI_0025.jpg,buffalo_gojri,Gojri,buffalo,SYNTHETIC,train
SYNTH_COW_HIMACHALI_PAHARI_0003,dataset/synthetic_82_breeds_v3/synthetic/cattle/cow_himachali_pahari/SYNTH_COW_HIMACHALI_PAHARI_0003.jpg,cow_himachali_pahari,Himachali Pahari,cattle,SYNTHETIC,train
SYNTH_COW_HIMACHALI_PAHARI_0004,dataset/synthetic_82_breeds_v3/synthetic/cattle/cow_himachali_pahari/SYNTH_COW_HIMACHALI_PAHARI_0004.jpg,cow_himachali_pahari,Himachali Pahari,cattle,SYNTHETIC,train
SYNTH_COW_HIMACHALI_PAHARI_0005,dataset/synthetic_82_breeds_v3/synthetic/cattle/cow_himachali_pahari/SYNTH_COW_HIMACHALI_PAHARI_0005.jpg,cow_himachali_pahari,Himachali Pahari,cattle,SYNTHETIC,train
SYNTH_COW_HIMACHALI_PAHARI_0006,dataset/synthetic_82_breeds_v3/synthetic/cattle/cow_himachali_pahari/SYNTH_COW_HIMACHALI_PAHARI_0006.jpg,cow_himachali_pahari,Himachali Pahari,cattle,SYNTHETIC,train
SYNTH_COW_HIMACHALI_PAHARI_0007,dataset/synthetic_82_breeds_v3/synthetic/cattle/cow_himachali_pahari/SYNTH_COW_HIMACHALI_PAHARI_0007.jpg,cow_himachali_pahari,Himachali Pahari,cattle,SYNTHETIC,train
SYNTH_COW_HIMACHALI_PAHARI_0008,dataset/synthetic_82_breeds_v3/synthetic/cattle/cow_himachali_pahari/SYNTH_COW_HIMACHALI_PAHARI_0008.jpg,cow_himachali_pahari,Himachali Pahari,cattle,SYNTHETIC,train
SYNTH_COW_HIMACHALI_PAHARI_0009,dataset/synthetic_82_breeds_v3/synthetic/cattle/cow_himachali_pahari/SYNTH_COW_HIMACHALI_PAHARI_0009.jpg,cow_himachali_pahari,Himachali Pahari,cattle,SYNTHETIC,train
SYNTH_COW_HIMACHALI_PAHARI_0010,dataset/synthetic_82_breeds_v3/synthetic/cattle/cow_himachali_pahari/SYNTH_COW_HIMACHALI_PAHARI_0010.jpg,cow_himachali_pahari,Himachali Pahari,cattle,SYNTHETIC,train
SYNTH_COW_HIMACHALI_PAHARI_0011,dataset/synthetic_82_breeds_v3/synthetic/cattle/cow_himachali_pahari/SYNTH_COW_HIMACHALI_PAHARI_0011.jpg,cow_himachali_pahari,Himachali Pahari,cattle,SYNTHETIC,train
SYNTH_COW_HIMACHALI_PAHARI_0012,dataset/synthetic_82_breeds_v3/synthetic/cattle/cow_himachali_pahari/SYNTH_COW_HIMACHALI_PAHARI_0012.jpg,cow_himachali_pahari,Himachali Pahari,cattle,SYNTHETIC,train
SYNTH_COW_HIMACHALI_PAHARI_0013,dataset/synthetic_82_breeds_v3/synthetic/cattle/cow_himachali_pahari/SYNTH_COW_HIMACHALI_PAHARI_0013.jpg,cow_himachali_pahari,Himachali Pahari,cattle,SYNTHETIC,train
SYNTH_COW_HIMACHALI_PAHARI_0015,dataset/synthetic_82_breeds_v3/synthetic/cattle/cow_himachali_pahari/SYNTH_COW_HIMACHALI_PAHARI_0015.jpg,cow_himachali_pahari,Himachali Pahari,cattle,SYNTHETIC,train
SYNTH_COW_HIMACHALI_PAHARI_0014,dataset/synthetic_82_breeds_v3/synthetic/cattle/cow_himachali_pahari/SYNTH_COW_HIMACHALI_PAHARI_0014.jpg,cow_himachali_pahari,Himachali Pahari,cattle,SYNTHETIC,train
SYNTH_COW_BINJHARPURI_0029,dataset/synthetic_82_breeds_v3/synthetic/cattle/cow_binjharpuri/SYNTH_COW_BINJHARPURI_0029.jpg,cow_binjharpuri,Binjharpuri,cattle,SYNTHETIC,train
SYNTH_COW_HIMACHALI_PAHARI_0017,dataset/synthetic_82_breeds_v3/synthetic/cattle/cow_himachali_pahari/SYNTH_COW_HIMACHALI_PAHARI_0017.jpg,cow_himachali_pahari,Himachali Pahari,cattle,SYNTHETIC,train
SYNTH_COW_HIMACHALI_PAHARI_0016,dataset/synthetic_82_breeds_v3/synthetic/cattle/cow_himachali_pahari/SYNTH_COW_HIMACHALI_PAHARI_0016.jpg,cow_himachali_pahari,Himachali Pahari,cattle,SYNTHETIC,train
SYNTH_BUFFALO_GOJRI_0026,dataset/synthetic_82_breeds_v3/synthetic/buffalo/buffalo_gojri/SYNTH_BUFFALO_GOJRI_0026.jpg,buffalo_gojri,Gojri,buffalo,SYNTHETIC,train
SYNTH_COW_HIMACHALI_PAHARI_0019,dataset/synthetic_82_breeds_v3/synthetic/cattle/cow_himachali_pahari/SYNTH_COW_HIMACHALI_PAHARI_0019.jpg,cow_himachali_pahari,Himachali Pahari,cattle,SYNTHETIC,train
SYNTH_COW_HIMACHALI_PAHARI_0018,dataset/synthetic_82_breeds_v3/synthetic/cattle/cow_himachali_pahari/SYNTH_COW_HIMACHALI_PAHARI_0018.jpg,cow_himachali_pahari,Himachali Pahari,cattle,SYNTHETIC,train
SYNTH_BUFFALO_GOJRI_0028,dataset/synthetic_82_breeds_v3/synthetic/buffalo/buffalo_gojri/SYNTH_BUFFALO_GOJRI_0028.jpg,buffalo_gojri,Gojri,buffalo,SYNTHETIC,train
SYNTH_BUFFALO_GOJRI_0029,dataset/synthetic_82_breeds_v3/synthetic/buffalo/buffalo_gojri/SYNTH_BUFFALO_GOJRI_0029.jpg,buffalo_gojri,Gojri,buffalo,SYNTHETIC,train
SYNTH_BUFFALO_GOJRI_0027,dataset/synthetic_82_breeds_v3/synthetic/buffalo/buffalo_gojri/SYNTH_BUFFALO_GOJRI_0027.jpg,buffalo_gojri,Gojri,buffalo,SYNTHETIC,train
SYNTH_BUFFALO_GOJRI_0024,dataset/synthetic_82_breeds_v3/synthetic/buffalo/buffalo_gojri/SYNTH_BUFFALO_GOJRI_0024.jpg,buffalo_gojri,Gojri,buffalo,SYNTHETIC,train
SYNTH_COW_HIMACHALI_PAHARI_0025,dataset/synthetic_82_breeds_v3/synthetic/cattle/cow_himachali_pahari/SYNTH_COW_HIMACHALI_PAHARI_0025.jpg,cow_himachali_pahari,Himachali Pahari,cattle,SYNTHETIC,train
SYNTH_COW_HIMACHALI_PAHARI_0020,dataset/synthetic_82_breeds_v3/synthetic/cattle/cow_himachali_pahari/SYNTH_COW_HIMACHALI_PAHARI_0020.jpg,cow_himachali_pahari,Himachali Pahari,cattle,SYNTHETIC,train
SYNTH_COW_HIMACHALI_PAHARI_0022,dataset/synthetic_82_breeds_v3/synthetic/cattle/cow_himachali_pahari/SYNTH_COW_HIMACHALI_PAHARI_0022.jpg,cow_himachali_pahari,Himachali Pahari,cattle,SYNTHETIC,train
SYNTH_BUFFALO_JAFFARABADI_0001,dataset/synthetic_82_breeds_v3/synthetic/buffalo/buffalo_jaffarabadi/SYNTH_BUFFALO_JAFFARABADI_0001.jpg,buffalo_jaffarabadi,Jaffarabadi,buffalo,SYNTHETIC,train
SYNTH_BUFFALO_JAFFARABADI_0002,dataset/synthetic_82_breeds_v3/synthetic/buffalo/buffalo_jaffarabadi/SYNTH_BUFFALO_JAFFARABADI_0002.jpg,buffalo_jaffarabadi,Jaffarabadi,buffalo,SYNTHETIC,train
SYNTH_COW_HIMACHALI_PAHARI_0023,dataset/synthetic_82_breeds_v3/synthetic/cattle/cow_himachali_pahari/SYNTH_COW_HIMACHALI_PAHARI_0023.jpg,cow_himachali_pahari,Himachali Pahari,cattle,SYNTHETIC,train
SYNTH_BUFFALO_JAFFARABADI_0003,dataset/synthetic_82_breeds_v3/synthetic/buffalo/buffalo_jaffarabadi/SYNTH_BUFFALO_JAFFARABADI_0003.jpg,buffalo_jaffarabadi,Jaffarabadi,buffalo,SYNTHETIC,train
SYNTH_COW_HIMACHALI_PAHARI_0026,dataset/synthetic_82_breeds_v3/synthetic/cattle/cow_himachali_pahari/SYNTH_COW_HIMACHALI_PAHARI_0026.jpg,cow_himachali_pahari,Himachali Pahari,cattle,SYNTHETIC,train
SYNTH_BUFFALO_JAFFARABADI_0004,dataset/synthetic_82_breeds_v3/synthetic/buffalo/buffalo_jaffarabadi/SYNTH_BUFFALO_JAFFARABADI_0004.jpg,buffalo_jaffarabadi,Jaffarabadi,buffalo,SYNTHETIC,train
SYNTH_BUFFALO_JAFFARABADI_0006,dataset/synthetic_82_breeds_v3/synthetic/buffalo/buffalo_jaffarabadi/SYNTH_BUFFALO_JAFFARABADI_0006.jpg,buffalo_jaffarabadi,Jaffarabadi,buffalo,SYNTHETIC,train
SYNTH_BUFFALO_JAFFARABADI_0005,dataset/synthetic_82_breeds_v3/synthetic/buffalo/buffalo_jaffarabadi/SYNTH_BUFFALO_JAFFARABADI_0005.jpg,buffalo_jaffarabadi,Jaffarabadi,buffalo,SYNTHETIC,train
SYNTH_BUFFALO_JAFFARABADI_0008,dataset/synthetic_82_breeds_v3/synthetic/buffalo/buffalo_jaffarabadi/SYNTH_BUFFALO_JAFFARABADI_0008.jpg,buffalo_jaffarabadi,Jaffarabadi,buffalo,SYNTHETIC,train
SYNTH_BUFFALO_JAFFARABADI_0009,dataset/synthetic_82_breeds_v3/synthetic/buffalo/buffalo_jaffarabadi/SYNTH_BUFFALO_JAFFARABADI_0009.jpg,buffalo_jaffarabadi,Jaffarabadi,buffalo,SYNTHETIC,train
SYNTH_BUFFALO_JAFFARABADI_0007,dataset/synthetic_82_breeds_v3/synthetic/buffalo/buffalo_jaffarabadi/SYNTH_BUFFALO_JAFFARABADI_0007.jpg,buffalo_jaffarabadi,Jaffarabadi,buffalo,SYNTHETIC,train
SYNTH_BUFFALO_JAFFARABADI_0010,dataset/synthetic_82_breeds_v3/synthetic/buffalo/buffalo_jaffarabadi/SYNTH_BUFFALO_JAFFARABADI_0010.jpg,buffalo_jaffarabadi,Jaffarabadi,buffalo,SYNTHETIC,train
SYNTH_BUFFALO_JAFFARABADI_0011,dataset/synthetic_82_breeds_v3/synthetic/buffalo/buffalo_jaffarabadi/SYNTH_BUFFALO_JAFFARABADI_0011.jpg,buffalo_jaffarabadi,Jaffarabadi,buffalo,SYNTHETIC,train
SYNTH_BUFFALO_JAFFARABADI_0012,dataset/synthetic_82_breeds_v3/synthetic/buffalo/buffalo_jaffarabadi/SYNTH_BUFFALO_JAFFARABADI_0012.jpg,buffalo_jaffarabadi,Jaffarabadi,buffalo,SYNTHETIC,train
SYNTH_COW_HIMACHALI_PAHARI_0021,dataset/synthetic_82_breeds_v3/synthetic/cattle/cow_himachali_pahari/SYNTH_COW_HIMACHALI_PAHARI_0021.jpg,cow_himachali_pahari,Himachali Pahari,cattle,SYNTHETIC,train
SYNTH_BUFFALO_JAFFARABADI_0013,dataset/synthetic_82_breeds_v3/synthetic/buffalo/buffalo_jaffarabadi/SYNTH_BUFFALO_JAFFARABADI_0013.jpg,buffalo_jaffarabadi,Jaffarabadi,buffalo,SYNTHETIC,train
SYNTH_BUFFALO_JAFFARABADI_0014,dataset/synthetic_82_breeds_v3/synthetic/buffalo/buffalo_jaffarabadi/SYNTH_BUFFALO_JAFFARABADI_0014.jpg,buffalo_jaffarabadi,Jaffarabadi,buffalo,SYNTHETIC,train
SYNTH_BUFFALO_JAFFARABADI_0015,dataset/synthetic_82_breeds_v3/synthetic/buffalo/buffalo_jaffarabadi/SYNTH_BUFFALO_JAFFARABADI_0015.jpg,buffalo_jaffarabadi,Jaffarabadi,buffalo,SYNTHETIC,train
SYNTH_BUFFALO_JAFFARABADI_0016,dataset/synthetic_82_breeds_v3/synthetic/buffalo/buffalo_jaffarabadi/SYNTH_BUFFALO_JAFFARABADI_0016.jpg,buffalo_jaffarabadi,Jaffarabadi,buffalo,SYNTHETIC,train
SYNTH_BUFFALO_JAFFARABADI_0017,dataset/synthetic_82_breeds_v3/synthetic/buffalo/buffalo_jaffarabadi/SYNTH_BUFFALO_JAFFARABADI_0017.jpg,buffalo_jaffarabadi,Jaffarabadi,buffalo,SYNTHETIC,train
SYNTH_BUFFALO_JAFFARABADI_0018,dataset/synthetic_82_breeds_v3/synthetic/buffalo/buffalo_jaffarabadi/SYNTH_BUFFALO_JAFFARABADI_0018.jpg,buffalo_jaffarabadi,Jaffarabadi,buffalo,SYNTHETIC,train
SYNTH_BUFFALO_JAFFARABADI_0019,dataset/synthetic_82_breeds_v3/synthetic/buffalo/buffalo_jaffarabadi/SYNTH_BUFFALO_JAFFARABADI_0019.jpg,buffalo_jaffarabadi,Jaffarabadi,buffalo,SYNTHETIC,train
SYNTH_COW_HIMACHALI_PAHARI_0024,dataset/synthetic_82_breeds_v3/synthetic/cattle/cow_himachali_pahari/SYNTH_COW_HIMACHALI_PAHARI_0024.jpg,cow_himachali_pahari,Himachali Pahari,cattle,SYNTHETIC,train
SYNTH_COW_HIMACHALI_PAHARI_0028,dataset/synthetic_82_breeds_v3/synthetic/cattle/cow_himachali_pahari/SYNTH_COW_HIMACHALI_PAHARI_0028.jpg,cow_himachali_pahari,Himachali Pahari,cattle,SYNTHETIC,train
SYNTH_COW_HIMACHALI_PAHARI_0029,dataset/synthetic_82_breeds_v3/synthetic/cattle/cow_himachali_pahari/SYNTH_COW_HIMACHALI_PAHARI_0029.jpg,cow_himachali_pahari,Himachali Pahari,cattle,SYNTHETIC,train
SYNTH_COW_HIMACHALI_PAHARI_0027,dataset/synthetic_82_breeds_v3/synthetic/cattle/cow_himachali_pahari/SYNTH_COW_HIMACHALI_PAHARI_0027.jpg,cow_himachali_pahari,Himachali Pahari,cattle,SYNTHETIC,train
SYNTH_BUFFALO_JAFFARABADI_0025,dataset/synthetic_82_breeds_v3/synthetic/buffalo/buffalo_jaffarabadi/SYNTH_BUFFALO_JAFFARABADI_0025.jpg,buffalo_jaffarabadi,Jaffarabadi,buffalo,SYNTHETIC,train
SYNTH_BUFFALO_JAFFARABADI_0022,dataset/synthetic_82_breeds_v3/synthetic/buffalo/buffalo_jaffarabadi/SYNTH_BUFFALO_JAFFARABADI_0022.jpg,buffalo_jaffarabadi,Jaffarabadi,buffalo,SYNTHETIC,train
SYNTH_BUFFALO_JAFFARABADI_0020,dataset/synthetic_82_breeds_v3/synthetic/buffalo/buffalo_jaffarabadi/SYNTH_BUFFALO_JAFFARABADI_0020.jpg,buffalo_jaffarabadi,Jaffarabadi,buffalo,SYNTHETIC,train
SYNTH_BUFFALO_JAFFARABADI_0023,dataset/synthetic_82_breeds_v3/synthetic/buffalo/buffalo_jaffarabadi/SYNTH_BUFFALO_JAFFARABADI_0023.jpg,buffalo_jaffarabadi,Jaffarabadi,buffalo,SYNTHETIC,train
SYNTH_BUFFALO_KALAHANDI_0001,dataset/synthetic_82_breeds_v3/synthetic/buffalo/buffalo_kalahandi/SYNTH_BUFFALO_KALAHANDI_0001.jpg,buffalo_kalahandi,Kalahandi,buffalo,SYNTHETIC,train
SYNTH_BUFFALO_KALAHANDI_0002,dataset/synthetic_82_breeds_v3/synthetic/buffalo/buffalo_kalahandi/SYNTH_BUFFALO_KALAHANDI_0002.jpg,buffalo_kalahandi,Kalahandi,buffalo,SYNTHETIC,train
SYNTH_BUFFALO_KALAHANDI_0003,dataset/synthetic_82_breeds_v3/synthetic/buffalo/buffalo_kalahandi/SYNTH_BUFFALO_KALAHANDI_0003.jpg,buffalo_kalahandi,Kalahandi,buffalo,SYNTHETIC,train
SYNTH_BUFFALO_KALAHANDI_0004,dataset/synthetic_82_breeds_v3/synthetic/buffalo/buffalo_kalahandi/SYNTH_BUFFALO_KALAHANDI_0004.jpg,buffalo_kalahandi,Kalahandi,buffalo,SYNTHETIC,train
SYNTH_BUFFALO_KALAHANDI_0005,dataset/synthetic_82_breeds_v3/synthetic/buffalo/buffalo_kalahandi/SYNTH_BUFFALO_KALAHANDI_0005.jpg,buffalo_kalahandi,Kalahandi,buffalo,SYNTHETIC,train
SYNTH_BUFFALO_KALAHANDI_0006,dataset/synthetic_82_breeds_v3/synthetic/buffalo/buffalo_kalahandi/SYNTH_BUFFALO_KALAHANDI_0006.jpg,buffalo_kalahandi,Kalahandi,buffalo,SYNTHETIC,train
SYNTH_BUFFALO_KALAHANDI_0007,dataset/synthetic_82_breeds_v3/synthetic/buffalo/buffalo_kalahandi/SYNTH_BUFFALO_KALAHANDI_0007.jpg,buffalo_kalahandi,Kalahandi,buffalo,SYNTHETIC,train
SYNTH_BUFFALO_KALAHANDI_0008,dataset/synthetic_82_breeds_v3/synthetic/buffalo/buffalo_kalahandi/SYNTH_BUFFALO_KALAHANDI_0008.jpg,buffalo_kalahandi,Kalahandi,buffalo,SYNTHETIC,train
SYNTH_BUFFALO_KALAHANDI_0009,dataset/synthetic_82_breeds_v3/synthetic/buffalo/buffalo_kalahandi/SYNTH_BUFFALO_KALAHANDI_0009.jpg,buffalo_kalahandi,Kalahandi,buffalo,SYNTHETIC,train
SYNTH_BUFFALO_KALAHANDI_0010,dataset/synthetic_82_breeds_v3/synthetic/buffalo/buffalo_kalahandi/SYNTH_BUFFALO_KALAHANDI_0010.jpg,buffalo_kalahandi,Kalahandi,buffalo,SYNTHETIC,train
SYNTH_BUFFALO_KALAHANDI_0011,dataset/synthetic_82_breeds_v3/synthetic/buffalo/buffalo_kalahandi/SYNTH_BUFFALO_KALAHANDI_0011.jpg,buffalo_kalahandi,Kalahandi,buffalo,SYNTHETIC,train
SYNTH_BUFFALO_KALAHANDI_0013,dataset/synthetic_82_breeds_v3/synthetic/buffalo/buffalo_kalahandi/SYNTH_BUFFALO_KALAHANDI_0013.jpg,buffalo_kalahandi,Kalahandi,buffalo,SYNTHETIC,train
SYNTH_BUFFALO_KALAHANDI_0012,dataset/synthetic_82_breeds_v3/synthetic/buffalo/buffalo_kalahandi/SYNTH_BUFFALO_KALAHANDI_0012.jpg,buffalo_kalahandi,Kalahandi,buffalo,SYNTHETIC,train
SYNTH_BUFFALO_KALAHANDI_0014,dataset/synthetic_82_breeds_v3/synthetic/buffalo/buffalo_kalahandi/SYNTH_BUFFALO_KALAHANDI_0014.jpg,buffalo_kalahandi,Kalahandi,buffalo,SYNTHETIC,train
SYNTH_BUFFALO_KALAHANDI_0015,dataset/synthetic_82_breeds_v3/synthetic/buffalo/buffalo_kalahandi/SYNTH_BUFFALO_KALAHANDI_0015.jpg,buffalo_kalahandi,Kalahandi,buffalo,SYNTHETIC,train
SYNTH_BUFFALO_KALAHANDI_0016,dataset/synthetic_82_breeds_v3/synthetic/buffalo/buffalo_kalahandi/SYNTH_BUFFALO_KALAHANDI_0016.jpg,buffalo_kalahandi,Kalahandi,buffalo,SYNTHETIC,train
SYNTH_BUFFALO_KALAHANDI_0017,dataset/synthetic_82_breeds_v3/synthetic/buffalo/buffalo_kalahandi/SYNTH_BUFFALO_KALAHANDI_0017.jpg,buffalo_kalahandi,Kalahandi,buffalo,SYNTHETIC,train
SYNTH_BUFFALO_KALAHANDI_0018,dataset/synthetic_82_breeds_v3/synthetic/buffalo/buffalo_kalahandi/SYNTH_BUFFALO_KALAHANDI_0018.jpg,buffalo_kalahandi,Kalahandi,buffalo,SYNTHETIC,train
SYNTH_BUFFALO_KALAHANDI_0019,dataset/synthetic_82_breeds_v3/synthetic/buffalo/buffalo_kalahandi/SYNTH_BUFFALO_KALAHANDI_0019.jpg,buffalo_kalahandi,Kalahandi,buffalo,SYNTHETIC,train
SYNTH_BUFFALO_JAFFARABADI_0026,dataset/synthetic_82_breeds_v3/synthetic/buffalo/buffalo_jaffarabadi/SYNTH_BUFFALO_JAFFARABADI_0026.jpg,buffalo_jaffarabadi,Jaffarabadi,buffalo,SYNTHETIC,train
SYNTH_BUFFALO_JAFFARABADI_0028,dataset/synthetic_82_breeds_v3/synthetic/buffalo/buffalo_jaffarabadi/SYNTH_BUFFALO_JAFFARABADI_0028.jpg,buffalo_jaffarabadi,Jaffarabadi,buffalo,SYNTHETIC,train
SYNTH_BUFFALO_JAFFARABADI_0021,dataset/synthetic_82_breeds_v3/synthetic/buffalo/buffalo_jaffarabadi/SYNTH_BUFFALO_JAFFARABADI_0021.jpg,buffalo_jaffarabadi,Jaffarabadi,buffalo,SYNTHETIC,train
SYNTH_BUFFALO_KALAHANDI_0020,dataset/synthetic_82_breeds_v3/synthetic/buffalo/buffalo_kalahandi/SYNTH_BUFFALO_KALAHANDI_0020.jpg,buffalo_kalahandi,Kalahandi,buffalo,SYNTHETIC,train
SYNTH_BUFFALO_KALAHANDI_0022,dataset/synthetic_82_breeds_v3/synthetic/buffalo/buffalo_kalahandi/SYNTH_BUFFALO_KALAHANDI_0022.jpg,buffalo_kalahandi,Kalahandi,buffalo,SYNTHETIC,train
SYNTH_BUFFALO_KALAHANDI_0023,dataset/synthetic_82_breeds_v3/synthetic/buffalo/buffalo_kalahandi/SYNTH_BUFFALO_KALAHANDI_0023.jpg,buffalo_kalahandi,Kalahandi,buffalo,SYNTHETIC,train
SYNTH_BUFFALO_JAFFARABADI_0024,dataset/synthetic_82_breeds_v3/synthetic/buffalo/buffalo_jaffarabadi/SYNTH_BUFFALO_JAFFARABADI_0024.jpg,buffalo_jaffarabadi,Jaffarabadi,buffalo,SYNTHETIC,train
SYNTH_BUFFALO_KALAHANDI_0021,dataset/synthetic_82_breeds_v3/synthetic/buffalo/buffalo_kalahandi/SYNTH_BUFFALO_KALAHANDI_0021.jpg,buffalo_kalahandi,Kalahandi,buffalo,SYNTHETIC,train
SYNTH_BUFFALO_KALAHANDI_0025,dataset/synthetic_82_breeds_v3/synthetic/buffalo/buffalo_kalahandi/SYNTH_BUFFALO_KALAHANDI_0025.jpg,buffalo_kalahandi,Kalahandi,buffalo,SYNTHETIC,train
SYNTH_COW_KATHANI_0001,dataset/synthetic_82_breeds_v3/synthetic/cattle/cow_kathani/SYNTH_COW_KATHANI_0001.jpg,cow_kathani,Kathani,cattle,SYNTHETIC,train
SYNTH_COW_KATHANI_0002,dataset/synthetic_82_breeds_v3/synthetic/cattle/cow_kathani/SYNTH_COW_KATHANI_0002.jpg,cow_kathani,Kathani,cattle,SYNTHETIC,train
SYNTH_COW_KATHANI_0003,dataset/synthetic_82_breeds_v3/synthetic/cattle/cow_kathani/SYNTH_COW_KATHANI_0003.jpg,cow_kathani,Kathani,cattle,SYNTHETIC,train
SYNTH_COW_KATHANI_0004,dataset/synthetic_82_breeds_v3/synthetic/cattle/cow_kathani/SYNTH_COW_KATHANI_0004.jpg,cow_kathani,Kathani,cattle,SYNTHETIC,train
SYNTH_COW_KATHANI_0005,dataset/synthetic_82_breeds_v3/synthetic/cattle/cow_kathani/SYNTH_COW_KATHANI_0005.jpg,cow_kathani,Kathani,cattle,SYNTHETIC,train
SYNTH_COW_KATHANI_0006,dataset/synthetic_82_breeds_v3/synthetic/cattle/cow_kathani/SYNTH_COW_KATHANI_0006.jpg,cow_kathani,Kathani,cattle,SYNTHETIC,train
SYNTH_COW_KATHANI_0007,dataset/synthetic_82_breeds_v3/synthetic/cattle/cow_kathani/SYNTH_COW_KATHANI_0007.jpg,cow_kathani,Kathani,cattle,SYNTHETIC,train
SYNTH_COW_KATHANI_0008,dataset/synthetic_82_breeds_v3/synthetic/cattle/cow_kathani/SYNTH_COW_KATHANI_0008.jpg,cow_kathani,Kathani,cattle,SYNTHETIC,train
SYNTH_COW_KATHANI_0009,dataset/synthetic_82_breeds_v3/synthetic/cattle/cow_kathani/SYNTH_COW_KATHANI_0009.jpg,cow_kathani,Kathani,cattle,SYNTHETIC,train
SYNTH_COW_KATHANI_0010,dataset/synthetic_82_breeds_v3/synthetic/cattle/cow_kathani/SYNTH_COW_KATHANI_0010.jpg,cow_kathani,Kathani,cattle,SYNTHETIC,train
SYNTH_BUFFALO_JAFFARABADI_0027,dataset/synthetic_82_breeds_v3/synthetic/buffalo/buffalo_jaffarabadi/SYNTH_BUFFALO_JAFFARABADI_0027.jpg,buffalo_jaffarabadi,Jaffarabadi,buffalo,SYNTHETIC,train
SYNTH_COW_KATHANI_0011,dataset/synthetic_82_breeds_v3/synthetic/cattle/cow_kathani/SYNTH_COW_KATHANI_0011.jpg,cow_kathani,Kathani,cattle,SYNTHETIC,train
SYNTH_COW_KATHANI_0012,dataset/synthetic_82_breeds_v3/synthetic/cattle/cow_kathani/SYNTH_COW_KATHANI_0012.jpg,cow_kathani,Kathani,cattle,SYNTHETIC,train
SYNTH_COW_KATHANI_0013,dataset/synthetic_82_breeds_v3/synthetic/cattle/cow_kathani/SYNTH_COW_KATHANI_0013.jpg,cow_kathani,Kathani,cattle,SYNTHETIC,train
SYNTH_COW_KATHANI_0014,dataset/synthetic_82_breeds_v3/synthetic/cattle/cow_kathani/SYNTH_COW_KATHANI_0014.jpg,cow_kathani,Kathani,cattle,SYNTHETIC,train
SYNTH_COW_KATHANI_0015,dataset/synthetic_82_breeds_v3/synthetic/cattle/cow_kathani/SYNTH_COW_KATHANI_0015.jpg,cow_kathani,Kathani,cattle,SYNTHETIC,train
SYNTH_COW_KATHANI_0016,dataset/synthetic_82_breeds_v3/synthetic/cattle/cow_kathani/SYNTH_COW_KATHANI_0016.jpg,cow_kathani,Kathani,cattle,SYNTHETIC,train
SYNTH_COW_KATHANI_0017,dataset/synthetic_82_breeds_v3/synthetic/cattle/cow_kathani/SYNTH_COW_KATHANI_0017.jpg,cow_kathani,Kathani,cattle,SYNTHETIC,train
SYNTH_COW_KATHANI_0018,dataset/synthetic_82_breeds_v3/synthetic/cattle/cow_kathani/SYNTH_COW_KATHANI_0018.jpg,cow_kathani,Kathani,cattle,SYNTHETIC,train
SYNTH_COW_KATHANI_0019,dataset/synthetic_82_breeds_v3/synthetic/cattle/cow_kathani/SYNTH_COW_KATHANI_0019.jpg,cow_kathani,Kathani,cattle,SYNTHETIC,train
SYNTH_BUFFALO_KALAHANDI_0026,dataset/synthetic_82_breeds_v3/synthetic/buffalo/buffalo_kalahandi/SYNTH_BUFFALO_KALAHANDI_0026.jpg,buffalo_kalahandi,Kalahandi,buffalo,SYNTHETIC,train
SYNTH_BUFFALO_KALAHANDI_0029,dataset/synthetic_82_breeds_v3/synthetic/buffalo/buffalo_kalahandi/SYNTH_BUFFALO_KALAHANDI_0029.jpg,buffalo_kalahandi,Kalahandi,buffalo,SYNTHETIC,train
SYNTH_COW_KATHANI_0021,dataset/synthetic_82_breeds_v3/synthetic/cattle/cow_kathani/SYNTH_COW_KATHANI_0021.jpg,cow_kathani,Kathani,cattle,SYNTHETIC,train
SYNTH_BUFFALO_KALAHANDI_0028,dataset/synthetic_82_breeds_v3/synthetic/buffalo/buffalo_kalahandi/SYNTH_BUFFALO_KALAHANDI_0028.jpg,buffalo_kalahandi,Kalahandi,buffalo,SYNTHETIC,train
SYNTH_COW_KATHANI_0020,dataset/synthetic_82_breeds_v3/synthetic/cattle/cow_kathani/SYNTH_COW_KATHANI_0020.jpg,cow_kathani,Kathani,cattle,SYNTHETIC,train
SYNTH_BUFFALO_KALAHANDI_0024,dataset/synthetic_82_breeds_v3/synthetic/buffalo/buffalo_kalahandi/SYNTH_BUFFALO_KALAHANDI_0024.jpg,buffalo_kalahandi,Kalahandi,buffalo,SYNTHETIC,train
SYNTH_BUFFALO_KALAHANDI_0027,dataset/synthetic_82_breeds_v3/synthetic/buffalo/buffalo_kalahandi/SYNTH_BUFFALO_KALAHANDI_0027.jpg,buffalo_kalahandi,Kalahandi,buffalo,SYNTHETIC,train
SYNTH_COW_KATHANI_0022,dataset/synthetic_82_breeds_v3/synthetic/cattle/cow_kathani/SYNTH_COW_KATHANI_0022.jpg,cow_kathani,Kathani,cattle,SYNTHETIC,train
SYNTH_COW_KATHANI_0025,dataset/synthetic_82_breeds_v3/synthetic/cattle/cow_kathani/SYNTH_COW_KATHANI_0025.jpg,cow_kathani,Kathani,cattle,SYNTHETIC,train
SYNTH_COW_KENKATHA_0001,dataset/synthetic_82_breeds_v3/synthetic/cattle/cow_kenkatha/SYNTH_COW_KENKATHA_0001.jpg,cow_kenkatha,Kenkatha,cattle,SYNTHETIC,train
SYNTH_COW_KATHANI_0023,dataset/synthetic_82_breeds_v3/synthetic/cattle/cow_kathani/SYNTH_COW_KATHANI_0023.jpg,cow_kathani,Kathani,cattle,SYNTHETIC,train
SYNTH_COW_KENKATHA_0002,dataset/synthetic_82_breeds_v3/synthetic/cattle/cow_kenkatha/SYNTH_COW_KENKATHA_0002.jpg,cow_kenkatha,Kenkatha,cattle,SYNTHETIC,train
SYNTH_COW_KENKATHA_0003,dataset/synthetic_82_breeds_v3/synthetic/cattle/cow_kenkatha/SYNTH_COW_KENKATHA_0003.jpg,cow_kenkatha,Kenkatha,cattle,SYNTHETIC,train
SYNTH_COW_KENKATHA_0004,dataset/synthetic_82_breeds_v3/synthetic/cattle/cow_kenkatha/SYNTH_COW_KENKATHA_0004.jpg,cow_kenkatha,Kenkatha,cattle,SYNTHETIC,train
SYNTH_COW_KATHANI_0026,dataset/synthetic_82_breeds_v3/synthetic/cattle/cow_kathani/SYNTH_COW_KATHANI_0026.jpg,cow_kathani,Kathani,cattle,SYNTHETIC,train
SYNTH_COW_KENKATHA_0005,dataset/synthetic_82_breeds_v3/synthetic/cattle/cow_kenkatha/SYNTH_COW_KENKATHA_0005.jpg,cow_kenkatha,Kenkatha,cattle,SYNTHETIC,train
SYNTH_COW_KENKATHA_0007,dataset/synthetic_82_breeds_v3/synthetic/cattle/cow_kenkatha/SYNTH_COW_KENKATHA_0007.jpg,cow_kenkatha,Kenkatha,cattle,SYNTHETIC,train
SYNTH_COW_KENKATHA_0006,dataset/synthetic_82_breeds_v3/synthetic/cattle/cow_kenkatha/SYNTH_COW_KENKATHA_0006.jpg,cow_kenkatha,Kenkatha,cattle,SYNTHETIC,train
SYNTH_COW_KENKATHA_0008,dataset/synthetic_82_breeds_v3/synthetic/cattle/cow_kenkatha/SYNTH_COW_KENKATHA_0008.jpg,cow_kenkatha,Kenkatha,cattle,SYNTHETIC,train
SYNTH_COW_KENKATHA_0009,dataset/synthetic_82_breeds_v3/synthetic/cattle/cow_kenkatha/SYNTH_COW_KENKATHA_0009.jpg,cow_kenkatha,Kenkatha,cattle,SYNTHETIC,train
SYNTH_COW_KENKATHA_0010,dataset/synthetic_82_breeds_v3/synthetic/cattle/cow_kenkatha/SYNTH_COW_KENKATHA_0010.jpg,cow_kenkatha,Kenkatha,cattle,SYNTHETIC,train
SYNTH_COW_KATHANI_0024,dataset/synthetic_82_breeds_v3/synthetic/cattle/cow_kathani/SYNTH_COW_KATHANI_0024.jpg,cow_kathani,Kathani,cattle,SYNTHETIC,train
SYNTH_COW_KENKATHA_0012,dataset/synthetic_82_breeds_v3/synthetic/cattle/cow_kenkatha/SYNTH_COW_KENKATHA_0012.jpg,cow_kenkatha,Kenkatha,cattle,SYNTHETIC,train
SYNTH_COW_KENKATHA_0011,dataset/synthetic_82_breeds_v3/synthetic/cattle/cow_kenkatha/SYNTH_COW_KENKATHA_0011.jpg,cow_kenkatha,Kenkatha,cattle,SYNTHETIC,train
SYNTH_COW_KENKATHA_0013,dataset/synthetic_82_breeds_v3/synthetic/cattle/cow_kenkatha/SYNTH_COW_KENKATHA_0013.jpg,cow_kenkatha,Kenkatha,cattle,SYNTHETIC,train
SYNTH_COW_KENKATHA_0016,dataset/synthetic_82_breeds_v3/synthetic/cattle/cow_kenkatha/SYNTH_COW_KENKATHA_0016.jpg,cow_kenkatha,Kenkatha,cattle,SYNTHETIC,train
SYNTH_COW_KENKATHA_0014,dataset/synthetic_82_breeds_v3/synthetic/cattle/cow_kenkatha/SYNTH_COW_KENKATHA_0014.jpg,cow_kenkatha,Kenkatha,cattle,SYNTHETIC,train
SYNTH_COW_KENKATHA_0017,dataset/synthetic_82_breeds_v3/synthetic/cattle/cow_kenkatha/SYNTH_COW_KENKATHA_0017.jpg,cow_kenkatha,Kenkatha,cattle,SYNTHETIC,train
SYNTH_COW_KENKATHA_0015,dataset/synthetic_82_breeds_v3/synthetic/cattle/cow_kenkatha/SYNTH_COW_KENKATHA_0015.jpg,cow_kenkatha,Kenkatha,cattle,SYNTHETIC,train
SYNTH_COW_KENKATHA_0018,dataset/synthetic_82_breeds_v3/synthetic/cattle/cow_kenkatha/SYNTH_COW_KENKATHA_0018.jpg,cow_kenkatha,Kenkatha,cattle,SYNTHETIC,train
SYNTH_COW_KENKATHA_0019,dataset/synthetic_82_breeds_v3/synthetic/cattle/cow_kenkatha/SYNTH_COW_KENKATHA_0019.jpg,cow_kenkatha,Kenkatha,cattle,SYNTHETIC,train
SYNTH_COW_KATHANI_0027,dataset/synthetic_82_breeds_v3/synthetic/cattle/cow_kathani/SYNTH_COW_KATHANI_0027.jpg,cow_kathani,Kathani,cattle,SYNTHETIC,train
SYNTH_COW_KATHANI_0029,dataset/synthetic_82_breeds_v3/synthetic/cattle/cow_kathani/SYNTH_COW_KATHANI_0029.jpg,cow_kathani,Kathani,cattle,SYNTHETIC,train
SYNTH_COW_KATHANI_0028,dataset/synthetic_82_breeds_v3/synthetic/cattle/cow_kathani/SYNTH_COW_KATHANI_0028.jpg,cow_kathani,Kathani,cattle,SYNTHETIC,train
SYNTH_BUFFALO_JAFFARABADI_0029,dataset/synthetic_82_breeds_v3/synthetic/buffalo/buffalo_jaffarabadi/SYNTH_BUFFALO_JAFFARABADI_0029.jpg,buffalo_jaffarabadi,Jaffarabadi,buffalo,SYNTHETIC,train
SYNTH_COW_KENKATHA_0025,dataset/synthetic_82_breeds_v3/synthetic/cattle/cow_kenkatha/SYNTH_COW_KENKATHA_0025.jpg,cow_kenkatha,Kenkatha,cattle,SYNTHETIC,train
SYNTH_COW_KENKATHA_0022,dataset/synthetic_82_breeds_v3/synthetic/cattle/cow_kenkatha/SYNTH_COW_KENKATHA_0022.jpg,cow_kenkatha,Kenkatha,cattle,SYNTHETIC,train
SYNTH_COW_KENKATHA_0020,dataset/synthetic_82_breeds_v3/synthetic/cattle/cow_kenkatha/SYNTH_COW_KENKATHA_0020.jpg,cow_kenkatha,Kenkatha,cattle,SYNTHETIC,train
SYNTH_COW_KENKATHA_0021,dataset/synthetic_82_breeds_v3/synthetic/cattle/cow_kenkatha/SYNTH_COW_KENKATHA_0021.jpg,cow_kenkatha,Kenkatha,cattle,SYNTHETIC,train
SYNTH_COW_KENKATHA_0026,dataset/synthetic_82_breeds_v3/synthetic/cattle/cow_kenkatha/SYNTH_COW_KENKATHA_0026.jpg,cow_kenkatha,Kenkatha,cattle,SYNTHETIC,train
SYNTH_COW_KHERIGARH_0001,dataset/synthetic_82_breeds_v3/synthetic/cattle/cow_kherigarh/SYNTH_COW_KHERIGARH_0001.jpg,cow_kherigarh,Kherigarh,cattle,SYNTHETIC,train
SYNTH_COW_KHERIGARH_0002,dataset/synthetic_82_breeds_v3/synthetic/cattle/cow_kherigarh/SYNTH_COW_KHERIGARH_0002.jpg,cow_kherigarh,Kherigarh,cattle,SYNTHETIC,train
SYNTH_COW_KHERIGARH_0003,dataset/synthetic_82_breeds_v3/synthetic/cattle/cow_kherigarh/SYNTH_COW_KHERIGARH_0003.jpg,cow_kherigarh,Kherigarh,cattle,SYNTHETIC,train
SYNTH_COW_KHERIGARH_0004,dataset/synthetic_82_breeds_v3/synthetic/cattle/cow_kherigarh/SYNTH_COW_KHERIGARH_0004.jpg,cow_kherigarh,Kherigarh,cattle,SYNTHETIC,train
SYNTH_COW_KHERIGARH_0006,dataset/synthetic_82_breeds_v3/synthetic/cattle/cow_kherigarh/SYNTH_COW_KHERIGARH_0006.jpg,cow_kherigarh,Kherigarh,cattle,SYNTHETIC,train
SYNTH_COW_KHERIGARH_0005,dataset/synthetic_82_breeds_v3/synthetic/cattle/cow_kherigarh/SYNTH_COW_KHERIGARH_0005.jpg,cow_kherigarh,Kherigarh,cattle,SYNTHETIC,train
SYNTH_COW_KHERIGARH_0007,dataset/synthetic_82_breeds_v3/synthetic/cattle/cow_kherigarh/SYNTH_COW_KHERIGARH_0007.jpg,cow_kherigarh,Kherigarh,cattle,SYNTHETIC,train
SYNTH_COW_KHERIGARH_0009,dataset/synthetic_82_breeds_v3/synthetic/cattle/cow_kherigarh/SYNTH_COW_KHERIGARH_0009.jpg,cow_kherigarh,Kherigarh,cattle,SYNTHETIC,train
SYNTH_COW_KHERIGARH_0011,dataset/synthetic_82_breeds_v3/synthetic/cattle/cow_kherigarh/SYNTH_COW_KHERIGARH_0011.jpg,cow_kherigarh,Kherigarh,cattle,SYNTHETIC,train
SYNTH_COW_KHERIGARH_0008,dataset/synthetic_82_breeds_v3/synthetic/cattle/cow_kherigarh/SYNTH_COW_KHERIGARH_0008.jpg,cow_kherigarh,Kherigarh,cattle,SYNTHETIC,train
SYNTH_COW_KENKATHA_0023,dataset/synthetic_82_breeds_v3/synthetic/cattle/cow_kenkatha/SYNTH_COW_KENKATHA_0023.jpg,cow_kenkatha,Kenkatha,cattle,SYNTHETIC,train
SYNTH_COW_KHERIGARH_0012,dataset/synthetic_82_breeds_v3/synthetic/cattle/cow_kherigarh/SYNTH_COW_KHERIGARH_0012.jpg,cow_kherigarh,Kherigarh,cattle,SYNTHETIC,train
SYNTH_COW_KHERIGARH_0014,dataset/synthetic_82_breeds_v3/synthetic/cattle/cow_kherigarh/SYNTH_COW_KHERIGARH_0014.jpg,cow_kherigarh,Kherigarh,cattle,SYNTHETIC,train
SYNTH_COW_KHERIGARH_0013,dataset/synthetic_82_breeds_v3/synthetic/cattle/cow_kherigarh/SYNTH_COW_KHERIGARH_0013.jpg,cow_kherigarh,Kherigarh,cattle,SYNTHETIC,train
SYNTH_COW_KHERIGARH_0010,dataset/synthetic_82_breeds_v3/synthetic/cattle/cow_kherigarh/SYNTH_COW_KHERIGARH_0010.jpg,cow_kherigarh,Kherigarh,cattle,SYNTHETIC,train
SYNTH_COW_KHERIGARH_0015,dataset/synthetic_82_breeds_v3/synthetic/cattle/cow_kherigarh/SYNTH_COW_KHERIGARH_0015.jpg,cow_kherigarh,Kherigarh,cattle,SYNTHETIC,train
SYNTH_COW_KHERIGARH_0016,dataset/synthetic_82_breeds_v3/synthetic/cattle/cow_kherigarh/SYNTH_COW_KHERIGARH_0016.jpg,cow_kherigarh,Kherigarh,cattle,SYNTHETIC,train
SYNTH_COW_KHERIGARH_0017,dataset/synthetic_82_breeds_v3/synthetic/cattle/cow_kherigarh/SYNTH_COW_KHERIGARH_0017.jpg,cow_kherigarh,Kherigarh,cattle,SYNTHETIC,train
SYNTH_COW_KHERIGARH_0018,dataset/synthetic_82_breeds_v3/synthetic/cattle/cow_kherigarh/SYNTH_COW_KHERIGARH_0018.jpg,cow_kherigarh,Kherigarh,cattle,SYNTHETIC,train
SYNTH_COW_KHERIGARH_0019,dataset/synthetic_82_breeds_v3/synthetic/cattle/cow_kherigarh/SYNTH_COW_KHERIGARH_0019.jpg,cow_kherigarh,Kherigarh,cattle,SYNTHETIC,train
SYNTH_COW_KENKATHA_0028,dataset/synthetic_82_breeds_v3/synthetic/cattle/cow_kenkatha/SYNTH_COW_KENKATHA_0028.jpg,cow_kenkatha,Kenkatha,cattle,SYNTHETIC,train
SYNTH_COW_KENKATHA_0027,dataset/synthetic_82_breeds_v3/synthetic/cattle/cow_kenkatha/SYNTH_COW_KENKATHA_0027.jpg,cow_kenkatha,Kenkatha,cattle,SYNTHETIC,train
SYNTH_COW_KENKATHA_0024,dataset/synthetic_82_breeds_v3/synthetic/cattle/cow_kenkatha/SYNTH_COW_KENKATHA_0024.jpg,cow_kenkatha,Kenkatha,cattle,SYNTHETIC,train
SYNTH_COW_KHERIGARH_0025,dataset/synthetic_82_breeds_v3/synthetic/cattle/cow_kherigarh/SYNTH_COW_KHERIGARH_0025.jpg,cow_kherigarh,Kherigarh,cattle,SYNTHETIC,train
SYNTH_COW_KHERIGARH_0020,dataset/synthetic_82_breeds_v3/synthetic/cattle/cow_kherigarh/SYNTH_COW_KHERIGARH_0020.jpg,cow_kherigarh,Kherigarh,cattle,SYNTHETIC,train
SYNTH_COW_KHERIGARH_0022,dataset/synthetic_82_breeds_v3/synthetic/cattle/cow_kherigarh/SYNTH_COW_KHERIGARH_0022.jpg,cow_kherigarh,Kherigarh,cattle,SYNTHETIC,train
SYNTH_COW_KHERIGARH_0023,dataset/synthetic_82_breeds_v3/synthetic/cattle/cow_kherigarh/SYNTH_COW_KHERIGARH_0023.jpg,cow_kherigarh,Kherigarh,cattle,SYNTHETIC,train
SYNTH_COW_KENKATHA_0029,dataset/synthetic_82_breeds_v3/synthetic/cattle/cow_kenkatha/SYNTH_COW_KENKATHA_0029.jpg,cow_kenkatha,Kenkatha,cattle,SYNTHETIC,train
SYNTH_COW_KHILLAR_0001,dataset/synthetic_82_breeds_v3/synthetic/cattle/cow_khillar/SYNTH_COW_KHILLAR_0001.jpg,cow_khillar,Khillar,cattle,SYNTHETIC,train
SYNTH_COW_KHILLAR_0003,dataset/synthetic_82_breeds_v3/synthetic/cattle/cow_khillar/SYNTH_COW_KHILLAR_0003.jpg,cow_khillar,Khillar,cattle,SYNTHETIC,train
SYNTH_COW_KHILLAR_0002,dataset/synthetic_82_breeds_v3/synthetic/cattle/cow_khillar/SYNTH_COW_KHILLAR_0002.jpg,cow_khillar,Khillar,cattle,SYNTHETIC,train
SYNTH_COW_KHILLAR_0004,dataset/synthetic_82_breeds_v3/synthetic/cattle/cow_khillar/SYNTH_COW_KHILLAR_0004.jpg,cow_khillar,Khillar,cattle,SYNTHETIC,train
SYNTH_COW_KHILLAR_0005,dataset/synthetic_82_breeds_v3/synthetic/cattle/cow_khillar/SYNTH_COW_KHILLAR_0005.jpg,cow_khillar,Khillar,cattle,SYNTHETIC,train
SYNTH_COW_KHILLAR_0006,dataset/synthetic_82_breeds_v3/synthetic/cattle/cow_khillar/SYNTH_COW_KHILLAR_0006.jpg,cow_khillar,Khillar,cattle,SYNTHETIC,train
SYNTH_COW_KHILLAR_0008,dataset/synthetic_82_breeds_v3/synthetic/cattle/cow_khillar/SYNTH_COW_KHILLAR_0008.jpg,cow_khillar,Khillar,cattle,SYNTHETIC,train
SYNTH_COW_KHILLAR_0007,dataset/synthetic_82_breeds_v3/synthetic/cattle/cow_khillar/SYNTH_COW_KHILLAR_0007.jpg,cow_khillar,Khillar,cattle,SYNTHETIC,train
SYNTH_COW_KHILLAR_0009,dataset/synthetic_82_breeds_v3/synthetic/cattle/cow_khillar/SYNTH_COW_KHILLAR_0009.jpg,cow_khillar,Khillar,cattle,SYNTHETIC,train
SYNTH_COW_KHILLAR_0010,dataset/synthetic_82_breeds_v3/synthetic/cattle/cow_khillar/SYNTH_COW_KHILLAR_0010.jpg,cow_khillar,Khillar,cattle,SYNTHETIC,train
SYNTH_COW_KHILLAR_0011,dataset/synthetic_82_breeds_v3/synthetic/cattle/cow_khillar/SYNTH_COW_KHILLAR_0011.jpg,cow_khillar,Khillar,cattle,SYNTHETIC,train
SYNTH_COW_KHILLAR_0012,dataset/synthetic_82_breeds_v3/synthetic/cattle/cow_khillar/SYNTH_COW_KHILLAR_0012.jpg,cow_khillar,Khillar,cattle,SYNTHETIC,train
SYNTH_COW_KHILLAR_0013,dataset/synthetic_82_breeds_v3/synthetic/cattle/cow_khillar/SYNTH_COW_KHILLAR_0013.jpg,cow_khillar,Khillar,cattle,SYNTHETIC,train
SYNTH_COW_KHILLAR_0014,dataset/synthetic_82_breeds_v3/synthetic/cattle/cow_khillar/SYNTH_COW_KHILLAR_0014.jpg,cow_khillar,Khillar,cattle,SYNTHETIC,train
SYNTH_COW_KHILLAR_0015,dataset/synthetic_82_breeds_v3/synthetic/cattle/cow_khillar/SYNTH_COW_KHILLAR_0015.jpg,cow_khillar,Khillar,cattle,SYNTHETIC,train
SYNTH_COW_KHILLAR_0016,dataset/synthetic_82_breeds_v3/synthetic/cattle/cow_khillar/SYNTH_COW_KHILLAR_0016.jpg,cow_khillar,Khillar,cattle,SYNTHETIC,train
SYNTH_COW_KHILLAR_0017,dataset/synthetic_82_breeds_v3/synthetic/cattle/cow_khillar/SYNTH_COW_KHILLAR_0017.jpg,cow_khillar,Khillar,cattle,SYNTHETIC,train
SYNTH_COW_KHILLAR_0018,dataset/synthetic_82_breeds_v3/synthetic/cattle/cow_khillar/SYNTH_COW_KHILLAR_0018.jpg,cow_khillar,Khillar,cattle,SYNTHETIC,train
SYNTH_COW_KHILLAR_0019,dataset/synthetic_82_breeds_v3/synthetic/cattle/cow_khillar/SYNTH_COW_KHILLAR_0019.jpg,cow_khillar,Khillar,cattle,SYNTHETIC,train
SYNTH_COW_KHERIGARH_0026,dataset/synthetic_82_breeds_v3/synthetic/cattle/cow_kherigarh/SYNTH_COW_KHERIGARH_0026.jpg,cow_kherigarh,Kherigarh,cattle,SYNTHETIC,train
SYNTH_COW_KHERIGARH_0021,dataset/synthetic_82_breeds_v3/synthetic/cattle/cow_kherigarh/SYNTH_COW_KHERIGARH_0021.jpg,cow_kherigarh,Kherigarh,cattle,SYNTHETIC,train
SYNTH_COW_KHERIGARH_0024,dataset/synthetic_82_breeds_v3/synthetic/cattle/cow_kherigarh/SYNTH_COW_KHERIGARH_0024.jpg,cow_kherigarh,Kherigarh,cattle,SYNTHETIC,train
SYNTH_COW_KHERIGARH_0027,dataset/synthetic_82_breeds_v3/synthetic/cattle/cow_kherigarh/SYNTH_COW_KHERIGARH_0027.jpg,cow_kherigarh,Kherigarh,cattle,SYNTHETIC,train
SYNTH_COW_KHILLAR_0025,dataset/synthetic_82_breeds_v3/synthetic/cattle/cow_khillar/SYNTH_COW_KHILLAR_0025.jpg,cow_khillar,Khillar,cattle,SYNTHETIC,train
SYNTH_COW_KHILLAR_0020,dataset/synthetic_82_breeds_v3/synthetic/cattle/cow_khillar/SYNTH_COW_KHILLAR_0020.jpg,cow_khillar,Khillar,cattle,SYNTHETIC,train
SYNTH_COW_KHILLAR_0022,dataset/synthetic_82_breeds_v3/synthetic/cattle/cow_khillar/SYNTH_COW_KHILLAR_0022.jpg,cow_khillar,Khillar,cattle,SYNTHETIC,train
SYNTH_COW_KHERIGARH_0028,dataset/synthetic_82_breeds_v3/synthetic/cattle/cow_kherigarh/SYNTH_COW_KHERIGARH_0028.jpg,cow_kherigarh,Kherigarh,cattle,SYNTHETIC,train
SYNTH_COW_KHERIGARH_0029,dataset/synthetic_82_breeds_v3/synthetic/cattle/cow_kherigarh/SYNTH_COW_KHERIGARH_0029.jpg,cow_kherigarh,Kherigarh,cattle,SYNTHETIC,train
SYNTH_COW_KONKAN_KAPILA_0001,dataset/synthetic_82_breeds_v3/synthetic/cattle/cow_konkan_kapila/SYNTH_COW_KONKAN_KAPILA_0001.jpg,cow_konkan_kapila,Konkan Kapila,cattle,SYNTHETIC,train
SYNTH_COW_KONKAN_KAPILA_0002,dataset/synthetic_82_breeds_v3/synthetic/cattle/cow_konkan_kapila/SYNTH_COW_KONKAN_KAPILA_0002.jpg,cow_konkan_kapila,Konkan Kapila,cattle,SYNTHETIC,train
SYNTH_COW_KONKAN_KAPILA_0003,dataset/synthetic_82_breeds_v3/synthetic/cattle/cow_konkan_kapila/SYNTH_COW_KONKAN_KAPILA_0003.jpg,cow_konkan_kapila,Konkan Kapila,cattle,SYNTHETIC,train
SYNTH_COW_KONKAN_KAPILA_0004,dataset/synthetic_82_breeds_v3/synthetic/cattle/cow_konkan_kapila/SYNTH_COW_KONKAN_KAPILA_0004.jpg,cow_konkan_kapila,Konkan Kapila,cattle,SYNTHETIC,train
SYNTH_COW_KONKAN_KAPILA_0005,dataset/synthetic_82_breeds_v3/synthetic/cattle/cow_konkan_kapila/SYNTH_COW_KONKAN_KAPILA_0005.jpg,cow_konkan_kapila,Konkan Kapila,cattle,SYNTHETIC,train
SYNTH_COW_KONKAN_KAPILA_0006,dataset/synthetic_82_breeds_v3/synthetic/cattle/cow_konkan_kapila/SYNTH_COW_KONKAN_KAPILA_0006.jpg,cow_konkan_kapila,Konkan Kapila,cattle,SYNTHETIC,train
SYNTH_COW_KONKAN_KAPILA_0007,dataset/synthetic_82_breeds_v3/synthetic/cattle/cow_konkan_kapila/SYNTH_COW_KONKAN_KAPILA_0007.jpg,cow_konkan_kapila,Konkan Kapila,cattle,SYNTHETIC,train
SYNTH_COW_KONKAN_KAPILA_0008,dataset/synthetic_82_breeds_v3/synthetic/cattle/cow_konkan_kapila/SYNTH_COW_KONKAN_KAPILA_0008.jpg,cow_konkan_kapila,Konkan Kapila,cattle,SYNTHETIC,train
SYNTH_COW_KONKAN_KAPILA_0009,dataset/synthetic_82_breeds_v3/synthetic/cattle/cow_konkan_kapila/SYNTH_COW_KONKAN_KAPILA_0009.jpg,cow_konkan_kapila,Konkan Kapila,cattle,SYNTHETIC,train
SYNTH_COW_KONKAN_KAPILA_0010,dataset/synthetic_82_breeds_v3/synthetic/cattle/cow_konkan_kapila/SYNTH_COW_KONKAN_KAPILA_0010.jpg,cow_konkan_kapila,Konkan Kapila,cattle,SYNTHETIC,train
SYNTH_COW_KONKAN_KAPILA_0011,dataset/synthetic_82_breeds_v3/synthetic/cattle/cow_konkan_kapila/SYNTH_COW_KONKAN_KAPILA_0011.jpg,cow_konkan_kapila,Konkan Kapila,cattle,SYNTHETIC,train
SYNTH_COW_KONKAN_KAPILA_0012,dataset/synthetic_82_breeds_v3/synthetic/cattle/cow_konkan_kapila/SYNTH_COW_KONKAN_KAPILA_0012.jpg,cow_konkan_kapila,Konkan Kapila,cattle,SYNTHETIC,train
SYNTH_COW_KONKAN_KAPILA_0013,dataset/synthetic_82_breeds_v3/synthetic/cattle/cow_konkan_kapila/SYNTH_COW_KONKAN_KAPILA_0013.jpg,cow_konkan_kapila,Konkan Kapila,cattle,SYNTHETIC,train
SYNTH_COW_KONKAN_KAPILA_0014,dataset/synthetic_82_breeds_v3/synthetic/cattle/cow_konkan_kapila/SYNTH_COW_KONKAN_KAPILA_0014.jpg,cow_konkan_kapila,Konkan Kapila,cattle,SYNTHETIC,train
SYNTH_COW_KONKAN_KAPILA_0015,dataset/synthetic_82_breeds_v3/synthetic/cattle/cow_konkan_kapila/SYNTH_COW_KONKAN_KAPILA_0015.jpg,cow_konkan_kapila,Konkan Kapila,cattle,SYNTHETIC,train
SYNTH_COW_KONKAN_KAPILA_0016,dataset/synthetic_82_breeds_v3/synthetic/cattle/cow_konkan_kapila/SYNTH_COW_KONKAN_KAPILA_0016.jpg,cow_konkan_kapila,Konkan Kapila,cattle,SYNTHETIC,train
SYNTH_COW_KONKAN_KAPILA_0017,dataset/synthetic_82_breeds_v3/synthetic/cattle/cow_konkan_kapila/SYNTH_COW_KONKAN_KAPILA_0017.jpg,cow_konkan_kapila,Konkan Kapila,cattle,SYNTHETIC,train
SYNTH_COW_KONKAN_KAPILA_0018,dataset/synthetic_82_breeds_v3/synthetic/cattle/cow_konkan_kapila/SYNTH_COW_KONKAN_KAPILA_0018.jpg,cow_konkan_kapila,Konkan Kapila,cattle,SYNTHETIC,train
SYNTH_COW_KONKAN_KAPILA_0019,dataset/synthetic_82_breeds_v3/synthetic/cattle/cow_konkan_kapila/SYNTH_COW_KONKAN_KAPILA_0019.jpg,cow_konkan_kapila,Konkan Kapila,cattle,SYNTHETIC,train
SYNTH_COW_KONKAN_KAPILA_0020,dataset/synthetic_82_breeds_v3/synthetic/cattle/cow_konkan_kapila/SYNTH_COW_KONKAN_KAPILA_0020.jpg,cow_konkan_kapila,Konkan Kapila,cattle,SYNTHETIC,train
SYNTH_COW_KHILLAR_0023,dataset/synthetic_82_breeds_v3/synthetic/cattle/cow_khillar/SYNTH_COW_KHILLAR_0023.jpg,cow_khillar,Khillar,cattle,SYNTHETIC,train
SYNTH_COW_KONKAN_KAPILA_0021,dataset/synthetic_82_breeds_v3/synthetic/cattle/cow_konkan_kapila/SYNTH_COW_KONKAN_KAPILA_0021.jpg,cow_konkan_kapila,Konkan Kapila,cattle,SYNTHETIC,train
SYNTH_COW_KONKAN_KAPILA_0022,dataset/synthetic_82_breeds_v3/synthetic/cattle/cow_konkan_kapila/SYNTH_COW_KONKAN_KAPILA_0022.jpg,cow_konkan_kapila,Konkan Kapila,cattle,SYNTHETIC,train
SYNTH_COW_KONKAN_KAPILA_0023,dataset/synthetic_82_breeds_v3/synthetic/cattle/cow_konkan_kapila/SYNTH_COW_KONKAN_KAPILA_0023.jpg,cow_konkan_kapila,Konkan Kapila,cattle,SYNTHETIC,train
SYNTH_COW_KONKAN_KAPILA_0024,dataset/synthetic_82_breeds_v3/synthetic/cattle/cow_konkan_kapila/SYNTH_COW_KONKAN_KAPILA_0024.jpg,cow_konkan_kapila,Konkan Kapila,cattle,SYNTHETIC,train
SYNTH_COW_KONKAN_KAPILA_0025,dataset/synthetic_82_breeds_v3/synthetic/cattle/cow_konkan_kapila/SYNTH_COW_KONKAN_KAPILA_0025.jpg,cow_konkan_kapila,Konkan Kapila,cattle,SYNTHETIC,train
SYNTH_COW_KONKAN_KAPILA_0026,dataset/synthetic_82_breeds_v3/synthetic/cattle/cow_konkan_kapila/SYNTH_COW_KONKAN_KAPILA_0026.jpg,cow_konkan_kapila,Konkan Kapila,cattle,SYNTHETIC,train
SYNTH_COW_KONKAN_KAPILA_0027,dataset/synthetic_82_breeds_v3/synthetic/cattle/cow_konkan_kapila/SYNTH_COW_KONKAN_KAPILA_0027.jpg,cow_konkan_kapila,Konkan Kapila,cattle,SYNTHETIC,train
SYNTH_COW_KHILLAR_0021,dataset/synthetic_82_breeds_v3/synthetic/cattle/cow_khillar/SYNTH_COW_KHILLAR_0021.jpg,cow_khillar,Khillar,cattle,SYNTHETIC,train
SYNTH_COW_KONKAN_KAPILA_0028,dataset/synthetic_82_breeds_v3/synthetic/cattle/cow_konkan_kapila/SYNTH_COW_KONKAN_KAPILA_0028.jpg,cow_konkan_kapila,Konkan Kapila,cattle,SYNTHETIC,train
SYNTH_COW_KRISHNA_VALLEY_0001,dataset/synthetic_82_breeds_v3/synthetic/cattle/cow_krishna_valley/SYNTH_COW_KRISHNA_VALLEY_0001.jpg,cow_krishna_valley,Krishna Valley,cattle,SYNTHETIC,train
SYNTH_COW_KRISHNA_VALLEY_0002,dataset/synthetic_82_breeds_v3/synthetic/cattle/cow_krishna_valley/SYNTH_COW_KRISHNA_VALLEY_0002.jpg,cow_krishna_valley,Krishna Valley,cattle,SYNTHETIC,train
SYNTH_COW_KRISHNA_VALLEY_0003,dataset/synthetic_82_breeds_v3/synthetic/cattle/cow_krishna_valley/SYNTH_COW_KRISHNA_VALLEY_0003.jpg,cow_krishna_valley,Krishna Valley,cattle,SYNTHETIC,train
SYNTH_COW_KRISHNA_VALLEY_0004,dataset/synthetic_82_breeds_v3/synthetic/cattle/cow_krishna_valley/SYNTH_COW_KRISHNA_VALLEY_0004.jpg,cow_krishna_valley,Krishna Valley,cattle,SYNTHETIC,train
SYNTH_COW_KRISHNA_VALLEY_0005,dataset/synthetic_82_breeds_v3/synthetic/cattle/cow_krishna_valley/SYNTH_COW_KRISHNA_VALLEY_0005.jpg,cow_krishna_valley,Krishna Valley,cattle,SYNTHETIC,train
SYNTH_COW_KRISHNA_VALLEY_0006,dataset/synthetic_82_breeds_v3/synthetic/cattle/cow_krishna_valley/SYNTH_COW_KRISHNA_VALLEY_0006.jpg,cow_krishna_valley,Krishna Valley,cattle,SYNTHETIC,train
SYNTH_COW_KRISHNA_VALLEY_0007,dataset/synthetic_82_breeds_v3/synthetic/cattle/cow_krishna_valley/SYNTH_COW_KRISHNA_VALLEY_0007.jpg,cow_krishna_valley,Krishna Valley,cattle,SYNTHETIC,train
SYNTH_COW_KRISHNA_VALLEY_0008,dataset/synthetic_82_breeds_v3/synthetic/cattle/cow_krishna_valley/SYNTH_COW_KRISHNA_VALLEY_0008.jpg,cow_krishna_valley,Krishna Valley,cattle,SYNTHETIC,train
SYNTH_COW_KRISHNA_VALLEY_0009,dataset/synthetic_82_breeds_v3/synthetic/cattle/cow_krishna_valley/SYNTH_COW_KRISHNA_VALLEY_0009.jpg,cow_krishna_valley,Krishna Valley,cattle,SYNTHETIC,train
SYNTH_COW_KRISHNA_VALLEY_0010,dataset/synthetic_82_breeds_v3/synthetic/cattle/cow_krishna_valley/SYNTH_COW_KRISHNA_VALLEY_0010.jpg,cow_krishna_valley,Krishna Valley,cattle,SYNTHETIC,train
SYNTH_COW_KRISHNA_VALLEY_0011,dataset/synthetic_82_breeds_v3/synthetic/cattle/cow_krishna_valley/SYNTH_COW_KRISHNA_VALLEY_0011.jpg,cow_krishna_valley,Krishna Valley,cattle,SYNTHETIC,train
SYNTH_COW_KRISHNA_VALLEY_0013,dataset/synthetic_82_breeds_v3/synthetic/cattle/cow_krishna_valley/SYNTH_COW_KRISHNA_VALLEY_0013.jpg,cow_krishna_valley,Krishna Valley,cattle,SYNTHETIC,train
SYNTH_COW_KRISHNA_VALLEY_0012,dataset/synthetic_82_breeds_v3/synthetic/cattle/cow_krishna_valley/SYNTH_COW_KRISHNA_VALLEY_0012.jpg,cow_krishna_valley,Krishna Valley,cattle,SYNTHETIC,train
SYNTH_COW_KRISHNA_VALLEY_0014,dataset/synthetic_82_breeds_v3/synthetic/cattle/cow_krishna_valley/SYNTH_COW_KRISHNA_VALLEY_0014.jpg,cow_krishna_valley,Krishna Valley,cattle,SYNTHETIC,train
SYNTH_COW_KRISHNA_VALLEY_0015,dataset/synthetic_82_breeds_v3/synthetic/cattle/cow_krishna_valley/SYNTH_COW_KRISHNA_VALLEY_0015.jpg,cow_krishna_valley,Krishna Valley,cattle,SYNTHETIC,train
SYNTH_COW_KRISHNA_VALLEY_0016,dataset/synthetic_82_breeds_v3/synthetic/cattle/cow_krishna_valley/SYNTH_COW_KRISHNA_VALLEY_0016.jpg,cow_krishna_valley,Krishna Valley,cattle,SYNTHETIC,train
SYNTH_COW_KRISHNA_VALLEY_0017,dataset/synthetic_82_breeds_v3/synthetic/cattle/cow_krishna_valley/SYNTH_COW_KRISHNA_VALLEY_0017.jpg,cow_krishna_valley,Krishna Valley,cattle,SYNTHETIC,train
SYNTH_COW_KRISHNA_VALLEY_0018,dataset/synthetic_82_breeds_v3/synthetic/cattle/cow_krishna_valley/SYNTH_COW_KRISHNA_VALLEY_0018.jpg,cow_krishna_valley,Krishna Valley,cattle,SYNTHETIC,train
SYNTH_COW_KRISHNA_VALLEY_0019,dataset/synthetic_82_breeds_v3/synthetic/cattle/cow_krishna_valley/SYNTH_COW_KRISHNA_VALLEY_0019.jpg,cow_krishna_valley,Krishna Valley,cattle,SYNTHETIC,train
SYNTH_COW_KONKAN_KAPILA_0029,dataset/synthetic_82_breeds_v3/synthetic/cattle/cow_konkan_kapila/SYNTH_COW_KONKAN_KAPILA_0029.jpg,cow_konkan_kapila,Konkan Kapila,cattle,SYNTHETIC,train
SYNTH_COW_KHILLAR_0024,dataset/synthetic_82_breeds_v3/synthetic/cattle/cow_khillar/SYNTH_COW_KHILLAR_0024.jpg,cow_khillar,Khillar,cattle,SYNTHETIC,train
SYNTH_COW_KHILLAR_0026,dataset/synthetic_82_breeds_v3/synthetic/cattle/cow_khillar/SYNTH_COW_KHILLAR_0026.jpg,cow_khillar,Khillar,cattle,SYNTHETIC,train
SYNTH_COW_KRISHNA_VALLEY_0020,dataset/synthetic_82_breeds_v3/synthetic/cattle/cow_krishna_valley/SYNTH_COW_KRISHNA_VALLEY_0020.jpg,cow_krishna_valley,Krishna Valley,cattle,SYNTHETIC,train
SYNTH_COW_KHILLAR_0029,dataset/synthetic_82_breeds_v3/synthetic/cattle/cow_khillar/SYNTH_COW_KHILLAR_0029.jpg,cow_khillar,Khillar,cattle,SYNTHETIC,train
SYNTH_COW_KHILLAR_0028,dataset/synthetic_82_breeds_v3/synthetic/cattle/cow_khillar/SYNTH_COW_KHILLAR_0028.jpg,cow_khillar,Khillar,cattle,SYNTHETIC,train
SYNTH_COW_KRISHNA_VALLEY_0023,dataset/synthetic_82_breeds_v3/synthetic/cattle/cow_krishna_valley/SYNTH_COW_KRISHNA_VALLEY_0023.jpg,cow_krishna_valley,Krishna Valley,cattle,SYNTHETIC,train
SYNTH_COW_KRISHNA_VALLEY_0022,dataset/synthetic_82_breeds_v3/synthetic/cattle/cow_krishna_valley/SYNTH_COW_KRISHNA_VALLEY_0022.jpg,cow_krishna_valley,Krishna Valley,cattle,SYNTHETIC,train
SYNTH_COW_KRISHNA_VALLEY_0025,dataset/synthetic_82_breeds_v3/synthetic/cattle/cow_krishna_valley/SYNTH_COW_KRISHNA_VALLEY_0025.jpg,cow_krishna_valley,Krishna Valley,cattle,SYNTHETIC,train
SYNTH_COW_LAKHIMI_0001,dataset/synthetic_82_breeds_v3/synthetic/cattle/cow_lakhimi/SYNTH_COW_LAKHIMI_0001.jpg,cow_lakhimi,Lakhimi,cattle,SYNTHETIC,train
SYNTH_COW_LAKHIMI_0002,dataset/synthetic_82_breeds_v3/synthetic/cattle/cow_lakhimi/SYNTH_COW_LAKHIMI_0002.jpg,cow_lakhimi,Lakhimi,cattle,SYNTHETIC,train
SYNTH_COW_LAKHIMI_0003,dataset/synthetic_82_breeds_v3/synthetic/cattle/cow_lakhimi/SYNTH_COW_LAKHIMI_0003.jpg,cow_lakhimi,Lakhimi,cattle,SYNTHETIC,train
SYNTH_COW_LAKHIMI_0004,dataset/synthetic_82_breeds_v3/synthetic/cattle/cow_lakhimi/SYNTH_COW_LAKHIMI_0004.jpg,cow_lakhimi,Lakhimi,cattle,SYNTHETIC,train
SYNTH_COW_LAKHIMI_0005,dataset/synthetic_82_breeds_v3/synthetic/cattle/cow_lakhimi/SYNTH_COW_LAKHIMI_0005.jpg,cow_lakhimi,Lakhimi,cattle,SYNTHETIC,train
SYNTH_COW_LAKHIMI_0006,dataset/synthetic_82_breeds_v3/synthetic/cattle/cow_lakhimi/SYNTH_COW_LAKHIMI_0006.jpg,cow_lakhimi,Lakhimi,cattle,SYNTHETIC,train
SYNTH_COW_LAKHIMI_0007,dataset/synthetic_82_breeds_v3/synthetic/cattle/cow_lakhimi/SYNTH_COW_LAKHIMI_0007.jpg,cow_lakhimi,Lakhimi,cattle,SYNTHETIC,train
SYNTH_COW_LAKHIMI_0008,dataset/synthetic_82_breeds_v3/synthetic/cattle/cow_lakhimi/SYNTH_COW_LAKHIMI_0008.jpg,cow_lakhimi,Lakhimi,cattle,SYNTHETIC,train
SYNTH_COW_LAKHIMI_0009,dataset/synthetic_82_breeds_v3/synthetic/cattle/cow_lakhimi/SYNTH_COW_LAKHIMI_0009.jpg,cow_lakhimi,Lakhimi,cattle,SYNTHETIC,train
SYNTH_COW_LAKHIMI_0010,dataset/synthetic_82_breeds_v3/synthetic/cattle/cow_lakhimi/SYNTH_COW_LAKHIMI_0010.jpg,cow_lakhimi,Lakhimi,cattle,SYNTHETIC,train
SYNTH_COW_LAKHIMI_0011,dataset/synthetic_82_breeds_v3/synthetic/cattle/cow_lakhimi/SYNTH_COW_LAKHIMI_0011.jpg,cow_lakhimi,Lakhimi,cattle,SYNTHETIC,train
SYNTH_COW_LAKHIMI_0012,dataset/synthetic_82_breeds_v3/synthetic/cattle/cow_lakhimi/SYNTH_COW_LAKHIMI_0012.jpg,cow_lakhimi,Lakhimi,cattle,SYNTHETIC,train
SYNTH_COW_LAKHIMI_0013,dataset/synthetic_82_breeds_v3/synthetic/cattle/cow_lakhimi/SYNTH_COW_LAKHIMI_0013.jpg,cow_lakhimi,Lakhimi,cattle,SYNTHETIC,train
SYNTH_COW_LAKHIMI_0014,dataset/synthetic_82_breeds_v3/synthetic/cattle/cow_lakhimi/SYNTH_COW_LAKHIMI_0014.jpg,cow_lakhimi,Lakhimi,cattle,SYNTHETIC,train
SYNTH_COW_LAKHIMI_0015,dataset/synthetic_82_breeds_v3/synthetic/cattle/cow_lakhimi/SYNTH_COW_LAKHIMI_0015.jpg,cow_lakhimi,Lakhimi,cattle,SYNTHETIC,train
SYNTH_COW_LAKHIMI_0016,dataset/synthetic_82_breeds_v3/synthetic/cattle/cow_lakhimi/SYNTH_COW_LAKHIMI_0016.jpg,cow_lakhimi,Lakhimi,cattle,SYNTHETIC,train
SYNTH_COW_LAKHIMI_0017,dataset/synthetic_82_breeds_v3/synthetic/cattle/cow_lakhimi/SYNTH_COW_LAKHIMI_0017.jpg,cow_lakhimi,Lakhimi,cattle,SYNTHETIC,train
SYNTH_COW_LAKHIMI_0018,dataset/synthetic_82_breeds_v3/synthetic/cattle/cow_lakhimi/SYNTH_COW_LAKHIMI_0018.jpg,cow_lakhimi,Lakhimi,cattle,SYNTHETIC,train
SYNTH_COW_LAKHIMI_0019,dataset/synthetic_82_breeds_v3/synthetic/cattle/cow_lakhimi/SYNTH_COW_LAKHIMI_0019.jpg,cow_lakhimi,Lakhimi,cattle,SYNTHETIC,train
SYNTH_COW_KRISHNA_VALLEY_0021,dataset/synthetic_82_breeds_v3/synthetic/cattle/cow_krishna_valley/SYNTH_COW_KRISHNA_VALLEY_0021.jpg,cow_krishna_valley,Krishna Valley,cattle,SYNTHETIC,train
SYNTH_COW_KHILLAR_0027,dataset/synthetic_82_breeds_v3/synthetic/cattle/cow_khillar/SYNTH_COW_KHILLAR_0027.jpg,cow_khillar,Khillar,cattle,SYNTHETIC,train
SYNTH_COW_LAKHIMI_0020,dataset/synthetic_82_breeds_v3/synthetic/cattle/cow_lakhimi/SYNTH_COW_LAKHIMI_0020.jpg,cow_lakhimi,Lakhimi,cattle,SYNTHETIC,train
SYNTH_COW_LAKHIMI_0021,dataset/synthetic_82_breeds_v3/synthetic/cattle/cow_lakhimi/SYNTH_COW_LAKHIMI_0021.jpg,cow_lakhimi,Lakhimi,cattle,SYNTHETIC,train
SYNTH_COW_LAKHIMI_0022,dataset/synthetic_82_breeds_v3/synthetic/cattle/cow_lakhimi/SYNTH_COW_LAKHIMI_0022.jpg,cow_lakhimi,Lakhimi,cattle,SYNTHETIC,train
SYNTH_COW_LAKHIMI_0023,dataset/synthetic_82_breeds_v3/synthetic/cattle/cow_lakhimi/SYNTH_COW_LAKHIMI_0023.jpg,cow_lakhimi,Lakhimi,cattle,SYNTHETIC,train
SYNTH_COW_LAKHIMI_0025,dataset/synthetic_82_breeds_v3/synthetic/cattle/cow_lakhimi/SYNTH_COW_LAKHIMI_0025.jpg,cow_lakhimi,Lakhimi,cattle,SYNTHETIC,train
SYNTH_COW_LAKHIMI_0024,dataset/synthetic_82_breeds_v3/synthetic/cattle/cow_lakhimi/SYNTH_COW_LAKHIMI_0024.jpg,cow_lakhimi,Lakhimi,cattle,SYNTHETIC,train
SYNTH_COW_LAKHIMI_0026,dataset/synthetic_82_breeds_v3/synthetic/cattle/cow_lakhimi/SYNTH_COW_LAKHIMI_0026.jpg,cow_lakhimi,Lakhimi,cattle,SYNTHETIC,train
SYNTH_COW_LAKHIMI_0027,dataset/synthetic_82_breeds_v3/synthetic/cattle/cow_lakhimi/SYNTH_COW_LAKHIMI_0027.jpg,cow_lakhimi,Lakhimi,cattle,SYNTHETIC,train
SYNTH_COW_LAKHIMI_0028,dataset/synthetic_82_breeds_v3/synthetic/cattle/cow_lakhimi/SYNTH_COW_LAKHIMI_0028.jpg,cow_lakhimi,Lakhimi,cattle,SYNTHETIC,train
SYNTH_BUFFALO_LUIT_SWAMP_0001,dataset/synthetic_82_breeds_v3/synthetic/buffalo/buffalo_luit_swamp/SYNTH_BUFFALO_LUIT_SWAMP_0001.jpg,buffalo_luit_swamp,Luit (Swamp),buffalo,SYNTHETIC,train
SYNTH_BUFFALO_LUIT_SWAMP_0002,dataset/synthetic_82_breeds_v3/synthetic/buffalo/buffalo_luit_swamp/SYNTH_BUFFALO_LUIT_SWAMP_0002.jpg,buffalo_luit_swamp,Luit (Swamp),buffalo,SYNTHETIC,train
SYNTH_BUFFALO_LUIT_SWAMP_0003,dataset/synthetic_82_breeds_v3/synthetic/buffalo/buffalo_luit_swamp/SYNTH_BUFFALO_LUIT_SWAMP_0003.jpg,buffalo_luit_swamp,Luit (Swamp),buffalo,SYNTHETIC,train
SYNTH_BUFFALO_LUIT_SWAMP_0004,dataset/synthetic_82_breeds_v3/synthetic/buffalo/buffalo_luit_swamp/SYNTH_BUFFALO_LUIT_SWAMP_0004.jpg,buffalo_luit_swamp,Luit (Swamp),buffalo,SYNTHETIC,train
SYNTH_BUFFALO_LUIT_SWAMP_0005,dataset/synthetic_82_breeds_v3/synthetic/buffalo/buffalo_luit_swamp/SYNTH_BUFFALO_LUIT_SWAMP_0005.jpg,buffalo_luit_swamp,Luit (Swamp),buffalo,SYNTHETIC,train
SYNTH_BUFFALO_LUIT_SWAMP_0006,dataset/synthetic_82_breeds_v3/synthetic/buffalo/buffalo_luit_swamp/SYNTH_BUFFALO_LUIT_SWAMP_0006.jpg,buffalo_luit_swamp,Luit (Swamp),buffalo,SYNTHETIC,train
SYNTH_BUFFALO_LUIT_SWAMP_0007,dataset/synthetic_82_breeds_v3/synthetic/buffalo/buffalo_luit_swamp/SYNTH_BUFFALO_LUIT_SWAMP_0007.jpg,buffalo_luit_swamp,Luit (Swamp),buffalo,SYNTHETIC,train
SYNTH_BUFFALO_LUIT_SWAMP_0008,dataset/synthetic_82_breeds_v3/synthetic/buffalo/buffalo_luit_swamp/SYNTH_BUFFALO_LUIT_SWAMP_0008.jpg,buffalo_luit_swamp,Luit (Swamp),buffalo,SYNTHETIC,train
SYNTH_BUFFALO_LUIT_SWAMP_0009,dataset/synthetic_82_breeds_v3/synthetic/buffalo/buffalo_luit_swamp/SYNTH_BUFFALO_LUIT_SWAMP_0009.jpg,buffalo_luit_swamp,Luit (Swamp),buffalo,SYNTHETIC,train
SYNTH_BUFFALO_LUIT_SWAMP_0010,dataset/synthetic_82_breeds_v3/synthetic/buffalo/buffalo_luit_swamp/SYNTH_BUFFALO_LUIT_SWAMP_0010.jpg,buffalo_luit_swamp,Luit (Swamp),buffalo,SYNTHETIC,train
SYNTH_BUFFALO_LUIT_SWAMP_0011,dataset/synthetic_82_breeds_v3/synthetic/buffalo/buffalo_luit_swamp/SYNTH_BUFFALO_LUIT_SWAMP_0011.jpg,buffalo_luit_swamp,Luit (Swamp),buffalo,SYNTHETIC,train
SYNTH_BUFFALO_LUIT_SWAMP_0013,dataset/synthetic_82_breeds_v3/synthetic/buffalo/buffalo_luit_swamp/SYNTH_BUFFALO_LUIT_SWAMP_0013.jpg,buffalo_luit_swamp,Luit (Swamp),buffalo,SYNTHETIC,train
SYNTH_BUFFALO_LUIT_SWAMP_0012,dataset/synthetic_82_breeds_v3/synthetic/buffalo/buffalo_luit_swamp/SYNTH_BUFFALO_LUIT_SWAMP_0012.jpg,buffalo_luit_swamp,Luit (Swamp),buffalo,SYNTHETIC,train
SYNTH_BUFFALO_LUIT_SWAMP_0014,dataset/synthetic_82_breeds_v3/synthetic/buffalo/buffalo_luit_swamp/SYNTH_BUFFALO_LUIT_SWAMP_0014.jpg,buffalo_luit_swamp,Luit (Swamp),buffalo,SYNTHETIC,train
SYNTH_BUFFALO_LUIT_SWAMP_0015,dataset/synthetic_82_breeds_v3/synthetic/buffalo/buffalo_luit_swamp/SYNTH_BUFFALO_LUIT_SWAMP_0015.jpg,buffalo_luit_swamp,Luit (Swamp),buffalo,SYNTHETIC,train
SYNTH_BUFFALO_LUIT_SWAMP_0016,dataset/synthetic_82_breeds_v3/synthetic/buffalo/buffalo_luit_swamp/SYNTH_BUFFALO_LUIT_SWAMP_0016.jpg,buffalo_luit_swamp,Luit (Swamp),buffalo,SYNTHETIC,train
SYNTH_BUFFALO_LUIT_SWAMP_0017,dataset/synthetic_82_breeds_v3/synthetic/buffalo/buffalo_luit_swamp/SYNTH_BUFFALO_LUIT_SWAMP_0017.jpg,buffalo_luit_swamp,Luit (Swamp),buffalo,SYNTHETIC,train
SYNTH_BUFFALO_LUIT_SWAMP_0018,dataset/synthetic_82_breeds_v3/synthetic/buffalo/buffalo_luit_swamp/SYNTH_BUFFALO_LUIT_SWAMP_0018.jpg,buffalo_luit_swamp,Luit (Swamp),buffalo,SYNTHETIC,train
SYNTH_BUFFALO_LUIT_SWAMP_0019,dataset/synthetic_82_breeds_v3/synthetic/buffalo/buffalo_luit_swamp/SYNTH_BUFFALO_LUIT_SWAMP_0019.jpg,buffalo_luit_swamp,Luit (Swamp),buffalo,SYNTHETIC,train
SYNTH_COW_LAKHIMI_0029,dataset/synthetic_82_breeds_v3/synthetic/cattle/cow_lakhimi/SYNTH_COW_LAKHIMI_0029.jpg,cow_lakhimi,Lakhimi,cattle,SYNTHETIC,train
SYNTH_BUFFALO_LUIT_SWAMP_0020,dataset/synthetic_82_breeds_v3/synthetic/buffalo/buffalo_luit_swamp/SYNTH_BUFFALO_LUIT_SWAMP_0020.jpg,buffalo_luit_swamp,Luit (Swamp),buffalo,SYNTHETIC,train
SYNTH_BUFFALO_LUIT_SWAMP_0022,dataset/synthetic_82_breeds_v3/synthetic/buffalo/buffalo_luit_swamp/SYNTH_BUFFALO_LUIT_SWAMP_0022.jpg,buffalo_luit_swamp,Luit (Swamp),buffalo,SYNTHETIC,train
SYNTH_BUFFALO_LUIT_SWAMP_0021,dataset/synthetic_82_breeds_v3/synthetic/buffalo/buffalo_luit_swamp/SYNTH_BUFFALO_LUIT_SWAMP_0021.jpg,buffalo_luit_swamp,Luit (Swamp),buffalo,SYNTHETIC,train
SYNTH_BUFFALO_LUIT_SWAMP_0025,dataset/synthetic_82_breeds_v3/synthetic/buffalo/buffalo_luit_swamp/SYNTH_BUFFALO_LUIT_SWAMP_0025.jpg,buffalo_luit_swamp,Luit (Swamp),buffalo,SYNTHETIC,train
SYNTH_BUFFALO_LUIT_SWAMP_0023,dataset/synthetic_82_breeds_v3/synthetic/buffalo/buffalo_luit_swamp/SYNTH_BUFFALO_LUIT_SWAMP_0023.jpg,buffalo_luit_swamp,Luit (Swamp),buffalo,SYNTHETIC,train
SYNTH_BUFFALO_LUIT_SWAMP_0024,dataset/synthetic_82_breeds_v3/synthetic/buffalo/buffalo_luit_swamp/SYNTH_BUFFALO_LUIT_SWAMP_0024.jpg,buffalo_luit_swamp,Luit (Swamp),buffalo,SYNTHETIC,train
SYNTH_BUFFALO_LUIT_SWAMP_0026,dataset/synthetic_82_breeds_v3/synthetic/buffalo/buffalo_luit_swamp/SYNTH_BUFFALO_LUIT_SWAMP_0026.jpg,buffalo_luit_swamp,Luit (Swamp),buffalo,SYNTHETIC,train
SYNTH_BUFFALO_LUIT_SWAMP_0028,dataset/synthetic_82_breeds_v3/synthetic/buffalo/buffalo_luit_swamp/SYNTH_BUFFALO_LUIT_SWAMP_0028.jpg,buffalo_luit_swamp,Luit (Swamp),buffalo,SYNTHETIC,train
SYNTH_BUFFALO_LUIT_SWAMP_0027,dataset/synthetic_82_breeds_v3/synthetic/buffalo/buffalo_luit_swamp/SYNTH_BUFFALO_LUIT_SWAMP_0027.jpg,buffalo_luit_swamp,Luit (Swamp),buffalo,SYNTHETIC,train
SYNTH_COW_MAHAKAUSHALI_0001,dataset/synthetic_82_breeds_v3/synthetic/cattle/cow_mahakaushali/SYNTH_COW_MAHAKAUSHALI_0001.jpg,cow_mahakaushali,Mahakaushali,cattle,SYNTHETIC,train
SYNTH_COW_MAHAKAUSHALI_0002,dataset/synthetic_82_breeds_v3/synthetic/cattle/cow_mahakaushali/SYNTH_COW_MAHAKAUSHALI_0002.jpg,cow_mahakaushali,Mahakaushali,cattle,SYNTHETIC,train
SYNTH_COW_MAHAKAUSHALI_0003,dataset/synthetic_82_breeds_v3/synthetic/cattle/cow_mahakaushali/SYNTH_COW_MAHAKAUSHALI_0003.jpg,cow_mahakaushali,Mahakaushali,cattle,SYNTHETIC,train
SYNTH_COW_MAHAKAUSHALI_0004,dataset/synthetic_82_breeds_v3/synthetic/cattle/cow_mahakaushali/SYNTH_COW_MAHAKAUSHALI_0004.jpg,cow_mahakaushali,Mahakaushali,cattle,SYNTHETIC,train
SYNTH_COW_MAHAKAUSHALI_0005,dataset/synthetic_82_breeds_v3/synthetic/cattle/cow_mahakaushali/SYNTH_COW_MAHAKAUSHALI_0005.jpg,cow_mahakaushali,Mahakaushali,cattle,SYNTHETIC,train
SYNTH_COW_MAHAKAUSHALI_0006,dataset/synthetic_82_breeds_v3/synthetic/cattle/cow_mahakaushali/SYNTH_COW_MAHAKAUSHALI_0006.jpg,cow_mahakaushali,Mahakaushali,cattle,SYNTHETIC,train
SYNTH_COW_MAHAKAUSHALI_0007,dataset/synthetic_82_breeds_v3/synthetic/cattle/cow_mahakaushali/SYNTH_COW_MAHAKAUSHALI_0007.jpg,cow_mahakaushali,Mahakaushali,cattle,SYNTHETIC,train
SYNTH_COW_MAHAKAUSHALI_0008,dataset/synthetic_82_breeds_v3/synthetic/cattle/cow_mahakaushali/SYNTH_COW_MAHAKAUSHALI_0008.jpg,cow_mahakaushali,Mahakaushali,cattle,SYNTHETIC,train
SYNTH_COW_MAHAKAUSHALI_0009,dataset/synthetic_82_breeds_v3/synthetic/cattle/cow_mahakaushali/SYNTH_COW_MAHAKAUSHALI_0009.jpg,cow_mahakaushali,Mahakaushali,cattle,SYNTHETIC,train
SYNTH_COW_MAHAKAUSHALI_0010,dataset/synthetic_82_breeds_v3/synthetic/cattle/cow_mahakaushali/SYNTH_COW_MAHAKAUSHALI_0010.jpg,cow_mahakaushali,Mahakaushali,cattle,SYNTHETIC,train
SYNTH_COW_MAHAKAUSHALI_0011,dataset/synthetic_82_breeds_v3/synthetic/cattle/cow_mahakaushali/SYNTH_COW_MAHAKAUSHALI_0011.jpg,cow_mahakaushali,Mahakaushali,cattle,SYNTHETIC,train
SYNTH_COW_MAHAKAUSHALI_0012,dataset/synthetic_82_breeds_v3/synthetic/cattle/cow_mahakaushali/SYNTH_COW_MAHAKAUSHALI_0012.jpg,cow_mahakaushali,Mahakaushali,cattle,SYNTHETIC,train
SYNTH_COW_MAHAKAUSHALI_0013,dataset/synthetic_82_breeds_v3/synthetic/cattle/cow_mahakaushali/SYNTH_COW_MAHAKAUSHALI_0013.jpg,cow_mahakaushali,Mahakaushali,cattle,SYNTHETIC,train
SYNTH_COW_MAHAKAUSHALI_0014,dataset/synthetic_82_breeds_v3/synthetic/cattle/cow_mahakaushali/SYNTH_COW_MAHAKAUSHALI_0014.jpg,cow_mahakaushali,Mahakaushali,cattle,SYNTHETIC,train
SYNTH_COW_MAHAKAUSHALI_0015,dataset/synthetic_82_breeds_v3/synthetic/cattle/cow_mahakaushali/SYNTH_COW_MAHAKAUSHALI_0015.jpg,cow_mahakaushali,Mahakaushali,cattle,SYNTHETIC,train
SYNTH_COW_MAHAKAUSHALI_0016,dataset/synthetic_82_breeds_v3/synthetic/cattle/cow_mahakaushali/SYNTH_COW_MAHAKAUSHALI_0016.jpg,cow_mahakaushali,Mahakaushali,cattle,SYNTHETIC,train
SYNTH_COW_MAHAKAUSHALI_0017,dataset/synthetic_82_breeds_v3/synthetic/cattle/cow_mahakaushali/SYNTH_COW_MAHAKAUSHALI_0017.jpg,cow_mahakaushali,Mahakaushali,cattle,SYNTHETIC,train
SYNTH_COW_MAHAKAUSHALI_0018,dataset/synthetic_82_breeds_v3/synthetic/cattle/cow_mahakaushali/SYNTH_COW_MAHAKAUSHALI_0018.jpg,cow_mahakaushali,Mahakaushali,cattle,SYNTHETIC,train
SYNTH_COW_MAHAKAUSHALI_0019,dataset/synthetic_82_breeds_v3/synthetic/cattle/cow_mahakaushali/SYNTH_COW_MAHAKAUSHALI_0019.jpg,cow_mahakaushali,Mahakaushali,cattle,SYNTHETIC,train
SYNTH_BUFFALO_LUIT_SWAMP_0029,dataset/synthetic_82_breeds_v3/synthetic/buffalo/buffalo_luit_swamp/SYNTH_BUFFALO_LUIT_SWAMP_0029.jpg,buffalo_luit_swamp,Luit (Swamp),buffalo,SYNTHETIC,train
SYNTH_COW_MAHAKAUSHALI_0020,dataset/synthetic_82_breeds_v3/synthetic/cattle/cow_mahakaushali/SYNTH_COW_MAHAKAUSHALI_0020.jpg,cow_mahakaushali,Mahakaushali,cattle,SYNTHETIC,train
SYNTH_COW_MAHAKAUSHALI_0021,dataset/synthetic_82_breeds_v3/synthetic/cattle/cow_mahakaushali/SYNTH_COW_MAHAKAUSHALI_0021.jpg,cow_mahakaushali,Mahakaushali,cattle,SYNTHETIC,train
SYNTH_COW_MAHAKAUSHALI_0022,dataset/synthetic_82_breeds_v3/synthetic/cattle/cow_mahakaushali/SYNTH_COW_MAHAKAUSHALI_0022.jpg,cow_mahakaushali,Mahakaushali,cattle,SYNTHETIC,train
SYNTH_COW_MAHAKAUSHALI_0025,dataset/synthetic_82_breeds_v3/synthetic/cattle/cow_mahakaushali/SYNTH_COW_MAHAKAUSHALI_0025.jpg,cow_mahakaushali,Mahakaushali,cattle,SYNTHETIC,train
SYNTH_COW_MAHAKAUSHALI_0023,dataset/synthetic_82_breeds_v3/synthetic/cattle/cow_mahakaushali/SYNTH_COW_MAHAKAUSHALI_0023.jpg,cow_mahakaushali,Mahakaushali,cattle,SYNTHETIC,train
SYNTH_COW_MAHAKAUSHALI_0024,dataset/synthetic_82_breeds_v3/synthetic/cattle/cow_mahakaushali/SYNTH_COW_MAHAKAUSHALI_0024.jpg,cow_mahakaushali,Mahakaushali,cattle,SYNTHETIC,train
SYNTH_COW_MAHAKAUSHALI_0026,dataset/synthetic_82_breeds_v3/synthetic/cattle/cow_mahakaushali/SYNTH_COW_MAHAKAUSHALI_0026.jpg,cow_mahakaushali,Mahakaushali,cattle,SYNTHETIC,train
SYNTH_COW_MAHAKAUSHALI_0028,dataset/synthetic_82_breeds_v3/synthetic/cattle/cow_mahakaushali/SYNTH_COW_MAHAKAUSHALI_0028.jpg,cow_mahakaushali,Mahakaushali,cattle,SYNTHETIC,train
SYNTH_COW_MALNAD_GIDDA_0001,dataset/synthetic_82_breeds_v3/synthetic/cattle/cow_malnad_gidda/SYNTH_COW_MALNAD_GIDDA_0001.jpg,cow_malnad_gidda,Malnad Gidda,cattle,SYNTHETIC,train
SYNTH_COW_MALNAD_GIDDA_0002,dataset/synthetic_82_breeds_v3/synthetic/cattle/cow_malnad_gidda/SYNTH_COW_MALNAD_GIDDA_0002.jpg,cow_malnad_gidda,Malnad Gidda,cattle,SYNTHETIC,train
SYNTH_COW_MALNAD_GIDDA_0003,dataset/synthetic_82_breeds_v3/synthetic/cattle/cow_malnad_gidda/SYNTH_COW_MALNAD_GIDDA_0003.jpg,cow_malnad_gidda,Malnad Gidda,cattle,SYNTHETIC,train
SYNTH_COW_MALNAD_GIDDA_0004,dataset/synthetic_82_breeds_v3/synthetic/cattle/cow_malnad_gidda/SYNTH_COW_MALNAD_GIDDA_0004.jpg,cow_malnad_gidda,Malnad Gidda,cattle,SYNTHETIC,train
SYNTH_COW_MALNAD_GIDDA_0005,dataset/synthetic_82_breeds_v3/synthetic/cattle/cow_malnad_gidda/SYNTH_COW_MALNAD_GIDDA_0005.jpg,cow_malnad_gidda,Malnad Gidda,cattle,SYNTHETIC,train
SYNTH_COW_MALNAD_GIDDA_0006,dataset/synthetic_82_breeds_v3/synthetic/cattle/cow_malnad_gidda/SYNTH_COW_MALNAD_GIDDA_0006.jpg,cow_malnad_gidda,Malnad Gidda,cattle,SYNTHETIC,train
SYNTH_COW_MALNAD_GIDDA_0007,dataset/synthetic_82_breeds_v3/synthetic/cattle/cow_malnad_gidda/SYNTH_COW_MALNAD_GIDDA_0007.jpg,cow_malnad_gidda,Malnad Gidda,cattle,SYNTHETIC,train
SYNTH_COW_MALNAD_GIDDA_0008,dataset/synthetic_82_breeds_v3/synthetic/cattle/cow_malnad_gidda/SYNTH_COW_MALNAD_GIDDA_0008.jpg,cow_malnad_gidda,Malnad Gidda,cattle,SYNTHETIC,train
SYNTH_COW_MAHAKAUSHALI_0027,dataset/synthetic_82_breeds_v3/synthetic/cattle/cow_mahakaushali/SYNTH_COW_MAHAKAUSHALI_0027.jpg,cow_mahakaushali,Mahakaushali,cattle,SYNTHETIC,train
SYNTH_COW_MALNAD_GIDDA_0009,dataset/synthetic_82_breeds_v3/synthetic/cattle/cow_malnad_gidda/SYNTH_COW_MALNAD_GIDDA_0009.jpg,cow_malnad_gidda,Malnad Gidda,cattle,SYNTHETIC,train
SYNTH_COW_MALNAD_GIDDA_0011,dataset/synthetic_82_breeds_v3/synthetic/cattle/cow_malnad_gidda/SYNTH_COW_MALNAD_GIDDA_0011.jpg,cow_malnad_gidda,Malnad Gidda,cattle,SYNTHETIC,train
SYNTH_COW_MALNAD_GIDDA_0010,dataset/synthetic_82_breeds_v3/synthetic/cattle/cow_malnad_gidda/SYNTH_COW_MALNAD_GIDDA_0010.jpg,cow_malnad_gidda,Malnad Gidda,cattle,SYNTHETIC,train
SYNTH_COW_MALNAD_GIDDA_0012,dataset/synthetic_82_breeds_v3/synthetic/cattle/cow_malnad_gidda/SYNTH_COW_MALNAD_GIDDA_0012.jpg,cow_malnad_gidda,Malnad Gidda,cattle,SYNTHETIC,train
SYNTH_COW_MALNAD_GIDDA_0013,dataset/synthetic_82_breeds_v3/synthetic/cattle/cow_malnad_gidda/SYNTH_COW_MALNAD_GIDDA_0013.jpg,cow_malnad_gidda,Malnad Gidda,cattle,SYNTHETIC,train
SYNTH_COW_MALNAD_GIDDA_0014,dataset/synthetic_82_breeds_v3/synthetic/cattle/cow_malnad_gidda/SYNTH_COW_MALNAD_GIDDA_0014.jpg,cow_malnad_gidda,Malnad Gidda,cattle,SYNTHETIC,train
SYNTH_COW_MALNAD_GIDDA_0016,dataset/synthetic_82_breeds_v3/synthetic/cattle/cow_malnad_gidda/SYNTH_COW_MALNAD_GIDDA_0016.jpg,cow_malnad_gidda,Malnad Gidda,cattle,SYNTHETIC,train
SYNTH_COW_MALNAD_GIDDA_0015,dataset/synthetic_82_breeds_v3/synthetic/cattle/cow_malnad_gidda/SYNTH_COW_MALNAD_GIDDA_0015.jpg,cow_malnad_gidda,Malnad Gidda,cattle,SYNTHETIC,train
SYNTH_COW_MALNAD_GIDDA_0017,dataset/synthetic_82_breeds_v3/synthetic/cattle/cow_malnad_gidda/SYNTH_COW_MALNAD_GIDDA_0017.jpg,cow_malnad_gidda,Malnad Gidda,cattle,SYNTHETIC,train
SYNTH_COW_MALNAD_GIDDA_0018,dataset/synthetic_82_breeds_v3/synthetic/cattle/cow_malnad_gidda/SYNTH_COW_MALNAD_GIDDA_0018.jpg,cow_malnad_gidda,Malnad Gidda,cattle,SYNTHETIC,train
SYNTH_COW_MALNAD_GIDDA_0019,dataset/synthetic_82_breeds_v3/synthetic/cattle/cow_malnad_gidda/SYNTH_COW_MALNAD_GIDDA_0019.jpg,cow_malnad_gidda,Malnad Gidda,cattle,SYNTHETIC,train
SYNTH_COW_MAHAKAUSHALI_0029,dataset/synthetic_82_breeds_v3/synthetic/cattle/cow_mahakaushali/SYNTH_COW_MAHAKAUSHALI_0029.jpg,cow_mahakaushali,Mahakaushali,cattle,SYNTHETIC,train
SYNTH_COW_KRISHNA_VALLEY_0026,dataset/synthetic_82_breeds_v3/synthetic/cattle/cow_krishna_valley/SYNTH_COW_KRISHNA_VALLEY_0026.jpg,cow_krishna_valley,Krishna Valley,cattle,SYNTHETIC,train
SYNTH_COW_KRISHNA_VALLEY_0029,dataset/synthetic_82_breeds_v3/synthetic/cattle/cow_krishna_valley/SYNTH_COW_KRISHNA_VALLEY_0029.jpg,cow_krishna_valley,Krishna Valley,cattle,SYNTHETIC,train
SYNTH_COW_KRISHNA_VALLEY_0028,dataset/synthetic_82_breeds_v3/synthetic/cattle/cow_krishna_valley/SYNTH_COW_KRISHNA_VALLEY_0028.jpg,cow_krishna_valley,Krishna Valley,cattle,SYNTHETIC,train
SYNTH_COW_MALNAD_GIDDA_0025,dataset/synthetic_82_breeds_v3/synthetic/cattle/cow_malnad_gidda/SYNTH_COW_MALNAD_GIDDA_0025.jpg,cow_malnad_gidda,Malnad Gidda,cattle,SYNTHETIC,train
SYNTH_COW_KRISHNA_VALLEY_0027,dataset/synthetic_82_breeds_v3/synthetic/cattle/cow_krishna_valley/SYNTH_COW_KRISHNA_VALLEY_0027.jpg,cow_krishna_valley,Krishna Valley,cattle,SYNTHETIC,train
SYNTH_COW_KRISHNA_VALLEY_0024,dataset/synthetic_82_breeds_v3/synthetic/cattle/cow_krishna_valley/SYNTH_COW_KRISHNA_VALLEY_0024.jpg,cow_krishna_valley,Krishna Valley,cattle,SYNTHETIC,train
SYNTH_COW_MALNAD_GIDDA_0020,dataset/synthetic_82_breeds_v3/synthetic/cattle/cow_malnad_gidda/SYNTH_COW_MALNAD_GIDDA_0020.jpg,cow_malnad_gidda,Malnad Gidda,cattle,SYNTHETIC,train
SYNTH_COW_MALNAD_GIDDA_0023,dataset/synthetic_82_breeds_v3/synthetic/cattle/cow_malnad_gidda/SYNTH_COW_MALNAD_GIDDA_0023.jpg,cow_malnad_gidda,Malnad Gidda,cattle,SYNTHETIC,train
SYNTH_BUFFALO_MANAH_0001,dataset/synthetic_82_breeds_v3/synthetic/buffalo/buffalo_manah/SYNTH_BUFFALO_MANAH_0001.jpg,buffalo_manah,Manah,buffalo,SYNTHETIC,train
SYNTH_BUFFALO_MANAH_0002,dataset/synthetic_82_breeds_v3/synthetic/buffalo/buffalo_manah/SYNTH_BUFFALO_MANAH_0002.jpg,buffalo_manah,Manah,buffalo,SYNTHETIC,train
SYNTH_BUFFALO_MANAH_0003,dataset/synthetic_82_breeds_v3/synthetic/buffalo/buffalo_manah/SYNTH_BUFFALO_MANAH_0003.jpg,buffalo_manah,Manah,buffalo,SYNTHETIC,train
SYNTH_BUFFALO_MANAH_0004,dataset/synthetic_82_breeds_v3/synthetic/buffalo/buffalo_manah/SYNTH_BUFFALO_MANAH_0004.jpg,buffalo_manah,Manah,buffalo,SYNTHETIC,train
SYNTH_BUFFALO_MANAH_0005,dataset/synthetic_82_breeds_v3/synthetic/buffalo/buffalo_manah/SYNTH_BUFFALO_MANAH_0005.jpg,buffalo_manah,Manah,buffalo,SYNTHETIC,train
SYNTH_BUFFALO_MANAH_0006,dataset/synthetic_82_breeds_v3/synthetic/buffalo/buffalo_manah/SYNTH_BUFFALO_MANAH_0006.jpg,buffalo_manah,Manah,buffalo,SYNTHETIC,train
SYNTH_BUFFALO_MANAH_0007,dataset/synthetic_82_breeds_v3/synthetic/buffalo/buffalo_manah/SYNTH_BUFFALO_MANAH_0007.jpg,buffalo_manah,Manah,buffalo,SYNTHETIC,train
SYNTH_BUFFALO_MANAH_0008,dataset/synthetic_82_breeds_v3/synthetic/buffalo/buffalo_manah/SYNTH_BUFFALO_MANAH_0008.jpg,buffalo_manah,Manah,buffalo,SYNTHETIC,train
SYNTH_BUFFALO_MANAH_0009,dataset/synthetic_82_breeds_v3/synthetic/buffalo/buffalo_manah/SYNTH_BUFFALO_MANAH_0009.jpg,buffalo_manah,Manah,buffalo,SYNTHETIC,train
SYNTH_BUFFALO_MANAH_0010,dataset/synthetic_82_breeds_v3/synthetic/buffalo/buffalo_manah/SYNTH_BUFFALO_MANAH_0010.jpg,buffalo_manah,Manah,buffalo,SYNTHETIC,train
SYNTH_BUFFALO_MANAH_0011,dataset/synthetic_82_breeds_v3/synthetic/buffalo/buffalo_manah/SYNTH_BUFFALO_MANAH_0011.jpg,buffalo_manah,Manah,buffalo,SYNTHETIC,train
SYNTH_BUFFALO_MANAH_0012,dataset/synthetic_82_breeds_v3/synthetic/buffalo/buffalo_manah/SYNTH_BUFFALO_MANAH_0012.jpg,buffalo_manah,Manah,buffalo,SYNTHETIC,train
SYNTH_BUFFALO_MANAH_0013,dataset/synthetic_82_breeds_v3/synthetic/buffalo/buffalo_manah/SYNTH_BUFFALO_MANAH_0013.jpg,buffalo_manah,Manah,buffalo,SYNTHETIC,train
SYNTH_BUFFALO_MANAH_0014,dataset/synthetic_82_breeds_v3/synthetic/buffalo/buffalo_manah/SYNTH_BUFFALO_MANAH_0014.jpg,buffalo_manah,Manah,buffalo,SYNTHETIC,train
SYNTH_BUFFALO_MANAH_0015,dataset/synthetic_82_breeds_v3/synthetic/buffalo/buffalo_manah/SYNTH_BUFFALO_MANAH_0015.jpg,buffalo_manah,Manah,buffalo,SYNTHETIC,train
SYNTH_BUFFALO_MANAH_0016,dataset/synthetic_82_breeds_v3/synthetic/buffalo/buffalo_manah/SYNTH_BUFFALO_MANAH_0016.jpg,buffalo_manah,Manah,buffalo,SYNTHETIC,train
SYNTH_BUFFALO_MANAH_0017,dataset/synthetic_82_breeds_v3/synthetic/buffalo/buffalo_manah/SYNTH_BUFFALO_MANAH_0017.jpg,buffalo_manah,Manah,buffalo,SYNTHETIC,train
SYNTH_BUFFALO_MANAH_0018,dataset/synthetic_82_breeds_v3/synthetic/buffalo/buffalo_manah/SYNTH_BUFFALO_MANAH_0018.jpg,buffalo_manah,Manah,buffalo,SYNTHETIC,train
SYNTH_BUFFALO_MANAH_0019,dataset/synthetic_82_breeds_v3/synthetic/buffalo/buffalo_manah/SYNTH_BUFFALO_MANAH_0019.jpg,buffalo_manah,Manah,buffalo,SYNTHETIC,train
SYNTH_COW_MALNAD_GIDDA_0022,dataset/synthetic_82_breeds_v3/synthetic/cattle/cow_malnad_gidda/SYNTH_COW_MALNAD_GIDDA_0022.jpg,cow_malnad_gidda,Malnad Gidda,cattle,SYNTHETIC,train
SYNTH_COW_MALNAD_GIDDA_0026,dataset/synthetic_82_breeds_v3/synthetic/cattle/cow_malnad_gidda/SYNTH_COW_MALNAD_GIDDA_0026.jpg,cow_malnad_gidda,Malnad Gidda,cattle,SYNTHETIC,train
SYNTH_BUFFALO_MANAH_0020,dataset/synthetic_82_breeds_v3/synthetic/buffalo/buffalo_manah/SYNTH_BUFFALO_MANAH_0020.jpg,buffalo_manah,Manah,buffalo,SYNTHETIC,train
SYNTH_BUFFALO_MANAH_0021,dataset/synthetic_82_breeds_v3/synthetic/buffalo/buffalo_manah/SYNTH_BUFFALO_MANAH_0021.jpg,buffalo_manah,Manah,buffalo,SYNTHETIC,train
SYNTH_COW_MALNAD_GIDDA_0021,dataset/synthetic_82_breeds_v3/synthetic/cattle/cow_malnad_gidda/SYNTH_COW_MALNAD_GIDDA_0021.jpg,cow_malnad_gidda,Malnad Gidda,cattle,SYNTHETIC,train
SYNTH_BUFFALO_MANAH_0022,dataset/synthetic_82_breeds_v3/synthetic/buffalo/buffalo_manah/SYNTH_BUFFALO_MANAH_0022.jpg,buffalo_manah,Manah,buffalo,SYNTHETIC,train
SYNTH_BUFFALO_MANAH_0023,dataset/synthetic_82_breeds_v3/synthetic/buffalo/buffalo_manah/SYNTH_BUFFALO_MANAH_0023.jpg,buffalo_manah,Manah,buffalo,SYNTHETIC,train
SYNTH_BUFFALO_MANAH_0024,dataset/synthetic_82_breeds_v3/synthetic/buffalo/buffalo_manah/SYNTH_BUFFALO_MANAH_0024.jpg,buffalo_manah,Manah,buffalo,SYNTHETIC,train
SYNTH_BUFFALO_MANAH_0025,dataset/synthetic_82_breeds_v3/synthetic/buffalo/buffalo_manah/SYNTH_BUFFALO_MANAH_0025.jpg,buffalo_manah,Manah,buffalo,SYNTHETIC,train
SYNTH_BUFFALO_MANAH_0026,dataset/synthetic_82_breeds_v3/synthetic/buffalo/buffalo_manah/SYNTH_BUFFALO_MANAH_0026.jpg,buffalo_manah,Manah,buffalo,SYNTHETIC,train
SYNTH_BUFFALO_MARATHWADI_0001,dataset/synthetic_82_breeds_v3/synthetic/buffalo/buffalo_marathwadi/SYNTH_BUFFALO_MARATHWADI_0001.jpg,buffalo_marathwadi,Marathwadi,buffalo,SYNTHETIC,train
SYNTH_BUFFALO_MARATHWADI_0002,dataset/synthetic_82_breeds_v3/synthetic/buffalo/buffalo_marathwadi/SYNTH_BUFFALO_MARATHWADI_0002.jpg,buffalo_marathwadi,Marathwadi,buffalo,SYNTHETIC,train
SYNTH_BUFFALO_MARATHWADI_0003,dataset/synthetic_82_breeds_v3/synthetic/buffalo/buffalo_marathwadi/SYNTH_BUFFALO_MARATHWADI_0003.jpg,buffalo_marathwadi,Marathwadi,buffalo,SYNTHETIC,train
SYNTH_BUFFALO_MARATHWADI_0004,dataset/synthetic_82_breeds_v3/synthetic/buffalo/buffalo_marathwadi/SYNTH_BUFFALO_MARATHWADI_0004.jpg,buffalo_marathwadi,Marathwadi,buffalo,SYNTHETIC,train
SYNTH_BUFFALO_MARATHWADI_0005,dataset/synthetic_82_breeds_v3/synthetic/buffalo/buffalo_marathwadi/SYNTH_BUFFALO_MARATHWADI_0005.jpg,buffalo_marathwadi,Marathwadi,buffalo,SYNTHETIC,train
SYNTH_BUFFALO_MARATHWADI_0006,dataset/synthetic_82_breeds_v3/synthetic/buffalo/buffalo_marathwadi/SYNTH_BUFFALO_MARATHWADI_0006.jpg,buffalo_marathwadi,Marathwadi,buffalo,SYNTHETIC,train
SYNTH_BUFFALO_MARATHWADI_0007,dataset/synthetic_82_breeds_v3/synthetic/buffalo/buffalo_marathwadi/SYNTH_BUFFALO_MARATHWADI_0007.jpg,buffalo_marathwadi,Marathwadi,buffalo,SYNTHETIC,train
SYNTH_BUFFALO_MARATHWADI_0008,dataset/synthetic_82_breeds_v3/synthetic/buffalo/buffalo_marathwadi/SYNTH_BUFFALO_MARATHWADI_0008.jpg,buffalo_marathwadi,Marathwadi,buffalo,SYNTHETIC,train
SYNTH_BUFFALO_MARATHWADI_0009,dataset/synthetic_82_breeds_v3/synthetic/buffalo/buffalo_marathwadi/SYNTH_BUFFALO_MARATHWADI_0009.jpg,buffalo_marathwadi,Marathwadi,buffalo,SYNTHETIC,train
SYNTH_BUFFALO_MARATHWADI_0010,dataset/synthetic_82_breeds_v3/synthetic/buffalo/buffalo_marathwadi/SYNTH_BUFFALO_MARATHWADI_0010.jpg,buffalo_marathwadi,Marathwadi,buffalo,SYNTHETIC,train
SYNTH_BUFFALO_MARATHWADI_0011,dataset/synthetic_82_breeds_v3/synthetic/buffalo/buffalo_marathwadi/SYNTH_BUFFALO_MARATHWADI_0011.jpg,buffalo_marathwadi,Marathwadi,buffalo,SYNTHETIC,train
SYNTH_BUFFALO_MARATHWADI_0012,dataset/synthetic_82_breeds_v3/synthetic/buffalo/buffalo_marathwadi/SYNTH_BUFFALO_MARATHWADI_0012.jpg,buffalo_marathwadi,Marathwadi,buffalo,SYNTHETIC,train
SYNTH_BUFFALO_MARATHWADI_0013,dataset/synthetic_82_breeds_v3/synthetic/buffalo/buffalo_marathwadi/SYNTH_BUFFALO_MARATHWADI_0013.jpg,buffalo_marathwadi,Marathwadi,buffalo,SYNTHETIC,train
SYNTH_BUFFALO_MANAH_0027,dataset/synthetic_82_breeds_v3/synthetic/buffalo/buffalo_manah/SYNTH_BUFFALO_MANAH_0027.jpg,buffalo_manah,Manah,buffalo,SYNTHETIC,train
SYNTH_BUFFALO_MARATHWADI_0014,dataset/synthetic_82_breeds_v3/synthetic/buffalo/buffalo_marathwadi/SYNTH_BUFFALO_MARATHWADI_0014.jpg,buffalo_marathwadi,Marathwadi,buffalo,SYNTHETIC,train
SYNTH_BUFFALO_MANAH_0028,dataset/synthetic_82_breeds_v3/synthetic/buffalo/buffalo_manah/SYNTH_BUFFALO_MANAH_0028.jpg,buffalo_manah,Manah,buffalo,SYNTHETIC,train
SYNTH_BUFFALO_MARATHWADI_0016,dataset/synthetic_82_breeds_v3/synthetic/buffalo/buffalo_marathwadi/SYNTH_BUFFALO_MARATHWADI_0016.jpg,buffalo_marathwadi,Marathwadi,buffalo,SYNTHETIC,train
SYNTH_BUFFALO_MARATHWADI_0015,dataset/synthetic_82_breeds_v3/synthetic/buffalo/buffalo_marathwadi/SYNTH_BUFFALO_MARATHWADI_0015.jpg,buffalo_marathwadi,Marathwadi,buffalo,SYNTHETIC,train
SYNTH_BUFFALO_MARATHWADI_0017,dataset/synthetic_82_breeds_v3/synthetic/buffalo/buffalo_marathwadi/SYNTH_BUFFALO_MARATHWADI_0017.jpg,buffalo_marathwadi,Marathwadi,buffalo,SYNTHETIC,train
SYNTH_BUFFALO_MARATHWADI_0018,dataset/synthetic_82_breeds_v3/synthetic/buffalo/buffalo_marathwadi/SYNTH_BUFFALO_MARATHWADI_0018.jpg,buffalo_marathwadi,Marathwadi,buffalo,SYNTHETIC,train
SYNTH_BUFFALO_MARATHWADI_0019,dataset/synthetic_82_breeds_v3/synthetic/buffalo/buffalo_marathwadi/SYNTH_BUFFALO_MARATHWADI_0019.jpg,buffalo_marathwadi,Marathwadi,buffalo,SYNTHETIC,train
SYNTH_COW_MALNAD_GIDDA_0028,dataset/synthetic_82_breeds_v3/synthetic/cattle/cow_malnad_gidda/SYNTH_COW_MALNAD_GIDDA_0028.jpg,cow_malnad_gidda,Malnad Gidda,cattle,SYNTHETIC,train
SYNTH_BUFFALO_MANAH_0029,dataset/synthetic_82_breeds_v3/synthetic/buffalo/buffalo_manah/SYNTH_BUFFALO_MANAH_0029.jpg,buffalo_manah,Manah,buffalo,SYNTHETIC,train
SYNTH_BUFFALO_MARATHWADI_0022,dataset/synthetic_82_breeds_v3/synthetic/buffalo/buffalo_marathwadi/SYNTH_BUFFALO_MARATHWADI_0022.jpg,buffalo_marathwadi,Marathwadi,buffalo,SYNTHETIC,train
SYNTH_BUFFALO_MARATHWADI_0020,dataset/synthetic_82_breeds_v3/synthetic/buffalo/buffalo_marathwadi/SYNTH_BUFFALO_MARATHWADI_0020.jpg,buffalo_marathwadi,Marathwadi,buffalo,SYNTHETIC,train
SYNTH_BUFFALO_MARATHWADI_0021,dataset/synthetic_82_breeds_v3/synthetic/buffalo/buffalo_marathwadi/SYNTH_BUFFALO_MARATHWADI_0021.jpg,buffalo_marathwadi,Marathwadi,buffalo,SYNTHETIC,train
SYNTH_BUFFALO_MARATHWADI_0023,dataset/synthetic_82_breeds_v3/synthetic/buffalo/buffalo_marathwadi/SYNTH_BUFFALO_MARATHWADI_0023.jpg,buffalo_marathwadi,Marathwadi,buffalo,SYNTHETIC,train
SYNTH_BUFFALO_MARATHWADI_0025,dataset/synthetic_82_breeds_v3/synthetic/buffalo/buffalo_marathwadi/SYNTH_BUFFALO_MARATHWADI_0025.jpg,buffalo_marathwadi,Marathwadi,buffalo,SYNTHETIC,train
SYNTH_BUFFALO_MARATHWADI_0024,dataset/synthetic_82_breeds_v3/synthetic/buffalo/buffalo_marathwadi/SYNTH_BUFFALO_MARATHWADI_0024.jpg,buffalo_marathwadi,Marathwadi,buffalo,SYNTHETIC,train
SYNTH_COW_MASILUM_0001,dataset/synthetic_82_breeds_v3/synthetic/cattle/cow_masilum/SYNTH_COW_MASILUM_0001.jpg,cow_masilum,Masilum,cattle,SYNTHETIC,train
SYNTH_COW_MASILUM_0002,dataset/synthetic_82_breeds_v3/synthetic/cattle/cow_masilum/SYNTH_COW_MASILUM_0002.jpg,cow_masilum,Masilum,cattle,SYNTHETIC,train
SYNTH_COW_MASILUM_0003,dataset/synthetic_82_breeds_v3/synthetic/cattle/cow_masilum/SYNTH_COW_MASILUM_0003.jpg,cow_masilum,Masilum,cattle,SYNTHETIC,train
SYNTH_COW_MASILUM_0004,dataset/synthetic_82_breeds_v3/synthetic/cattle/cow_masilum/SYNTH_COW_MASILUM_0004.jpg,cow_masilum,Masilum,cattle,SYNTHETIC,train
SYNTH_BUFFALO_MARATHWADI_0027,dataset/synthetic_82_breeds_v3/synthetic/buffalo/buffalo_marathwadi/SYNTH_BUFFALO_MARATHWADI_0027.jpg,buffalo_marathwadi,Marathwadi,buffalo,SYNTHETIC,train
SYNTH_BUFFALO_MARATHWADI_0026,dataset/synthetic_82_breeds_v3/synthetic/buffalo/buffalo_marathwadi/SYNTH_BUFFALO_MARATHWADI_0026.jpg,buffalo_marathwadi,Marathwadi,buffalo,SYNTHETIC,train
SYNTH_COW_MASILUM_0005,dataset/synthetic_82_breeds_v3/synthetic/cattle/cow_masilum/SYNTH_COW_MASILUM_0005.jpg,cow_masilum,Masilum,cattle,SYNTHETIC,train
SYNTH_COW_MASILUM_0006,dataset/synthetic_82_breeds_v3/synthetic/cattle/cow_masilum/SYNTH_COW_MASILUM_0006.jpg,cow_masilum,Masilum,cattle,SYNTHETIC,train
SYNTH_COW_MASILUM_0007,dataset/synthetic_82_breeds_v3/synthetic/cattle/cow_masilum/SYNTH_COW_MASILUM_0007.jpg,cow_masilum,Masilum,cattle,SYNTHETIC,train
SYNTH_COW_MASILUM_0008,dataset/synthetic_82_breeds_v3/synthetic/cattle/cow_masilum/SYNTH_COW_MASILUM_0008.jpg,cow_masilum,Masilum,cattle,SYNTHETIC,train
SYNTH_COW_MASILUM_0009,dataset/synthetic_82_breeds_v3/synthetic/cattle/cow_masilum/SYNTH_COW_MASILUM_0009.jpg,cow_masilum,Masilum,cattle,SYNTHETIC,train
SYNTH_COW_MASILUM_0010,dataset/synthetic_82_breeds_v3/synthetic/cattle/cow_masilum/SYNTH_COW_MASILUM_0010.jpg,cow_masilum,Masilum,cattle,SYNTHETIC,train
SYNTH_COW_MASILUM_0011,dataset/synthetic_82_breeds_v3/synthetic/cattle/cow_masilum/SYNTH_COW_MASILUM_0011.jpg,cow_masilum,Masilum,cattle,SYNTHETIC,train
SYNTH_COW_MASILUM_0012,dataset/synthetic_82_breeds_v3/synthetic/cattle/cow_masilum/SYNTH_COW_MASILUM_0012.jpg,cow_masilum,Masilum,cattle,SYNTHETIC,train
SYNTH_COW_MASILUM_0013,dataset/synthetic_82_breeds_v3/synthetic/cattle/cow_masilum/SYNTH_COW_MASILUM_0013.jpg,cow_masilum,Masilum,cattle,SYNTHETIC,train
SYNTH_COW_MASILUM_0014,dataset/synthetic_82_breeds_v3/synthetic/cattle/cow_masilum/SYNTH_COW_MASILUM_0014.jpg,cow_masilum,Masilum,cattle,SYNTHETIC,train
SYNTH_COW_MASILUM_0015,dataset/synthetic_82_breeds_v3/synthetic/cattle/cow_masilum/SYNTH_COW_MASILUM_0015.jpg,cow_masilum,Masilum,cattle,SYNTHETIC,train
SYNTH_COW_MASILUM_0017,dataset/synthetic_82_breeds_v3/synthetic/cattle/cow_masilum/SYNTH_COW_MASILUM_0017.jpg,cow_masilum,Masilum,cattle,SYNTHETIC,train
SYNTH_COW_MASILUM_0016,dataset/synthetic_82_breeds_v3/synthetic/cattle/cow_masilum/SYNTH_COW_MASILUM_0016.jpg,cow_masilum,Masilum,cattle,SYNTHETIC,train
SYNTH_COW_MASILUM_0018,dataset/synthetic_82_breeds_v3/synthetic/cattle/cow_masilum/SYNTH_COW_MASILUM_0018.jpg,cow_masilum,Masilum,cattle,SYNTHETIC,train
SYNTH_COW_MASILUM_0019,dataset/synthetic_82_breeds_v3/synthetic/cattle/cow_masilum/SYNTH_COW_MASILUM_0019.jpg,cow_masilum,Masilum,cattle,SYNTHETIC,train
SYNTH_BUFFALO_MARATHWADI_0028,dataset/synthetic_82_breeds_v3/synthetic/buffalo/buffalo_marathwadi/SYNTH_BUFFALO_MARATHWADI_0028.jpg,buffalo_marathwadi,Marathwadi,buffalo,SYNTHETIC,train
SYNTH_BUFFALO_MARATHWADI_0029,dataset/synthetic_82_breeds_v3/synthetic/buffalo/buffalo_marathwadi/SYNTH_BUFFALO_MARATHWADI_0029.jpg,buffalo_marathwadi,Marathwadi,buffalo,SYNTHETIC,train
SYNTH_COW_MASILUM_0020,dataset/synthetic_82_breeds_v3/synthetic/cattle/cow_masilum/SYNTH_COW_MASILUM_0020.jpg,cow_masilum,Masilum,cattle,SYNTHETIC,train
SYNTH_COW_MASILUM_0022,dataset/synthetic_82_breeds_v3/synthetic/cattle/cow_masilum/SYNTH_COW_MASILUM_0022.jpg,cow_masilum,Masilum,cattle,SYNTHETIC,train
SYNTH_COW_MASILUM_0023,dataset/synthetic_82_breeds_v3/synthetic/cattle/cow_masilum/SYNTH_COW_MASILUM_0023.jpg,cow_masilum,Masilum,cattle,SYNTHETIC,train
SYNTH_COW_MASILUM_0021,dataset/synthetic_82_breeds_v3/synthetic/cattle/cow_masilum/SYNTH_COW_MASILUM_0021.jpg,cow_masilum,Masilum,cattle,SYNTHETIC,train
SYNTH_COW_MASILUM_0024,dataset/synthetic_82_breeds_v3/synthetic/cattle/cow_masilum/SYNTH_COW_MASILUM_0024.jpg,cow_masilum,Masilum,cattle,SYNTHETIC,train
SYNTH_COW_MASILUM_0025,dataset/synthetic_82_breeds_v3/synthetic/cattle/cow_masilum/SYNTH_COW_MASILUM_0025.jpg,cow_masilum,Masilum,cattle,SYNTHETIC,train
SYNTH_BUFFALO_MELGHATI_0001,dataset/synthetic_82_breeds_v3/synthetic/buffalo/buffalo_melghati/SYNTH_BUFFALO_MELGHATI_0001.jpg,buffalo_melghati,Melghati,buffalo,SYNTHETIC,train
SYNTH_BUFFALO_MELGHATI_0002,dataset/synthetic_82_breeds_v3/synthetic/buffalo/buffalo_melghati/SYNTH_BUFFALO_MELGHATI_0002.jpg,buffalo_melghati,Melghati,buffalo,SYNTHETIC,train
SYNTH_BUFFALO_MELGHATI_0003,dataset/synthetic_82_breeds_v3/synthetic/buffalo/buffalo_melghati/SYNTH_BUFFALO_MELGHATI_0003.jpg,buffalo_melghati,Melghati,buffalo,SYNTHETIC,train
SYNTH_COW_MASILUM_0028,dataset/synthetic_82_breeds_v3/synthetic/cattle/cow_masilum/SYNTH_COW_MASILUM_0028.jpg,cow_masilum,Masilum,cattle,SYNTHETIC,train
SYNTH_COW_MASILUM_0026,dataset/synthetic_82_breeds_v3/synthetic/cattle/cow_masilum/SYNTH_COW_MASILUM_0026.jpg,cow_masilum,Masilum,cattle,SYNTHETIC,train
SYNTH_BUFFALO_MELGHATI_0005,dataset/synthetic_82_breeds_v3/synthetic/buffalo/buffalo_melghati/SYNTH_BUFFALO_MELGHATI_0005.jpg,buffalo_melghati,Melghati,buffalo,SYNTHETIC,train
SYNTH_BUFFALO_MELGHATI_0006,dataset/synthetic_82_breeds_v3/synthetic/buffalo/buffalo_melghati/SYNTH_BUFFALO_MELGHATI_0006.jpg,buffalo_melghati,Melghati,buffalo,SYNTHETIC,train
SYNTH_BUFFALO_MELGHATI_0007,dataset/synthetic_82_breeds_v3/synthetic/buffalo/buffalo_melghati/SYNTH_BUFFALO_MELGHATI_0007.jpg,buffalo_melghati,Melghati,buffalo,SYNTHETIC,train
SYNTH_BUFFALO_MELGHATI_0008,dataset/synthetic_82_breeds_v3/synthetic/buffalo/buffalo_melghati/SYNTH_BUFFALO_MELGHATI_0008.jpg,buffalo_melghati,Melghati,buffalo,SYNTHETIC,train
SYNTH_BUFFALO_MELGHATI_0004,dataset/synthetic_82_breeds_v3/synthetic/buffalo/buffalo_melghati/SYNTH_BUFFALO_MELGHATI_0004.jpg,buffalo_melghati,Melghati,buffalo,SYNTHETIC,train
SYNTH_BUFFALO_MELGHATI_0009,dataset/synthetic_82_breeds_v3/synthetic/buffalo/buffalo_melghati/SYNTH_BUFFALO_MELGHATI_0009.jpg,buffalo_melghati,Melghati,buffalo,SYNTHETIC,train
SYNTH_BUFFALO_MELGHATI_0010,dataset/synthetic_82_breeds_v3/synthetic/buffalo/buffalo_melghati/SYNTH_BUFFALO_MELGHATI_0010.jpg,buffalo_melghati,Melghati,buffalo,SYNTHETIC,train
SYNTH_BUFFALO_MELGHATI_0011,dataset/synthetic_82_breeds_v3/synthetic/buffalo/buffalo_melghati/SYNTH_BUFFALO_MELGHATI_0011.jpg,buffalo_melghati,Melghati,buffalo,SYNTHETIC,train
SYNTH_BUFFALO_MELGHATI_0012,dataset/synthetic_82_breeds_v3/synthetic/buffalo/buffalo_melghati/SYNTH_BUFFALO_MELGHATI_0012.jpg,buffalo_melghati,Melghati,buffalo,SYNTHETIC,train
SYNTH_BUFFALO_MELGHATI_0013,dataset/synthetic_82_breeds_v3/synthetic/buffalo/buffalo_melghati/SYNTH_BUFFALO_MELGHATI_0013.jpg,buffalo_melghati,Melghati,buffalo,SYNTHETIC,train
SYNTH_BUFFALO_MELGHATI_0014,dataset/synthetic_82_breeds_v3/synthetic/buffalo/buffalo_melghati/SYNTH_BUFFALO_MELGHATI_0014.jpg,buffalo_melghati,Melghati,buffalo,SYNTHETIC,train
SYNTH_BUFFALO_MELGHATI_0015,dataset/synthetic_82_breeds_v3/synthetic/buffalo/buffalo_melghati/SYNTH_BUFFALO_MELGHATI_0015.jpg,buffalo_melghati,Melghati,buffalo,SYNTHETIC,train
SYNTH_BUFFALO_MELGHATI_0016,dataset/synthetic_82_breeds_v3/synthetic/buffalo/buffalo_melghati/SYNTH_BUFFALO_MELGHATI_0016.jpg,buffalo_melghati,Melghati,buffalo,SYNTHETIC,train
SYNTH_BUFFALO_MELGHATI_0017,dataset/synthetic_82_breeds_v3/synthetic/buffalo/buffalo_melghati/SYNTH_BUFFALO_MELGHATI_0017.jpg,buffalo_melghati,Melghati,buffalo,SYNTHETIC,train
SYNTH_BUFFALO_MELGHATI_0018,dataset/synthetic_82_breeds_v3/synthetic/buffalo/buffalo_melghati/SYNTH_BUFFALO_MELGHATI_0018.jpg,buffalo_melghati,Melghati,buffalo,SYNTHETIC,train
SYNTH_BUFFALO_MELGHATI_0019,dataset/synthetic_82_breeds_v3/synthetic/buffalo/buffalo_melghati/SYNTH_BUFFALO_MELGHATI_0019.jpg,buffalo_melghati,Melghati,buffalo,SYNTHETIC,train
SYNTH_COW_MASILUM_0027,dataset/synthetic_82_breeds_v3/synthetic/cattle/cow_masilum/SYNTH_COW_MASILUM_0027.jpg,cow_masilum,Masilum,cattle,SYNTHETIC,train
SYNTH_COW_MASILUM_0029,dataset/synthetic_82_breeds_v3/synthetic/cattle/cow_masilum/SYNTH_COW_MASILUM_0029.jpg,cow_masilum,Masilum,cattle,SYNTHETIC,train
SYNTH_BUFFALO_MELGHATI_0022,dataset/synthetic_82_breeds_v3/synthetic/buffalo/buffalo_melghati/SYNTH_BUFFALO_MELGHATI_0022.jpg,buffalo_melghati,Melghati,buffalo,SYNTHETIC,train
SYNTH_BUFFALO_MELGHATI_0020,dataset/synthetic_82_breeds_v3/synthetic/buffalo/buffalo_melghati/SYNTH_BUFFALO_MELGHATI_0020.jpg,buffalo_melghati,Melghati,buffalo,SYNTHETIC,train
SYNTH_BUFFALO_MELGHATI_0023,dataset/synthetic_82_breeds_v3/synthetic/buffalo/buffalo_melghati/SYNTH_BUFFALO_MELGHATI_0023.jpg,buffalo_melghati,Melghati,buffalo,SYNTHETIC,train
SYNTH_BUFFALO_MELGHATI_0021,dataset/synthetic_82_breeds_v3/synthetic/buffalo/buffalo_melghati/SYNTH_BUFFALO_MELGHATI_0021.jpg,buffalo_melghati,Melghati,buffalo,SYNTHETIC,train
SYNTH_BUFFALO_MELGHATI_0025,dataset/synthetic_82_breeds_v3/synthetic/buffalo/buffalo_melghati/SYNTH_BUFFALO_MELGHATI_0025.jpg,buffalo_melghati,Melghati,buffalo,SYNTHETIC,train
SYNTH_BUFFALO_MELGHATI_0024,dataset/synthetic_82_breeds_v3/synthetic/buffalo/buffalo_melghati/SYNTH_BUFFALO_MELGHATI_0024.jpg,buffalo_melghati,Melghati,buffalo,SYNTHETIC,train
SYNTH_COW_MEWATI_0001,dataset/synthetic_82_breeds_v3/synthetic/cattle/cow_mewati/SYNTH_COW_MEWATI_0001.jpg,cow_mewati,Mewati,cattle,SYNTHETIC,train
SYNTH_COW_MEWATI_0002,dataset/synthetic_82_breeds_v3/synthetic/cattle/cow_mewati/SYNTH_COW_MEWATI_0002.jpg,cow_mewati,Mewati,cattle,SYNTHETIC,train
SYNTH_COW_MEWATI_0003,dataset/synthetic_82_breeds_v3/synthetic/cattle/cow_mewati/SYNTH_COW_MEWATI_0003.jpg,cow_mewati,Mewati,cattle,SYNTHETIC,train
SYNTH_COW_MEWATI_0004,dataset/synthetic_82_breeds_v3/synthetic/cattle/cow_mewati/SYNTH_COW_MEWATI_0004.jpg,cow_mewati,Mewati,cattle,SYNTHETIC,train
SYNTH_COW_MEWATI_0005,dataset/synthetic_82_breeds_v3/synthetic/cattle/cow_mewati/SYNTH_COW_MEWATI_0005.jpg,cow_mewati,Mewati,cattle,SYNTHETIC,train
SYNTH_COW_MEWATI_0006,dataset/synthetic_82_breeds_v3/synthetic/cattle/cow_mewati/SYNTH_COW_MEWATI_0006.jpg,cow_mewati,Mewati,cattle,SYNTHETIC,train
SYNTH_COW_MEWATI_0007,dataset/synthetic_82_breeds_v3/synthetic/cattle/cow_mewati/SYNTH_COW_MEWATI_0007.jpg,cow_mewati,Mewati,cattle,SYNTHETIC,train
SYNTH_COW_MEWATI_0008,dataset/synthetic_82_breeds_v3/synthetic/cattle/cow_mewati/SYNTH_COW_MEWATI_0008.jpg,cow_mewati,Mewati,cattle,SYNTHETIC,train
SYNTH_COW_MEWATI_0009,dataset/synthetic_82_breeds_v3/synthetic/cattle/cow_mewati/SYNTH_COW_MEWATI_0009.jpg,cow_mewati,Mewati,cattle,SYNTHETIC,train
SYNTH_COW_MEWATI_0010,dataset/synthetic_82_breeds_v3/synthetic/cattle/cow_mewati/SYNTH_COW_MEWATI_0010.jpg,cow_mewati,Mewati,cattle,SYNTHETIC,train
SYNTH_COW_MEWATI_0011,dataset/synthetic_82_breeds_v3/synthetic/cattle/cow_mewati/SYNTH_COW_MEWATI_0011.jpg,cow_mewati,Mewati,cattle,SYNTHETIC,train
SYNTH_COW_MEWATI_0012,dataset/synthetic_82_breeds_v3/synthetic/cattle/cow_mewati/SYNTH_COW_MEWATI_0012.jpg,cow_mewati,Mewati,cattle,SYNTHETIC,train
SYNTH_COW_MEWATI_0013,dataset/synthetic_82_breeds_v3/synthetic/cattle/cow_mewati/SYNTH_COW_MEWATI_0013.jpg,cow_mewati,Mewati,cattle,SYNTHETIC,train
SYNTH_COW_MEWATI_0014,dataset/synthetic_82_breeds_v3/synthetic/cattle/cow_mewati/SYNTH_COW_MEWATI_0014.jpg,cow_mewati,Mewati,cattle,SYNTHETIC,train
SYNTH_COW_MEWATI_0015,dataset/synthetic_82_breeds_v3/synthetic/cattle/cow_mewati/SYNTH_COW_MEWATI_0015.jpg,cow_mewati,Mewati,cattle,SYNTHETIC,train
SYNTH_COW_MEWATI_0016,dataset/synthetic_82_breeds_v3/synthetic/cattle/cow_mewati/SYNTH_COW_MEWATI_0016.jpg,cow_mewati,Mewati,cattle,SYNTHETIC,train
SYNTH_COW_MEWATI_0017,dataset/synthetic_82_breeds_v3/synthetic/cattle/cow_mewati/SYNTH_COW_MEWATI_0017.jpg,cow_mewati,Mewati,cattle,SYNTHETIC,train
SYNTH_COW_MEWATI_0018,dataset/synthetic_82_breeds_v3/synthetic/cattle/cow_mewati/SYNTH_COW_MEWATI_0018.jpg,cow_mewati,Mewati,cattle,SYNTHETIC,train
SYNTH_COW_MEWATI_0019,dataset/synthetic_82_breeds_v3/synthetic/cattle/cow_mewati/SYNTH_COW_MEWATI_0019.jpg,cow_mewati,Mewati,cattle,SYNTHETIC,train
SYNTH_COW_MEWATI_0020,dataset/synthetic_82_breeds_v3/synthetic/cattle/cow_mewati/SYNTH_COW_MEWATI_0020.jpg,cow_mewati,Mewati,cattle,SYNTHETIC,train
SYNTH_BUFFALO_MELGHATI_0026,dataset/synthetic_82_breeds_v3/synthetic/buffalo/buffalo_melghati/SYNTH_BUFFALO_MELGHATI_0026.jpg,buffalo_melghati,Melghati,buffalo,SYNTHETIC,train
SYNTH_BUFFALO_MELGHATI_0029,dataset/synthetic_82_breeds_v3/synthetic/buffalo/buffalo_melghati/SYNTH_BUFFALO_MELGHATI_0029.jpg,buffalo_melghati,Melghati,buffalo,SYNTHETIC,train
SYNTH_BUFFALO_MELGHATI_0028,dataset/synthetic_82_breeds_v3/synthetic/buffalo/buffalo_melghati/SYNTH_BUFFALO_MELGHATI_0028.jpg,buffalo_melghati,Melghati,buffalo,SYNTHETIC,train
SYNTH_BUFFALO_MELGHATI_0027,dataset/synthetic_82_breeds_v3/synthetic/buffalo/buffalo_melghati/SYNTH_BUFFALO_MELGHATI_0027.jpg,buffalo_melghati,Melghati,buffalo,SYNTHETIC,train
SYNTH_COW_MEWATI_0022,dataset/synthetic_82_breeds_v3/synthetic/cattle/cow_mewati/SYNTH_COW_MEWATI_0022.jpg,cow_mewati,Mewati,cattle,SYNTHETIC,train
SYNTH_COW_MEWATI_0021,dataset/synthetic_82_breeds_v3/synthetic/cattle/cow_mewati/SYNTH_COW_MEWATI_0021.jpg,cow_mewati,Mewati,cattle,SYNTHETIC,train
SYNTH_COW_MEWATI_0025,dataset/synthetic_82_breeds_v3/synthetic/cattle/cow_mewati/SYNTH_COW_MEWATI_0025.jpg,cow_mewati,Mewati,cattle,SYNTHETIC,train
SYNTH_COW_MEWATI_0023,dataset/synthetic_82_breeds_v3/synthetic/cattle/cow_mewati/SYNTH_COW_MEWATI_0023.jpg,cow_mewati,Mewati,cattle,SYNTHETIC,train
SYNTH_COW_MEWATI_0024,dataset/synthetic_82_breeds_v3/synthetic/cattle/cow_mewati/SYNTH_COW_MEWATI_0024.jpg,cow_mewati,Mewati,cattle,SYNTHETIC,train
SYNTH_COW_MOTU_0001,dataset/synthetic_82_breeds_v3/synthetic/cattle/cow_motu/SYNTH_COW_MOTU_0001.jpg,cow_motu,Motu,cattle,SYNTHETIC,train
SYNTH_COW_MOTU_0002,dataset/synthetic_82_breeds_v3/synthetic/cattle/cow_motu/SYNTH_COW_MOTU_0002.jpg,cow_motu,Motu,cattle,SYNTHETIC,train
SYNTH_COW_MOTU_0003,dataset/synthetic_82_breeds_v3/synthetic/cattle/cow_motu/SYNTH_COW_MOTU_0003.jpg,cow_motu,Motu,cattle,SYNTHETIC,train
SYNTH_COW_MOTU_0004,dataset/synthetic_82_breeds_v3/synthetic/cattle/cow_motu/SYNTH_COW_MOTU_0004.jpg,cow_motu,Motu,cattle,SYNTHETIC,train
SYNTH_COW_MOTU_0005,dataset/synthetic_82_breeds_v3/synthetic/cattle/cow_motu/SYNTH_COW_MOTU_0005.jpg,cow_motu,Motu,cattle,SYNTHETIC,train
SYNTH_COW_MOTU_0006,dataset/synthetic_82_breeds_v3/synthetic/cattle/cow_motu/SYNTH_COW_MOTU_0006.jpg,cow_motu,Motu,cattle,SYNTHETIC,train
SYNTH_COW_MOTU_0007,dataset/synthetic_82_breeds_v3/synthetic/cattle/cow_motu/SYNTH_COW_MOTU_0007.jpg,cow_motu,Motu,cattle,SYNTHETIC,train
SYNTH_COW_MOTU_0008,dataset/synthetic_82_breeds_v3/synthetic/cattle/cow_motu/SYNTH_COW_MOTU_0008.jpg,cow_motu,Motu,cattle,SYNTHETIC,train
SYNTH_COW_MOTU_0009,dataset/synthetic_82_breeds_v3/synthetic/cattle/cow_motu/SYNTH_COW_MOTU_0009.jpg,cow_motu,Motu,cattle,SYNTHETIC,train
SYNTH_COW_MOTU_0010,dataset/synthetic_82_breeds_v3/synthetic/cattle/cow_motu/SYNTH_COW_MOTU_0010.jpg,cow_motu,Motu,cattle,SYNTHETIC,train
SYNTH_COW_MOTU_0011,dataset/synthetic_82_breeds_v3/synthetic/cattle/cow_motu/SYNTH_COW_MOTU_0011.jpg,cow_motu,Motu,cattle,SYNTHETIC,train
SYNTH_COW_MEWATI_0026,dataset/synthetic_82_breeds_v3/synthetic/cattle/cow_mewati/SYNTH_COW_MEWATI_0026.jpg,cow_mewati,Mewati,cattle,SYNTHETIC,train
SYNTH_COW_MOTU_0012,dataset/synthetic_82_breeds_v3/synthetic/cattle/cow_motu/SYNTH_COW_MOTU_0012.jpg,cow_motu,Motu,cattle,SYNTHETIC,train
SYNTH_COW_MOTU_0013,dataset/synthetic_82_breeds_v3/synthetic/cattle/cow_motu/SYNTH_COW_MOTU_0013.jpg,cow_motu,Motu,cattle,SYNTHETIC,train
SYNTH_COW_MOTU_0014,dataset/synthetic_82_breeds_v3/synthetic/cattle/cow_motu/SYNTH_COW_MOTU_0014.jpg,cow_motu,Motu,cattle,SYNTHETIC,train
SYNTH_COW_MEWATI_0028,dataset/synthetic_82_breeds_v3/synthetic/cattle/cow_mewati/SYNTH_COW_MEWATI_0028.jpg,cow_mewati,Mewati,cattle,SYNTHETIC,train
SYNTH_COW_MOTU_0015,dataset/synthetic_82_breeds_v3/synthetic/cattle/cow_motu/SYNTH_COW_MOTU_0015.jpg,cow_motu,Motu,cattle,SYNTHETIC,train
SYNTH_COW_MOTU_0016,dataset/synthetic_82_breeds_v3/synthetic/cattle/cow_motu/SYNTH_COW_MOTU_0016.jpg,cow_motu,Motu,cattle,SYNTHETIC,train
SYNTH_COW_MOTU_0017,dataset/synthetic_82_breeds_v3/synthetic/cattle/cow_motu/SYNTH_COW_MOTU_0017.jpg,cow_motu,Motu,cattle,SYNTHETIC,train
SYNTH_COW_MEWATI_0027,dataset/synthetic_82_breeds_v3/synthetic/cattle/cow_mewati/SYNTH_COW_MEWATI_0027.jpg,cow_mewati,Mewati,cattle,SYNTHETIC,train
SYNTH_COW_MOTU_0018,dataset/synthetic_82_breeds_v3/synthetic/cattle/cow_motu/SYNTH_COW_MOTU_0018.jpg,cow_motu,Motu,cattle,SYNTHETIC,train
SYNTH_COW_MOTU_0019,dataset/synthetic_82_breeds_v3/synthetic/cattle/cow_motu/SYNTH_COW_MOTU_0019.jpg,cow_motu,Motu,cattle,SYNTHETIC,train
SYNTH_COW_MEWATI_0029,dataset/synthetic_82_breeds_v3/synthetic/cattle/cow_mewati/SYNTH_COW_MEWATI_0029.jpg,cow_mewati,Mewati,cattle,SYNTHETIC,train
SYNTH_COW_MALNAD_GIDDA_0024,dataset/synthetic_82_breeds_v3/synthetic/cattle/cow_malnad_gidda/SYNTH_COW_MALNAD_GIDDA_0024.jpg,cow_malnad_gidda,Malnad Gidda,cattle,SYNTHETIC,train
SYNTH_COW_MALNAD_GIDDA_0027,dataset/synthetic_82_breeds_v3/synthetic/cattle/cow_malnad_gidda/SYNTH_COW_MALNAD_GIDDA_0027.jpg,cow_malnad_gidda,Malnad Gidda,cattle,SYNTHETIC,train
SYNTH_COW_MOTU_0025,dataset/synthetic_82_breeds_v3/synthetic/cattle/cow_motu/SYNTH_COW_MOTU_0025.jpg,cow_motu,Motu,cattle,SYNTHETIC,train
SYNTH_COW_MOTU_0022,dataset/synthetic_82_breeds_v3/synthetic/cattle/cow_motu/SYNTH_COW_MOTU_0022.jpg,cow_motu,Motu,cattle,SYNTHETIC,train
SYNTH_COW_MOTU_0020,dataset/synthetic_82_breeds_v3/synthetic/cattle/cow_motu/SYNTH_COW_MOTU_0020.jpg,cow_motu,Motu,cattle,SYNTHETIC,train
SYNTH_COW_MOTU_0023,dataset/synthetic_82_breeds_v3/synthetic/cattle/cow_motu/SYNTH_COW_MOTU_0023.jpg,cow_motu,Motu,cattle,SYNTHETIC,train
SYNTH_BUFFALO_PANDHARPURI_0001,dataset/synthetic_82_breeds_v3/synthetic/buffalo/buffalo_pandharpuri/SYNTH_BUFFALO_PANDHARPURI_0001.jpg,buffalo_pandharpuri,Pandharpuri,buffalo,SYNTHETIC,train
SYNTH_BUFFALO_PANDHARPURI_0002,dataset/synthetic_82_breeds_v3/synthetic/buffalo/buffalo_pandharpuri/SYNTH_BUFFALO_PANDHARPURI_0002.jpg,buffalo_pandharpuri,Pandharpuri,buffalo,SYNTHETIC,train
SYNTH_BUFFALO_PANDHARPURI_0003,dataset/synthetic_82_breeds_v3/synthetic/buffalo/buffalo_pandharpuri/SYNTH_BUFFALO_PANDHARPURI_0003.jpg,buffalo_pandharpuri,Pandharpuri,buffalo,SYNTHETIC,train
SYNTH_BUFFALO_PANDHARPURI_0004,dataset/synthetic_82_breeds_v3/synthetic/buffalo/buffalo_pandharpuri/SYNTH_BUFFALO_PANDHARPURI_0004.jpg,buffalo_pandharpuri,Pandharpuri,buffalo,SYNTHETIC,train
SYNTH_BUFFALO_PANDHARPURI_0005,dataset/synthetic_82_breeds_v3/synthetic/buffalo/buffalo_pandharpuri/SYNTH_BUFFALO_PANDHARPURI_0005.jpg,buffalo_pandharpuri,Pandharpuri,buffalo,SYNTHETIC,train
SYNTH_BUFFALO_PANDHARPURI_0006,dataset/synthetic_82_breeds_v3/synthetic/buffalo/buffalo_pandharpuri/SYNTH_BUFFALO_PANDHARPURI_0006.jpg,buffalo_pandharpuri,Pandharpuri,buffalo,SYNTHETIC,train
SYNTH_BUFFALO_PANDHARPURI_0007,dataset/synthetic_82_breeds_v3/synthetic/buffalo/buffalo_pandharpuri/SYNTH_BUFFALO_PANDHARPURI_0007.jpg,buffalo_pandharpuri,Pandharpuri,buffalo,SYNTHETIC,train
SYNTH_BUFFALO_PANDHARPURI_0008,dataset/synthetic_82_breeds_v3/synthetic/buffalo/buffalo_pandharpuri/SYNTH_BUFFALO_PANDHARPURI_0008.jpg,buffalo_pandharpuri,Pandharpuri,buffalo,SYNTHETIC,train
SYNTH_BUFFALO_PANDHARPURI_0009,dataset/synthetic_82_breeds_v3/synthetic/buffalo/buffalo_pandharpuri/SYNTH_BUFFALO_PANDHARPURI_0009.jpg,buffalo_pandharpuri,Pandharpuri,buffalo,SYNTHETIC,train
SYNTH_BUFFALO_PANDHARPURI_0010,dataset/synthetic_82_breeds_v3/synthetic/buffalo/buffalo_pandharpuri/SYNTH_BUFFALO_PANDHARPURI_0010.jpg,buffalo_pandharpuri,Pandharpuri,buffalo,SYNTHETIC,train
SYNTH_BUFFALO_PANDHARPURI_0011,dataset/synthetic_82_breeds_v3/synthetic/buffalo/buffalo_pandharpuri/SYNTH_BUFFALO_PANDHARPURI_0011.jpg,buffalo_pandharpuri,Pandharpuri,buffalo,SYNTHETIC,train
SYNTH_BUFFALO_PANDHARPURI_0012,dataset/synthetic_82_breeds_v3/synthetic/buffalo/buffalo_pandharpuri/SYNTH_BUFFALO_PANDHARPURI_0012.jpg,buffalo_pandharpuri,Pandharpuri,buffalo,SYNTHETIC,train
SYNTH_BUFFALO_PANDHARPURI_0013,dataset/synthetic_82_breeds_v3/synthetic/buffalo/buffalo_pandharpuri/SYNTH_BUFFALO_PANDHARPURI_0013.jpg,buffalo_pandharpuri,Pandharpuri,buffalo,SYNTHETIC,train
SYNTH_BUFFALO_PANDHARPURI_0014,dataset/synthetic_82_breeds_v3/synthetic/buffalo/buffalo_pandharpuri/SYNTH_BUFFALO_PANDHARPURI_0014.jpg,buffalo_pandharpuri,Pandharpuri,buffalo,SYNTHETIC,train
SYNTH_BUFFALO_PANDHARPURI_0015,dataset/synthetic_82_breeds_v3/synthetic/buffalo/buffalo_pandharpuri/SYNTH_BUFFALO_PANDHARPURI_0015.jpg,buffalo_pandharpuri,Pandharpuri,buffalo,SYNTHETIC,train
SYNTH_BUFFALO_PANDHARPURI_0016,dataset/synthetic_82_breeds_v3/synthetic/buffalo/buffalo_pandharpuri/SYNTH_BUFFALO_PANDHARPURI_0016.jpg,buffalo_pandharpuri,Pandharpuri,buffalo,SYNTHETIC,train
SYNTH_BUFFALO_PANDHARPURI_0017,dataset/synthetic_82_breeds_v3/synthetic/buffalo/buffalo_pandharpuri/SYNTH_BUFFALO_PANDHARPURI_0017.jpg,buffalo_pandharpuri,Pandharpuri,buffalo,SYNTHETIC,train
SYNTH_BUFFALO_PANDHARPURI_0018,dataset/synthetic_82_breeds_v3/synthetic/buffalo/buffalo_pandharpuri/SYNTH_BUFFALO_PANDHARPURI_0018.jpg,buffalo_pandharpuri,Pandharpuri,buffalo,SYNTHETIC,train
SYNTH_BUFFALO_PANDHARPURI_0019,dataset/synthetic_82_breeds_v3/synthetic/buffalo/buffalo_pandharpuri/SYNTH_BUFFALO_PANDHARPURI_0019.jpg,buffalo_pandharpuri,Pandharpuri,buffalo,SYNTHETIC,train
SYNTH_COW_MOTU_0026,dataset/synthetic_82_breeds_v3/synthetic/cattle/cow_motu/SYNTH_COW_MOTU_0026.jpg,cow_motu,Motu,cattle,SYNTHETIC,train
SYNTH_BUFFALO_PANDHARPURI_0020,dataset/synthetic_82_breeds_v3/synthetic/buffalo/buffalo_pandharpuri/SYNTH_BUFFALO_PANDHARPURI_0020.jpg,buffalo_pandharpuri,Pandharpuri,buffalo,SYNTHETIC,train
SYNTH_BUFFALO_PANDHARPURI_0021,dataset/synthetic_82_breeds_v3/synthetic/buffalo/buffalo_pandharpuri/SYNTH_BUFFALO_PANDHARPURI_0021.jpg,buffalo_pandharpuri,Pandharpuri,buffalo,SYNTHETIC,train
SYNTH_BUFFALO_PANDHARPURI_0022,dataset/synthetic_82_breeds_v3/synthetic/buffalo/buffalo_pandharpuri/SYNTH_BUFFALO_PANDHARPURI_0022.jpg,buffalo_pandharpuri,Pandharpuri,buffalo,SYNTHETIC,train
SYNTH_BUFFALO_PANDHARPURI_0023,dataset/synthetic_82_breeds_v3/synthetic/buffalo/buffalo_pandharpuri/SYNTH_BUFFALO_PANDHARPURI_0023.jpg,buffalo_pandharpuri,Pandharpuri,buffalo,SYNTHETIC,train
SYNTH_COW_MOTU_0021,dataset/synthetic_82_breeds_v3/synthetic/cattle/cow_motu/SYNTH_COW_MOTU_0021.jpg,cow_motu,Motu,cattle,SYNTHETIC,train
SYNTH_BUFFALO_PANDHARPURI_0025,dataset/synthetic_82_breeds_v3/synthetic/buffalo/buffalo_pandharpuri/SYNTH_BUFFALO_PANDHARPURI_0025.jpg,buffalo_pandharpuri,Pandharpuri,buffalo,SYNTHETIC,train
SYNTH_BUFFALO_PANDHARPURI_0024,dataset/synthetic_82_breeds_v3/synthetic/buffalo/buffalo_pandharpuri/SYNTH_BUFFALO_PANDHARPURI_0024.jpg,buffalo_pandharpuri,Pandharpuri,buffalo,SYNTHETIC,train
SYNTH_COW_MALNAD_GIDDA_0029,dataset/synthetic_82_breeds_v3/synthetic/cattle/cow_malnad_gidda/SYNTH_COW_MALNAD_GIDDA_0029.jpg,cow_malnad_gidda,Malnad Gidda,cattle,SYNTHETIC,train
SYNTH_COW_MOTU_0027,dataset/synthetic_82_breeds_v3/synthetic/cattle/cow_motu/SYNTH_COW_MOTU_0027.jpg,cow_motu,Motu,cattle,SYNTHETIC,train
SYNTH_COW_PODA_THURPU_0001,dataset/synthetic_82_breeds_v3/synthetic/cattle/cow_poda_thurpu/SYNTH_COW_PODA_THURPU_0001.jpg,cow_poda_thurpu,Poda Thurpu,cattle,SYNTHETIC,train
SYNTH_COW_PODA_THURPU_0002,dataset/synthetic_82_breeds_v3/synthetic/cattle/cow_poda_thurpu/SYNTH_COW_PODA_THURPU_0002.jpg,cow_poda_thurpu,Poda Thurpu,cattle,SYNTHETIC,train
SYNTH_COW_PODA_THURPU_0003,dataset/synthetic_82_breeds_v3/synthetic/cattle/cow_poda_thurpu/SYNTH_COW_PODA_THURPU_0003.jpg,cow_poda_thurpu,Poda Thurpu,cattle,SYNTHETIC,train
SYNTH_COW_PODA_THURPU_0004,dataset/synthetic_82_breeds_v3/synthetic/cattle/cow_poda_thurpu/SYNTH_COW_PODA_THURPU_0004.jpg,cow_poda_thurpu,Poda Thurpu,cattle,SYNTHETIC,train
SYNTH_COW_PODA_THURPU_0005,dataset/synthetic_82_breeds_v3/synthetic/cattle/cow_poda_thurpu/SYNTH_COW_PODA_THURPU_0005.jpg,cow_poda_thurpu,Poda Thurpu,cattle,SYNTHETIC,train
SYNTH_COW_PODA_THURPU_0006,dataset/synthetic_82_breeds_v3/synthetic/cattle/cow_poda_thurpu/SYNTH_COW_PODA_THURPU_0006.jpg,cow_poda_thurpu,Poda Thurpu,cattle,SYNTHETIC,train
SYNTH_COW_PODA_THURPU_0007,dataset/synthetic_82_breeds_v3/synthetic/cattle/cow_poda_thurpu/SYNTH_COW_PODA_THURPU_0007.jpg,cow_poda_thurpu,Poda Thurpu,cattle,SYNTHETIC,train
SYNTH_COW_PODA_THURPU_0008,dataset/synthetic_82_breeds_v3/synthetic/cattle/cow_poda_thurpu/SYNTH_COW_PODA_THURPU_0008.jpg,cow_poda_thurpu,Poda Thurpu,cattle,SYNTHETIC,train
SYNTH_COW_PODA_THURPU_0009,dataset/synthetic_82_breeds_v3/synthetic/cattle/cow_poda_thurpu/SYNTH_COW_PODA_THURPU_0009.jpg,cow_poda_thurpu,Poda Thurpu,cattle,SYNTHETIC,train
SYNTH_COW_PODA_THURPU_0010,dataset/synthetic_82_breeds_v3/synthetic/cattle/cow_poda_thurpu/SYNTH_COW_PODA_THURPU_0010.jpg,cow_poda_thurpu,Poda Thurpu,cattle,SYNTHETIC,train
SYNTH_COW_PODA_THURPU_0011,dataset/synthetic_82_breeds_v3/synthetic/cattle/cow_poda_thurpu/SYNTH_COW_PODA_THURPU_0011.jpg,cow_poda_thurpu,Poda Thurpu,cattle,SYNTHETIC,train
SYNTH_COW_PODA_THURPU_0012,dataset/synthetic_82_breeds_v3/synthetic/cattle/cow_poda_thurpu/SYNTH_COW_PODA_THURPU_0012.jpg,cow_poda_thurpu,Poda Thurpu,cattle,SYNTHETIC,train
SYNTH_COW_PODA_THURPU_0013,dataset/synthetic_82_breeds_v3/synthetic/cattle/cow_poda_thurpu/SYNTH_COW_PODA_THURPU_0013.jpg,cow_poda_thurpu,Poda Thurpu,cattle,SYNTHETIC,train
SYNTH_BUFFALO_PANDHARPURI_0026,dataset/synthetic_82_breeds_v3/synthetic/buffalo/buffalo_pandharpuri/SYNTH_BUFFALO_PANDHARPURI_0026.jpg,buffalo_pandharpuri,Pandharpuri,buffalo,SYNTHETIC,train
SYNTH_COW_PODA_THURPU_0014,dataset/synthetic_82_breeds_v3/synthetic/cattle/cow_poda_thurpu/SYNTH_COW_PODA_THURPU_0014.jpg,cow_poda_thurpu,Poda Thurpu,cattle,SYNTHETIC,train
SYNTH_COW_PODA_THURPU_0015,dataset/synthetic_82_breeds_v3/synthetic/cattle/cow_poda_thurpu/SYNTH_COW_PODA_THURPU_0015.jpg,cow_poda_thurpu,Poda Thurpu,cattle,SYNTHETIC,train
SYNTH_BUFFALO_PANDHARPURI_0028,dataset/synthetic_82_breeds_v3/synthetic/buffalo/buffalo_pandharpuri/SYNTH_BUFFALO_PANDHARPURI_0028.jpg,buffalo_pandharpuri,Pandharpuri,buffalo,SYNTHETIC,train
SYNTH_COW_PODA_THURPU_0016,dataset/synthetic_82_breeds_v3/synthetic/cattle/cow_poda_thurpu/SYNTH_COW_PODA_THURPU_0016.jpg,cow_poda_thurpu,Poda Thurpu,cattle,SYNTHETIC,train
SYNTH_COW_PODA_THURPU_0017,dataset/synthetic_82_breeds_v3/synthetic/cattle/cow_poda_thurpu/SYNTH_COW_PODA_THURPU_0017.jpg,cow_poda_thurpu,Poda Thurpu,cattle,SYNTHETIC,train
SYNTH_BUFFALO_PANDHARPURI_0027,dataset/synthetic_82_breeds_v3/synthetic/buffalo/buffalo_pandharpuri/SYNTH_BUFFALO_PANDHARPURI_0027.jpg,buffalo_pandharpuri,Pandharpuri,buffalo,SYNTHETIC,train
SYNTH_COW_PODA_THURPU_0018,dataset/synthetic_82_breeds_v3/synthetic/cattle/cow_poda_thurpu/SYNTH_COW_PODA_THURPU_0018.jpg,cow_poda_thurpu,Poda Thurpu,cattle,SYNTHETIC,train
SYNTH_COW_PODA_THURPU_0019,dataset/synthetic_82_breeds_v3/synthetic/cattle/cow_poda_thurpu/SYNTH_COW_PODA_THURPU_0019.jpg,cow_poda_thurpu,Poda Thurpu,cattle,SYNTHETIC,train
SYNTH_BUFFALO_PANDHARPURI_0029,dataset/synthetic_82_breeds_v3/synthetic/buffalo/buffalo_pandharpuri/SYNTH_BUFFALO_PANDHARPURI_0029.jpg,buffalo_pandharpuri,Pandharpuri,buffalo,SYNTHETIC,train
SYNTH_COW_PODA_THURPU_0022,dataset/synthetic_82_breeds_v3/synthetic/cattle/cow_poda_thurpu/SYNTH_COW_PODA_THURPU_0022.jpg,cow_poda_thurpu,Poda Thurpu,cattle,SYNTHETIC,train
SYNTH_COW_MOTU_0024,dataset/synthetic_82_breeds_v3/synthetic/cattle/cow_motu/SYNTH_COW_MOTU_0024.jpg,cow_motu,Motu,cattle,SYNTHETIC,train
SYNTH_COW_PODA_THURPU_0023,dataset/synthetic_82_breeds_v3/synthetic/cattle/cow_poda_thurpu/SYNTH_COW_PODA_THURPU_0023.jpg,cow_poda_thurpu,Poda Thurpu,cattle,SYNTHETIC,train
SYNTH_COW_PODA_THURPU_0021,dataset/synthetic_82_breeds_v3/synthetic/cattle/cow_poda_thurpu/SYNTH_COW_PODA_THURPU_0021.jpg,cow_poda_thurpu,Poda Thurpu,cattle,SYNTHETIC,train
SYNTH_COW_PODA_THURPU_0020,dataset/synthetic_82_breeds_v3/synthetic/cattle/cow_poda_thurpu/SYNTH_COW_PODA_THURPU_0020.jpg,cow_poda_thurpu,Poda Thurpu,cattle,SYNTHETIC,train
SYNTH_COW_PODA_THURPU_0025,dataset/synthetic_82_breeds_v3/synthetic/cattle/cow_poda_thurpu/SYNTH_COW_PODA_THURPU_0025.jpg,cow_poda_thurpu,Poda Thurpu,cattle,SYNTHETIC,train
SYNTH_COW_PODA_THURPU_0024,dataset/synthetic_82_breeds_v3/synthetic/cattle/cow_poda_thurpu/SYNTH_COW_PODA_THURPU_0024.jpg,cow_poda_thurpu,Poda Thurpu,cattle,SYNTHETIC,train
SYNTH_COW_PULIKULAM_0001,dataset/synthetic_82_breeds_v3/synthetic/cattle/cow_pulikulam/SYNTH_COW_PULIKULAM_0001.jpg,cow_pulikulam,Pulikulam,cattle,SYNTHETIC,train
SYNTH_COW_PULIKULAM_0002,dataset/synthetic_82_breeds_v3/synthetic/cattle/cow_pulikulam/SYNTH_COW_PULIKULAM_0002.jpg,cow_pulikulam,Pulikulam,cattle,SYNTHETIC,train
SYNTH_COW_PULIKULAM_0003,dataset/synthetic_82_breeds_v3/synthetic/cattle/cow_pulikulam/SYNTH_COW_PULIKULAM_0003.jpg,cow_pulikulam,Pulikulam,cattle,SYNTHETIC,train
SYNTH_COW_PULIKULAM_0004,dataset/synthetic_82_breeds_v3/synthetic/cattle/cow_pulikulam/SYNTH_COW_PULIKULAM_0004.jpg,cow_pulikulam,Pulikulam,cattle,SYNTHETIC,train
SYNTH_COW_PULIKULAM_0006,dataset/synthetic_82_breeds_v3/synthetic/cattle/cow_pulikulam/SYNTH_COW_PULIKULAM_0006.jpg,cow_pulikulam,Pulikulam,cattle,SYNTHETIC,train
SYNTH_COW_PULIKULAM_0007,dataset/synthetic_82_breeds_v3/synthetic/cattle/cow_pulikulam/SYNTH_COW_PULIKULAM_0007.jpg,cow_pulikulam,Pulikulam,cattle,SYNTHETIC,train
SYNTH_COW_PULIKULAM_0005,dataset/synthetic_82_breeds_v3/synthetic/cattle/cow_pulikulam/SYNTH_COW_PULIKULAM_0005.jpg,cow_pulikulam,Pulikulam,cattle,SYNTHETIC,train
SYNTH_COW_PULIKULAM_0008,dataset/synthetic_82_breeds_v3/synthetic/cattle/cow_pulikulam/SYNTH_COW_PULIKULAM_0008.jpg,cow_pulikulam,Pulikulam,cattle,SYNTHETIC,train
SYNTH_COW_PULIKULAM_0010,dataset/synthetic_82_breeds_v3/synthetic/cattle/cow_pulikulam/SYNTH_COW_PULIKULAM_0010.jpg,cow_pulikulam,Pulikulam,cattle,SYNTHETIC,train
SYNTH_COW_PULIKULAM_0011,dataset/synthetic_82_breeds_v3/synthetic/cattle/cow_pulikulam/SYNTH_COW_PULIKULAM_0011.jpg,cow_pulikulam,Pulikulam,cattle,SYNTHETIC,train
SYNTH_COW_PULIKULAM_0012,dataset/synthetic_82_breeds_v3/synthetic/cattle/cow_pulikulam/SYNTH_COW_PULIKULAM_0012.jpg,cow_pulikulam,Pulikulam,cattle,SYNTHETIC,train
SYNTH_COW_PULIKULAM_0013,dataset/synthetic_82_breeds_v3/synthetic/cattle/cow_pulikulam/SYNTH_COW_PULIKULAM_0013.jpg,cow_pulikulam,Pulikulam,cattle,SYNTHETIC,train
SYNTH_COW_PULIKULAM_0014,dataset/synthetic_82_breeds_v3/synthetic/cattle/cow_pulikulam/SYNTH_COW_PULIKULAM_0014.jpg,cow_pulikulam,Pulikulam,cattle,SYNTHETIC,train
SYNTH_COW_PULIKULAM_0009,dataset/synthetic_82_breeds_v3/synthetic/cattle/cow_pulikulam/SYNTH_COW_PULIKULAM_0009.jpg,cow_pulikulam,Pulikulam,cattle,SYNTHETIC,train
SYNTH_COW_PULIKULAM_0015,dataset/synthetic_82_breeds_v3/synthetic/cattle/cow_pulikulam/SYNTH_COW_PULIKULAM_0015.jpg,cow_pulikulam,Pulikulam,cattle,SYNTHETIC,train
SYNTH_COW_PULIKULAM_0017,dataset/synthetic_82_breeds_v3/synthetic/cattle/cow_pulikulam/SYNTH_COW_PULIKULAM_0017.jpg,cow_pulikulam,Pulikulam,cattle,SYNTHETIC,train
SYNTH_COW_PULIKULAM_0016,dataset/synthetic_82_breeds_v3/synthetic/cattle/cow_pulikulam/SYNTH_COW_PULIKULAM_0016.jpg,cow_pulikulam,Pulikulam,cattle,SYNTHETIC,train
SYNTH_COW_PULIKULAM_0018,dataset/synthetic_82_breeds_v3/synthetic/cattle/cow_pulikulam/SYNTH_COW_PULIKULAM_0018.jpg,cow_pulikulam,Pulikulam,cattle,SYNTHETIC,train
SYNTH_COW_PULIKULAM_0019,dataset/synthetic_82_breeds_v3/synthetic/cattle/cow_pulikulam/SYNTH_COW_PULIKULAM_0019.jpg,cow_pulikulam,Pulikulam,cattle,SYNTHETIC,train
SYNTH_COW_PODA_THURPU_0026,dataset/synthetic_82_breeds_v3/synthetic/cattle/cow_poda_thurpu/SYNTH_COW_PODA_THURPU_0026.jpg,cow_poda_thurpu,Poda Thurpu,cattle,SYNTHETIC,train
SYNTH_COW_PODA_THURPU_0027,dataset/synthetic_82_breeds_v3/synthetic/cattle/cow_poda_thurpu/SYNTH_COW_PODA_THURPU_0027.jpg,cow_poda_thurpu,Poda Thurpu,cattle,SYNTHETIC,train
SYNTH_COW_PODA_THURPU_0029,dataset/synthetic_82_breeds_v3/synthetic/cattle/cow_poda_thurpu/SYNTH_COW_PODA_THURPU_0029.jpg,cow_poda_thurpu,Poda Thurpu,cattle,SYNTHETIC,train
SYNTH_COW_PODA_THURPU_0028,dataset/synthetic_82_breeds_v3/synthetic/cattle/cow_poda_thurpu/SYNTH_COW_PODA_THURPU_0028.jpg,cow_poda_thurpu,Poda Thurpu,cattle,SYNTHETIC,train
SYNTH_COW_PULIKULAM_0025,dataset/synthetic_82_breeds_v3/synthetic/cattle/cow_pulikulam/SYNTH_COW_PULIKULAM_0025.jpg,cow_pulikulam,Pulikulam,cattle,SYNTHETIC,train
SYNTH_COW_MOTU_0028,dataset/synthetic_82_breeds_v3/synthetic/cattle/cow_motu/SYNTH_COW_MOTU_0028.jpg,cow_motu,Motu,cattle,SYNTHETIC,train
SYNTH_COW_MOTU_0029,dataset/synthetic_82_breeds_v3/synthetic/cattle/cow_motu/SYNTH_COW_MOTU_0029.jpg,cow_motu,Motu,cattle,SYNTHETIC,train
SYNTH_COW_PULIKULAM_0020,dataset/synthetic_82_breeds_v3/synthetic/cattle/cow_pulikulam/SYNTH_COW_PULIKULAM_0020.jpg,cow_pulikulam,Pulikulam,cattle,SYNTHETIC,train
SYNTH_COW_PULIKULAM_0022,dataset/synthetic_82_breeds_v3/synthetic/cattle/cow_pulikulam/SYNTH_COW_PULIKULAM_0022.jpg,cow_pulikulam,Pulikulam,cattle,SYNTHETIC,train
SYNTH_BUFFALO_PURNATHADI_0001,dataset/synthetic_82_breeds_v3/synthetic/buffalo/buffalo_purnathadi/SYNTH_BUFFALO_PURNATHADI_0001.jpg,buffalo_purnathadi,Purnathadi,buffalo,SYNTHETIC,train
SYNTH_BUFFALO_PURNATHADI_0002,dataset/synthetic_82_breeds_v3/synthetic/buffalo/buffalo_purnathadi/SYNTH_BUFFALO_PURNATHADI_0002.jpg,buffalo_purnathadi,Purnathadi,buffalo,SYNTHETIC,train
SYNTH_BUFFALO_PURNATHADI_0003,dataset/synthetic_82_breeds_v3/synthetic/buffalo/buffalo_purnathadi/SYNTH_BUFFALO_PURNATHADI_0003.jpg,buffalo_purnathadi,Purnathadi,buffalo,SYNTHETIC,train
SYNTH_BUFFALO_PURNATHADI_0004,dataset/synthetic_82_breeds_v3/synthetic/buffalo/buffalo_purnathadi/SYNTH_BUFFALO_PURNATHADI_0004.jpg,buffalo_purnathadi,Purnathadi,buffalo,SYNTHETIC,train
SYNTH_BUFFALO_PURNATHADI_0005,dataset/synthetic_82_breeds_v3/synthetic/buffalo/buffalo_purnathadi/SYNTH_BUFFALO_PURNATHADI_0005.jpg,buffalo_purnathadi,Purnathadi,buffalo,SYNTHETIC,train
SYNTH_BUFFALO_PURNATHADI_0006,dataset/synthetic_82_breeds_v3/synthetic/buffalo/buffalo_purnathadi/SYNTH_BUFFALO_PURNATHADI_0006.jpg,buffalo_purnathadi,Purnathadi,buffalo,SYNTHETIC,train
SYNTH_BUFFALO_PURNATHADI_0007,dataset/synthetic_82_breeds_v3/synthetic/buffalo/buffalo_purnathadi/SYNTH_BUFFALO_PURNATHADI_0007.jpg,buffalo_purnathadi,Purnathadi,buffalo,SYNTHETIC,train
SYNTH_BUFFALO_PURNATHADI_0008,dataset/synthetic_82_breeds_v3/synthetic/buffalo/buffalo_purnathadi/SYNTH_BUFFALO_PURNATHADI_0008.jpg,buffalo_purnathadi,Purnathadi,buffalo,SYNTHETIC,train
SYNTH_BUFFALO_PURNATHADI_0009,dataset/synthetic_82_breeds_v3/synthetic/buffalo/buffalo_purnathadi/SYNTH_BUFFALO_PURNATHADI_0009.jpg,buffalo_purnathadi,Purnathadi,buffalo,SYNTHETIC,train
SYNTH_BUFFALO_PURNATHADI_0010,dataset/synthetic_82_breeds_v3/synthetic/buffalo/buffalo_purnathadi/SYNTH_BUFFALO_PURNATHADI_0010.jpg,buffalo_purnathadi,Purnathadi,buffalo,SYNTHETIC,train
SYNTH_COW_PULIKULAM_0023,dataset/synthetic_82_breeds_v3/synthetic/cattle/cow_pulikulam/SYNTH_COW_PULIKULAM_0023.jpg,cow_pulikulam,Pulikulam,cattle,SYNTHETIC,train
SYNTH_BUFFALO_PURNATHADI_0011,dataset/synthetic_82_breeds_v3/synthetic/buffalo/buffalo_purnathadi/SYNTH_BUFFALO_PURNATHADI_0011.jpg,buffalo_purnathadi,Purnathadi,buffalo,SYNTHETIC,train
SYNTH_COW_PULIKULAM_0026,dataset/synthetic_82_breeds_v3/synthetic/cattle/cow_pulikulam/SYNTH_COW_PULIKULAM_0026.jpg,cow_pulikulam,Pulikulam,cattle,SYNTHETIC,train
SYNTH_BUFFALO_PURNATHADI_0012,dataset/synthetic_82_breeds_v3/synthetic/buffalo/buffalo_purnathadi/SYNTH_BUFFALO_PURNATHADI_0012.jpg,buffalo_purnathadi,Purnathadi,buffalo,SYNTHETIC,train
SYNTH_BUFFALO_PURNATHADI_0014,dataset/synthetic_82_breeds_v3/synthetic/buffalo/buffalo_purnathadi/SYNTH_BUFFALO_PURNATHADI_0014.jpg,buffalo_purnathadi,Purnathadi,buffalo,SYNTHETIC,train
SYNTH_BUFFALO_PURNATHADI_0013,dataset/synthetic_82_breeds_v3/synthetic/buffalo/buffalo_purnathadi/SYNTH_BUFFALO_PURNATHADI_0013.jpg,buffalo_purnathadi,Purnathadi,buffalo,SYNTHETIC,train
SYNTH_BUFFALO_PURNATHADI_0015,dataset/synthetic_82_breeds_v3/synthetic/buffalo/buffalo_purnathadi/SYNTH_BUFFALO_PURNATHADI_0015.jpg,buffalo_purnathadi,Purnathadi,buffalo,SYNTHETIC,train
SYNTH_BUFFALO_PURNATHADI_0016,dataset/synthetic_82_breeds_v3/synthetic/buffalo/buffalo_purnathadi/SYNTH_BUFFALO_PURNATHADI_0016.jpg,buffalo_purnathadi,Purnathadi,buffalo,SYNTHETIC,train
SYNTH_BUFFALO_PURNATHADI_0017,dataset/synthetic_82_breeds_v3/synthetic/buffalo/buffalo_purnathadi/SYNTH_BUFFALO_PURNATHADI_0017.jpg,buffalo_purnathadi,Purnathadi,buffalo,SYNTHETIC,train
SYNTH_BUFFALO_PURNATHADI_0019,dataset/synthetic_82_breeds_v3/synthetic/buffalo/buffalo_purnathadi/SYNTH_BUFFALO_PURNATHADI_0019.jpg,buffalo_purnathadi,Purnathadi,buffalo,SYNTHETIC,train
SYNTH_BUFFALO_PURNATHADI_0018,dataset/synthetic_82_breeds_v3/synthetic/buffalo/buffalo_purnathadi/SYNTH_BUFFALO_PURNATHADI_0018.jpg,buffalo_purnathadi,Purnathadi,buffalo,SYNTHETIC,train
SYNTH_BUFFALO_PURNATHADI_0020,dataset/synthetic_82_breeds_v3/synthetic/buffalo/buffalo_purnathadi/SYNTH_BUFFALO_PURNATHADI_0020.jpg,buffalo_purnathadi,Purnathadi,buffalo,SYNTHETIC,train
SYNTH_BUFFALO_PURNATHADI_0022,dataset/synthetic_82_breeds_v3/synthetic/buffalo/buffalo_purnathadi/SYNTH_BUFFALO_PURNATHADI_0022.jpg,buffalo_purnathadi,Purnathadi,buffalo,SYNTHETIC,train
SYNTH_BUFFALO_PURNATHADI_0021,dataset/synthetic_82_breeds_v3/synthetic/buffalo/buffalo_purnathadi/SYNTH_BUFFALO_PURNATHADI_0021.jpg,buffalo_purnathadi,Purnathadi,buffalo,SYNTHETIC,train
SYNTH_BUFFALO_PURNATHADI_0025,dataset/synthetic_82_breeds_v3/synthetic/buffalo/buffalo_purnathadi/SYNTH_BUFFALO_PURNATHADI_0025.jpg,buffalo_purnathadi,Purnathadi,buffalo,SYNTHETIC,train
SYNTH_BUFFALO_PURNATHADI_0023,dataset/synthetic_82_breeds_v3/synthetic/buffalo/buffalo_purnathadi/SYNTH_BUFFALO_PURNATHADI_0023.jpg,buffalo_purnathadi,Purnathadi,buffalo,SYNTHETIC,train
SYNTH_BUFFALO_PURNATHADI_0024,dataset/synthetic_82_breeds_v3/synthetic/buffalo/buffalo_purnathadi/SYNTH_BUFFALO_PURNATHADI_0024.jpg,buffalo_purnathadi,Purnathadi,buffalo,SYNTHETIC,train
SYNTH_BUFFALO_PURNATHADI_0026,dataset/synthetic_82_breeds_v3/synthetic/buffalo/buffalo_purnathadi/SYNTH_BUFFALO_PURNATHADI_0026.jpg,buffalo_purnathadi,Purnathadi,buffalo,SYNTHETIC,train
SYNTH_BUFFALO_PURNATHADI_0027,dataset/synthetic_82_breeds_v3/synthetic/buffalo/buffalo_purnathadi/SYNTH_BUFFALO_PURNATHADI_0027.jpg,buffalo_purnathadi,Purnathadi,buffalo,SYNTHETIC,train
SYNTH_COW_PURNEA_0001,dataset/synthetic_82_breeds_v3/synthetic/cattle/cow_purnea/SYNTH_COW_PURNEA_0001.jpg,cow_purnea,Purnea,cattle,SYNTHETIC,train
SYNTH_COW_PURNEA_0002,dataset/synthetic_82_breeds_v3/synthetic/cattle/cow_purnea/SYNTH_COW_PURNEA_0002.jpg,cow_purnea,Purnea,cattle,SYNTHETIC,train
SYNTH_COW_PURNEA_0003,dataset/synthetic_82_breeds_v3/synthetic/cattle/cow_purnea/SYNTH_COW_PURNEA_0003.jpg,cow_purnea,Purnea,cattle,SYNTHETIC,train
SYNTH_COW_PURNEA_0004,dataset/synthetic_82_breeds_v3/synthetic/cattle/cow_purnea/SYNTH_COW_PURNEA_0004.jpg,cow_purnea,Purnea,cattle,SYNTHETIC,train
SYNTH_COW_PURNEA_0005,dataset/synthetic_82_breeds_v3/synthetic/cattle/cow_purnea/SYNTH_COW_PURNEA_0005.jpg,cow_purnea,Purnea,cattle,SYNTHETIC,train
SYNTH_COW_PURNEA_0006,dataset/synthetic_82_breeds_v3/synthetic/cattle/cow_purnea/SYNTH_COW_PURNEA_0006.jpg,cow_purnea,Purnea,cattle,SYNTHETIC,train
SYNTH_COW_PURNEA_0007,dataset/synthetic_82_breeds_v3/synthetic/cattle/cow_purnea/SYNTH_COW_PURNEA_0007.jpg,cow_purnea,Purnea,cattle,SYNTHETIC,train
SYNTH_COW_PURNEA_0008,dataset/synthetic_82_breeds_v3/synthetic/cattle/cow_purnea/SYNTH_COW_PURNEA_0008.jpg,cow_purnea,Purnea,cattle,SYNTHETIC,train
SYNTH_COW_PURNEA_0009,dataset/synthetic_82_breeds_v3/synthetic/cattle/cow_purnea/SYNTH_COW_PURNEA_0009.jpg,cow_purnea,Purnea,cattle,SYNTHETIC,train
SYNTH_COW_PURNEA_0010,dataset/synthetic_82_breeds_v3/synthetic/cattle/cow_purnea/SYNTH_COW_PURNEA_0010.jpg,cow_purnea,Purnea,cattle,SYNTHETIC,train
SYNTH_COW_PURNEA_0011,dataset/synthetic_82_breeds_v3/synthetic/cattle/cow_purnea/SYNTH_COW_PURNEA_0011.jpg,cow_purnea,Purnea,cattle,SYNTHETIC,train
SYNTH_BUFFALO_PURNATHADI_0028,dataset/synthetic_82_breeds_v3/synthetic/buffalo/buffalo_purnathadi/SYNTH_BUFFALO_PURNATHADI_0028.jpg,buffalo_purnathadi,Purnathadi,buffalo,SYNTHETIC,train
SYNTH_COW_PURNEA_0012,dataset/synthetic_82_breeds_v3/synthetic/cattle/cow_purnea/SYNTH_COW_PURNEA_0012.jpg,cow_purnea,Purnea,cattle,SYNTHETIC,train
SYNTH_COW_PURNEA_0013,dataset/synthetic_82_breeds_v3/synthetic/cattle/cow_purnea/SYNTH_COW_PURNEA_0013.jpg,cow_purnea,Purnea,cattle,SYNTHETIC,train
SYNTH_COW_PURNEA_0014,dataset/synthetic_82_breeds_v3/synthetic/cattle/cow_purnea/SYNTH_COW_PURNEA_0014.jpg,cow_purnea,Purnea,cattle,SYNTHETIC,train
SYNTH_COW_PURNEA_0015,dataset/synthetic_82_breeds_v3/synthetic/cattle/cow_purnea/SYNTH_COW_PURNEA_0015.jpg,cow_purnea,Purnea,cattle,SYNTHETIC,train
SYNTH_COW_PURNEA_0016,dataset/synthetic_82_breeds_v3/synthetic/cattle/cow_purnea/SYNTH_COW_PURNEA_0016.jpg,cow_purnea,Purnea,cattle,SYNTHETIC,train
SYNTH_COW_PURNEA_0017,dataset/synthetic_82_breeds_v3/synthetic/cattle/cow_purnea/SYNTH_COW_PURNEA_0017.jpg,cow_purnea,Purnea,cattle,SYNTHETIC,train
SYNTH_COW_PURNEA_0018,dataset/synthetic_82_breeds_v3/synthetic/cattle/cow_purnea/SYNTH_COW_PURNEA_0018.jpg,cow_purnea,Purnea,cattle,SYNTHETIC,train
SYNTH_COW_PURNEA_0019,dataset/synthetic_82_breeds_v3/synthetic/cattle/cow_purnea/SYNTH_COW_PURNEA_0019.jpg,cow_purnea,Purnea,cattle,SYNTHETIC,train
SYNTH_BUFFALO_PURNATHADI_0029,dataset/synthetic_82_breeds_v3/synthetic/buffalo/buffalo_purnathadi/SYNTH_BUFFALO_PURNATHADI_0029.jpg,buffalo_purnathadi,Purnathadi,buffalo,SYNTHETIC,train
SYNTH_COW_PULIKULAM_0021,dataset/synthetic_82_breeds_v3/synthetic/cattle/cow_pulikulam/SYNTH_COW_PULIKULAM_0021.jpg,cow_pulikulam,Pulikulam,cattle,SYNTHETIC,train
SYNTH_COW_PURNEA_0020,dataset/synthetic_82_breeds_v3/synthetic/cattle/cow_purnea/SYNTH_COW_PURNEA_0020.jpg,cow_purnea,Purnea,cattle,SYNTHETIC,train
SYNTH_COW_PURNEA_0021,dataset/synthetic_82_breeds_v3/synthetic/cattle/cow_purnea/SYNTH_COW_PURNEA_0021.jpg,cow_purnea,Purnea,cattle,SYNTHETIC,train
SYNTH_COW_PURNEA_0022,dataset/synthetic_82_breeds_v3/synthetic/cattle/cow_purnea/SYNTH_COW_PURNEA_0022.jpg,cow_purnea,Purnea,cattle,SYNTHETIC,train
SYNTH_COW_PURNEA_0025,dataset/synthetic_82_breeds_v3/synthetic/cattle/cow_purnea/SYNTH_COW_PURNEA_0025.jpg,cow_purnea,Purnea,cattle,SYNTHETIC,train
SYNTH_COW_PURNEA_0023,dataset/synthetic_82_breeds_v3/synthetic/cattle/cow_purnea/SYNTH_COW_PURNEA_0023.jpg,cow_purnea,Purnea,cattle,SYNTHETIC,train
SYNTH_COW_PURNEA_0026,dataset/synthetic_82_breeds_v3/synthetic/cattle/cow_purnea/SYNTH_COW_PURNEA_0026.jpg,cow_purnea,Purnea,cattle,SYNTHETIC,train
SYNTH_COW_PURNEA_0024,dataset/synthetic_82_breeds_v3/synthetic/cattle/cow_purnea/SYNTH_COW_PURNEA_0024.jpg,cow_purnea,Purnea,cattle,SYNTHETIC,train
SYNTH_COW_RATHI_0001,dataset/synthetic_82_breeds_v3/synthetic/cattle/cow_rathi/SYNTH_COW_RATHI_0001.jpg,cow_rathi,Rathi,cattle,SYNTHETIC,train
SYNTH_COW_RATHI_0002,dataset/synthetic_82_breeds_v3/synthetic/cattle/cow_rathi/SYNTH_COW_RATHI_0002.jpg,cow_rathi,Rathi,cattle,SYNTHETIC,train
SYNTH_COW_RATHI_0003,dataset/synthetic_82_breeds_v3/synthetic/cattle/cow_rathi/SYNTH_COW_RATHI_0003.jpg,cow_rathi,Rathi,cattle,SYNTHETIC,train
SYNTH_COW_RATHI_0004,dataset/synthetic_82_breeds_v3/synthetic/cattle/cow_rathi/SYNTH_COW_RATHI_0004.jpg,cow_rathi,Rathi,cattle,SYNTHETIC,train
SYNTH_COW_RATHI_0005,dataset/synthetic_82_breeds_v3/synthetic/cattle/cow_rathi/SYNTH_COW_RATHI_0005.jpg,cow_rathi,Rathi,cattle,SYNTHETIC,train
SYNTH_COW_RATHI_0006,dataset/synthetic_82_breeds_v3/synthetic/cattle/cow_rathi/SYNTH_COW_RATHI_0006.jpg,cow_rathi,Rathi,cattle,SYNTHETIC,train
SYNTH_COW_RATHI_0007,dataset/synthetic_82_breeds_v3/synthetic/cattle/cow_rathi/SYNTH_COW_RATHI_0007.jpg,cow_rathi,Rathi,cattle,SYNTHETIC,train
SYNTH_COW_RATHI_0008,dataset/synthetic_82_breeds_v3/synthetic/cattle/cow_rathi/SYNTH_COW_RATHI_0008.jpg,cow_rathi,Rathi,cattle,SYNTHETIC,train
SYNTH_COW_RATHI_0009,dataset/synthetic_82_breeds_v3/synthetic/cattle/cow_rathi/SYNTH_COW_RATHI_0009.jpg,cow_rathi,Rathi,cattle,SYNTHETIC,train
SYNTH_COW_RATHI_0010,dataset/synthetic_82_breeds_v3/synthetic/cattle/cow_rathi/SYNTH_COW_RATHI_0010.jpg,cow_rathi,Rathi,cattle,SYNTHETIC,train
SYNTH_COW_RATHI_0011,dataset/synthetic_82_breeds_v3/synthetic/cattle/cow_rathi/SYNTH_COW_RATHI_0011.jpg,cow_rathi,Rathi,cattle,SYNTHETIC,train
SYNTH_COW_RATHI_0012,dataset/synthetic_82_breeds_v3/synthetic/cattle/cow_rathi/SYNTH_COW_RATHI_0012.jpg,cow_rathi,Rathi,cattle,SYNTHETIC,train
SYNTH_COW_RATHI_0013,dataset/synthetic_82_breeds_v3/synthetic/cattle/cow_rathi/SYNTH_COW_RATHI_0013.jpg,cow_rathi,Rathi,cattle,SYNTHETIC,train
SYNTH_COW_RATHI_0014,dataset/synthetic_82_breeds_v3/synthetic/cattle/cow_rathi/SYNTH_COW_RATHI_0014.jpg,cow_rathi,Rathi,cattle,SYNTHETIC,train
SYNTH_COW_RATHI_0015,dataset/synthetic_82_breeds_v3/synthetic/cattle/cow_rathi/SYNTH_COW_RATHI_0015.jpg,cow_rathi,Rathi,cattle,SYNTHETIC,train
SYNTH_COW_RATHI_0016,dataset/synthetic_82_breeds_v3/synthetic/cattle/cow_rathi/SYNTH_COW_RATHI_0016.jpg,cow_rathi,Rathi,cattle,SYNTHETIC,train
SYNTH_COW_RATHI_0017,dataset/synthetic_82_breeds_v3/synthetic/cattle/cow_rathi/SYNTH_COW_RATHI_0017.jpg,cow_rathi,Rathi,cattle,SYNTHETIC,train
SYNTH_COW_RATHI_0018,dataset/synthetic_82_breeds_v3/synthetic/cattle/cow_rathi/SYNTH_COW_RATHI_0018.jpg,cow_rathi,Rathi,cattle,SYNTHETIC,train
SYNTH_COW_RATHI_0019,dataset/synthetic_82_breeds_v3/synthetic/cattle/cow_rathi/SYNTH_COW_RATHI_0019.jpg,cow_rathi,Rathi,cattle,SYNTHETIC,train
SYNTH_COW_PURNEA_0027,dataset/synthetic_82_breeds_v3/synthetic/cattle/cow_purnea/SYNTH_COW_PURNEA_0027.jpg,cow_purnea,Purnea,cattle,SYNTHETIC,train
SYNTH_COW_PURNEA_0028,dataset/synthetic_82_breeds_v3/synthetic/cattle/cow_purnea/SYNTH_COW_PURNEA_0028.jpg,cow_purnea,Purnea,cattle,SYNTHETIC,train
SYNTH_COW_PURNEA_0029,dataset/synthetic_82_breeds_v3/synthetic/cattle/cow_purnea/SYNTH_COW_PURNEA_0029.jpg,cow_purnea,Purnea,cattle,SYNTHETIC,train
SYNTH_COW_PULIKULAM_0024,dataset/synthetic_82_breeds_v3/synthetic/cattle/cow_pulikulam/SYNTH_COW_PULIKULAM_0024.jpg,cow_pulikulam,Pulikulam,cattle,SYNTHETIC,train
SYNTH_COW_PULIKULAM_0028,dataset/synthetic_82_breeds_v3/synthetic/cattle/cow_pulikulam/SYNTH_COW_PULIKULAM_0028.jpg,cow_pulikulam,Pulikulam,cattle,SYNTHETIC,train
SYNTH_COW_PULIKULAM_0029,dataset/synthetic_82_breeds_v3/synthetic/cattle/cow_pulikulam/SYNTH_COW_PULIKULAM_0029.jpg,cow_pulikulam,Pulikulam,cattle,SYNTHETIC,train
SYNTH_COW_PULIKULAM_0027,dataset/synthetic_82_breeds_v3/synthetic/cattle/cow_pulikulam/SYNTH_COW_PULIKULAM_0027.jpg,cow_pulikulam,Pulikulam,cattle,SYNTHETIC,train
SYNTH_COW_RATHI_0025,dataset/synthetic_82_breeds_v3/synthetic/cattle/cow_rathi/SYNTH_COW_RATHI_0025.jpg,cow_rathi,Rathi,cattle,SYNTHETIC,train
SYNTH_COW_RATHI_0020,dataset/synthetic_82_breeds_v3/synthetic/cattle/cow_rathi/SYNTH_COW_RATHI_0020.jpg,cow_rathi,Rathi,cattle,SYNTHETIC,train
SYNTH_COW_RATHI_0022,dataset/synthetic_82_breeds_v3/synthetic/cattle/cow_rathi/SYNTH_COW_RATHI_0022.jpg,cow_rathi,Rathi,cattle,SYNTHETIC,train
SYNTH_COW_RATHI_0023,dataset/synthetic_82_breeds_v3/synthetic/cattle/cow_rathi/SYNTH_COW_RATHI_0023.jpg,cow_rathi,Rathi,cattle,SYNTHETIC,train
SYNTH_COW_ROHILKHANDI_0001,dataset/synthetic_82_breeds_v3/synthetic/cattle/cow_rohilkhandi/SYNTH_COW_ROHILKHANDI_0001.jpg,cow_rohilkhandi,Rohilkhandi,cattle,SYNTHETIC,train
SYNTH_COW_ROHILKHANDI_0002,dataset/synthetic_82_breeds_v3/synthetic/cattle/cow_rohilkhandi/SYNTH_COW_ROHILKHANDI_0002.jpg,cow_rohilkhandi,Rohilkhandi,cattle,SYNTHETIC,train
SYNTH_COW_ROHILKHANDI_0004,dataset/synthetic_82_breeds_v3/synthetic/cattle/cow_rohilkhandi/SYNTH_COW_ROHILKHANDI_0004.jpg,cow_rohilkhandi,Rohilkhandi,cattle,SYNTHETIC,train
SYNTH_COW_ROHILKHANDI_0003,dataset/synthetic_82_breeds_v3/synthetic/cattle/cow_rohilkhandi/SYNTH_COW_ROHILKHANDI_0003.jpg,cow_rohilkhandi,Rohilkhandi,cattle,SYNTHETIC,train
SYNTH_COW_ROHILKHANDI_0006,dataset/synthetic_82_breeds_v3/synthetic/cattle/cow_rohilkhandi/SYNTH_COW_ROHILKHANDI_0006.jpg,cow_rohilkhandi,Rohilkhandi,cattle,SYNTHETIC,train
SYNTH_COW_ROHILKHANDI_0005,dataset/synthetic_82_breeds_v3/synthetic/cattle/cow_rohilkhandi/SYNTH_COW_ROHILKHANDI_0005.jpg,cow_rohilkhandi,Rohilkhandi,cattle,SYNTHETIC,train
SYNTH_COW_ROHILKHANDI_0007,dataset/synthetic_82_breeds_v3/synthetic/cattle/cow_rohilkhandi/SYNTH_COW_ROHILKHANDI_0007.jpg,cow_rohilkhandi,Rohilkhandi,cattle,SYNTHETIC,train
SYNTH_COW_ROHILKHANDI_0008,dataset/synthetic_82_breeds_v3/synthetic/cattle/cow_rohilkhandi/SYNTH_COW_ROHILKHANDI_0008.jpg,cow_rohilkhandi,Rohilkhandi,cattle,SYNTHETIC,train
SYNTH_COW_ROHILKHANDI_0009,dataset/synthetic_82_breeds_v3/synthetic/cattle/cow_rohilkhandi/SYNTH_COW_ROHILKHANDI_0009.jpg,cow_rohilkhandi,Rohilkhandi,cattle,SYNTHETIC,train
SYNTH_COW_ROHILKHANDI_0010,dataset/synthetic_82_breeds_v3/synthetic/cattle/cow_rohilkhandi/SYNTH_COW_ROHILKHANDI_0010.jpg,cow_rohilkhandi,Rohilkhandi,cattle,SYNTHETIC,train
SYNTH_COW_ROHILKHANDI_0011,dataset/synthetic_82_breeds_v3/synthetic/cattle/cow_rohilkhandi/SYNTH_COW_ROHILKHANDI_0011.jpg,cow_rohilkhandi,Rohilkhandi,cattle,SYNTHETIC,train
SYNTH_COW_ROHILKHANDI_0012,dataset/synthetic_82_breeds_v3/synthetic/cattle/cow_rohilkhandi/SYNTH_COW_ROHILKHANDI_0012.jpg,cow_rohilkhandi,Rohilkhandi,cattle,SYNTHETIC,train
SYNTH_COW_ROHILKHANDI_0013,dataset/synthetic_82_breeds_v3/synthetic/cattle/cow_rohilkhandi/SYNTH_COW_ROHILKHANDI_0013.jpg,cow_rohilkhandi,Rohilkhandi,cattle,SYNTHETIC,train
SYNTH_COW_ROHILKHANDI_0014,dataset/synthetic_82_breeds_v3/synthetic/cattle/cow_rohilkhandi/SYNTH_COW_ROHILKHANDI_0014.jpg,cow_rohilkhandi,Rohilkhandi,cattle,SYNTHETIC,train
SYNTH_COW_ROHILKHANDI_0015,dataset/synthetic_82_breeds_v3/synthetic/cattle/cow_rohilkhandi/SYNTH_COW_ROHILKHANDI_0015.jpg,cow_rohilkhandi,Rohilkhandi,cattle,SYNTHETIC,train
SYNTH_COW_ROHILKHANDI_0016,dataset/synthetic_82_breeds_v3/synthetic/cattle/cow_rohilkhandi/SYNTH_COW_ROHILKHANDI_0016.jpg,cow_rohilkhandi,Rohilkhandi,cattle,SYNTHETIC,train
SYNTH_COW_RATHI_0026,dataset/synthetic_82_breeds_v3/synthetic/cattle/cow_rathi/SYNTH_COW_RATHI_0026.jpg,cow_rathi,Rathi,cattle,SYNTHETIC,train
SYNTH_COW_ROHILKHANDI_0017,dataset/synthetic_82_breeds_v3/synthetic/cattle/cow_rohilkhandi/SYNTH_COW_ROHILKHANDI_0017.jpg,cow_rohilkhandi,Rohilkhandi,cattle,SYNTHETIC,train
SYNTH_COW_ROHILKHANDI_0018,dataset/synthetic_82_breeds_v3/synthetic/cattle/cow_rohilkhandi/SYNTH_COW_ROHILKHANDI_0018.jpg,cow_rohilkhandi,Rohilkhandi,cattle,SYNTHETIC,train
SYNTH_COW_ROHILKHANDI_0019,dataset/synthetic_82_breeds_v3/synthetic/cattle/cow_rohilkhandi/SYNTH_COW_ROHILKHANDI_0019.jpg,cow_rohilkhandi,Rohilkhandi,cattle,SYNTHETIC,train
SYNTH_COW_ROHILKHANDI_0021,dataset/synthetic_82_breeds_v3/synthetic/cattle/cow_rohilkhandi/SYNTH_COW_ROHILKHANDI_0021.jpg,cow_rohilkhandi,Rohilkhandi,cattle,SYNTHETIC,train
SYNTH_COW_ROHILKHANDI_0020,dataset/synthetic_82_breeds_v3/synthetic/cattle/cow_rohilkhandi/SYNTH_COW_ROHILKHANDI_0020.jpg,cow_rohilkhandi,Rohilkhandi,cattle,SYNTHETIC,train
SYNTH_COW_ROHILKHANDI_0022,dataset/synthetic_82_breeds_v3/synthetic/cattle/cow_rohilkhandi/SYNTH_COW_ROHILKHANDI_0022.jpg,cow_rohilkhandi,Rohilkhandi,cattle,SYNTHETIC,train
SYNTH_COW_ROHILKHANDI_0025,dataset/synthetic_82_breeds_v3/synthetic/cattle/cow_rohilkhandi/SYNTH_COW_ROHILKHANDI_0025.jpg,cow_rohilkhandi,Rohilkhandi,cattle,SYNTHETIC,train
SYNTH_COW_ROHILKHANDI_0024,dataset/synthetic_82_breeds_v3/synthetic/cattle/cow_rohilkhandi/SYNTH_COW_ROHILKHANDI_0024.jpg,cow_rohilkhandi,Rohilkhandi,cattle,SYNTHETIC,train
SYNTH_COW_ROHILKHANDI_0023,dataset/synthetic_82_breeds_v3/synthetic/cattle/cow_rohilkhandi/SYNTH_COW_ROHILKHANDI_0023.jpg,cow_rohilkhandi,Rohilkhandi,cattle,SYNTHETIC,train
SYNTH_COW_ROHILKHANDI_0027,dataset/synthetic_82_breeds_v3/synthetic/cattle/cow_rohilkhandi/SYNTH_COW_ROHILKHANDI_0027.jpg,cow_rohilkhandi,Rohilkhandi,cattle,SYNTHETIC,train
SYNTH_COW_ROHILKHANDI_0026,dataset/synthetic_82_breeds_v3/synthetic/cattle/cow_rohilkhandi/SYNTH_COW_ROHILKHANDI_0026.jpg,cow_rohilkhandi,Rohilkhandi,cattle,SYNTHETIC,train
SYNTH_COW_SANCHORI_0001,dataset/synthetic_82_breeds_v3/synthetic/cattle/cow_sanchori/SYNTH_COW_SANCHORI_0001.jpg,cow_sanchori,Sanchori,cattle,SYNTHETIC,train
SYNTH_COW_ROHILKHANDI_0028,dataset/synthetic_82_breeds_v3/synthetic/cattle/cow_rohilkhandi/SYNTH_COW_ROHILKHANDI_0028.jpg,cow_rohilkhandi,Rohilkhandi,cattle,SYNTHETIC,train
SYNTH_COW_SANCHORI_0002,dataset/synthetic_82_breeds_v3/synthetic/cattle/cow_sanchori/SYNTH_COW_SANCHORI_0002.jpg,cow_sanchori,Sanchori,cattle,SYNTHETIC,train
SYNTH_COW_SANCHORI_0003,dataset/synthetic_82_breeds_v3/synthetic/cattle/cow_sanchori/SYNTH_COW_SANCHORI_0003.jpg,cow_sanchori,Sanchori,cattle,SYNTHETIC,train
SYNTH_COW_SANCHORI_0005,dataset/synthetic_82_breeds_v3/synthetic/cattle/cow_sanchori/SYNTH_COW_SANCHORI_0005.jpg,cow_sanchori,Sanchori,cattle,SYNTHETIC,train
SYNTH_COW_SANCHORI_0004,dataset/synthetic_82_breeds_v3/synthetic/cattle/cow_sanchori/SYNTH_COW_SANCHORI_0004.jpg,cow_sanchori,Sanchori,cattle,SYNTHETIC,train
SYNTH_COW_SANCHORI_0007,dataset/synthetic_82_breeds_v3/synthetic/cattle/cow_sanchori/SYNTH_COW_SANCHORI_0007.jpg,cow_sanchori,Sanchori,cattle,SYNTHETIC,train
SYNTH_COW_SANCHORI_0006,dataset/synthetic_82_breeds_v3/synthetic/cattle/cow_sanchori/SYNTH_COW_SANCHORI_0006.jpg,cow_sanchori,Sanchori,cattle,SYNTHETIC,train
SYNTH_COW_SANCHORI_0008,dataset/synthetic_82_breeds_v3/synthetic/cattle/cow_sanchori/SYNTH_COW_SANCHORI_0008.jpg,cow_sanchori,Sanchori,cattle,SYNTHETIC,train
SYNTH_COW_SANCHORI_0009,dataset/synthetic_82_breeds_v3/synthetic/cattle/cow_sanchori/SYNTH_COW_SANCHORI_0009.jpg,cow_sanchori,Sanchori,cattle,SYNTHETIC,train
SYNTH_COW_ROHILKHANDI_0029,dataset/synthetic_82_breeds_v3/synthetic/cattle/cow_rohilkhandi/SYNTH_COW_ROHILKHANDI_0029.jpg,cow_rohilkhandi,Rohilkhandi,cattle,SYNTHETIC,train
SYNTH_COW_SANCHORI_0010,dataset/synthetic_82_breeds_v3/synthetic/cattle/cow_sanchori/SYNTH_COW_SANCHORI_0010.jpg,cow_sanchori,Sanchori,cattle,SYNTHETIC,train
SYNTH_COW_SANCHORI_0011,dataset/synthetic_82_breeds_v3/synthetic/cattle/cow_sanchori/SYNTH_COW_SANCHORI_0011.jpg,cow_sanchori,Sanchori,cattle,SYNTHETIC,train
SYNTH_COW_SANCHORI_0012,dataset/synthetic_82_breeds_v3/synthetic/cattle/cow_sanchori/SYNTH_COW_SANCHORI_0012.jpg,cow_sanchori,Sanchori,cattle,SYNTHETIC,train
SYNTH_COW_SANCHORI_0013,dataset/synthetic_82_breeds_v3/synthetic/cattle/cow_sanchori/SYNTH_COW_SANCHORI_0013.jpg,cow_sanchori,Sanchori,cattle,SYNTHETIC,train
SYNTH_COW_SANCHORI_0014,dataset/synthetic_82_breeds_v3/synthetic/cattle/cow_sanchori/SYNTH_COW_SANCHORI_0014.jpg,cow_sanchori,Sanchori,cattle,SYNTHETIC,train
SYNTH_COW_SANCHORI_0015,dataset/synthetic_82_breeds_v3/synthetic/cattle/cow_sanchori/SYNTH_COW_SANCHORI_0015.jpg,cow_sanchori,Sanchori,cattle,SYNTHETIC,train
SYNTH_COW_SANCHORI_0016,dataset/synthetic_82_breeds_v3/synthetic/cattle/cow_sanchori/SYNTH_COW_SANCHORI_0016.jpg,cow_sanchori,Sanchori,cattle,SYNTHETIC,train
SYNTH_COW_SANCHORI_0017,dataset/synthetic_82_breeds_v3/synthetic/cattle/cow_sanchori/SYNTH_COW_SANCHORI_0017.jpg,cow_sanchori,Sanchori,cattle,SYNTHETIC,train
SYNTH_COW_SANCHORI_0019,dataset/synthetic_82_breeds_v3/synthetic/cattle/cow_sanchori/SYNTH_COW_SANCHORI_0019.jpg,cow_sanchori,Sanchori,cattle,SYNTHETIC,train
SYNTH_COW_SANCHORI_0018,dataset/synthetic_82_breeds_v3/synthetic/cattle/cow_sanchori/SYNTH_COW_SANCHORI_0018.jpg,cow_sanchori,Sanchori,cattle,SYNTHETIC,train
SYNTH_COW_RATHI_0021,dataset/synthetic_82_breeds_v3/synthetic/cattle/cow_rathi/SYNTH_COW_RATHI_0021.jpg,cow_rathi,Rathi,cattle,SYNTHETIC,train
SYNTH_COW_SANCHORI_0020,dataset/synthetic_82_breeds_v3/synthetic/cattle/cow_sanchori/SYNTH_COW_SANCHORI_0020.jpg,cow_sanchori,Sanchori,cattle,SYNTHETIC,train
SYNTH_COW_SANCHORI_0021,dataset/synthetic_82_breeds_v3/synthetic/cattle/cow_sanchori/SYNTH_COW_SANCHORI_0021.jpg,cow_sanchori,Sanchori,cattle,SYNTHETIC,train
SYNTH_COW_SANCHORI_0022,dataset/synthetic_82_breeds_v3/synthetic/cattle/cow_sanchori/SYNTH_COW_SANCHORI_0022.jpg,cow_sanchori,Sanchori,cattle,SYNTHETIC,train
SYNTH_COW_SANCHORI_0025,dataset/synthetic_82_breeds_v3/synthetic/cattle/cow_sanchori/SYNTH_COW_SANCHORI_0025.jpg,cow_sanchori,Sanchori,cattle,SYNTHETIC,train
SYNTH_COW_SANCHORI_0023,dataset/synthetic_82_breeds_v3/synthetic/cattle/cow_sanchori/SYNTH_COW_SANCHORI_0023.jpg,cow_sanchori,Sanchori,cattle,SYNTHETIC,train
SYNTH_COW_SANCHORI_0026,dataset/synthetic_82_breeds_v3/synthetic/cattle/cow_sanchori/SYNTH_COW_SANCHORI_0026.jpg,cow_sanchori,Sanchori,cattle,SYNTHETIC,train
SYNTH_COW_SANCHORI_0024,dataset/synthetic_82_breeds_v3/synthetic/cattle/cow_sanchori/SYNTH_COW_SANCHORI_0024.jpg,cow_sanchori,Sanchori,cattle,SYNTHETIC,train
SYNTH_COW_SHWETA_KAPILA_0001,dataset/synthetic_82_breeds_v3/synthetic/cattle/cow_shweta_kapila/SYNTH_COW_SHWETA_KAPILA_0001.jpg,cow_shweta_kapila,Shweta Kapila,cattle,SYNTHETIC,train
SYNTH_COW_SHWETA_KAPILA_0002,dataset/synthetic_82_breeds_v3/synthetic/cattle/cow_shweta_kapila/SYNTH_COW_SHWETA_KAPILA_0002.jpg,cow_shweta_kapila,Shweta Kapila,cattle,SYNTHETIC,train
SYNTH_COW_SHWETA_KAPILA_0003,dataset/synthetic_82_breeds_v3/synthetic/cattle/cow_shweta_kapila/SYNTH_COW_SHWETA_KAPILA_0003.jpg,cow_shweta_kapila,Shweta Kapila,cattle,SYNTHETIC,train
SYNTH_COW_SHWETA_KAPILA_0004,dataset/synthetic_82_breeds_v3/synthetic/cattle/cow_shweta_kapila/SYNTH_COW_SHWETA_KAPILA_0004.jpg,cow_shweta_kapila,Shweta Kapila,cattle,SYNTHETIC,train
SYNTH_COW_SHWETA_KAPILA_0005,dataset/synthetic_82_breeds_v3/synthetic/cattle/cow_shweta_kapila/SYNTH_COW_SHWETA_KAPILA_0005.jpg,cow_shweta_kapila,Shweta Kapila,cattle,SYNTHETIC,train
SYNTH_COW_SHWETA_KAPILA_0006,dataset/synthetic_82_breeds_v3/synthetic/cattle/cow_shweta_kapila/SYNTH_COW_SHWETA_KAPILA_0006.jpg,cow_shweta_kapila,Shweta Kapila,cattle,SYNTHETIC,train
SYNTH_COW_SHWETA_KAPILA_0007,dataset/synthetic_82_breeds_v3/synthetic/cattle/cow_shweta_kapila/SYNTH_COW_SHWETA_KAPILA_0007.jpg,cow_shweta_kapila,Shweta Kapila,cattle,SYNTHETIC,train
SYNTH_COW_SHWETA_KAPILA_0008,dataset/synthetic_82_breeds_v3/synthetic/cattle/cow_shweta_kapila/SYNTH_COW_SHWETA_KAPILA_0008.jpg,cow_shweta_kapila,Shweta Kapila,cattle,SYNTHETIC,train
SYNTH_COW_SHWETA_KAPILA_0009,dataset/synthetic_82_breeds_v3/synthetic/cattle/cow_shweta_kapila/SYNTH_COW_SHWETA_KAPILA_0009.jpg,cow_shweta_kapila,Shweta Kapila,cattle,SYNTHETIC,train
SYNTH_COW_SHWETA_KAPILA_0010,dataset/synthetic_82_breeds_v3/synthetic/cattle/cow_shweta_kapila/SYNTH_COW_SHWETA_KAPILA_0010.jpg,cow_shweta_kapila,Shweta Kapila,cattle,SYNTHETIC,train
SYNTH_COW_SHWETA_KAPILA_0011,dataset/synthetic_82_breeds_v3/synthetic/cattle/cow_shweta_kapila/SYNTH_COW_SHWETA_KAPILA_0011.jpg,cow_shweta_kapila,Shweta Kapila,cattle,SYNTHETIC,train
SYNTH_COW_SHWETA_KAPILA_0012,dataset/synthetic_82_breeds_v3/synthetic/cattle/cow_shweta_kapila/SYNTH_COW_SHWETA_KAPILA_0012.jpg,cow_shweta_kapila,Shweta Kapila,cattle,SYNTHETIC,train
SYNTH_COW_SHWETA_KAPILA_0013,dataset/synthetic_82_breeds_v3/synthetic/cattle/cow_shweta_kapila/SYNTH_COW_SHWETA_KAPILA_0013.jpg,cow_shweta_kapila,Shweta Kapila,cattle,SYNTHETIC,train
SYNTH_COW_SANCHORI_0027,dataset/synthetic_82_breeds_v3/synthetic/cattle/cow_sanchori/SYNTH_COW_SANCHORI_0027.jpg,cow_sanchori,Sanchori,cattle,SYNTHETIC,train
SYNTH_COW_SHWETA_KAPILA_0014,dataset/synthetic_82_breeds_v3/synthetic/cattle/cow_shweta_kapila/SYNTH_COW_SHWETA_KAPILA_0014.jpg,cow_shweta_kapila,Shweta Kapila,cattle,SYNTHETIC,train
SYNTH_COW_SHWETA_KAPILA_0015,dataset/synthetic_82_breeds_v3/synthetic/cattle/cow_shweta_kapila/SYNTH_COW_SHWETA_KAPILA_0015.jpg,cow_shweta_kapila,Shweta Kapila,cattle,SYNTHETIC,train
SYNTH_COW_SHWETA_KAPILA_0016,dataset/synthetic_82_breeds_v3/synthetic/cattle/cow_shweta_kapila/SYNTH_COW_SHWETA_KAPILA_0016.jpg,cow_shweta_kapila,Shweta Kapila,cattle,SYNTHETIC,train
SYNTH_COW_SANCHORI_0028,dataset/synthetic_82_breeds_v3/synthetic/cattle/cow_sanchori/SYNTH_COW_SANCHORI_0028.jpg,cow_sanchori,Sanchori,cattle,SYNTHETIC,train
SYNTH_COW_SHWETA_KAPILA_0017,dataset/synthetic_82_breeds_v3/synthetic/cattle/cow_shweta_kapila/SYNTH_COW_SHWETA_KAPILA_0017.jpg,cow_shweta_kapila,Shweta Kapila,cattle,SYNTHETIC,train
SYNTH_COW_SHWETA_KAPILA_0018,dataset/synthetic_82_breeds_v3/synthetic/cattle/cow_shweta_kapila/SYNTH_COW_SHWETA_KAPILA_0018.jpg,cow_shweta_kapila,Shweta Kapila,cattle,SYNTHETIC,train
SYNTH_COW_SHWETA_KAPILA_0019,dataset/synthetic_82_breeds_v3/synthetic/cattle/cow_shweta_kapila/SYNTH_COW_SHWETA_KAPILA_0019.jpg,cow_shweta_kapila,Shweta Kapila,cattle,SYNTHETIC,train
SYNTH_COW_SANCHORI_0029,dataset/synthetic_82_breeds_v3/synthetic/cattle/cow_sanchori/SYNTH_COW_SANCHORI_0029.jpg,cow_sanchori,Sanchori,cattle,SYNTHETIC,train
SYNTH_COW_SHWETA_KAPILA_0020,dataset/synthetic_82_breeds_v3/synthetic/cattle/cow_shweta_kapila/SYNTH_COW_SHWETA_KAPILA_0020.jpg,cow_shweta_kapila,Shweta Kapila,cattle,SYNTHETIC,train
SYNTH_COW_SHWETA_KAPILA_0023,dataset/synthetic_82_breeds_v3/synthetic/cattle/cow_shweta_kapila/SYNTH_COW_SHWETA_KAPILA_0023.jpg,cow_shweta_kapila,Shweta Kapila,cattle,SYNTHETIC,train
SYNTH_COW_SHWETA_KAPILA_0022,dataset/synthetic_82_breeds_v3/synthetic/cattle/cow_shweta_kapila/SYNTH_COW_SHWETA_KAPILA_0022.jpg,cow_shweta_kapila,Shweta Kapila,cattle,SYNTHETIC,train
SYNTH_COW_SHWETA_KAPILA_0021,dataset/synthetic_82_breeds_v3/synthetic/cattle/cow_shweta_kapila/SYNTH_COW_SHWETA_KAPILA_0021.jpg,cow_shweta_kapila,Shweta Kapila,cattle,SYNTHETIC,train
SYNTH_COW_SHWETA_KAPILA_0025,dataset/synthetic_82_breeds_v3/synthetic/cattle/cow_shweta_kapila/SYNTH_COW_SHWETA_KAPILA_0025.jpg,cow_shweta_kapila,Shweta Kapila,cattle,SYNTHETIC,train
SYNTH_COW_RATHI_0024,dataset/synthetic_82_breeds_v3/synthetic/cattle/cow_rathi/SYNTH_COW_RATHI_0024.jpg,cow_rathi,Rathi,cattle,SYNTHETIC,train
SYNTH_COW_SHWETA_KAPILA_0026,dataset/synthetic_82_breeds_v3/synthetic/cattle/cow_shweta_kapila/SYNTH_COW_SHWETA_KAPILA_0026.jpg,cow_shweta_kapila,Shweta Kapila,cattle,SYNTHETIC,train
SYNTH_COW_THUTHO_0001,dataset/synthetic_82_breeds_v3/synthetic/cattle/cow_thutho/SYNTH_COW_THUTHO_0001.jpg,cow_thutho,Thutho,cattle,SYNTHETIC,train
SYNTH_COW_THUTHO_0002,dataset/synthetic_82_breeds_v3/synthetic/cattle/cow_thutho/SYNTH_COW_THUTHO_0002.jpg,cow_thutho,Thutho,cattle,SYNTHETIC,train
SYNTH_COW_THUTHO_0003,dataset/synthetic_82_breeds_v3/synthetic/cattle/cow_thutho/SYNTH_COW_THUTHO_0003.jpg,cow_thutho,Thutho,cattle,SYNTHETIC,train
SYNTH_COW_THUTHO_0004,dataset/synthetic_82_breeds_v3/synthetic/cattle/cow_thutho/SYNTH_COW_THUTHO_0004.jpg,cow_thutho,Thutho,cattle,SYNTHETIC,train
SYNTH_COW_THUTHO_0005,dataset/synthetic_82_breeds_v3/synthetic/cattle/cow_thutho/SYNTH_COW_THUTHO_0005.jpg,cow_thutho,Thutho,cattle,SYNTHETIC,train
SYNTH_COW_THUTHO_0006,dataset/synthetic_82_breeds_v3/synthetic/cattle/cow_thutho/SYNTH_COW_THUTHO_0006.jpg,cow_thutho,Thutho,cattle,SYNTHETIC,train
SYNTH_COW_THUTHO_0007,dataset/synthetic_82_breeds_v3/synthetic/cattle/cow_thutho/SYNTH_COW_THUTHO_0007.jpg,cow_thutho,Thutho,cattle,SYNTHETIC,train
SYNTH_COW_THUTHO_0008,dataset/synthetic_82_breeds_v3/synthetic/cattle/cow_thutho/SYNTH_COW_THUTHO_0008.jpg,cow_thutho,Thutho,cattle,SYNTHETIC,train
SYNTH_COW_THUTHO_0009,dataset/synthetic_82_breeds_v3/synthetic/cattle/cow_thutho/SYNTH_COW_THUTHO_0009.jpg,cow_thutho,Thutho,cattle,SYNTHETIC,train
SYNTH_COW_THUTHO_0010,dataset/synthetic_82_breeds_v3/synthetic/cattle/cow_thutho/SYNTH_COW_THUTHO_0010.jpg,cow_thutho,Thutho,cattle,SYNTHETIC,train
SYNTH_COW_SHWETA_KAPILA_0024,dataset/synthetic_82_breeds_v3/synthetic/cattle/cow_shweta_kapila/SYNTH_COW_SHWETA_KAPILA_0024.jpg,cow_shweta_kapila,Shweta Kapila,cattle,SYNTHETIC,train
SYNTH_COW_THUTHO_0011,dataset/synthetic_82_breeds_v3/synthetic/cattle/cow_thutho/SYNTH_COW_THUTHO_0011.jpg,cow_thutho,Thutho,cattle,SYNTHETIC,train
SYNTH_COW_SHWETA_KAPILA_0028,dataset/synthetic_82_breeds_v3/synthetic/cattle/cow_shweta_kapila/SYNTH_COW_SHWETA_KAPILA_0028.jpg,cow_shweta_kapila,Shweta Kapila,cattle,SYNTHETIC,train
SYNTH_COW_THUTHO_0013,dataset/synthetic_82_breeds_v3/synthetic/cattle/cow_thutho/SYNTH_COW_THUTHO_0013.jpg,cow_thutho,Thutho,cattle,SYNTHETIC,train
SYNTH_COW_THUTHO_0012,dataset/synthetic_82_breeds_v3/synthetic/cattle/cow_thutho/SYNTH_COW_THUTHO_0012.jpg,cow_thutho,Thutho,cattle,SYNTHETIC,train
SYNTH_COW_THUTHO_0014,dataset/synthetic_82_breeds_v3/synthetic/cattle/cow_thutho/SYNTH_COW_THUTHO_0014.jpg,cow_thutho,Thutho,cattle,SYNTHETIC,train
SYNTH_COW_THUTHO_0015,dataset/synthetic_82_breeds_v3/synthetic/cattle/cow_thutho/SYNTH_COW_THUTHO_0015.jpg,cow_thutho,Thutho,cattle,SYNTHETIC,train
SYNTH_COW_THUTHO_0016,dataset/synthetic_82_breeds_v3/synthetic/cattle/cow_thutho/SYNTH_COW_THUTHO_0016.jpg,cow_thutho,Thutho,cattle,SYNTHETIC,train
SYNTH_COW_THUTHO_0017,dataset/synthetic_82_breeds_v3/synthetic/cattle/cow_thutho/SYNTH_COW_THUTHO_0017.jpg,cow_thutho,Thutho,cattle,SYNTHETIC,train
SYNTH_COW_THUTHO_0018,dataset/synthetic_82_breeds_v3/synthetic/cattle/cow_thutho/SYNTH_COW_THUTHO_0018.jpg,cow_thutho,Thutho,cattle,SYNTHETIC,train
SYNTH_COW_THUTHO_0019,dataset/synthetic_82_breeds_v3/synthetic/cattle/cow_thutho/SYNTH_COW_THUTHO_0019.jpg,cow_thutho,Thutho,cattle,SYNTHETIC,train
SYNTH_COW_RATHI_0027,dataset/synthetic_82_breeds_v3/synthetic/cattle/cow_rathi/SYNTH_COW_RATHI_0027.jpg,cow_rathi,Rathi,cattle,SYNTHETIC,train
SYNTH_COW_SHWETA_KAPILA_0027,dataset/synthetic_82_breeds_v3/synthetic/cattle/cow_shweta_kapila/SYNTH_COW_SHWETA_KAPILA_0027.jpg,cow_shweta_kapila,Shweta Kapila,cattle,SYNTHETIC,train
SYNTH_COW_THUTHO_0020,dataset/synthetic_82_breeds_v3/synthetic/cattle/cow_thutho/SYNTH_COW_THUTHO_0020.jpg,cow_thutho,Thutho,cattle,SYNTHETIC,train
SYNTH_COW_SHWETA_KAPILA_0029,dataset/synthetic_82_breeds_v3/synthetic/cattle/cow_shweta_kapila/SYNTH_COW_SHWETA_KAPILA_0029.jpg,cow_shweta_kapila,Shweta Kapila,cattle,SYNTHETIC,train
SYNTH_COW_THUTHO_0021,dataset/synthetic_82_breeds_v3/synthetic/cattle/cow_thutho/SYNTH_COW_THUTHO_0021.jpg,cow_thutho,Thutho,cattle,SYNTHETIC,train
SYNTH_COW_THUTHO_0023,dataset/synthetic_82_breeds_v3/synthetic/cattle/cow_thutho/SYNTH_COW_THUTHO_0023.jpg,cow_thutho,Thutho,cattle,SYNTHETIC,train
SYNTH_COW_THUTHO_0022,dataset/synthetic_82_breeds_v3/synthetic/cattle/cow_thutho/SYNTH_COW_THUTHO_0022.jpg,cow_thutho,Thutho,cattle,SYNTHETIC,train
SYNTH_COW_THUTHO_0025,dataset/synthetic_82_breeds_v3/synthetic/cattle/cow_thutho/SYNTH_COW_THUTHO_0025.jpg,cow_thutho,Thutho,cattle,SYNTHETIC,train
SYNTH_COW_UMARDA_0001,dataset/synthetic_82_breeds_v3/synthetic/cattle/cow_umarda/SYNTH_COW_UMARDA_0001.jpg,cow_umarda,Umarda,cattle,SYNTHETIC,train
SYNTH_COW_UMARDA_0002,dataset/synthetic_82_breeds_v3/synthetic/cattle/cow_umarda/SYNTH_COW_UMARDA_0002.jpg,cow_umarda,Umarda,cattle,SYNTHETIC,train
SYNTH_COW_UMARDA_0003,dataset/synthetic_82_breeds_v3/synthetic/cattle/cow_umarda/SYNTH_COW_UMARDA_0003.jpg,cow_umarda,Umarda,cattle,SYNTHETIC,train
SYNTH_COW_UMARDA_0004,dataset/synthetic_82_breeds_v3/synthetic/cattle/cow_umarda/SYNTH_COW_UMARDA_0004.jpg,cow_umarda,Umarda,cattle,SYNTHETIC,train
SYNTH_COW_UMARDA_0005,dataset/synthetic_82_breeds_v3/synthetic/cattle/cow_umarda/SYNTH_COW_UMARDA_0005.jpg,cow_umarda,Umarda,cattle,SYNTHETIC,train
SYNTH_COW_UMARDA_0006,dataset/synthetic_82_breeds_v3/synthetic/cattle/cow_umarda/SYNTH_COW_UMARDA_0006.jpg,cow_umarda,Umarda,cattle,SYNTHETIC,train
SYNTH_COW_UMARDA_0007,dataset/synthetic_82_breeds_v3/synthetic/cattle/cow_umarda/SYNTH_COW_UMARDA_0007.jpg,cow_umarda,Umarda,cattle,SYNTHETIC,train
SYNTH_COW_UMARDA_0008,dataset/synthetic_82_breeds_v3/synthetic/cattle/cow_umarda/SYNTH_COW_UMARDA_0008.jpg,cow_umarda,Umarda,cattle,SYNTHETIC,train
SYNTH_COW_UMARDA_0009,dataset/synthetic_82_breeds_v3/synthetic/cattle/cow_umarda/SYNTH_COW_UMARDA_0009.jpg,cow_umarda,Umarda,cattle,SYNTHETIC,train
SYNTH_COW_UMARDA_0010,dataset/synthetic_82_breeds_v3/synthetic/cattle/cow_umarda/SYNTH_COW_UMARDA_0010.jpg,cow_umarda,Umarda,cattle,SYNTHETIC,train
SYNTH_COW_THUTHO_0024,dataset/synthetic_82_breeds_v3/synthetic/cattle/cow_thutho/SYNTH_COW_THUTHO_0024.jpg,cow_thutho,Thutho,cattle,SYNTHETIC,train
SYNTH_COW_UMARDA_0011,dataset/synthetic_82_breeds_v3/synthetic/cattle/cow_umarda/SYNTH_COW_UMARDA_0011.jpg,cow_umarda,Umarda,cattle,SYNTHETIC,train
SYNTH_COW_UMARDA_0012,dataset/synthetic_82_breeds_v3/synthetic/cattle/cow_umarda/SYNTH_COW_UMARDA_0012.jpg,cow_umarda,Umarda,cattle,SYNTHETIC,train
SYNTH_COW_UMARDA_0013,dataset/synthetic_82_breeds_v3/synthetic/cattle/cow_umarda/SYNTH_COW_UMARDA_0013.jpg,cow_umarda,Umarda,cattle,SYNTHETIC,train
SYNTH_COW_UMARDA_0014,dataset/synthetic_82_breeds_v3/synthetic/cattle/cow_umarda/SYNTH_COW_UMARDA_0014.jpg,cow_umarda,Umarda,cattle,SYNTHETIC,train
SYNTH_COW_UMARDA_0015,dataset/synthetic_82_breeds_v3/synthetic/cattle/cow_umarda/SYNTH_COW_UMARDA_0015.jpg,cow_umarda,Umarda,cattle,SYNTHETIC,train
SYNTH_COW_UMARDA_0016,dataset/synthetic_82_breeds_v3/synthetic/cattle/cow_umarda/SYNTH_COW_UMARDA_0016.jpg,cow_umarda,Umarda,cattle,SYNTHETIC,train
SYNTH_COW_UMARDA_0017,dataset/synthetic_82_breeds_v3/synthetic/cattle/cow_umarda/SYNTH_COW_UMARDA_0017.jpg,cow_umarda,Umarda,cattle,SYNTHETIC,train
SYNTH_COW_UMARDA_0018,dataset/synthetic_82_breeds_v3/synthetic/cattle/cow_umarda/SYNTH_COW_UMARDA_0018.jpg,cow_umarda,Umarda,cattle,SYNTHETIC,train
SYNTH_COW_UMARDA_0019,dataset/synthetic_82_breeds_v3/synthetic/cattle/cow_umarda/SYNTH_COW_UMARDA_0019.jpg,cow_umarda,Umarda,cattle,SYNTHETIC,train
SYNTH_COW_THUTHO_0026,dataset/synthetic_82_breeds_v3/synthetic/cattle/cow_thutho/SYNTH_COW_THUTHO_0026.jpg,cow_thutho,Thutho,cattle,SYNTHETIC,train
SYNTH_COW_THUTHO_0029,dataset/synthetic_82_breeds_v3/synthetic/cattle/cow_thutho/SYNTH_COW_THUTHO_0029.jpg,cow_thutho,Thutho,cattle,SYNTHETIC,train
SYNTH_COW_THUTHO_0028,dataset/synthetic_82_breeds_v3/synthetic/cattle/cow_thutho/SYNTH_COW_THUTHO_0028.jpg,cow_thutho,Thutho,cattle,SYNTHETIC,train
SYNTH_COW_THUTHO_0027,dataset/synthetic_82_breeds_v3/synthetic/cattle/cow_thutho/SYNTH_COW_THUTHO_0027.jpg,cow_thutho,Thutho,cattle,SYNTHETIC,train
SYNTH_COW_UMARDA_0025,dataset/synthetic_82_breeds_v3/synthetic/cattle/cow_umarda/SYNTH_COW_UMARDA_0025.jpg,cow_umarda,Umarda,cattle,SYNTHETIC,train
SYNTH_COW_UMARDA_0020,dataset/synthetic_82_breeds_v3/synthetic/cattle/cow_umarda/SYNTH_COW_UMARDA_0020.jpg,cow_umarda,Umarda,cattle,SYNTHETIC,train
SYNTH_COW_UMARDA_0023,dataset/synthetic_82_breeds_v3/synthetic/cattle/cow_umarda/SYNTH_COW_UMARDA_0023.jpg,cow_umarda,Umarda,cattle,SYNTHETIC,train
SYNTH_COW_UMARDA_0022,dataset/synthetic_82_breeds_v3/synthetic/cattle/cow_umarda/SYNTH_COW_UMARDA_0022.jpg,cow_umarda,Umarda,cattle,SYNTHETIC,train
SYNTH_COW_UMARDA_0026,dataset/synthetic_82_breeds_v3/synthetic/cattle/cow_umarda/SYNTH_COW_UMARDA_0026.jpg,cow_umarda,Umarda,cattle,SYNTHETIC,train
SYNTH_COW_UMBLACHERY_0001,dataset/synthetic_82_breeds_v3/synthetic/cattle/cow_umblachery/SYNTH_COW_UMBLACHERY_0001.jpg,cow_umblachery,Umblachery,cattle,SYNTHETIC,train
SYNTH_COW_UMBLACHERY_0002,dataset/synthetic_82_breeds_v3/synthetic/cattle/cow_umblachery/SYNTH_COW_UMBLACHERY_0002.jpg,cow_umblachery,Umblachery,cattle,SYNTHETIC,train
SYNTH_COW_UMBLACHERY_0003,dataset/synthetic_82_breeds_v3/synthetic/cattle/cow_umblachery/SYNTH_COW_UMBLACHERY_0003.jpg,cow_umblachery,Umblachery,cattle,SYNTHETIC,train
SYNTH_COW_UMBLACHERY_0004,dataset/synthetic_82_breeds_v3/synthetic/cattle/cow_umblachery/SYNTH_COW_UMBLACHERY_0004.jpg,cow_umblachery,Umblachery,cattle,SYNTHETIC,train
SYNTH_COW_UMBLACHERY_0005,dataset/synthetic_82_breeds_v3/synthetic/cattle/cow_umblachery/SYNTH_COW_UMBLACHERY_0005.jpg,cow_umblachery,Umblachery,cattle,SYNTHETIC,train
SYNTH_COW_UMBLACHERY_0006,dataset/synthetic_82_breeds_v3/synthetic/cattle/cow_umblachery/SYNTH_COW_UMBLACHERY_0006.jpg,cow_umblachery,Umblachery,cattle,SYNTHETIC,train
SYNTH_COW_UMBLACHERY_0007,dataset/synthetic_82_breeds_v3/synthetic/cattle/cow_umblachery/SYNTH_COW_UMBLACHERY_0007.jpg,cow_umblachery,Umblachery,cattle,SYNTHETIC,train
SYNTH_COW_UMBLACHERY_0008,dataset/synthetic_82_breeds_v3/synthetic/cattle/cow_umblachery/SYNTH_COW_UMBLACHERY_0008.jpg,cow_umblachery,Umblachery,cattle,SYNTHETIC,train
SYNTH_COW_UMBLACHERY_0009,dataset/synthetic_82_breeds_v3/synthetic/cattle/cow_umblachery/SYNTH_COW_UMBLACHERY_0009.jpg,cow_umblachery,Umblachery,cattle,SYNTHETIC,train
SYNTH_COW_UMBLACHERY_0010,dataset/synthetic_82_breeds_v3/synthetic/cattle/cow_umblachery/SYNTH_COW_UMBLACHERY_0010.jpg,cow_umblachery,Umblachery,cattle,SYNTHETIC,train
SYNTH_COW_UMBLACHERY_0011,dataset/synthetic_82_breeds_v3/synthetic/cattle/cow_umblachery/SYNTH_COW_UMBLACHERY_0011.jpg,cow_umblachery,Umblachery,cattle,SYNTHETIC,train
SYNTH_COW_UMBLACHERY_0012,dataset/synthetic_82_breeds_v3/synthetic/cattle/cow_umblachery/SYNTH_COW_UMBLACHERY_0012.jpg,cow_umblachery,Umblachery,cattle,SYNTHETIC,train
SYNTH_COW_UMARDA_0021,dataset/synthetic_82_breeds_v3/synthetic/cattle/cow_umarda/SYNTH_COW_UMARDA_0021.jpg,cow_umarda,Umarda,cattle,SYNTHETIC,train
SYNTH_COW_UMBLACHERY_0013,dataset/synthetic_82_breeds_v3/synthetic/cattle/cow_umblachery/SYNTH_COW_UMBLACHERY_0013.jpg,cow_umblachery,Umblachery,cattle,SYNTHETIC,train
SYNTH_COW_UMBLACHERY_0014,dataset/synthetic_82_breeds_v3/synthetic/cattle/cow_umblachery/SYNTH_COW_UMBLACHERY_0014.jpg,cow_umblachery,Umblachery,cattle,SYNTHETIC,train
SYNTH_COW_UMBLACHERY_0015,dataset/synthetic_82_breeds_v3/synthetic/cattle/cow_umblachery/SYNTH_COW_UMBLACHERY_0015.jpg,cow_umblachery,Umblachery,cattle,SYNTHETIC,train
SYNTH_COW_UMBLACHERY_0016,dataset/synthetic_82_breeds_v3/synthetic/cattle/cow_umblachery/SYNTH_COW_UMBLACHERY_0016.jpg,cow_umblachery,Umblachery,cattle,SYNTHETIC,train
SYNTH_COW_UMBLACHERY_0017,dataset/synthetic_82_breeds_v3/synthetic/cattle/cow_umblachery/SYNTH_COW_UMBLACHERY_0017.jpg,cow_umblachery,Umblachery,cattle,SYNTHETIC,train
SYNTH_COW_UMBLACHERY_0018,dataset/synthetic_82_breeds_v3/synthetic/cattle/cow_umblachery/SYNTH_COW_UMBLACHERY_0018.jpg,cow_umblachery,Umblachery,cattle,SYNTHETIC,train
SYNTH_COW_UMBLACHERY_0019,dataset/synthetic_82_breeds_v3/synthetic/cattle/cow_umblachery/SYNTH_COW_UMBLACHERY_0019.jpg,cow_umblachery,Umblachery,cattle,SYNTHETIC,train
SYNTH_COW_UMARDA_0024,dataset/synthetic_82_breeds_v3/synthetic/cattle/cow_umarda/SYNTH_COW_UMARDA_0024.jpg,cow_umarda,Umarda,cattle,SYNTHETIC,train
SYNTH_COW_UMARDA_0028,dataset/synthetic_82_breeds_v3/synthetic/cattle/cow_umarda/SYNTH_COW_UMARDA_0028.jpg,cow_umarda,Umarda,cattle,SYNTHETIC,train
SYNTH_COW_UMARDA_0029,dataset/synthetic_82_breeds_v3/synthetic/cattle/cow_umarda/SYNTH_COW_UMARDA_0029.jpg,cow_umarda,Umarda,cattle,SYNTHETIC,train
SYNTH_COW_UMARDA_0027,dataset/synthetic_82_breeds_v3/synthetic/cattle/cow_umarda/SYNTH_COW_UMARDA_0027.jpg,cow_umarda,Umarda,cattle,SYNTHETIC,train
SYNTH_COW_UMBLACHERY_0025,dataset/synthetic_82_breeds_v3/synthetic/cattle/cow_umblachery/SYNTH_COW_UMBLACHERY_0025.jpg,cow_umblachery,Umblachery,cattle,SYNTHETIC,train
SYNTH_COW_RATHI_0029,dataset/synthetic_82_breeds_v3/synthetic/cattle/cow_rathi/SYNTH_COW_RATHI_0029.jpg,cow_rathi,Rathi,cattle,SYNTHETIC,train
SYNTH_COW_RATHI_0028,dataset/synthetic_82_breeds_v3/synthetic/cattle/cow_rathi/SYNTH_COW_RATHI_0028.jpg,cow_rathi,Rathi,cattle,SYNTHETIC,train
SYNTH_COW_UMBLACHERY_0020,dataset/synthetic_82_breeds_v3/synthetic/cattle/cow_umblachery/SYNTH_COW_UMBLACHERY_0020.jpg,cow_umblachery,Umblachery,cattle,SYNTHETIC,train
SYNTH_COW_UMBLACHERY_0022,dataset/synthetic_82_breeds_v3/synthetic/cattle/cow_umblachery/SYNTH_COW_UMBLACHERY_0022.jpg,cow_umblachery,Umblachery,cattle,SYNTHETIC,train
SYNTH_BUFFALO_BANNI_0001,dataset/synthetic_82_breeds_v3/synthetic/buffalo/buffalo_banni/SYNTH_BUFFALO_BANNI_0001.jpg,buffalo_banni,Banni,buffalo,SYNTHETIC,train
SYNTH_BUFFALO_BANNI_0002,dataset/synthetic_82_breeds_v3/synthetic/buffalo/buffalo_banni/SYNTH_BUFFALO_BANNI_0002.jpg,buffalo_banni,Banni,buffalo,SYNTHETIC,train
SYNTH_BUFFALO_BANNI_0003,dataset/synthetic_82_breeds_v3/synthetic/buffalo/buffalo_banni/SYNTH_BUFFALO_BANNI_0003.jpg,buffalo_banni,Banni,buffalo,SYNTHETIC,train
SYNTH_BUFFALO_BANNI_0004,dataset/synthetic_82_breeds_v3/synthetic/buffalo/buffalo_banni/SYNTH_BUFFALO_BANNI_0004.jpg,buffalo_banni,Banni,buffalo,SYNTHETIC,train
SYNTH_BUFFALO_BANNI_0005,dataset/synthetic_82_breeds_v3/synthetic/buffalo/buffalo_banni/SYNTH_BUFFALO_BANNI_0005.jpg,buffalo_banni,Banni,buffalo,SYNTHETIC,train
SYNTH_BUFFALO_BANNI_0006,dataset/synthetic_82_breeds_v3/synthetic/buffalo/buffalo_banni/SYNTH_BUFFALO_BANNI_0006.jpg,buffalo_banni,Banni,buffalo,SYNTHETIC,train
SYNTH_BUFFALO_BANNI_0007,dataset/synthetic_82_breeds_v3/synthetic/buffalo/buffalo_banni/SYNTH_BUFFALO_BANNI_0007.jpg,buffalo_banni,Banni,buffalo,SYNTHETIC,train
SYNTH_BUFFALO_BANNI_0008,dataset/synthetic_82_breeds_v3/synthetic/buffalo/buffalo_banni/SYNTH_BUFFALO_BANNI_0008.jpg,buffalo_banni,Banni,buffalo,SYNTHETIC,train
SYNTH_BUFFALO_BANNI_0009,dataset/synthetic_82_breeds_v3/synthetic/buffalo/buffalo_banni/SYNTH_BUFFALO_BANNI_0009.jpg,buffalo_banni,Banni,buffalo,SYNTHETIC,train
SYNTH_BUFFALO_BANNI_0010,dataset/synthetic_82_breeds_v3/synthetic/buffalo/buffalo_banni/SYNTH_BUFFALO_BANNI_0010.jpg,buffalo_banni,Banni,buffalo,SYNTHETIC,train
SYNTH_BUFFALO_BANNI_0011,dataset/synthetic_82_breeds_v3/synthetic/buffalo/buffalo_banni/SYNTH_BUFFALO_BANNI_0011.jpg,buffalo_banni,Banni,buffalo,SYNTHETIC,train
SYNTH_BUFFALO_BANNI_0012,dataset/synthetic_82_breeds_v3/synthetic/buffalo/buffalo_banni/SYNTH_BUFFALO_BANNI_0012.jpg,buffalo_banni,Banni,buffalo,SYNTHETIC,train
SYNTH_BUFFALO_BANNI_0013,dataset/synthetic_82_breeds_v3/synthetic/buffalo/buffalo_banni/SYNTH_BUFFALO_BANNI_0013.jpg,buffalo_banni,Banni,buffalo,SYNTHETIC,train
SYNTH_BUFFALO_BANNI_0014,dataset/synthetic_82_breeds_v3/synthetic/buffalo/buffalo_banni/SYNTH_BUFFALO_BANNI_0014.jpg,buffalo_banni,Banni,buffalo,SYNTHETIC,train
SYNTH_BUFFALO_BANNI_0015,dataset/synthetic_82_breeds_v3/synthetic/buffalo/buffalo_banni/SYNTH_BUFFALO_BANNI_0015.jpg,buffalo_banni,Banni,buffalo,SYNTHETIC,train
SYNTH_BUFFALO_BANNI_0016,dataset/synthetic_82_breeds_v3/synthetic/buffalo/buffalo_banni/SYNTH_BUFFALO_BANNI_0016.jpg,buffalo_banni,Banni,buffalo,SYNTHETIC,train
SYNTH_BUFFALO_BANNI_0017,dataset/synthetic_82_breeds_v3/synthetic/buffalo/buffalo_banni/SYNTH_BUFFALO_BANNI_0017.jpg,buffalo_banni,Banni,buffalo,SYNTHETIC,train
SYNTH_BUFFALO_BANNI_0018,dataset/synthetic_82_breeds_v3/synthetic/buffalo/buffalo_banni/SYNTH_BUFFALO_BANNI_0018.jpg,buffalo_banni,Banni,buffalo,SYNTHETIC,train
SYNTH_BUFFALO_BANNI_0019,dataset/synthetic_82_breeds_v3/synthetic/buffalo/buffalo_banni/SYNTH_BUFFALO_BANNI_0019.jpg,buffalo_banni,Banni,buffalo,SYNTHETIC,train
SYNTH_COW_UMBLACHERY_0023,dataset/synthetic_82_breeds_v3/synthetic/cattle/cow_umblachery/SYNTH_COW_UMBLACHERY_0023.jpg,cow_umblachery,Umblachery,cattle,SYNTHETIC,train
SYNTH_BUFFALO_BANNI_0020,dataset/synthetic_82_breeds_v3/synthetic/buffalo/buffalo_banni/SYNTH_BUFFALO_BANNI_0020.jpg,buffalo_banni,Banni,buffalo,SYNTHETIC,train
SYNTH_BUFFALO_BANNI_0021,dataset/synthetic_82_breeds_v3/synthetic/buffalo/buffalo_banni/SYNTH_BUFFALO_BANNI_0021.jpg,buffalo_banni,Banni,buffalo,SYNTHETIC,train
SYNTH_BUFFALO_BANNI_0022,dataset/synthetic_82_breeds_v3/synthetic/buffalo/buffalo_banni/SYNTH_BUFFALO_BANNI_0022.jpg,buffalo_banni,Banni,buffalo,SYNTHETIC,train
SYNTH_BUFFALO_BANNI_0023,dataset/synthetic_82_breeds_v3/synthetic/buffalo/buffalo_banni/SYNTH_BUFFALO_BANNI_0023.jpg,buffalo_banni,Banni,buffalo,SYNTHETIC,train
SYNTH_COW_UMBLACHERY_0026,dataset/synthetic_82_breeds_v3/synthetic/cattle/cow_umblachery/SYNTH_COW_UMBLACHERY_0026.jpg,cow_umblachery,Umblachery,cattle,SYNTHETIC,train
SYNTH_BUFFALO_BANNI_0025,dataset/synthetic_82_breeds_v3/synthetic/buffalo/buffalo_banni/SYNTH_BUFFALO_BANNI_0025.jpg,buffalo_banni,Banni,buffalo,SYNTHETIC,train
SYNTH_BUFFALO_BANNI_0024,dataset/synthetic_82_breeds_v3/synthetic/buffalo/buffalo_banni/SYNTH_BUFFALO_BANNI_0024.jpg,buffalo_banni,Banni,buffalo,SYNTHETIC,train
SYNTH_BUFFALO_BANNI_0026,dataset/synthetic_82_breeds_v3/synthetic/buffalo/buffalo_banni/SYNTH_BUFFALO_BANNI_0026.jpg,buffalo_banni,Banni,buffalo,SYNTHETIC,train
SYNTH_BUFFALO_BANNI_0028,dataset/synthetic_82_breeds_v3/synthetic/buffalo/buffalo_banni/SYNTH_BUFFALO_BANNI_0028.jpg,buffalo_banni,Banni,buffalo,SYNTHETIC,train
SYNTH_BUFFALO_GOMANCHALI_0001,dataset/synthetic_82_breeds_v3/synthetic/buffalo/buffalo_gomanchali/SYNTH_BUFFALO_GOMANCHALI_0001.jpg,buffalo_gomanchali,Gomanchali,buffalo,SYNTHETIC,train
SYNTH_BUFFALO_GOMANCHALI_0002,dataset/synthetic_82_breeds_v3/synthetic/buffalo/buffalo_gomanchali/SYNTH_BUFFALO_GOMANCHALI_0002.jpg,buffalo_gomanchali,Gomanchali,buffalo,SYNTHETIC,train
SYNTH_BUFFALO_GOMANCHALI_0003,dataset/synthetic_82_breeds_v3/synthetic/buffalo/buffalo_gomanchali/SYNTH_BUFFALO_GOMANCHALI_0003.jpg,buffalo_gomanchali,Gomanchali,buffalo,SYNTHETIC,train
SYNTH_BUFFALO_GOMANCHALI_0004,dataset/synthetic_82_breeds_v3/synthetic/buffalo/buffalo_gomanchali/SYNTH_BUFFALO_GOMANCHALI_0004.jpg,buffalo_gomanchali,Gomanchali,buffalo,SYNTHETIC,train
SYNTH_BUFFALO_GOMANCHALI_0005,dataset/synthetic_82_breeds_v3/synthetic/buffalo/buffalo_gomanchali/SYNTH_BUFFALO_GOMANCHALI_0005.jpg,buffalo_gomanchali,Gomanchali,buffalo,SYNTHETIC,train
SYNTH_BUFFALO_GOMANCHALI_0006,dataset/synthetic_82_breeds_v3/synthetic/buffalo/buffalo_gomanchali/SYNTH_BUFFALO_GOMANCHALI_0006.jpg,buffalo_gomanchali,Gomanchali,buffalo,SYNTHETIC,train
SYNTH_BUFFALO_GOMANCHALI_0007,dataset/synthetic_82_breeds_v3/synthetic/buffalo/buffalo_gomanchali/SYNTH_BUFFALO_GOMANCHALI_0007.jpg,buffalo_gomanchali,Gomanchali,buffalo,SYNTHETIC,train
SYNTH_BUFFALO_GOMANCHALI_0008,dataset/synthetic_82_breeds_v3/synthetic/buffalo/buffalo_gomanchali/SYNTH_BUFFALO_GOMANCHALI_0008.jpg,buffalo_gomanchali,Gomanchali,buffalo,SYNTHETIC,train
SYNTH_BUFFALO_GOMANCHALI_0009,dataset/synthetic_82_breeds_v3/synthetic/buffalo/buffalo_gomanchali/SYNTH_BUFFALO_GOMANCHALI_0009.jpg,buffalo_gomanchali,Gomanchali,buffalo,SYNTHETIC,train
SYNTH_BUFFALO_GOMANCHALI_0010,dataset/synthetic_82_breeds_v3/synthetic/buffalo/buffalo_gomanchali/SYNTH_BUFFALO_GOMANCHALI_0010.jpg,buffalo_gomanchali,Gomanchali,buffalo,SYNTHETIC,train
SYNTH_BUFFALO_GOMANCHALI_0011,dataset/synthetic_82_breeds_v3/synthetic/buffalo/buffalo_gomanchali/SYNTH_BUFFALO_GOMANCHALI_0011.jpg,buffalo_gomanchali,Gomanchali,buffalo,SYNTHETIC,train
SYNTH_BUFFALO_BANNI_0027,dataset/synthetic_82_breeds_v3/synthetic/buffalo/buffalo_banni/SYNTH_BUFFALO_BANNI_0027.jpg,buffalo_banni,Banni,buffalo,SYNTHETIC,train
SYNTH_BUFFALO_GOMANCHALI_0012,dataset/synthetic_82_breeds_v3/synthetic/buffalo/buffalo_gomanchali/SYNTH_BUFFALO_GOMANCHALI_0012.jpg,buffalo_gomanchali,Gomanchali,buffalo,SYNTHETIC,train
SYNTH_BUFFALO_GOMANCHALI_0013,dataset/synthetic_82_breeds_v3/synthetic/buffalo/buffalo_gomanchali/SYNTH_BUFFALO_GOMANCHALI_0013.jpg,buffalo_gomanchali,Gomanchali,buffalo,SYNTHETIC,train
SYNTH_BUFFALO_GOMANCHALI_0014,dataset/synthetic_82_breeds_v3/synthetic/buffalo/buffalo_gomanchali/SYNTH_BUFFALO_GOMANCHALI_0014.jpg,buffalo_gomanchali,Gomanchali,buffalo,SYNTHETIC,train
SYNTH_BUFFALO_GOMANCHALI_0015,dataset/synthetic_82_breeds_v3/synthetic/buffalo/buffalo_gomanchali/SYNTH_BUFFALO_GOMANCHALI_0015.jpg,buffalo_gomanchali,Gomanchali,buffalo,SYNTHETIC,train
SYNTH_BUFFALO_GOMANCHALI_0016,dataset/synthetic_82_breeds_v3/synthetic/buffalo/buffalo_gomanchali/SYNTH_BUFFALO_GOMANCHALI_0016.jpg,buffalo_gomanchali,Gomanchali,buffalo,SYNTHETIC,train
SYNTH_BUFFALO_GOMANCHALI_0017,dataset/synthetic_82_breeds_v3/synthetic/buffalo/buffalo_gomanchali/SYNTH_BUFFALO_GOMANCHALI_0017.jpg,buffalo_gomanchali,Gomanchali,buffalo,SYNTHETIC,train
SYNTH_BUFFALO_GOMANCHALI_0018,dataset/synthetic_82_breeds_v3/synthetic/buffalo/buffalo_gomanchali/SYNTH_BUFFALO_GOMANCHALI_0018.jpg,buffalo_gomanchali,Gomanchali,buffalo,SYNTHETIC,train
SYNTH_BUFFALO_GOMANCHALI_0019,dataset/synthetic_82_breeds_v3/synthetic/buffalo/buffalo_gomanchali/SYNTH_BUFFALO_GOMANCHALI_0019.jpg,buffalo_gomanchali,Gomanchali,buffalo,SYNTHETIC,train
SYNTH_BUFFALO_BANNI_0029,dataset/synthetic_82_breeds_v3/synthetic/buffalo/buffalo_banni/SYNTH_BUFFALO_BANNI_0029.jpg,buffalo_banni,Banni,buffalo,SYNTHETIC,train
SYNTH_BUFFALO_GOMANCHALI_0020,dataset/synthetic_82_breeds_v3/synthetic/buffalo/buffalo_gomanchali/SYNTH_BUFFALO_GOMANCHALI_0020.jpg,buffalo_gomanchali,Gomanchali,buffalo,SYNTHETIC,train
SYNTH_BUFFALO_GOMANCHALI_0022,dataset/synthetic_82_breeds_v3/synthetic/buffalo/buffalo_gomanchali/SYNTH_BUFFALO_GOMANCHALI_0022.jpg,buffalo_gomanchali,Gomanchali,buffalo,SYNTHETIC,train
SYNTH_COW_UMBLACHERY_0021,dataset/synthetic_82_breeds_v3/synthetic/cattle/cow_umblachery/SYNTH_COW_UMBLACHERY_0021.jpg,cow_umblachery,Umblachery,cattle,SYNTHETIC,train
SYNTH_BUFFALO_GOMANCHALI_0021,dataset/synthetic_82_breeds_v3/synthetic/buffalo/buffalo_gomanchali/SYNTH_BUFFALO_GOMANCHALI_0021.jpg,buffalo_gomanchali,Gomanchali,buffalo,SYNTHETIC,train
SYNTH_BUFFALO_GOMANCHALI_0025,dataset/synthetic_82_breeds_v3/synthetic/buffalo/buffalo_gomanchali/SYNTH_BUFFALO_GOMANCHALI_0025.jpg,buffalo_gomanchali,Gomanchali,buffalo,SYNTHETIC,train
SYNTH_BUFFALO_GOMANCHALI_0023,dataset/synthetic_82_breeds_v3/synthetic/buffalo/buffalo_gomanchali/SYNTH_BUFFALO_GOMANCHALI_0023.jpg,buffalo_gomanchali,Gomanchali,buffalo,SYNTHETIC,train
SYNTH_BUFFALO_GOMANCHALI_0024,dataset/synthetic_82_breeds_v3/synthetic/buffalo/buffalo_gomanchali/SYNTH_BUFFALO_GOMANCHALI_0024.jpg,buffalo_gomanchali,Gomanchali,buffalo,SYNTHETIC,train
SYNTH_BUFFALO_GOMANCHALI_0026,dataset/synthetic_82_breeds_v3/synthetic/buffalo/buffalo_gomanchali/SYNTH_BUFFALO_GOMANCHALI_0026.jpg,buffalo_gomanchali,Gomanchali,buffalo,SYNTHETIC,train
SYNTH_COW_HARIANA_0001,dataset/synthetic_82_breeds_v3/synthetic/cattle/cow_hariana/SYNTH_COW_HARIANA_0001.jpg,cow_hariana,Hariana,cattle,SYNTHETIC,train
SYNTH_COW_HARIANA_0002,dataset/synthetic_82_breeds_v3/synthetic/cattle/cow_hariana/SYNTH_COW_HARIANA_0002.jpg,cow_hariana,Hariana,cattle,SYNTHETIC,train
SYNTH_COW_HARIANA_0003,dataset/synthetic_82_breeds_v3/synthetic/cattle/cow_hariana/SYNTH_COW_HARIANA_0003.jpg,cow_hariana,Hariana,cattle,SYNTHETIC,train
SYNTH_COW_HARIANA_0004,dataset/synthetic_82_breeds_v3/synthetic/cattle/cow_hariana/SYNTH_COW_HARIANA_0004.jpg,cow_hariana,Hariana,cattle,SYNTHETIC,train
SYNTH_COW_HARIANA_0005,dataset/synthetic_82_breeds_v3/synthetic/cattle/cow_hariana/SYNTH_COW_HARIANA_0005.jpg,cow_hariana,Hariana,cattle,SYNTHETIC,train
SYNTH_COW_HARIANA_0006,dataset/synthetic_82_breeds_v3/synthetic/cattle/cow_hariana/SYNTH_COW_HARIANA_0006.jpg,cow_hariana,Hariana,cattle,SYNTHETIC,train
SYNTH_COW_HARIANA_0007,dataset/synthetic_82_breeds_v3/synthetic/cattle/cow_hariana/SYNTH_COW_HARIANA_0007.jpg,cow_hariana,Hariana,cattle,SYNTHETIC,train
SYNTH_COW_HARIANA_0008,dataset/synthetic_82_breeds_v3/synthetic/cattle/cow_hariana/SYNTH_COW_HARIANA_0008.jpg,cow_hariana,Hariana,cattle,SYNTHETIC,train
SYNTH_COW_HARIANA_0009,dataset/synthetic_82_breeds_v3/synthetic/cattle/cow_hariana/SYNTH_COW_HARIANA_0009.jpg,cow_hariana,Hariana,cattle,SYNTHETIC,train
SYNTH_COW_HARIANA_0010,dataset/synthetic_82_breeds_v3/synthetic/cattle/cow_hariana/SYNTH_COW_HARIANA_0010.jpg,cow_hariana,Hariana,cattle,SYNTHETIC,train
SYNTH_COW_HARIANA_0011,dataset/synthetic_82_breeds_v3/synthetic/cattle/cow_hariana/SYNTH_COW_HARIANA_0011.jpg,cow_hariana,Hariana,cattle,SYNTHETIC,train
SYNTH_COW_HARIANA_0012,dataset/synthetic_82_breeds_v3/synthetic/cattle/cow_hariana/SYNTH_COW_HARIANA_0012.jpg,cow_hariana,Hariana,cattle,SYNTHETIC,train
SYNTH_COW_HARIANA_0013,dataset/synthetic_82_breeds_v3/synthetic/cattle/cow_hariana/SYNTH_COW_HARIANA_0013.jpg,cow_hariana,Hariana,cattle,SYNTHETIC,train
SYNTH_COW_HARIANA_0014,dataset/synthetic_82_breeds_v3/synthetic/cattle/cow_hariana/SYNTH_COW_HARIANA_0014.jpg,cow_hariana,Hariana,cattle,SYNTHETIC,train
SYNTH_COW_HARIANA_0015,dataset/synthetic_82_breeds_v3/synthetic/cattle/cow_hariana/SYNTH_COW_HARIANA_0015.jpg,cow_hariana,Hariana,cattle,SYNTHETIC,train
SYNTH_COW_HARIANA_0016,dataset/synthetic_82_breeds_v3/synthetic/cattle/cow_hariana/SYNTH_COW_HARIANA_0016.jpg,cow_hariana,Hariana,cattle,SYNTHETIC,train
SYNTH_COW_HARIANA_0017,dataset/synthetic_82_breeds_v3/synthetic/cattle/cow_hariana/SYNTH_COW_HARIANA_0017.jpg,cow_hariana,Hariana,cattle,SYNTHETIC,train
SYNTH_COW_HARIANA_0018,dataset/synthetic_82_breeds_v3/synthetic/cattle/cow_hariana/SYNTH_COW_HARIANA_0018.jpg,cow_hariana,Hariana,cattle,SYNTHETIC,train
SYNTH_COW_HARIANA_0019,dataset/synthetic_82_breeds_v3/synthetic/cattle/cow_hariana/SYNTH_COW_HARIANA_0019.jpg,cow_hariana,Hariana,cattle,SYNTHETIC,train
SYNTH_COW_UMBLACHERY_0024,dataset/synthetic_82_breeds_v3/synthetic/cattle/cow_umblachery/SYNTH_COW_UMBLACHERY_0024.jpg,cow_umblachery,Umblachery,cattle,SYNTHETIC,train
SYNTH_BUFFALO_GOMANCHALI_0029,dataset/synthetic_82_breeds_v3/synthetic/buffalo/buffalo_gomanchali/SYNTH_BUFFALO_GOMANCHALI_0029.jpg,buffalo_gomanchali,Gomanchali,buffalo,SYNTHETIC,train
SYNTH_BUFFALO_GOMANCHALI_0027,dataset/synthetic_82_breeds_v3/synthetic/buffalo/buffalo_gomanchali/SYNTH_BUFFALO_GOMANCHALI_0027.jpg,buffalo_gomanchali,Gomanchali,buffalo,SYNTHETIC,train
SYNTH_BUFFALO_GOMANCHALI_0028,dataset/synthetic_82_breeds_v3/synthetic/buffalo/buffalo_gomanchali/SYNTH_BUFFALO_GOMANCHALI_0028.jpg,buffalo_gomanchali,Gomanchali,buffalo,SYNTHETIC,train
SYNTH_COW_UMBLACHERY_0028,dataset/synthetic_82_breeds_v3/synthetic/cattle/cow_umblachery/SYNTH_COW_UMBLACHERY_0028.jpg,cow_umblachery,Umblachery,cattle,SYNTHETIC,train
SYNTH_COW_UMBLACHERY_0029,dataset/synthetic_82_breeds_v3/synthetic/cattle/cow_umblachery/SYNTH_COW_UMBLACHERY_0029.jpg,cow_umblachery,Umblachery,cattle,SYNTHETIC,train
SYNTH_COW_HARIANA_0022,dataset/synthetic_82_breeds_v3/synthetic/cattle/cow_hariana/SYNTH_COW_HARIANA_0022.jpg,cow_hariana,Hariana,cattle,SYNTHETIC,train
SYNTH_COW_UMBLACHERY_0027,dataset/synthetic_82_breeds_v3/synthetic/cattle/cow_umblachery/SYNTH_COW_UMBLACHERY_0027.jpg,cow_umblachery,Umblachery,cattle,SYNTHETIC,train
SYNTH_COW_HARIANA_0023,dataset/synthetic_82_breeds_v3/synthetic/cattle/cow_hariana/SYNTH_COW_HARIANA_0023.jpg,cow_hariana,Hariana,cattle,SYNTHETIC,train
SYNTH_COW_HARIANA_0020,dataset/synthetic_82_breeds_v3/synthetic/cattle/cow_hariana/SYNTH_COW_HARIANA_0020.jpg,cow_hariana,Hariana,cattle,SYNTHETIC,train
SYNTH_COW_KOPPAL_0001,dataset/synthetic_82_breeds_v3/synthetic/cattle/cow_koppal/SYNTH_COW_KOPPAL_0001.jpg,cow_koppal,Koppal,cattle,SYNTHETIC,train
SYNTH_COW_KOPPAL_0002,dataset/synthetic_82_breeds_v3/synthetic/cattle/cow_koppal/SYNTH_COW_KOPPAL_0002.jpg,cow_koppal,Koppal,cattle,SYNTHETIC,train
SYNTH_COW_KOPPAL_0003,dataset/synthetic_82_breeds_v3/synthetic/cattle/cow_koppal/SYNTH_COW_KOPPAL_0003.jpg,cow_koppal,Koppal,cattle,SYNTHETIC,train
SYNTH_COW_KOPPAL_0004,dataset/synthetic_82_breeds_v3/synthetic/cattle/cow_koppal/SYNTH_COW_KOPPAL_0004.jpg,cow_koppal,Koppal,cattle,SYNTHETIC,train
SYNTH_COW_KOPPAL_0005,dataset/synthetic_82_breeds_v3/synthetic/cattle/cow_koppal/SYNTH_COW_KOPPAL_0005.jpg,cow_koppal,Koppal,cattle,SYNTHETIC,train
SYNTH_COW_KOPPAL_0006,dataset/synthetic_82_breeds_v3/synthetic/cattle/cow_koppal/SYNTH_COW_KOPPAL_0006.jpg,cow_koppal,Koppal,cattle,SYNTHETIC,train
SYNTH_COW_KOPPAL_0007,dataset/synthetic_82_breeds_v3/synthetic/cattle/cow_koppal/SYNTH_COW_KOPPAL_0007.jpg,cow_koppal,Koppal,cattle,SYNTHETIC,train
SYNTH_COW_KOPPAL_0008,dataset/synthetic_82_breeds_v3/synthetic/cattle/cow_koppal/SYNTH_COW_KOPPAL_0008.jpg,cow_koppal,Koppal,cattle,SYNTHETIC,train
SYNTH_COW_KOPPAL_0009,dataset/synthetic_82_breeds_v3/synthetic/cattle/cow_koppal/SYNTH_COW_KOPPAL_0009.jpg,cow_koppal,Koppal,cattle,SYNTHETIC,train
SYNTH_COW_KOPPAL_0010,dataset/synthetic_82_breeds_v3/synthetic/cattle/cow_koppal/SYNTH_COW_KOPPAL_0010.jpg,cow_koppal,Koppal,cattle,SYNTHETIC,train
SYNTH_COW_KOPPAL_0011,dataset/synthetic_82_breeds_v3/synthetic/cattle/cow_koppal/SYNTH_COW_KOPPAL_0011.jpg,cow_koppal,Koppal,cattle,SYNTHETIC,train
SYNTH_COW_KOPPAL_0012,dataset/synthetic_82_breeds_v3/synthetic/cattle/cow_koppal/SYNTH_COW_KOPPAL_0012.jpg,cow_koppal,Koppal,cattle,SYNTHETIC,train
SYNTH_COW_KOPPAL_0013,dataset/synthetic_82_breeds_v3/synthetic/cattle/cow_koppal/SYNTH_COW_KOPPAL_0013.jpg,cow_koppal,Koppal,cattle,SYNTHETIC,train
SYNTH_COW_KOPPAL_0014,dataset/synthetic_82_breeds_v3/synthetic/cattle/cow_koppal/SYNTH_COW_KOPPAL_0014.jpg,cow_koppal,Koppal,cattle,SYNTHETIC,train
SYNTH_COW_KOPPAL_0015,dataset/synthetic_82_breeds_v3/synthetic/cattle/cow_koppal/SYNTH_COW_KOPPAL_0015.jpg,cow_koppal,Koppal,cattle,SYNTHETIC,train
SYNTH_COW_KOPPAL_0016,dataset/synthetic_82_breeds_v3/synthetic/cattle/cow_koppal/SYNTH_COW_KOPPAL_0016.jpg,cow_koppal,Koppal,cattle,SYNTHETIC,train
SYNTH_COW_KOPPAL_0017,dataset/synthetic_82_breeds_v3/synthetic/cattle/cow_koppal/SYNTH_COW_KOPPAL_0017.jpg,cow_koppal,Koppal,cattle,SYNTHETIC,train
SYNTH_COW_KOPPAL_0018,dataset/synthetic_82_breeds_v3/synthetic/cattle/cow_koppal/SYNTH_COW_KOPPAL_0018.jpg,cow_koppal,Koppal,cattle,SYNTHETIC,train
SYNTH_COW_KOPPAL_0019,dataset/synthetic_82_breeds_v3/synthetic/cattle/cow_koppal/SYNTH_COW_KOPPAL_0019.jpg,cow_koppal,Koppal,cattle,SYNTHETIC,train
SYNTH_COW_HARIANA_0025,dataset/synthetic_82_breeds_v3/synthetic/cattle/cow_hariana/SYNTH_COW_HARIANA_0025.jpg,cow_hariana,Hariana,cattle,SYNTHETIC,train
SYNTH_COW_HARIANA_0021,dataset/synthetic_82_breeds_v3/synthetic/cattle/cow_hariana/SYNTH_COW_HARIANA_0021.jpg,cow_hariana,Hariana,cattle,SYNTHETIC,train
SYNTH_COW_HARIANA_0024,dataset/synthetic_82_breeds_v3/synthetic/cattle/cow_hariana/SYNTH_COW_HARIANA_0024.jpg,cow_hariana,Hariana,cattle,SYNTHETIC,train
SYNTH_COW_HARIANA_0026,dataset/synthetic_82_breeds_v3/synthetic/cattle/cow_hariana/SYNTH_COW_HARIANA_0026.jpg,cow_hariana,Hariana,cattle,SYNTHETIC,train
SYNTH_COW_KOPPAL_0020,dataset/synthetic_82_breeds_v3/synthetic/cattle/cow_koppal/SYNTH_COW_KOPPAL_0020.jpg,cow_koppal,Koppal,cattle,SYNTHETIC,train
SYNTH_COW_HARIANA_0029,dataset/synthetic_82_breeds_v3/synthetic/cattle/cow_hariana/SYNTH_COW_HARIANA_0029.jpg,cow_hariana,Hariana,cattle,SYNTHETIC,train
SYNTH_COW_HARIANA_0028,dataset/synthetic_82_breeds_v3/synthetic/cattle/cow_hariana/SYNTH_COW_HARIANA_0028.jpg,cow_hariana,Hariana,cattle,SYNTHETIC,train
SYNTH_COW_KOPPAL_0022,dataset/synthetic_82_breeds_v3/synthetic/cattle/cow_koppal/SYNTH_COW_KOPPAL_0022.jpg,cow_koppal,Koppal,cattle,SYNTHETIC,train
SYNTH_COW_KOPPAL_0023,dataset/synthetic_82_breeds_v3/synthetic/cattle/cow_koppal/SYNTH_COW_KOPPAL_0023.jpg,cow_koppal,Koppal,cattle,SYNTHETIC,train
SYNTH_COW_HARIANA_0027,dataset/synthetic_82_breeds_v3/synthetic/cattle/cow_hariana/SYNTH_COW_HARIANA_0027.jpg,cow_hariana,Hariana,cattle,SYNTHETIC,train
SYNTH_COW_MALVI_0001,dataset/synthetic_82_breeds_v3/synthetic/cattle/cow_malvi/SYNTH_COW_MALVI_0001.jpg,cow_malvi,Malvi,cattle,SYNTHETIC,train
SYNTH_COW_MALVI_0002,dataset/synthetic_82_breeds_v3/synthetic/cattle/cow_malvi/SYNTH_COW_MALVI_0002.jpg,cow_malvi,Malvi,cattle,SYNTHETIC,train
SYNTH_COW_MALVI_0003,dataset/synthetic_82_breeds_v3/synthetic/cattle/cow_malvi/SYNTH_COW_MALVI_0003.jpg,cow_malvi,Malvi,cattle,SYNTHETIC,train
SYNTH_COW_MALVI_0004,dataset/synthetic_82_breeds_v3/synthetic/cattle/cow_malvi/SYNTH_COW_MALVI_0004.jpg,cow_malvi,Malvi,cattle,SYNTHETIC,train
SYNTH_COW_MALVI_0005,dataset/synthetic_82_breeds_v3/synthetic/cattle/cow_malvi/SYNTH_COW_MALVI_0005.jpg,cow_malvi,Malvi,cattle,SYNTHETIC,train
SYNTH_COW_MALVI_0006,dataset/synthetic_82_breeds_v3/synthetic/cattle/cow_malvi/SYNTH_COW_MALVI_0006.jpg,cow_malvi,Malvi,cattle,SYNTHETIC,train
SYNTH_COW_MALVI_0007,dataset/synthetic_82_breeds_v3/synthetic/cattle/cow_malvi/SYNTH_COW_MALVI_0007.jpg,cow_malvi,Malvi,cattle,SYNTHETIC,train
SYNTH_COW_MALVI_0008,dataset/synthetic_82_breeds_v3/synthetic/cattle/cow_malvi/SYNTH_COW_MALVI_0008.jpg,cow_malvi,Malvi,cattle,SYNTHETIC,train
SYNTH_COW_MALVI_0009,dataset/synthetic_82_breeds_v3/synthetic/cattle/cow_malvi/SYNTH_COW_MALVI_0009.jpg,cow_malvi,Malvi,cattle,SYNTHETIC,train
SYNTH_COW_MALVI_0010,dataset/synthetic_82_breeds_v3/synthetic/cattle/cow_malvi/SYNTH_COW_MALVI_0010.jpg,cow_malvi,Malvi,cattle,SYNTHETIC,train
SYNTH_COW_MALVI_0011,dataset/synthetic_82_breeds_v3/synthetic/cattle/cow_malvi/SYNTH_COW_MALVI_0011.jpg,cow_malvi,Malvi,cattle,SYNTHETIC,train
SYNTH_COW_MALVI_0012,dataset/synthetic_82_breeds_v3/synthetic/cattle/cow_malvi/SYNTH_COW_MALVI_0012.jpg,cow_malvi,Malvi,cattle,SYNTHETIC,train
SYNTH_COW_MALVI_0013,dataset/synthetic_82_breeds_v3/synthetic/cattle/cow_malvi/SYNTH_COW_MALVI_0013.jpg,cow_malvi,Malvi,cattle,SYNTHETIC,train
SYNTH_COW_MALVI_0014,dataset/synthetic_82_breeds_v3/synthetic/cattle/cow_malvi/SYNTH_COW_MALVI_0014.jpg,cow_malvi,Malvi,cattle,SYNTHETIC,train
SYNTH_COW_MALVI_0015,dataset/synthetic_82_breeds_v3/synthetic/cattle/cow_malvi/SYNTH_COW_MALVI_0015.jpg,cow_malvi,Malvi,cattle,SYNTHETIC,train
SYNTH_COW_MALVI_0016,dataset/synthetic_82_breeds_v3/synthetic/cattle/cow_malvi/SYNTH_COW_MALVI_0016.jpg,cow_malvi,Malvi,cattle,SYNTHETIC,train
SYNTH_COW_MALVI_0017,dataset/synthetic_82_breeds_v3/synthetic/cattle/cow_malvi/SYNTH_COW_MALVI_0017.jpg,cow_malvi,Malvi,cattle,SYNTHETIC,train
SYNTH_COW_MALVI_0018,dataset/synthetic_82_breeds_v3/synthetic/cattle/cow_malvi/SYNTH_COW_MALVI_0018.jpg,cow_malvi,Malvi,cattle,SYNTHETIC,train
SYNTH_COW_MALVI_0019,dataset/synthetic_82_breeds_v3/synthetic/cattle/cow_malvi/SYNTH_COW_MALVI_0019.jpg,cow_malvi,Malvi,cattle,SYNTHETIC,train
SYNTH_COW_KOPPAL_0025,dataset/synthetic_82_breeds_v3/synthetic/cattle/cow_koppal/SYNTH_COW_KOPPAL_0025.jpg,cow_koppal,Koppal,cattle,SYNTHETIC,train
SYNTH_COW_KOPPAL_0021,dataset/synthetic_82_breeds_v3/synthetic/cattle/cow_koppal/SYNTH_COW_KOPPAL_0021.jpg,cow_koppal,Koppal,cattle,SYNTHETIC,train
SYNTH_COW_KOPPAL_0026,dataset/synthetic_82_breeds_v3/synthetic/cattle/cow_koppal/SYNTH_COW_KOPPAL_0026.jpg,cow_koppal,Koppal,cattle,SYNTHETIC,train
SYNTH_COW_MALVI_0020,dataset/synthetic_82_breeds_v3/synthetic/cattle/cow_malvi/SYNTH_COW_MALVI_0020.jpg,cow_malvi,Malvi,cattle,SYNTHETIC,train
SYNTH_COW_KOPPAL_0028,dataset/synthetic_82_breeds_v3/synthetic/cattle/cow_koppal/SYNTH_COW_KOPPAL_0028.jpg,cow_koppal,Koppal,cattle,SYNTHETIC,train
SYNTH_COW_MALVI_0022,dataset/synthetic_82_breeds_v3/synthetic/cattle/cow_malvi/SYNTH_COW_MALVI_0022.jpg,cow_malvi,Malvi,cattle,SYNTHETIC,train
SYNTH_COW_KOPPAL_0029,dataset/synthetic_82_breeds_v3/synthetic/cattle/cow_koppal/SYNTH_COW_KOPPAL_0029.jpg,cow_koppal,Koppal,cattle,SYNTHETIC,train
SYNTH_COW_MALVI_0025,dataset/synthetic_82_breeds_v3/synthetic/cattle/cow_malvi/SYNTH_COW_MALVI_0025.jpg,cow_malvi,Malvi,cattle,SYNTHETIC,train
SYNTH_COW_MALVI_0021,dataset/synthetic_82_breeds_v3/synthetic/cattle/cow_malvi/SYNTH_COW_MALVI_0021.jpg,cow_malvi,Malvi,cattle,SYNTHETIC,train
SYNTH_COW_KOPPAL_0027,dataset/synthetic_82_breeds_v3/synthetic/cattle/cow_koppal/SYNTH_COW_KOPPAL_0027.jpg,cow_koppal,Koppal,cattle,SYNTHETIC,train
SYNTH_COW_MEDINI_0001,dataset/synthetic_82_breeds_v3/synthetic/cattle/cow_medini/SYNTH_COW_MEDINI_0001.jpg,cow_medini,Medini,cattle,SYNTHETIC,train
SYNTH_COW_MEDINI_0002,dataset/synthetic_82_breeds_v3/synthetic/cattle/cow_medini/SYNTH_COW_MEDINI_0002.jpg,cow_medini,Medini,cattle,SYNTHETIC,train
SYNTH_COW_MEDINI_0003,dataset/synthetic_82_breeds_v3/synthetic/cattle/cow_medini/SYNTH_COW_MEDINI_0003.jpg,cow_medini,Medini,cattle,SYNTHETIC,train
SYNTH_COW_MEDINI_0004,dataset/synthetic_82_breeds_v3/synthetic/cattle/cow_medini/SYNTH_COW_MEDINI_0004.jpg,cow_medini,Medini,cattle,SYNTHETIC,train
SYNTH_COW_MEDINI_0005,dataset/synthetic_82_breeds_v3/synthetic/cattle/cow_medini/SYNTH_COW_MEDINI_0005.jpg,cow_medini,Medini,cattle,SYNTHETIC,train
SYNTH_COW_MEDINI_0006,dataset/synthetic_82_breeds_v3/synthetic/cattle/cow_medini/SYNTH_COW_MEDINI_0006.jpg,cow_medini,Medini,cattle,SYNTHETIC,train
SYNTH_COW_MEDINI_0007,dataset/synthetic_82_breeds_v3/synthetic/cattle/cow_medini/SYNTH_COW_MEDINI_0007.jpg,cow_medini,Medini,cattle,SYNTHETIC,train
SYNTH_COW_MEDINI_0008,dataset/synthetic_82_breeds_v3/synthetic/cattle/cow_medini/SYNTH_COW_MEDINI_0008.jpg,cow_medini,Medini,cattle,SYNTHETIC,train
SYNTH_COW_MEDINI_0009,dataset/synthetic_82_breeds_v3/synthetic/cattle/cow_medini/SYNTH_COW_MEDINI_0009.jpg,cow_medini,Medini,cattle,SYNTHETIC,train
SYNTH_COW_MEDINI_0010,dataset/synthetic_82_breeds_v3/synthetic/cattle/cow_medini/SYNTH_COW_MEDINI_0010.jpg,cow_medini,Medini,cattle,SYNTHETIC,train
SYNTH_COW_MEDINI_0011,dataset/synthetic_82_breeds_v3/synthetic/cattle/cow_medini/SYNTH_COW_MEDINI_0011.jpg,cow_medini,Medini,cattle,SYNTHETIC,train
SYNTH_COW_MEDINI_0012,dataset/synthetic_82_breeds_v3/synthetic/cattle/cow_medini/SYNTH_COW_MEDINI_0012.jpg,cow_medini,Medini,cattle,SYNTHETIC,train
SYNTH_COW_MEDINI_0013,dataset/synthetic_82_breeds_v3/synthetic/cattle/cow_medini/SYNTH_COW_MEDINI_0013.jpg,cow_medini,Medini,cattle,SYNTHETIC,train
SYNTH_COW_MEDINI_0014,dataset/synthetic_82_breeds_v3/synthetic/cattle/cow_medini/SYNTH_COW_MEDINI_0014.jpg,cow_medini,Medini,cattle,SYNTHETIC,train
SYNTH_COW_MEDINI_0015,dataset/synthetic_82_breeds_v3/synthetic/cattle/cow_medini/SYNTH_COW_MEDINI_0015.jpg,cow_medini,Medini,cattle,SYNTHETIC,train
SYNTH_COW_MEDINI_0016,dataset/synthetic_82_breeds_v3/synthetic/cattle/cow_medini/SYNTH_COW_MEDINI_0016.jpg,cow_medini,Medini,cattle,SYNTHETIC,train
SYNTH_COW_MEDINI_0017,dataset/synthetic_82_breeds_v3/synthetic/cattle/cow_medini/SYNTH_COW_MEDINI_0017.jpg,cow_medini,Medini,cattle,SYNTHETIC,train
SYNTH_COW_MEDINI_0018,dataset/synthetic_82_breeds_v3/synthetic/cattle/cow_medini/SYNTH_COW_MEDINI_0018.jpg,cow_medini,Medini,cattle,SYNTHETIC,train
SYNTH_COW_MEDINI_0019,dataset/synthetic_82_breeds_v3/synthetic/cattle/cow_medini/SYNTH_COW_MEDINI_0019.jpg,cow_medini,Medini,cattle,SYNTHETIC,train
SYNTH_COW_KOPPAL_0024,dataset/synthetic_82_breeds_v3/synthetic/cattle/cow_koppal/SYNTH_COW_KOPPAL_0024.jpg,cow_koppal,Koppal,cattle,SYNTHETIC,train
SYNTH_COW_MEDINI_0020,dataset/synthetic_82_breeds_v3/synthetic/cattle/cow_medini/SYNTH_COW_MEDINI_0020.jpg,cow_medini,Medini,cattle,SYNTHETIC,train
SYNTH_COW_MALVI_0026,dataset/synthetic_82_breeds_v3/synthetic/cattle/cow_malvi/SYNTH_COW_MALVI_0026.jpg,cow_malvi,Malvi,cattle,SYNTHETIC,train
SYNTH_COW_MALVI_0023,dataset/synthetic_82_breeds_v3/synthetic/cattle/cow_malvi/SYNTH_COW_MALVI_0023.jpg,cow_malvi,Malvi,cattle,SYNTHETIC,train
SYNTH_COW_MEDINI_0021,dataset/synthetic_82_breeds_v3/synthetic/cattle/cow_medini/SYNTH_COW_MEDINI_0021.jpg,cow_medini,Medini,cattle,SYNTHETIC,train
SYNTH_COW_MALVI_0029,dataset/synthetic_82_breeds_v3/synthetic/cattle/cow_malvi/SYNTH_COW_MALVI_0029.jpg,cow_malvi,Malvi,cattle,SYNTHETIC,train
SYNTH_COW_MALVI_0028,dataset/synthetic_82_breeds_v3/synthetic/cattle/cow_malvi/SYNTH_COW_MALVI_0028.jpg,cow_malvi,Malvi,cattle,SYNTHETIC,train
SYNTH_COW_MEDINI_0025,dataset/synthetic_82_breeds_v3/synthetic/cattle/cow_medini/SYNTH_COW_MEDINI_0025.jpg,cow_medini,Medini,cattle,SYNTHETIC,train
SYNTH_COW_MEDINI_0022,dataset/synthetic_82_breeds_v3/synthetic/cattle/cow_medini/SYNTH_COW_MEDINI_0022.jpg,cow_medini,Medini,cattle,SYNTHETIC,train
SYNTH_COW_MEDINI_0023,dataset/synthetic_82_breeds_v3/synthetic/cattle/cow_medini/SYNTH_COW_MEDINI_0023.jpg,cow_medini,Medini,cattle,SYNTHETIC,train
SYNTH_COW_NARI_0001,dataset/synthetic_82_breeds_v3/synthetic/cattle/cow_nari/SYNTH_COW_NARI_0001.jpg,cow_nari,Nari,cattle,SYNTHETIC,train
SYNTH_COW_NARI_0002,dataset/synthetic_82_breeds_v3/synthetic/cattle/cow_nari/SYNTH_COW_NARI_0002.jpg,cow_nari,Nari,cattle,SYNTHETIC,train
SYNTH_COW_NARI_0003,dataset/synthetic_82_breeds_v3/synthetic/cattle/cow_nari/SYNTH_COW_NARI_0003.jpg,cow_nari,Nari,cattle,SYNTHETIC,train
SYNTH_COW_NARI_0004,dataset/synthetic_82_breeds_v3/synthetic/cattle/cow_nari/SYNTH_COW_NARI_0004.jpg,cow_nari,Nari,cattle,SYNTHETIC,train
SYNTH_COW_NARI_0005,dataset/synthetic_82_breeds_v3/synthetic/cattle/cow_nari/SYNTH_COW_NARI_0005.jpg,cow_nari,Nari,cattle,SYNTHETIC,train
SYNTH_COW_NARI_0006,dataset/synthetic_82_breeds_v3/synthetic/cattle/cow_nari/SYNTH_COW_NARI_0006.jpg,cow_nari,Nari,cattle,SYNTHETIC,train
SYNTH_COW_NARI_0007,dataset/synthetic_82_breeds_v3/synthetic/cattle/cow_nari/SYNTH_COW_NARI_0007.jpg,cow_nari,Nari,cattle,SYNTHETIC,train
SYNTH_COW_NARI_0008,dataset/synthetic_82_breeds_v3/synthetic/cattle/cow_nari/SYNTH_COW_NARI_0008.jpg,cow_nari,Nari,cattle,SYNTHETIC,train
SYNTH_COW_NARI_0009,dataset/synthetic_82_breeds_v3/synthetic/cattle/cow_nari/SYNTH_COW_NARI_0009.jpg,cow_nari,Nari,cattle,SYNTHETIC,train
SYNTH_COW_NARI_0010,dataset/synthetic_82_breeds_v3/synthetic/cattle/cow_nari/SYNTH_COW_NARI_0010.jpg,cow_nari,Nari,cattle,SYNTHETIC,train
SYNTH_COW_NARI_0011,dataset/synthetic_82_breeds_v3/synthetic/cattle/cow_nari/SYNTH_COW_NARI_0011.jpg,cow_nari,Nari,cattle,SYNTHETIC,train
SYNTH_COW_NARI_0012,dataset/synthetic_82_breeds_v3/synthetic/cattle/cow_nari/SYNTH_COW_NARI_0012.jpg,cow_nari,Nari,cattle,SYNTHETIC,train
SYNTH_COW_NARI_0013,dataset/synthetic_82_breeds_v3/synthetic/cattle/cow_nari/SYNTH_COW_NARI_0013.jpg,cow_nari,Nari,cattle,SYNTHETIC,train
SYNTH_COW_NARI_0014,dataset/synthetic_82_breeds_v3/synthetic/cattle/cow_nari/SYNTH_COW_NARI_0014.jpg,cow_nari,Nari,cattle,SYNTHETIC,train
SYNTH_COW_NARI_0015,dataset/synthetic_82_breeds_v3/synthetic/cattle/cow_nari/SYNTH_COW_NARI_0015.jpg,cow_nari,Nari,cattle,SYNTHETIC,train
SYNTH_COW_NARI_0016,dataset/synthetic_82_breeds_v3/synthetic/cattle/cow_nari/SYNTH_COW_NARI_0016.jpg,cow_nari,Nari,cattle,SYNTHETIC,train
SYNTH_COW_NARI_0017,dataset/synthetic_82_breeds_v3/synthetic/cattle/cow_nari/SYNTH_COW_NARI_0017.jpg,cow_nari,Nari,cattle,SYNTHETIC,train
SYNTH_COW_NARI_0018,dataset/synthetic_82_breeds_v3/synthetic/cattle/cow_nari/SYNTH_COW_NARI_0018.jpg,cow_nari,Nari,cattle,SYNTHETIC,train
SYNTH_COW_NARI_0019,dataset/synthetic_82_breeds_v3/synthetic/cattle/cow_nari/SYNTH_COW_NARI_0019.jpg,cow_nari,Nari,cattle,SYNTHETIC,train
SYNTH_COW_MEDINI_0026,dataset/synthetic_82_breeds_v3/synthetic/cattle/cow_medini/SYNTH_COW_MEDINI_0026.jpg,cow_medini,Medini,cattle,SYNTHETIC,train
SYNTH_COW_NARI_0020,dataset/synthetic_82_breeds_v3/synthetic/cattle/cow_nari/SYNTH_COW_NARI_0020.jpg,cow_nari,Nari,cattle,SYNTHETIC,train
SYNTH_COW_MALVI_0027,dataset/synthetic_82_breeds_v3/synthetic/cattle/cow_malvi/SYNTH_COW_MALVI_0027.jpg,cow_malvi,Malvi,cattle,SYNTHETIC,train
SYNTH_COW_MALVI_0024,dataset/synthetic_82_breeds_v3/synthetic/cattle/cow_malvi/SYNTH_COW_MALVI_0024.jpg,cow_malvi,Malvi,cattle,SYNTHETIC,train
SYNTH_COW_MEDINI_0024,dataset/synthetic_82_breeds_v3/synthetic/cattle/cow_medini/SYNTH_COW_MEDINI_0024.jpg,cow_medini,Medini,cattle,SYNTHETIC,train
SYNTH_COW_NARI_0021,dataset/synthetic_82_breeds_v3/synthetic/cattle/cow_nari/SYNTH_COW_NARI_0021.jpg,cow_nari,Nari,cattle,SYNTHETIC,train
SYNTH_COW_NARI_0025,dataset/synthetic_82_breeds_v3/synthetic/cattle/cow_nari/SYNTH_COW_NARI_0025.jpg,cow_nari,Nari,cattle,SYNTHETIC,train
SYNTH_COW_NARI_0023,dataset/synthetic_82_breeds_v3/synthetic/cattle/cow_nari/SYNTH_COW_NARI_0023.jpg,cow_nari,Nari,cattle,SYNTHETIC,train
SYNTH_COW_NARI_0022,dataset/synthetic_82_breeds_v3/synthetic/cattle/cow_nari/SYNTH_COW_NARI_0022.jpg,cow_nari,Nari,cattle,SYNTHETIC,train
SYNTH_COW_MEDINI_0027,dataset/synthetic_82_breeds_v3/synthetic/cattle/cow_medini/SYNTH_COW_MEDINI_0027.jpg,cow_medini,Medini,cattle,SYNTHETIC,train
SYNTH_COW_NARI_0026,dataset/synthetic_82_breeds_v3/synthetic/cattle/cow_nari/SYNTH_COW_NARI_0026.jpg,cow_nari,Nari,cattle,SYNTHETIC,train
SYNTH_COW_NARI_0024,dataset/synthetic_82_breeds_v3/synthetic/cattle/cow_nari/SYNTH_COW_NARI_0024.jpg,cow_nari,Nari,cattle,SYNTHETIC,train
SYNTH_BUFFALO_NILI_RAVI_0001,dataset/synthetic_82_breeds_v3/synthetic/buffalo/buffalo_nili_ravi/SYNTH_BUFFALO_NILI_RAVI_0001.jpg,buffalo_nili_ravi,Nili Ravi,buffalo,SYNTHETIC,train
SYNTH_BUFFALO_NILI_RAVI_0002,dataset/synthetic_82_breeds_v3/synthetic/buffalo/buffalo_nili_ravi/SYNTH_BUFFALO_NILI_RAVI_0002.jpg,buffalo_nili_ravi,Nili Ravi,buffalo,SYNTHETIC,train
SYNTH_BUFFALO_NILI_RAVI_0005,dataset/synthetic_82_breeds_v3/synthetic/buffalo/buffalo_nili_ravi/SYNTH_BUFFALO_NILI_RAVI_0005.jpg,buffalo_nili_ravi,Nili Ravi,buffalo,SYNTHETIC,train
SYNTH_BUFFALO_NILI_RAVI_0004,dataset/synthetic_82_breeds_v3/synthetic/buffalo/buffalo_nili_ravi/SYNTH_BUFFALO_NILI_RAVI_0004.jpg,buffalo_nili_ravi,Nili Ravi,buffalo,SYNTHETIC,train
SYNTH_BUFFALO_NILI_RAVI_0003,dataset/synthetic_82_breeds_v3/synthetic/buffalo/buffalo_nili_ravi/SYNTH_BUFFALO_NILI_RAVI_0003.jpg,buffalo_nili_ravi,Nili Ravi,buffalo,SYNTHETIC,train
SYNTH_BUFFALO_NILI_RAVI_0006,dataset/synthetic_82_breeds_v3/synthetic/buffalo/buffalo_nili_ravi/SYNTH_BUFFALO_NILI_RAVI_0006.jpg,buffalo_nili_ravi,Nili Ravi,buffalo,SYNTHETIC,train
SYNTH_BUFFALO_NILI_RAVI_0007,dataset/synthetic_82_breeds_v3/synthetic/buffalo/buffalo_nili_ravi/SYNTH_BUFFALO_NILI_RAVI_0007.jpg,buffalo_nili_ravi,Nili Ravi,buffalo,SYNTHETIC,train
SYNTH_BUFFALO_NILI_RAVI_0008,dataset/synthetic_82_breeds_v3/synthetic/buffalo/buffalo_nili_ravi/SYNTH_BUFFALO_NILI_RAVI_0008.jpg,buffalo_nili_ravi,Nili Ravi,buffalo,SYNTHETIC,train
SYNTH_BUFFALO_NILI_RAVI_0009,dataset/synthetic_82_breeds_v3/synthetic/buffalo/buffalo_nili_ravi/SYNTH_BUFFALO_NILI_RAVI_0009.jpg,buffalo_nili_ravi,Nili Ravi,buffalo,SYNTHETIC,train
SYNTH_BUFFALO_NILI_RAVI_0010,dataset/synthetic_82_breeds_v3/synthetic/buffalo/buffalo_nili_ravi/SYNTH_BUFFALO_NILI_RAVI_0010.jpg,buffalo_nili_ravi,Nili Ravi,buffalo,SYNTHETIC,train
SYNTH_BUFFALO_NILI_RAVI_0012,dataset/synthetic_82_breeds_v3/synthetic/buffalo/buffalo_nili_ravi/SYNTH_BUFFALO_NILI_RAVI_0012.jpg,buffalo_nili_ravi,Nili Ravi,buffalo,SYNTHETIC,train
SYNTH_COW_MEDINI_0028,dataset/synthetic_82_breeds_v3/synthetic/cattle/cow_medini/SYNTH_COW_MEDINI_0028.jpg,cow_medini,Medini,cattle,SYNTHETIC,train
SYNTH_BUFFALO_NILI_RAVI_0013,dataset/synthetic_82_breeds_v3/synthetic/buffalo/buffalo_nili_ravi/SYNTH_BUFFALO_NILI_RAVI_0013.jpg,buffalo_nili_ravi,Nili Ravi,buffalo,SYNTHETIC,train
SYNTH_BUFFALO_NILI_RAVI_0011,dataset/synthetic_82_breeds_v3/synthetic/buffalo/buffalo_nili_ravi/SYNTH_BUFFALO_NILI_RAVI_0011.jpg,buffalo_nili_ravi,Nili Ravi,buffalo,SYNTHETIC,train
SYNTH_BUFFALO_NILI_RAVI_0014,dataset/synthetic_82_breeds_v3/synthetic/buffalo/buffalo_nili_ravi/SYNTH_BUFFALO_NILI_RAVI_0014.jpg,buffalo_nili_ravi,Nili Ravi,buffalo,SYNTHETIC,train
SYNTH_BUFFALO_NILI_RAVI_0015,dataset/synthetic_82_breeds_v3/synthetic/buffalo/buffalo_nili_ravi/SYNTH_BUFFALO_NILI_RAVI_0015.jpg,buffalo_nili_ravi,Nili Ravi,buffalo,SYNTHETIC,train
SYNTH_COW_MEDINI_0029,dataset/synthetic_82_breeds_v3/synthetic/cattle/cow_medini/SYNTH_COW_MEDINI_0029.jpg,cow_medini,Medini,cattle,SYNTHETIC,train
SYNTH_BUFFALO_NILI_RAVI_0016,dataset/synthetic_82_breeds_v3/synthetic/buffalo/buffalo_nili_ravi/SYNTH_BUFFALO_NILI_RAVI_0016.jpg,buffalo_nili_ravi,Nili Ravi,buffalo,SYNTHETIC,train
SYNTH_BUFFALO_NILI_RAVI_0017,dataset/synthetic_82_breeds_v3/synthetic/buffalo/buffalo_nili_ravi/SYNTH_BUFFALO_NILI_RAVI_0017.jpg,buffalo_nili_ravi,Nili Ravi,buffalo,SYNTHETIC,train
SYNTH_BUFFALO_NILI_RAVI_0018,dataset/synthetic_82_breeds_v3/synthetic/buffalo/buffalo_nili_ravi/SYNTH_BUFFALO_NILI_RAVI_0018.jpg,buffalo_nili_ravi,Nili Ravi,buffalo,SYNTHETIC,train
SYNTH_BUFFALO_NILI_RAVI_0019,dataset/synthetic_82_breeds_v3/synthetic/buffalo/buffalo_nili_ravi/SYNTH_BUFFALO_NILI_RAVI_0019.jpg,buffalo_nili_ravi,Nili Ravi,buffalo,SYNTHETIC,train
SYNTH_COW_NARI_0029,dataset/synthetic_82_breeds_v3/synthetic/cattle/cow_nari/SYNTH_COW_NARI_0029.jpg,cow_nari,Nari,cattle,SYNTHETIC,train
SYNTH_COW_NARI_0028,dataset/synthetic_82_breeds_v3/synthetic/cattle/cow_nari/SYNTH_COW_NARI_0028.jpg,cow_nari,Nari,cattle,SYNTHETIC,train
SYNTH_COW_NARI_0027,dataset/synthetic_82_breeds_v3/synthetic/cattle/cow_nari/SYNTH_COW_NARI_0027.jpg,cow_nari,Nari,cattle,SYNTHETIC,train
SYNTH_BUFFALO_NILI_RAVI_0025,dataset/synthetic_82_breeds_v3/synthetic/buffalo/buffalo_nili_ravi/SYNTH_BUFFALO_NILI_RAVI_0025.jpg,buffalo_nili_ravi,Nili Ravi,buffalo,SYNTHETIC,train
SYNTH_BUFFALO_NILI_RAVI_0020,dataset/synthetic_82_breeds_v3/synthetic/buffalo/buffalo_nili_ravi/SYNTH_BUFFALO_NILI_RAVI_0020.jpg,buffalo_nili_ravi,Nili Ravi,buffalo,SYNTHETIC,train
SYNTH_BUFFALO_NILI_RAVI_0023,dataset/synthetic_82_breeds_v3/synthetic/buffalo/buffalo_nili_ravi/SYNTH_BUFFALO_NILI_RAVI_0023.jpg,buffalo_nili_ravi,Nili Ravi,buffalo,SYNTHETIC,train
SYNTH_BUFFALO_NILI_RAVI_0022,dataset/synthetic_82_breeds_v3/synthetic/buffalo/buffalo_nili_ravi/SYNTH_BUFFALO_NILI_RAVI_0022.jpg,buffalo_nili_ravi,Nili Ravi,buffalo,SYNTHETIC,train
SYNTH_COW_PONWAR_0001,dataset/synthetic_82_breeds_v3/synthetic/cattle/cow_ponwar/SYNTH_COW_PONWAR_0001.jpg,cow_ponwar,Ponwar,cattle,SYNTHETIC,train
SYNTH_COW_PONWAR_0002,dataset/synthetic_82_breeds_v3/synthetic/cattle/cow_ponwar/SYNTH_COW_PONWAR_0002.jpg,cow_ponwar,Ponwar,cattle,SYNTHETIC,train
SYNTH_COW_PONWAR_0003,dataset/synthetic_82_breeds_v3/synthetic/cattle/cow_ponwar/SYNTH_COW_PONWAR_0003.jpg,cow_ponwar,Ponwar,cattle,SYNTHETIC,train
SYNTH_COW_PONWAR_0005,dataset/synthetic_82_breeds_v3/synthetic/cattle/cow_ponwar/SYNTH_COW_PONWAR_0005.jpg,cow_ponwar,Ponwar,cattle,SYNTHETIC,train
SYNTH_COW_PONWAR_0006,dataset/synthetic_82_breeds_v3/synthetic/cattle/cow_ponwar/SYNTH_COW_PONWAR_0006.jpg,cow_ponwar,Ponwar,cattle,SYNTHETIC,train
SYNTH_COW_PONWAR_0004,dataset/synthetic_82_breeds_v3/synthetic/cattle/cow_ponwar/SYNTH_COW_PONWAR_0004.jpg,cow_ponwar,Ponwar,cattle,SYNTHETIC,train
SYNTH_COW_PONWAR_0007,dataset/synthetic_82_breeds_v3/synthetic/cattle/cow_ponwar/SYNTH_COW_PONWAR_0007.jpg,cow_ponwar,Ponwar,cattle,SYNTHETIC,train
SYNTH_COW_PONWAR_0008,dataset/synthetic_82_breeds_v3/synthetic/cattle/cow_ponwar/SYNTH_COW_PONWAR_0008.jpg,cow_ponwar,Ponwar,cattle,SYNTHETIC,train
SYNTH_COW_PONWAR_0009,dataset/synthetic_82_breeds_v3/synthetic/cattle/cow_ponwar/SYNTH_COW_PONWAR_0009.jpg,cow_ponwar,Ponwar,cattle,SYNTHETIC,train
SYNTH_COW_PONWAR_0011,dataset/synthetic_82_breeds_v3/synthetic/cattle/cow_ponwar/SYNTH_COW_PONWAR_0011.jpg,cow_ponwar,Ponwar,cattle,SYNTHETIC,train
SYNTH_COW_PONWAR_0010,dataset/synthetic_82_breeds_v3/synthetic/cattle/cow_ponwar/SYNTH_COW_PONWAR_0010.jpg,cow_ponwar,Ponwar,cattle,SYNTHETIC,train
SYNTH_COW_PONWAR_0012,dataset/synthetic_82_breeds_v3/synthetic/cattle/cow_ponwar/SYNTH_COW_PONWAR_0012.jpg,cow_ponwar,Ponwar,cattle,SYNTHETIC,train
SYNTH_COW_PONWAR_0013,dataset/synthetic_82_breeds_v3/synthetic/cattle/cow_ponwar/SYNTH_COW_PONWAR_0013.jpg,cow_ponwar,Ponwar,cattle,SYNTHETIC,train
SYNTH_BUFFALO_NILI_RAVI_0026,dataset/synthetic_82_breeds_v3/synthetic/buffalo/buffalo_nili_ravi/SYNTH_BUFFALO_NILI_RAVI_0026.jpg,buffalo_nili_ravi,Nili Ravi,buffalo,SYNTHETIC,train
SYNTH_COW_PONWAR_0014,dataset/synthetic_82_breeds_v3/synthetic/cattle/cow_ponwar/SYNTH_COW_PONWAR_0014.jpg,cow_ponwar,Ponwar,cattle,SYNTHETIC,train
SYNTH_COW_PONWAR_0015,dataset/synthetic_82_breeds_v3/synthetic/cattle/cow_ponwar/SYNTH_COW_PONWAR_0015.jpg,cow_ponwar,Ponwar,cattle,SYNTHETIC,train
SYNTH_BUFFALO_NILI_RAVI_0021,dataset/synthetic_82_breeds_v3/synthetic/buffalo/buffalo_nili_ravi/SYNTH_BUFFALO_NILI_RAVI_0021.jpg,buffalo_nili_ravi,Nili Ravi,buffalo,SYNTHETIC,train
SYNTH_COW_PONWAR_0016,dataset/synthetic_82_breeds_v3/synthetic/cattle/cow_ponwar/SYNTH_COW_PONWAR_0016.jpg,cow_ponwar,Ponwar,cattle,SYNTHETIC,train
SYNTH_COW_PONWAR_0017,dataset/synthetic_82_breeds_v3/synthetic/cattle/cow_ponwar/SYNTH_COW_PONWAR_0017.jpg,cow_ponwar,Ponwar,cattle,SYNTHETIC,train
SYNTH_COW_PONWAR_0019,dataset/synthetic_82_breeds_v3/synthetic/cattle/cow_ponwar/SYNTH_COW_PONWAR_0019.jpg,cow_ponwar,Ponwar,cattle,SYNTHETIC,train
SYNTH_COW_PONWAR_0018,dataset/synthetic_82_breeds_v3/synthetic/cattle/cow_ponwar/SYNTH_COW_PONWAR_0018.jpg,cow_ponwar,Ponwar,cattle,SYNTHETIC,train
SYNTH_BUFFALO_NILI_RAVI_0024,dataset/synthetic_82_breeds_v3/synthetic/buffalo/buffalo_nili_ravi/SYNTH_BUFFALO_NILI_RAVI_0024.jpg,buffalo_nili_ravi,Nili Ravi,buffalo,SYNTHETIC,train
SYNTH_BUFFALO_NILI_RAVI_0028,dataset/synthetic_82_breeds_v3/synthetic/buffalo/buffalo_nili_ravi/SYNTH_BUFFALO_NILI_RAVI_0028.jpg,buffalo_nili_ravi,Nili Ravi,buffalo,SYNTHETIC,train
SYNTH_BUFFALO_NILI_RAVI_0029,dataset/synthetic_82_breeds_v3/synthetic/buffalo/buffalo_nili_ravi/SYNTH_BUFFALO_NILI_RAVI_0029.jpg,buffalo_nili_ravi,Nili Ravi,buffalo,SYNTHETIC,train
SYNTH_BUFFALO_NILI_RAVI_0027,dataset/synthetic_82_breeds_v3/synthetic/buffalo/buffalo_nili_ravi/SYNTH_BUFFALO_NILI_RAVI_0027.jpg,buffalo_nili_ravi,Nili Ravi,buffalo,SYNTHETIC,train
SYNTH_COW_PONWAR_0025,dataset/synthetic_82_breeds_v3/synthetic/cattle/cow_ponwar/SYNTH_COW_PONWAR_0025.jpg,cow_ponwar,Ponwar,cattle,SYNTHETIC,train
SYNTH_COW_PONWAR_0026,dataset/synthetic_82_breeds_v3/synthetic/cattle/cow_ponwar/SYNTH_COW_PONWAR_0026.jpg,cow_ponwar,Ponwar,cattle,SYNTHETIC,train
SYNTH_COW_PONWAR_0020,dataset/synthetic_82_breeds_v3/synthetic/cattle/cow_ponwar/SYNTH_COW_PONWAR_0020.jpg,cow_ponwar,Ponwar,cattle,SYNTHETIC,train
SYNTH_COW_RED_KANDHARI_0001,dataset/synthetic_82_breeds_v3/synthetic/cattle/cow_red_kandhari/SYNTH_COW_RED_KANDHARI_0001.jpg,cow_red_kandhari,Red Kandhari,cattle,SYNTHETIC,train
SYNTH_COW_PONWAR_0023,dataset/synthetic_82_breeds_v3/synthetic/cattle/cow_ponwar/SYNTH_COW_PONWAR_0023.jpg,cow_ponwar,Ponwar,cattle,SYNTHETIC,train
SYNTH_COW_RED_KANDHARI_0002,dataset/synthetic_82_breeds_v3/synthetic/cattle/cow_red_kandhari/SYNTH_COW_RED_KANDHARI_0002.jpg,cow_red_kandhari,Red Kandhari,cattle,SYNTHETIC,train
SYNTH_COW_RED_KANDHARI_0004,dataset/synthetic_82_breeds_v3/synthetic/cattle/cow_red_kandhari/SYNTH_COW_RED_KANDHARI_0004.jpg,cow_red_kandhari,Red Kandhari,cattle,SYNTHETIC,train
SYNTH_COW_RED_KANDHARI_0003,dataset/synthetic_82_breeds_v3/synthetic/cattle/cow_red_kandhari/SYNTH_COW_RED_KANDHARI_0003.jpg,cow_red_kandhari,Red Kandhari,cattle,SYNTHETIC,train
SYNTH_COW_RED_KANDHARI_0005,dataset/synthetic_82_breeds_v3/synthetic/cattle/cow_red_kandhari/SYNTH_COW_RED_KANDHARI_0005.jpg,cow_red_kandhari,Red Kandhari,cattle,SYNTHETIC,train
SYNTH_COW_RED_KANDHARI_0006,dataset/synthetic_82_breeds_v3/synthetic/cattle/cow_red_kandhari/SYNTH_COW_RED_KANDHARI_0006.jpg,cow_red_kandhari,Red Kandhari,cattle,SYNTHETIC,train
SYNTH_COW_RED_KANDHARI_0007,dataset/synthetic_82_breeds_v3/synthetic/cattle/cow_red_kandhari/SYNTH_COW_RED_KANDHARI_0007.jpg,cow_red_kandhari,Red Kandhari,cattle,SYNTHETIC,train
SYNTH_COW_RED_KANDHARI_0008,dataset/synthetic_82_breeds_v3/synthetic/cattle/cow_red_kandhari/SYNTH_COW_RED_KANDHARI_0008.jpg,cow_red_kandhari,Red Kandhari,cattle,SYNTHETIC,train
SYNTH_COW_RED_KANDHARI_0009,dataset/synthetic_82_breeds_v3/synthetic/cattle/cow_red_kandhari/SYNTH_COW_RED_KANDHARI_0009.jpg,cow_red_kandhari,Red Kandhari,cattle,SYNTHETIC,train
SYNTH_COW_RED_KANDHARI_0010,dataset/synthetic_82_breeds_v3/synthetic/cattle/cow_red_kandhari/SYNTH_COW_RED_KANDHARI_0010.jpg,cow_red_kandhari,Red Kandhari,cattle,SYNTHETIC,train
SYNTH_COW_RED_KANDHARI_0011,dataset/synthetic_82_breeds_v3/synthetic/cattle/cow_red_kandhari/SYNTH_COW_RED_KANDHARI_0011.jpg,cow_red_kandhari,Red Kandhari,cattle,SYNTHETIC,train
SYNTH_COW_RED_KANDHARI_0012,dataset/synthetic_82_breeds_v3/synthetic/cattle/cow_red_kandhari/SYNTH_COW_RED_KANDHARI_0012.jpg,cow_red_kandhari,Red Kandhari,cattle,SYNTHETIC,train
SYNTH_COW_RED_KANDHARI_0013,dataset/synthetic_82_breeds_v3/synthetic/cattle/cow_red_kandhari/SYNTH_COW_RED_KANDHARI_0013.jpg,cow_red_kandhari,Red Kandhari,cattle,SYNTHETIC,train
SYNTH_COW_RED_KANDHARI_0014,dataset/synthetic_82_breeds_v3/synthetic/cattle/cow_red_kandhari/SYNTH_COW_RED_KANDHARI_0014.jpg,cow_red_kandhari,Red Kandhari,cattle,SYNTHETIC,train
SYNTH_COW_RED_KANDHARI_0015,dataset/synthetic_82_breeds_v3/synthetic/cattle/cow_red_kandhari/SYNTH_COW_RED_KANDHARI_0015.jpg,cow_red_kandhari,Red Kandhari,cattle,SYNTHETIC,train
SYNTH_COW_RED_KANDHARI_0016,dataset/synthetic_82_breeds_v3/synthetic/cattle/cow_red_kandhari/SYNTH_COW_RED_KANDHARI_0016.jpg,cow_red_kandhari,Red Kandhari,cattle,SYNTHETIC,train
SYNTH_COW_RED_KANDHARI_0017,dataset/synthetic_82_breeds_v3/synthetic/cattle/cow_red_kandhari/SYNTH_COW_RED_KANDHARI_0017.jpg,cow_red_kandhari,Red Kandhari,cattle,SYNTHETIC,train
SYNTH_COW_RED_KANDHARI_0018,dataset/synthetic_82_breeds_v3/synthetic/cattle/cow_red_kandhari/SYNTH_COW_RED_KANDHARI_0018.jpg,cow_red_kandhari,Red Kandhari,cattle,SYNTHETIC,train
SYNTH_COW_RED_KANDHARI_0019,dataset/synthetic_82_breeds_v3/synthetic/cattle/cow_red_kandhari/SYNTH_COW_RED_KANDHARI_0019.jpg,cow_red_kandhari,Red Kandhari,cattle,SYNTHETIC,train
SYNTH_COW_PONWAR_0022,dataset/synthetic_82_breeds_v3/synthetic/cattle/cow_ponwar/SYNTH_COW_PONWAR_0022.jpg,cow_ponwar,Ponwar,cattle,SYNTHETIC,train
SYNTH_COW_PONWAR_0028,dataset/synthetic_82_breeds_v3/synthetic/cattle/cow_ponwar/SYNTH_COW_PONWAR_0028.jpg,cow_ponwar,Ponwar,cattle,SYNTHETIC,train
SYNTH_COW_PONWAR_0021,dataset/synthetic_82_breeds_v3/synthetic/cattle/cow_ponwar/SYNTH_COW_PONWAR_0021.jpg,cow_ponwar,Ponwar,cattle,SYNTHETIC,train
SYNTH_COW_PONWAR_0027,dataset/synthetic_82_breeds_v3/synthetic/cattle/cow_ponwar/SYNTH_COW_PONWAR_0027.jpg,cow_ponwar,Ponwar,cattle,SYNTHETIC,train
SYNTH_COW_PONWAR_0024,dataset/synthetic_82_breeds_v3/synthetic/cattle/cow_ponwar/SYNTH_COW_PONWAR_0024.jpg,cow_ponwar,Ponwar,cattle,SYNTHETIC,train
SYNTH_COW_RED_KANDHARI_0020,dataset/synthetic_82_breeds_v3/synthetic/cattle/cow_red_kandhari/SYNTH_COW_RED_KANDHARI_0020.jpg,cow_red_kandhari,Red Kandhari,cattle,SYNTHETIC,train
SYNTH_COW_RED_KANDHARI_0022,dataset/synthetic_82_breeds_v3/synthetic/cattle/cow_red_kandhari/SYNTH_COW_RED_KANDHARI_0022.jpg,cow_red_kandhari,Red Kandhari,cattle,SYNTHETIC,train
SYNTH_COW_RED_KANDHARI_0025,dataset/synthetic_82_breeds_v3/synthetic/cattle/cow_red_kandhari/SYNTH_COW_RED_KANDHARI_0025.jpg,cow_red_kandhari,Red Kandhari,cattle,SYNTHETIC,train
SYNTH_COW_RED_KANDHARI_0023,dataset/synthetic_82_breeds_v3/synthetic/cattle/cow_red_kandhari/SYNTH_COW_RED_KANDHARI_0023.jpg,cow_red_kandhari,Red Kandhari,cattle,SYNTHETIC,train
SYNTH_COW_DEONI_0001,dataset/synthetic_82_breeds_v3/synthetic/cattle/cow_deoni/SYNTH_COW_DEONI_0001.jpg,cow_deoni,Deoni,cattle,SYNTHETIC,train
SYNTH_COW_DEONI_0002,dataset/synthetic_82_breeds_v3/synthetic/cattle/cow_deoni/SYNTH_COW_DEONI_0002.jpg,cow_deoni,Deoni,cattle,SYNTHETIC,train
SYNTH_COW_DEONI_0003,dataset/synthetic_82_breeds_v3/synthetic/cattle/cow_deoni/SYNTH_COW_DEONI_0003.jpg,cow_deoni,Deoni,cattle,SYNTHETIC,train
SYNTH_COW_DEONI_0004,dataset/synthetic_82_breeds_v3/synthetic/cattle/cow_deoni/SYNTH_COW_DEONI_0004.jpg,cow_deoni,Deoni,cattle,SYNTHETIC,train
SYNTH_COW_DEONI_0005,dataset/synthetic_82_breeds_v3/synthetic/cattle/cow_deoni/SYNTH_COW_DEONI_0005.jpg,cow_deoni,Deoni,cattle,SYNTHETIC,train
SYNTH_COW_DEONI_0006,dataset/synthetic_82_breeds_v3/synthetic/cattle/cow_deoni/SYNTH_COW_DEONI_0006.jpg,cow_deoni,Deoni,cattle,SYNTHETIC,train
SYNTH_COW_DEONI_0007,dataset/synthetic_82_breeds_v3/synthetic/cattle/cow_deoni/SYNTH_COW_DEONI_0007.jpg,cow_deoni,Deoni,cattle,SYNTHETIC,train
SYNTH_COW_DEONI_0008,dataset/synthetic_82_breeds_v3/synthetic/cattle/cow_deoni/SYNTH_COW_DEONI_0008.jpg,cow_deoni,Deoni,cattle,SYNTHETIC,train
SYNTH_COW_DEONI_0009,dataset/synthetic_82_breeds_v3/synthetic/cattle/cow_deoni/SYNTH_COW_DEONI_0009.jpg,cow_deoni,Deoni,cattle,SYNTHETIC,train
SYNTH_COW_DEONI_0010,dataset/synthetic_82_breeds_v3/synthetic/cattle/cow_deoni/SYNTH_COW_DEONI_0010.jpg,cow_deoni,Deoni,cattle,SYNTHETIC,train
SYNTH_COW_DEONI_0011,dataset/synthetic_82_breeds_v3/synthetic/cattle/cow_deoni/SYNTH_COW_DEONI_0011.jpg,cow_deoni,Deoni,cattle,SYNTHETIC,train
SYNTH_COW_DEONI_0012,dataset/synthetic_82_breeds_v3/synthetic/cattle/cow_deoni/SYNTH_COW_DEONI_0012.jpg,cow_deoni,Deoni,cattle,SYNTHETIC,train
SYNTH_COW_DEONI_0013,dataset/synthetic_82_breeds_v3/synthetic/cattle/cow_deoni/SYNTH_COW_DEONI_0013.jpg,cow_deoni,Deoni,cattle,SYNTHETIC,train
SYNTH_COW_DEONI_0014,dataset/synthetic_82_breeds_v3/synthetic/cattle/cow_deoni/SYNTH_COW_DEONI_0014.jpg,cow_deoni,Deoni,cattle,SYNTHETIC,train
SYNTH_COW_DEONI_0015,dataset/synthetic_82_breeds_v3/synthetic/cattle/cow_deoni/SYNTH_COW_DEONI_0015.jpg,cow_deoni,Deoni,cattle,SYNTHETIC,train
SYNTH_COW_DEONI_0016,dataset/synthetic_82_breeds_v3/synthetic/cattle/cow_deoni/SYNTH_COW_DEONI_0016.jpg,cow_deoni,Deoni,cattle,SYNTHETIC,train
SYNTH_COW_DEONI_0017,dataset/synthetic_82_breeds_v3/synthetic/cattle/cow_deoni/SYNTH_COW_DEONI_0017.jpg,cow_deoni,Deoni,cattle,SYNTHETIC,train
SYNTH_COW_DEONI_0018,dataset/synthetic_82_breeds_v3/synthetic/cattle/cow_deoni/SYNTH_COW_DEONI_0018.jpg,cow_deoni,Deoni,cattle,SYNTHETIC,train
SYNTH_COW_RED_KANDHARI_0021,dataset/synthetic_82_breeds_v3/synthetic/cattle/cow_red_kandhari/SYNTH_COW_RED_KANDHARI_0021.jpg,cow_red_kandhari,Red Kandhari,cattle,SYNTHETIC,train
SYNTH_COW_RED_KANDHARI_0024,dataset/synthetic_82_breeds_v3/synthetic/cattle/cow_red_kandhari/SYNTH_COW_RED_KANDHARI_0024.jpg,cow_red_kandhari,Red Kandhari,cattle,SYNTHETIC,train
SYNTH_COW_PONWAR_0029,dataset/synthetic_82_breeds_v3/synthetic/cattle/cow_ponwar/SYNTH_COW_PONWAR_0029.jpg,cow_ponwar,Ponwar,cattle,SYNTHETIC,train
SYNTH_COW_RED_KANDHARI_0026,dataset/synthetic_82_breeds_v3/synthetic/cattle/cow_red_kandhari/SYNTH_COW_RED_KANDHARI_0026.jpg,cow_red_kandhari,Red Kandhari,cattle,SYNTHETIC,train
SYNTH_COW_RED_KANDHARI_0028,dataset/synthetic_82_breeds_v3/synthetic/cattle/cow_red_kandhari/SYNTH_COW_RED_KANDHARI_0028.jpg,cow_red_kandhari,Red Kandhari,cattle,SYNTHETIC,train
SYNTH_COW_RED_KANDHARI_0029,dataset/synthetic_82_breeds_v3/synthetic/cattle/cow_red_kandhari/SYNTH_COW_RED_KANDHARI_0029.jpg,cow_red_kandhari,Red Kandhari,cattle,SYNTHETIC,train
SYNTH_COW_DEONI_0019,dataset/synthetic_82_breeds_v3/synthetic/cattle/cow_deoni/SYNTH_COW_DEONI_0019.jpg,cow_deoni,Deoni,cattle,SYNTHETIC,train
SYNTH_COW_DEONI_0020,dataset/synthetic_82_breeds_v3/synthetic/cattle/cow_deoni/SYNTH_COW_DEONI_0020.jpg,cow_deoni,Deoni,cattle,SYNTHETIC,train
SYNTH_COW_DEONI_0022,dataset/synthetic_82_breeds_v3/synthetic/cattle/cow_deoni/SYNTH_COW_DEONI_0022.jpg,cow_deoni,Deoni,cattle,SYNTHETIC,train
SYNTH_COW_RED_KANDHARI_0027,dataset/synthetic_82_breeds_v3/synthetic/cattle/cow_red_kandhari/SYNTH_COW_RED_KANDHARI_0027.jpg,cow_red_kandhari,Red Kandhari,cattle,SYNTHETIC,train
SYNTH_COW_LADAKHI_0001,dataset/synthetic_82_breeds_v3/synthetic/cattle/cow_ladakhi/SYNTH_COW_LADAKHI_0001.jpg,cow_ladakhi,Ladakhi,cattle,SYNTHETIC,train
SYNTH_COW_LADAKHI_0002,dataset/synthetic_82_breeds_v3/synthetic/cattle/cow_ladakhi/SYNTH_COW_LADAKHI_0002.jpg,cow_ladakhi,Ladakhi,cattle,SYNTHETIC,train
SYNTH_COW_LADAKHI_0003,dataset/synthetic_82_breeds_v3/synthetic/cattle/cow_ladakhi/SYNTH_COW_LADAKHI_0003.jpg,cow_ladakhi,Ladakhi,cattle,SYNTHETIC,train
SYNTH_COW_LADAKHI_0004,dataset/synthetic_82_breeds_v3/synthetic/cattle/cow_ladakhi/SYNTH_COW_LADAKHI_0004.jpg,cow_ladakhi,Ladakhi,cattle,SYNTHETIC,train
SYNTH_COW_LADAKHI_0005,dataset/synthetic_82_breeds_v3/synthetic/cattle/cow_ladakhi/SYNTH_COW_LADAKHI_0005.jpg,cow_ladakhi,Ladakhi,cattle,SYNTHETIC,train
SYNTH_COW_LADAKHI_0006,dataset/synthetic_82_breeds_v3/synthetic/cattle/cow_ladakhi/SYNTH_COW_LADAKHI_0006.jpg,cow_ladakhi,Ladakhi,cattle,SYNTHETIC,train
SYNTH_COW_LADAKHI_0007,dataset/synthetic_82_breeds_v3/synthetic/cattle/cow_ladakhi/SYNTH_COW_LADAKHI_0007.jpg,cow_ladakhi,Ladakhi,cattle,SYNTHETIC,train
SYNTH_COW_LADAKHI_0008,dataset/synthetic_82_breeds_v3/synthetic/cattle/cow_ladakhi/SYNTH_COW_LADAKHI_0008.jpg,cow_ladakhi,Ladakhi,cattle,SYNTHETIC,train
SYNTH_COW_LADAKHI_0009,dataset/synthetic_82_breeds_v3/synthetic/cattle/cow_ladakhi/SYNTH_COW_LADAKHI_0009.jpg,cow_ladakhi,Ladakhi,cattle,SYNTHETIC,train
SYNTH_COW_LADAKHI_0010,dataset/synthetic_82_breeds_v3/synthetic/cattle/cow_ladakhi/SYNTH_COW_LADAKHI_0010.jpg,cow_ladakhi,Ladakhi,cattle,SYNTHETIC,train
SYNTH_COW_LADAKHI_0011,dataset/synthetic_82_breeds_v3/synthetic/cattle/cow_ladakhi/SYNTH_COW_LADAKHI_0011.jpg,cow_ladakhi,Ladakhi,cattle,SYNTHETIC,train
SYNTH_COW_LADAKHI_0012,dataset/synthetic_82_breeds_v3/synthetic/cattle/cow_ladakhi/SYNTH_COW_LADAKHI_0012.jpg,cow_ladakhi,Ladakhi,cattle,SYNTHETIC,train
SYNTH_COW_LADAKHI_0013,dataset/synthetic_82_breeds_v3/synthetic/cattle/cow_ladakhi/SYNTH_COW_LADAKHI_0013.jpg,cow_ladakhi,Ladakhi,cattle,SYNTHETIC,train
SYNTH_COW_LADAKHI_0014,dataset/synthetic_82_breeds_v3/synthetic/cattle/cow_ladakhi/SYNTH_COW_LADAKHI_0014.jpg,cow_ladakhi,Ladakhi,cattle,SYNTHETIC,train
SYNTH_COW_LADAKHI_0015,dataset/synthetic_82_breeds_v3/synthetic/cattle/cow_ladakhi/SYNTH_COW_LADAKHI_0015.jpg,cow_ladakhi,Ladakhi,cattle,SYNTHETIC,train
SYNTH_COW_LADAKHI_0016,dataset/synthetic_82_breeds_v3/synthetic/cattle/cow_ladakhi/SYNTH_COW_LADAKHI_0016.jpg,cow_ladakhi,Ladakhi,cattle,SYNTHETIC,train
SYNTH_COW_LADAKHI_0017,dataset/synthetic_82_breeds_v3/synthetic/cattle/cow_ladakhi/SYNTH_COW_LADAKHI_0017.jpg,cow_ladakhi,Ladakhi,cattle,SYNTHETIC,train
SYNTH_COW_DEONI_0024,dataset/synthetic_82_breeds_v3/synthetic/cattle/cow_deoni/SYNTH_COW_DEONI_0024.jpg,cow_deoni,Deoni,cattle,SYNTHETIC,train
SYNTH_COW_DEONI_0026,dataset/synthetic_82_breeds_v3/synthetic/cattle/cow_deoni/SYNTH_COW_DEONI_0026.jpg,cow_deoni,Deoni,cattle,SYNTHETIC,train
SYNTH_COW_DEONI_0028,dataset/synthetic_82_breeds_v3/synthetic/cattle/cow_deoni/SYNTH_COW_DEONI_0028.jpg,cow_deoni,Deoni,cattle,SYNTHETIC,train
SYNTH_COW_DEONI_0025,dataset/synthetic_82_breeds_v3/synthetic/cattle/cow_deoni/SYNTH_COW_DEONI_0025.jpg,cow_deoni,Deoni,cattle,SYNTHETIC,train
SYNTH_COW_LADAKHI_0019,dataset/synthetic_82_breeds_v3/synthetic/cattle/cow_ladakhi/SYNTH_COW_LADAKHI_0019.jpg,cow_ladakhi,Ladakhi,cattle,SYNTHETIC,train
SYNTH_COW_LADAKHI_0020,dataset/synthetic_82_breeds_v3/synthetic/cattle/cow_ladakhi/SYNTH_COW_LADAKHI_0020.jpg,cow_ladakhi,Ladakhi,cattle,SYNTHETIC,train
SYNTH_COW_LADAKHI_0023,dataset/synthetic_82_breeds_v3/synthetic/cattle/cow_ladakhi/SYNTH_COW_LADAKHI_0023.jpg,cow_ladakhi,Ladakhi,cattle,SYNTHETIC,train
SYNTH_COW_LADAKHI_0022,dataset/synthetic_82_breeds_v3/synthetic/cattle/cow_ladakhi/SYNTH_COW_LADAKHI_0022.jpg,cow_ladakhi,Ladakhi,cattle,SYNTHETIC,train
SYNTH_COW_DEONI_0023,dataset/synthetic_82_breeds_v3/synthetic/cattle/cow_deoni/SYNTH_COW_DEONI_0023.jpg,cow_deoni,Deoni,cattle,SYNTHETIC,train
SYNTH_COW_LADAKHI_0018,dataset/synthetic_82_breeds_v3/synthetic/cattle/cow_ladakhi/SYNTH_COW_LADAKHI_0018.jpg,cow_ladakhi,Ladakhi,cattle,SYNTHETIC,train
SYNTH_COW_RED_SINDHI_0001,dataset/synthetic_82_breeds_v3/synthetic/cattle/cow_red_sindhi/SYNTH_COW_RED_SINDHI_0001.jpg,cow_red_sindhi,Red Sindhi,cattle,SYNTHETIC,train
SYNTH_COW_RED_SINDHI_0002,dataset/synthetic_82_breeds_v3/synthetic/cattle/cow_red_sindhi/SYNTH_COW_RED_SINDHI_0002.jpg,cow_red_sindhi,Red Sindhi,cattle,SYNTHETIC,train
SYNTH_COW_RED_SINDHI_0003,dataset/synthetic_82_breeds_v3/synthetic/cattle/cow_red_sindhi/SYNTH_COW_RED_SINDHI_0003.jpg,cow_red_sindhi,Red Sindhi,cattle,SYNTHETIC,train
SYNTH_COW_RED_SINDHI_0004,dataset/synthetic_82_breeds_v3/synthetic/cattle/cow_red_sindhi/SYNTH_COW_RED_SINDHI_0004.jpg,cow_red_sindhi,Red Sindhi,cattle,SYNTHETIC,train
SYNTH_COW_RED_SINDHI_0005,dataset/synthetic_82_breeds_v3/synthetic/cattle/cow_red_sindhi/SYNTH_COW_RED_SINDHI_0005.jpg,cow_red_sindhi,Red Sindhi,cattle,SYNTHETIC,train
SYNTH_COW_RED_SINDHI_0006,dataset/synthetic_82_breeds_v3/synthetic/cattle/cow_red_sindhi/SYNTH_COW_RED_SINDHI_0006.jpg,cow_red_sindhi,Red Sindhi,cattle,SYNTHETIC,train
SYNTH_COW_RED_SINDHI_0007,dataset/synthetic_82_breeds_v3/synthetic/cattle/cow_red_sindhi/SYNTH_COW_RED_SINDHI_0007.jpg,cow_red_sindhi,Red Sindhi,cattle,SYNTHETIC,train
SYNTH_COW_RED_SINDHI_0008,dataset/synthetic_82_breeds_v3/synthetic/cattle/cow_red_sindhi/SYNTH_COW_RED_SINDHI_0008.jpg,cow_red_sindhi,Red Sindhi,cattle,SYNTHETIC,train
SYNTH_COW_RED_SINDHI_0009,dataset/synthetic_82_breeds_v3/synthetic/cattle/cow_red_sindhi/SYNTH_COW_RED_SINDHI_0009.jpg,cow_red_sindhi,Red Sindhi,cattle,SYNTHETIC,train
SYNTH_COW_RED_SINDHI_0010,dataset/synthetic_82_breeds_v3/synthetic/cattle/cow_red_sindhi/SYNTH_COW_RED_SINDHI_0010.jpg,cow_red_sindhi,Red Sindhi,cattle,SYNTHETIC,train
SYNTH_COW_RED_SINDHI_0011,dataset/synthetic_82_breeds_v3/synthetic/cattle/cow_red_sindhi/SYNTH_COW_RED_SINDHI_0011.jpg,cow_red_sindhi,Red Sindhi,cattle,SYNTHETIC,train
SYNTH_COW_RED_SINDHI_0012,dataset/synthetic_82_breeds_v3/synthetic/cattle/cow_red_sindhi/SYNTH_COW_RED_SINDHI_0012.jpg,cow_red_sindhi,Red Sindhi,cattle,SYNTHETIC,train
SYNTH_COW_RED_SINDHI_0013,dataset/synthetic_82_breeds_v3/synthetic/cattle/cow_red_sindhi/SYNTH_COW_RED_SINDHI_0013.jpg,cow_red_sindhi,Red Sindhi,cattle,SYNTHETIC,train
SYNTH_COW_RED_SINDHI_0014,dataset/synthetic_82_breeds_v3/synthetic/cattle/cow_red_sindhi/SYNTH_COW_RED_SINDHI_0014.jpg,cow_red_sindhi,Red Sindhi,cattle,SYNTHETIC,train
SYNTH_COW_RED_SINDHI_0015,dataset/synthetic_82_breeds_v3/synthetic/cattle/cow_red_sindhi/SYNTH_COW_RED_SINDHI_0015.jpg,cow_red_sindhi,Red Sindhi,cattle,SYNTHETIC,train
SYNTH_COW_RED_SINDHI_0016,dataset/synthetic_82_breeds_v3/synthetic/cattle/cow_red_sindhi/SYNTH_COW_RED_SINDHI_0016.jpg,cow_red_sindhi,Red Sindhi,cattle,SYNTHETIC,train
SYNTH_COW_RED_SINDHI_0017,dataset/synthetic_82_breeds_v3/synthetic/cattle/cow_red_sindhi/SYNTH_COW_RED_SINDHI_0017.jpg,cow_red_sindhi,Red Sindhi,cattle,SYNTHETIC,train
SYNTH_COW_LADAKHI_0025,dataset/synthetic_82_breeds_v3/synthetic/cattle/cow_ladakhi/SYNTH_COW_LADAKHI_0025.jpg,cow_ladakhi,Ladakhi,cattle,SYNTHETIC,train
SYNTH_COW_LADAKHI_0021,dataset/synthetic_82_breeds_v3/synthetic/cattle/cow_ladakhi/SYNTH_COW_LADAKHI_0021.jpg,cow_ladakhi,Ladakhi,cattle,SYNTHETIC,train
SYNTH_COW_RED_SINDHI_0019,dataset/synthetic_82_breeds_v3/synthetic/cattle/cow_red_sindhi/SYNTH_COW_RED_SINDHI_0019.jpg,cow_red_sindhi,Red Sindhi,cattle,SYNTHETIC,train
SYNTH_COW_RED_SINDHI_0020,dataset/synthetic_82_breeds_v3/synthetic/cattle/cow_red_sindhi/SYNTH_COW_RED_SINDHI_0020.jpg,cow_red_sindhi,Red Sindhi,cattle,SYNTHETIC,train
SYNTH_COW_DEONI_0021,dataset/synthetic_82_breeds_v3/synthetic/cattle/cow_deoni/SYNTH_COW_DEONI_0021.jpg,cow_deoni,Deoni,cattle,SYNTHETIC,train
SYNTH_COW_RED_SINDHI_0022,dataset/synthetic_82_breeds_v3/synthetic/cattle/cow_red_sindhi/SYNTH_COW_RED_SINDHI_0022.jpg,cow_red_sindhi,Red Sindhi,cattle,SYNTHETIC,train
SYNTH_COW_RED_SINDHI_0023,dataset/synthetic_82_breeds_v3/synthetic/cattle/cow_red_sindhi/SYNTH_COW_RED_SINDHI_0023.jpg,cow_red_sindhi,Red Sindhi,cattle,SYNTHETIC,train
SYNTH_COW_RED_SINDHI_0025,dataset/synthetic_82_breeds_v3/synthetic/cattle/cow_red_sindhi/SYNTH_COW_RED_SINDHI_0025.jpg,cow_red_sindhi,Red Sindhi,cattle,SYNTHETIC,train
SYNTH_COW_RED_SINDHI_0026,dataset/synthetic_82_breeds_v3/synthetic/cattle/cow_red_sindhi/SYNTH_COW_RED_SINDHI_0026.jpg,cow_red_sindhi,Red Sindhi,cattle,SYNTHETIC,train
SYNTH_COW_DEONI_0027,dataset/synthetic_82_breeds_v3/synthetic/cattle/cow_deoni/SYNTH_COW_DEONI_0027.jpg,cow_deoni,Deoni,cattle,SYNTHETIC,train
SYNTH_COW_AMRITMAHAL_0001,dataset/synthetic_82_breeds_v3/synthetic/cattle/cow_amritmahal/SYNTH_COW_AMRITMAHAL_0001.jpg,cow_amritmahal,Amritmahal,cattle,SYNTHETIC,train
SYNTH_COW_AMRITMAHAL_0002,dataset/synthetic_82_breeds_v3/synthetic/cattle/cow_amritmahal/SYNTH_COW_AMRITMAHAL_0002.jpg,cow_amritmahal,Amritmahal,cattle,SYNTHETIC,train
SYNTH_COW_AMRITMAHAL_0003,dataset/synthetic_82_breeds_v3/synthetic/cattle/cow_amritmahal/SYNTH_COW_AMRITMAHAL_0003.jpg,cow_amritmahal,Amritmahal,cattle,SYNTHETIC,train
SYNTH_COW_AMRITMAHAL_0004,dataset/synthetic_82_breeds_v3/synthetic/cattle/cow_amritmahal/SYNTH_COW_AMRITMAHAL_0004.jpg,cow_amritmahal,Amritmahal,cattle,SYNTHETIC,train
SYNTH_COW_AMRITMAHAL_0005,dataset/synthetic_82_breeds_v3/synthetic/cattle/cow_amritmahal/SYNTH_COW_AMRITMAHAL_0005.jpg,cow_amritmahal,Amritmahal,cattle,SYNTHETIC,train
SYNTH_COW_AMRITMAHAL_0006,dataset/synthetic_82_breeds_v3/synthetic/cattle/cow_amritmahal/SYNTH_COW_AMRITMAHAL_0006.jpg,cow_amritmahal,Amritmahal,cattle,SYNTHETIC,train
SYNTH_COW_AMRITMAHAL_0007,dataset/synthetic_82_breeds_v3/synthetic/cattle/cow_amritmahal/SYNTH_COW_AMRITMAHAL_0007.jpg,cow_amritmahal,Amritmahal,cattle,SYNTHETIC,train
SYNTH_COW_AMRITMAHAL_0008,dataset/synthetic_82_breeds_v3/synthetic/cattle/cow_amritmahal/SYNTH_COW_AMRITMAHAL_0008.jpg,cow_amritmahal,Amritmahal,cattle,SYNTHETIC,train
SYNTH_COW_AMRITMAHAL_0009,dataset/synthetic_82_breeds_v3/synthetic/cattle/cow_amritmahal/SYNTH_COW_AMRITMAHAL_0009.jpg,cow_amritmahal,Amritmahal,cattle,SYNTHETIC,train
SYNTH_COW_AMRITMAHAL_0010,dataset/synthetic_82_breeds_v3/synthetic/cattle/cow_amritmahal/SYNTH_COW_AMRITMAHAL_0010.jpg,cow_amritmahal,Amritmahal,cattle,SYNTHETIC,train
SYNTH_COW_AMRITMAHAL_0011,dataset/synthetic_82_breeds_v3/synthetic/cattle/cow_amritmahal/SYNTH_COW_AMRITMAHAL_0011.jpg,cow_amritmahal,Amritmahal,cattle,SYNTHETIC,train
SYNTH_COW_AMRITMAHAL_0012,dataset/synthetic_82_breeds_v3/synthetic/cattle/cow_amritmahal/SYNTH_COW_AMRITMAHAL_0012.jpg,cow_amritmahal,Amritmahal,cattle,SYNTHETIC,train
SYNTH_COW_AMRITMAHAL_0013,dataset/synthetic_82_breeds_v3/synthetic/cattle/cow_amritmahal/SYNTH_COW_AMRITMAHAL_0013.jpg,cow_amritmahal,Amritmahal,cattle,SYNTHETIC,train
SYNTH_COW_AMRITMAHAL_0014,dataset/synthetic_82_breeds_v3/synthetic/cattle/cow_amritmahal/SYNTH_COW_AMRITMAHAL_0014.jpg,cow_amritmahal,Amritmahal,cattle,SYNTHETIC,train
SYNTH_COW_AMRITMAHAL_0015,dataset/synthetic_82_breeds_v3/synthetic/cattle/cow_amritmahal/SYNTH_COW_AMRITMAHAL_0015.jpg,cow_amritmahal,Amritmahal,cattle,SYNTHETIC,train
SYNTH_COW_AMRITMAHAL_0016,dataset/synthetic_82_breeds_v3/synthetic/cattle/cow_amritmahal/SYNTH_COW_AMRITMAHAL_0016.jpg,cow_amritmahal,Amritmahal,cattle,SYNTHETIC,train
SYNTH_COW_LADAKHI_0026,dataset/synthetic_82_breeds_v3/synthetic/cattle/cow_ladakhi/SYNTH_COW_LADAKHI_0026.jpg,cow_ladakhi,Ladakhi,cattle,SYNTHETIC,train
SYNTH_COW_LADAKHI_0027,dataset/synthetic_82_breeds_v3/synthetic/cattle/cow_ladakhi/SYNTH_COW_LADAKHI_0027.jpg,cow_ladakhi,Ladakhi,cattle,SYNTHETIC,train
SYNTH_COW_AMRITMAHAL_0019,dataset/synthetic_82_breeds_v3/synthetic/cattle/cow_amritmahal/SYNTH_COW_AMRITMAHAL_0019.jpg,cow_amritmahal,Amritmahal,cattle,SYNTHETIC,train
SYNTH_COW_LADAKHI_0024,dataset/synthetic_82_breeds_v3/synthetic/cattle/cow_ladakhi/SYNTH_COW_LADAKHI_0024.jpg,cow_ladakhi,Ladakhi,cattle,SYNTHETIC,train
SYNTH_COW_RED_SINDHI_0018,dataset/synthetic_82_breeds_v3/synthetic/cattle/cow_red_sindhi/SYNTH_COW_RED_SINDHI_0018.jpg,cow_red_sindhi,Red Sindhi,cattle,SYNTHETIC,train
SYNTH_COW_RED_SINDHI_0021,dataset/synthetic_82_breeds_v3/synthetic/cattle/cow_red_sindhi/SYNTH_COW_RED_SINDHI_0021.jpg,cow_red_sindhi,Red Sindhi,cattle,SYNTHETIC,train
SYNTH_COW_RED_SINDHI_0024,dataset/synthetic_82_breeds_v3/synthetic/cattle/cow_red_sindhi/SYNTH_COW_RED_SINDHI_0024.jpg,cow_red_sindhi,Red Sindhi,cattle,SYNTHETIC,train
SYNTH_COW_AMRITMAHAL_0023,dataset/synthetic_82_breeds_v3/synthetic/cattle/cow_amritmahal/SYNTH_COW_AMRITMAHAL_0023.jpg,cow_amritmahal,Amritmahal,cattle,SYNTHETIC,train
SYNTH_COW_AMRITMAHAL_0022,dataset/synthetic_82_breeds_v3/synthetic/cattle/cow_amritmahal/SYNTH_COW_AMRITMAHAL_0022.jpg,cow_amritmahal,Amritmahal,cattle,SYNTHETIC,train
SYNTH_COW_AMRITMAHAL_0018,dataset/synthetic_82_breeds_v3/synthetic/cattle/cow_amritmahal/SYNTH_COW_AMRITMAHAL_0018.jpg,cow_amritmahal,Amritmahal,cattle,SYNTHETIC,train
SYNTH_BUFFALO_BARGUR_0001,dataset/synthetic_82_breeds_v3/synthetic/buffalo/buffalo_bargur/SYNTH_BUFFALO_BARGUR_0001.jpg,buffalo_bargur,Bargur,buffalo,SYNTHETIC,train
SYNTH_BUFFALO_BARGUR_0002,dataset/synthetic_82_breeds_v3/synthetic/buffalo/buffalo_bargur/SYNTH_BUFFALO_BARGUR_0002.jpg,buffalo_bargur,Bargur,buffalo,SYNTHETIC,train
SYNTH_BUFFALO_BARGUR_0003,dataset/synthetic_82_breeds_v3/synthetic/buffalo/buffalo_bargur/SYNTH_BUFFALO_BARGUR_0003.jpg,buffalo_bargur,Bargur,buffalo,SYNTHETIC,train
SYNTH_BUFFALO_BARGUR_0004,dataset/synthetic_82_breeds_v3/synthetic/buffalo/buffalo_bargur/SYNTH_BUFFALO_BARGUR_0004.jpg,buffalo_bargur,Bargur,buffalo,SYNTHETIC,train
SYNTH_BUFFALO_BARGUR_0005,dataset/synthetic_82_breeds_v3/synthetic/buffalo/buffalo_bargur/SYNTH_BUFFALO_BARGUR_0005.jpg,buffalo_bargur,Bargur,buffalo,SYNTHETIC,train
SYNTH_BUFFALO_BARGUR_0006,dataset/synthetic_82_breeds_v3/synthetic/buffalo/buffalo_bargur/SYNTH_BUFFALO_BARGUR_0006.jpg,buffalo_bargur,Bargur,buffalo,SYNTHETIC,train
SYNTH_BUFFALO_BARGUR_0007,dataset/synthetic_82_breeds_v3/synthetic/buffalo/buffalo_bargur/SYNTH_BUFFALO_BARGUR_0007.jpg,buffalo_bargur,Bargur,buffalo,SYNTHETIC,train
SYNTH_BUFFALO_BARGUR_0008,dataset/synthetic_82_breeds_v3/synthetic/buffalo/buffalo_bargur/SYNTH_BUFFALO_BARGUR_0008.jpg,buffalo_bargur,Bargur,buffalo,SYNTHETIC,train
SYNTH_BUFFALO_BARGUR_0009,dataset/synthetic_82_breeds_v3/synthetic/buffalo/buffalo_bargur/SYNTH_BUFFALO_BARGUR_0009.jpg,buffalo_bargur,Bargur,buffalo,SYNTHETIC,train
SYNTH_BUFFALO_BARGUR_0010,dataset/synthetic_82_breeds_v3/synthetic/buffalo/buffalo_bargur/SYNTH_BUFFALO_BARGUR_0010.jpg,buffalo_bargur,Bargur,buffalo,SYNTHETIC,train
SYNTH_BUFFALO_BARGUR_0011,dataset/synthetic_82_breeds_v3/synthetic/buffalo/buffalo_bargur/SYNTH_BUFFALO_BARGUR_0011.jpg,buffalo_bargur,Bargur,buffalo,SYNTHETIC,train
SYNTH_BUFFALO_BARGUR_0012,dataset/synthetic_82_breeds_v3/synthetic/buffalo/buffalo_bargur/SYNTH_BUFFALO_BARGUR_0012.jpg,buffalo_bargur,Bargur,buffalo,SYNTHETIC,train
SYNTH_BUFFALO_BARGUR_0013,dataset/synthetic_82_breeds_v3/synthetic/buffalo/buffalo_bargur/SYNTH_BUFFALO_BARGUR_0013.jpg,buffalo_bargur,Bargur,buffalo,SYNTHETIC,train
SYNTH_BUFFALO_BARGUR_0014,dataset/synthetic_82_breeds_v3/synthetic/buffalo/buffalo_bargur/SYNTH_BUFFALO_BARGUR_0014.jpg,buffalo_bargur,Bargur,buffalo,SYNTHETIC,train
SYNTH_BUFFALO_BARGUR_0015,dataset/synthetic_82_breeds_v3/synthetic/buffalo/buffalo_bargur/SYNTH_BUFFALO_BARGUR_0015.jpg,buffalo_bargur,Bargur,buffalo,SYNTHETIC,train
SYNTH_BUFFALO_BARGUR_0016,dataset/synthetic_82_breeds_v3/synthetic/buffalo/buffalo_bargur/SYNTH_BUFFALO_BARGUR_0016.jpg,buffalo_bargur,Bargur,buffalo,SYNTHETIC,train
SYNTH_BUFFALO_BARGUR_0017,dataset/synthetic_82_breeds_v3/synthetic/buffalo/buffalo_bargur/SYNTH_BUFFALO_BARGUR_0017.jpg,buffalo_bargur,Bargur,buffalo,SYNTHETIC,train
SYNTH_COW_AMRITMAHAL_0020,dataset/synthetic_82_breeds_v3/synthetic/cattle/cow_amritmahal/SYNTH_COW_AMRITMAHAL_0020.jpg,cow_amritmahal,Amritmahal,cattle,SYNTHETIC,train
SYNTH_COW_AMRITMAHAL_0026,dataset/synthetic_82_breeds_v3/synthetic/cattle/cow_amritmahal/SYNTH_COW_AMRITMAHAL_0026.jpg,cow_amritmahal,Amritmahal,cattle,SYNTHETIC,train
SYNTH_BUFFALO_BARGUR_0019,dataset/synthetic_82_breeds_v3/synthetic/buffalo/buffalo_bargur/SYNTH_BUFFALO_BARGUR_0019.jpg,buffalo_bargur,Bargur,buffalo,SYNTHETIC,train
SYNTH_COW_AMRITMAHAL_0025,dataset/synthetic_82_breeds_v3/synthetic/cattle/cow_amritmahal/SYNTH_COW_AMRITMAHAL_0025.jpg,cow_amritmahal,Amritmahal,cattle,SYNTHETIC,train
SYNTH_BUFFALO_BARGUR_0021,dataset/synthetic_82_breeds_v3/synthetic/buffalo/buffalo_bargur/SYNTH_BUFFALO_BARGUR_0021.jpg,buffalo_bargur,Bargur,buffalo,SYNTHETIC,train
SYNTH_BUFFALO_BARGUR_0018,dataset/synthetic_82_breeds_v3/synthetic/buffalo/buffalo_bargur/SYNTH_BUFFALO_BARGUR_0018.jpg,buffalo_bargur,Bargur,buffalo,SYNTHETIC,train
SYNTH_BUFFALO_BARGUR_0023,dataset/synthetic_82_breeds_v3/synthetic/buffalo/buffalo_bargur/SYNTH_BUFFALO_BARGUR_0023.jpg,buffalo_bargur,Bargur,buffalo,SYNTHETIC,train
SYNTH_BUFFALO_BARGUR_0020,dataset/synthetic_82_breeds_v3/synthetic/buffalo/buffalo_bargur/SYNTH_BUFFALO_BARGUR_0020.jpg,buffalo_bargur,Bargur,buffalo,SYNTHETIC,train
SYNTH_COW_AMRITMAHAL_0017,dataset/synthetic_82_breeds_v3/synthetic/cattle/cow_amritmahal/SYNTH_COW_AMRITMAHAL_0017.jpg,cow_amritmahal,Amritmahal,cattle,SYNTHETIC,train
SYNTH_COW_HALLIKAR_0001,dataset/synthetic_82_breeds_v3/synthetic/cattle/cow_hallikar/SYNTH_COW_HALLIKAR_0001.jpg,cow_hallikar,Hallikar,cattle,SYNTHETIC,train
SYNTH_COW_HALLIKAR_0002,dataset/synthetic_82_breeds_v3/synthetic/cattle/cow_hallikar/SYNTH_COW_HALLIKAR_0002.jpg,cow_hallikar,Hallikar,cattle,SYNTHETIC,train
SYNTH_COW_HALLIKAR_0003,dataset/synthetic_82_breeds_v3/synthetic/cattle/cow_hallikar/SYNTH_COW_HALLIKAR_0003.jpg,cow_hallikar,Hallikar,cattle,SYNTHETIC,train
SYNTH_COW_HALLIKAR_0004,dataset/synthetic_82_breeds_v3/synthetic/cattle/cow_hallikar/SYNTH_COW_HALLIKAR_0004.jpg,cow_hallikar,Hallikar,cattle,SYNTHETIC,train
SYNTH_COW_HALLIKAR_0005,dataset/synthetic_82_breeds_v3/synthetic/cattle/cow_hallikar/SYNTH_COW_HALLIKAR_0005.jpg,cow_hallikar,Hallikar,cattle,SYNTHETIC,train
SYNTH_COW_HALLIKAR_0006,dataset/synthetic_82_breeds_v3/synthetic/cattle/cow_hallikar/SYNTH_COW_HALLIKAR_0006.jpg,cow_hallikar,Hallikar,cattle,SYNTHETIC,train
SYNTH_BUFFALO_BARGUR_0025,dataset/synthetic_82_breeds_v3/synthetic/buffalo/buffalo_bargur/SYNTH_BUFFALO_BARGUR_0025.jpg,buffalo_bargur,Bargur,buffalo,SYNTHETIC,train
SYNTH_COW_HALLIKAR_0007,dataset/synthetic_82_breeds_v3/synthetic/cattle/cow_hallikar/SYNTH_COW_HALLIKAR_0007.jpg,cow_hallikar,Hallikar,cattle,SYNTHETIC,train
SYNTH_BUFFALO_BARGUR_0022,dataset/synthetic_82_breeds_v3/synthetic/buffalo/buffalo_bargur/SYNTH_BUFFALO_BARGUR_0022.jpg,buffalo_bargur,Bargur,buffalo,SYNTHETIC,train
SYNTH_COW_HALLIKAR_0008,dataset/synthetic_82_breeds_v3/synthetic/cattle/cow_hallikar/SYNTH_COW_HALLIKAR_0008.jpg,cow_hallikar,Hallikar,cattle,SYNTHETIC,train
SYNTH_COW_HALLIKAR_0009,dataset/synthetic_82_breeds_v3/synthetic/cattle/cow_hallikar/SYNTH_COW_HALLIKAR_0009.jpg,cow_hallikar,Hallikar,cattle,SYNTHETIC,train
SYNTH_COW_HALLIKAR_0010,dataset/synthetic_82_breeds_v3/synthetic/cattle/cow_hallikar/SYNTH_COW_HALLIKAR_0010.jpg,cow_hallikar,Hallikar,cattle,SYNTHETIC,train
SYNTH_COW_HALLIKAR_0011,dataset/synthetic_82_breeds_v3/synthetic/cattle/cow_hallikar/SYNTH_COW_HALLIKAR_0011.jpg,cow_hallikar,Hallikar,cattle,SYNTHETIC,train
SYNTH_COW_HALLIKAR_0012,dataset/synthetic_82_breeds_v3/synthetic/cattle/cow_hallikar/SYNTH_COW_HALLIKAR_0012.jpg,cow_hallikar,Hallikar,cattle,SYNTHETIC,train
SYNTH_COW_HALLIKAR_0013,dataset/synthetic_82_breeds_v3/synthetic/cattle/cow_hallikar/SYNTH_COW_HALLIKAR_0013.jpg,cow_hallikar,Hallikar,cattle,SYNTHETIC,train
SYNTH_COW_HALLIKAR_0014,dataset/synthetic_82_breeds_v3/synthetic/cattle/cow_hallikar/SYNTH_COW_HALLIKAR_0014.jpg,cow_hallikar,Hallikar,cattle,SYNTHETIC,train
SYNTH_COW_HALLIKAR_0015,dataset/synthetic_82_breeds_v3/synthetic/cattle/cow_hallikar/SYNTH_COW_HALLIKAR_0015.jpg,cow_hallikar,Hallikar,cattle,SYNTHETIC,train
SYNTH_COW_HALLIKAR_0016,dataset/synthetic_82_breeds_v3/synthetic/cattle/cow_hallikar/SYNTH_COW_HALLIKAR_0016.jpg,cow_hallikar,Hallikar,cattle,SYNTHETIC,train
SYNTH_BUFFALO_BARGUR_0026,dataset/synthetic_82_breeds_v3/synthetic/buffalo/buffalo_bargur/SYNTH_BUFFALO_BARGUR_0026.jpg,buffalo_bargur,Bargur,buffalo,SYNTHETIC,train
SYNTH_COW_AMRITMAHAL_0024,dataset/synthetic_82_breeds_v3/synthetic/cattle/cow_amritmahal/SYNTH_COW_AMRITMAHAL_0024.jpg,cow_amritmahal,Amritmahal,cattle,SYNTHETIC,train
SYNTH_BUFFALO_BARGUR_0024,dataset/synthetic_82_breeds_v3/synthetic/buffalo/buffalo_bargur/SYNTH_BUFFALO_BARGUR_0024.jpg,buffalo_bargur,Bargur,buffalo,SYNTHETIC,train
SYNTH_COW_HALLIKAR_0020,dataset/synthetic_82_breeds_v3/synthetic/cattle/cow_hallikar/SYNTH_COW_HALLIKAR_0020.jpg,cow_hallikar,Hallikar,cattle,SYNTHETIC,train
SYNTH_COW_RED_SINDHI_0027,dataset/synthetic_82_breeds_v3/synthetic/cattle/cow_red_sindhi/SYNTH_COW_RED_SINDHI_0027.jpg,cow_red_sindhi,Red Sindhi,cattle,SYNTHETIC,train
SYNTH_COW_HALLIKAR_0017,dataset/synthetic_82_breeds_v3/synthetic/cattle/cow_hallikar/SYNTH_COW_HALLIKAR_0017.jpg,cow_hallikar,Hallikar,cattle,SYNTHETIC,train
SYNTH_COW_AMRITMAHAL_0021,dataset/synthetic_82_breeds_v3/synthetic/cattle/cow_amritmahal/SYNTH_COW_AMRITMAHAL_0021.jpg,cow_amritmahal,Amritmahal,cattle,SYNTHETIC,train
SYNTH_COW_HALLIKAR_0019,dataset/synthetic_82_breeds_v3/synthetic/cattle/cow_hallikar/SYNTH_COW_HALLIKAR_0019.jpg,cow_hallikar,Hallikar,cattle,SYNTHETIC,train
SYNTH_COW_PERIYAR_0001,dataset/synthetic_82_breeds_v3/synthetic/cattle/cow_periyar/SYNTH_COW_PERIYAR_0001.jpg,cow_periyar,Periyar,cattle,SYNTHETIC,train
SYNTH_COW_PERIYAR_0002,dataset/synthetic_82_breeds_v3/synthetic/cattle/cow_periyar/SYNTH_COW_PERIYAR_0002.jpg,cow_periyar,Periyar,cattle,SYNTHETIC,train
SYNTH_COW_PERIYAR_0003,dataset/synthetic_82_breeds_v3/synthetic/cattle/cow_periyar/SYNTH_COW_PERIYAR_0003.jpg,cow_periyar,Periyar,cattle,SYNTHETIC,train
SYNTH_COW_PERIYAR_0004,dataset/synthetic_82_breeds_v3/synthetic/cattle/cow_periyar/SYNTH_COW_PERIYAR_0004.jpg,cow_periyar,Periyar,cattle,SYNTHETIC,train
SYNTH_COW_PERIYAR_0005,dataset/synthetic_82_breeds_v3/synthetic/cattle/cow_periyar/SYNTH_COW_PERIYAR_0005.jpg,cow_periyar,Periyar,cattle,SYNTHETIC,train
SYNTH_COW_PERIYAR_0006,dataset/synthetic_82_breeds_v3/synthetic/cattle/cow_periyar/SYNTH_COW_PERIYAR_0006.jpg,cow_periyar,Periyar,cattle,SYNTHETIC,train
SYNTH_COW_PERIYAR_0007,dataset/synthetic_82_breeds_v3/synthetic/cattle/cow_periyar/SYNTH_COW_PERIYAR_0007.jpg,cow_periyar,Periyar,cattle,SYNTHETIC,train
SYNTH_COW_PERIYAR_0008,dataset/synthetic_82_breeds_v3/synthetic/cattle/cow_periyar/SYNTH_COW_PERIYAR_0008.jpg,cow_periyar,Periyar,cattle,SYNTHETIC,train
SYNTH_COW_PERIYAR_0009,dataset/synthetic_82_breeds_v3/synthetic/cattle/cow_periyar/SYNTH_COW_PERIYAR_0009.jpg,cow_periyar,Periyar,cattle,SYNTHETIC,train
SYNTH_COW_PERIYAR_0010,dataset/synthetic_82_breeds_v3/synthetic/cattle/cow_periyar/SYNTH_COW_PERIYAR_0010.jpg,cow_periyar,Periyar,cattle,SYNTHETIC,train
SYNTH_COW_PERIYAR_0011,dataset/synthetic_82_breeds_v3/synthetic/cattle/cow_periyar/SYNTH_COW_PERIYAR_0011.jpg,cow_periyar,Periyar,cattle,SYNTHETIC,train
SYNTH_COW_PERIYAR_0012,dataset/synthetic_82_breeds_v3/synthetic/cattle/cow_periyar/SYNTH_COW_PERIYAR_0012.jpg,cow_periyar,Periyar,cattle,SYNTHETIC,train
SYNTH_COW_PERIYAR_0013,dataset/synthetic_82_breeds_v3/synthetic/cattle/cow_periyar/SYNTH_COW_PERIYAR_0013.jpg,cow_periyar,Periyar,cattle,SYNTHETIC,train
SYNTH_COW_PERIYAR_0014,dataset/synthetic_82_breeds_v3/synthetic/cattle/cow_periyar/SYNTH_COW_PERIYAR_0014.jpg,cow_periyar,Periyar,cattle,SYNTHETIC,train
SYNTH_COW_PERIYAR_0015,dataset/synthetic_82_breeds_v3/synthetic/cattle/cow_periyar/SYNTH_COW_PERIYAR_0015.jpg,cow_periyar,Periyar,cattle,SYNTHETIC,train
SYNTH_COW_PERIYAR_0016,dataset/synthetic_82_breeds_v3/synthetic/cattle/cow_periyar/SYNTH_COW_PERIYAR_0016.jpg,cow_periyar,Periyar,cattle,SYNTHETIC,train
SYNTH_COW_HALLIKAR_0025,dataset/synthetic_82_breeds_v3/synthetic/cattle/cow_hallikar/SYNTH_COW_HALLIKAR_0025.jpg,cow_hallikar,Hallikar,cattle,SYNTHETIC,train
SYNTH_COW_PERIYAR_0018,dataset/synthetic_82_breeds_v3/synthetic/cattle/cow_periyar/SYNTH_COW_PERIYAR_0018.jpg,cow_periyar,Periyar,cattle,SYNTHETIC,train
SYNTH_COW_PERIYAR_0017,dataset/synthetic_82_breeds_v3/synthetic/cattle/cow_periyar/SYNTH_COW_PERIYAR_0017.jpg,cow_periyar,Periyar,cattle,SYNTHETIC,train
SYNTH_COW_PERIYAR_0019,dataset/synthetic_82_breeds_v3/synthetic/cattle/cow_periyar/SYNTH_COW_PERIYAR_0019.jpg,cow_periyar,Periyar,cattle,SYNTHETIC,train
SYNTH_COW_PERIYAR_0020,dataset/synthetic_82_breeds_v3/synthetic/cattle/cow_periyar/SYNTH_COW_PERIYAR_0020.jpg,cow_periyar,Periyar,cattle,SYNTHETIC,train
SYNTH_COW_HALLIKAR_0018,dataset/synthetic_82_breeds_v3/synthetic/cattle/cow_hallikar/SYNTH_COW_HALLIKAR_0018.jpg,cow_hallikar,Hallikar,cattle,SYNTHETIC,train
SYNTH_COW_PERIYAR_0022,dataset/synthetic_82_breeds_v3/synthetic/cattle/cow_periyar/SYNTH_COW_PERIYAR_0022.jpg,cow_periyar,Periyar,cattle,SYNTHETIC,train
SYNTH_COW_PERIYAR_0021,dataset/synthetic_82_breeds_v3/synthetic/cattle/cow_periyar/SYNTH_COW_PERIYAR_0021.jpg,cow_periyar,Periyar,cattle,SYNTHETIC,train
SYNTH_COW_PERIYAR_0023,dataset/synthetic_82_breeds_v3/synthetic/cattle/cow_periyar/SYNTH_COW_PERIYAR_0023.jpg,cow_periyar,Periyar,cattle,SYNTHETIC,train
SYNTH_COW_PERIYAR_0024,dataset/synthetic_82_breeds_v3/synthetic/cattle/cow_periyar/SYNTH_COW_PERIYAR_0024.jpg,cow_periyar,Periyar,cattle,SYNTHETIC,train
SYNTH_COW_PERIYAR_0025,dataset/synthetic_82_breeds_v3/synthetic/cattle/cow_periyar/SYNTH_COW_PERIYAR_0025.jpg,cow_periyar,Periyar,cattle,SYNTHETIC,train
SYNTH_COW_BARGUR_0001,dataset/synthetic_82_breeds_v3/synthetic/cattle/cow_bargur/SYNTH_COW_BARGUR_0001.jpg,cow_bargur,Bargur,cattle,SYNTHETIC,train
SYNTH_COW_BARGUR_0002,dataset/synthetic_82_breeds_v3/synthetic/cattle/cow_bargur/SYNTH_COW_BARGUR_0002.jpg,cow_bargur,Bargur,cattle,SYNTHETIC,train
SYNTH_COW_BARGUR_0003,dataset/synthetic_82_breeds_v3/synthetic/cattle/cow_bargur/SYNTH_COW_BARGUR_0003.jpg,cow_bargur,Bargur,cattle,SYNTHETIC,train
SYNTH_COW_BARGUR_0004,dataset/synthetic_82_breeds_v3/synthetic/cattle/cow_bargur/SYNTH_COW_BARGUR_0004.jpg,cow_bargur,Bargur,cattle,SYNTHETIC,train
SYNTH_COW_BARGUR_0005,dataset/synthetic_82_breeds_v3/synthetic/cattle/cow_bargur/SYNTH_COW_BARGUR_0005.jpg,cow_bargur,Bargur,cattle,SYNTHETIC,train
SYNTH_COW_BARGUR_0006,dataset/synthetic_82_breeds_v3/synthetic/cattle/cow_bargur/SYNTH_COW_BARGUR_0006.jpg,cow_bargur,Bargur,cattle,SYNTHETIC,train
SYNTH_COW_BARGUR_0007,dataset/synthetic_82_breeds_v3/synthetic/cattle/cow_bargur/SYNTH_COW_BARGUR_0007.jpg,cow_bargur,Bargur,cattle,SYNTHETIC,train
SYNTH_COW_BARGUR_0008,dataset/synthetic_82_breeds_v3/synthetic/cattle/cow_bargur/SYNTH_COW_BARGUR_0008.jpg,cow_bargur,Bargur,cattle,SYNTHETIC,train
SYNTH_COW_BARGUR_0009,dataset/synthetic_82_breeds_v3/synthetic/cattle/cow_bargur/SYNTH_COW_BARGUR_0009.jpg,cow_bargur,Bargur,cattle,SYNTHETIC,train
SYNTH_COW_BARGUR_0010,dataset/synthetic_82_breeds_v3/synthetic/cattle/cow_bargur/SYNTH_COW_BARGUR_0010.jpg,cow_bargur,Bargur,cattle,SYNTHETIC,train
SYNTH_COW_BARGUR_0011,dataset/synthetic_82_breeds_v3/synthetic/cattle/cow_bargur/SYNTH_COW_BARGUR_0011.jpg,cow_bargur,Bargur,cattle,SYNTHETIC,train
SYNTH_COW_BARGUR_0012,dataset/synthetic_82_breeds_v3/synthetic/cattle/cow_bargur/SYNTH_COW_BARGUR_0012.jpg,cow_bargur,Bargur,cattle,SYNTHETIC,train
SYNTH_COW_BARGUR_0013,dataset/synthetic_82_breeds_v3/synthetic/cattle/cow_bargur/SYNTH_COW_BARGUR_0013.jpg,cow_bargur,Bargur,cattle,SYNTHETIC,train
SYNTH_COW_BARGUR_0014,dataset/synthetic_82_breeds_v3/synthetic/cattle/cow_bargur/SYNTH_COW_BARGUR_0014.jpg,cow_bargur,Bargur,cattle,SYNTHETIC,train
SYNTH_COW_BARGUR_0015,dataset/synthetic_82_breeds_v3/synthetic/cattle/cow_bargur/SYNTH_COW_BARGUR_0015.jpg,cow_bargur,Bargur,cattle,SYNTHETIC,train
SYNTH_COW_PERIYAR_0026,dataset/synthetic_82_breeds_v3/synthetic/cattle/cow_periyar/SYNTH_COW_PERIYAR_0026.jpg,cow_periyar,Periyar,cattle,SYNTHETIC,train
SYNTH_COW_HALLIKAR_0021,dataset/synthetic_82_breeds_v3/synthetic/cattle/cow_hallikar/SYNTH_COW_HALLIKAR_0021.jpg,cow_hallikar,Hallikar,cattle,SYNTHETIC,train
SYNTH_COW_HALLIKAR_0024,dataset/synthetic_82_breeds_v3/synthetic/cattle/cow_hallikar/SYNTH_COW_HALLIKAR_0024.jpg,cow_hallikar,Hallikar,cattle,SYNTHETIC,train
SYNTH_COW_BARGUR_0018,dataset/synthetic_82_breeds_v3/synthetic/cattle/cow_bargur/SYNTH_COW_BARGUR_0018.jpg,cow_bargur,Bargur,cattle,SYNTHETIC,train
SYNTH_COW_HALLIKAR_0022,dataset/synthetic_82_breeds_v3/synthetic/cattle/cow_hallikar/SYNTH_COW_HALLIKAR_0022.jpg,cow_hallikar,Hallikar,cattle,SYNTHETIC,train
SYNTH_COW_BARGUR_0020,dataset/synthetic_82_breeds_v3/synthetic/cattle/cow_bargur/SYNTH_COW_BARGUR_0020.jpg,cow_bargur,Bargur,cattle,SYNTHETIC,train
SYNTH_COW_HALLIKAR_0026,dataset/synthetic_82_breeds_v3/synthetic/cattle/cow_hallikar/SYNTH_COW_HALLIKAR_0026.jpg,cow_hallikar,Hallikar,cattle,SYNTHETIC,train
SYNTH_COW_BARGUR_0023,dataset/synthetic_82_breeds_v3/synthetic/cattle/cow_bargur/SYNTH_COW_BARGUR_0023.jpg,cow_bargur,Bargur,cattle,SYNTHETIC,train
SYNTH_COW_BARGUR_0025,dataset/synthetic_82_breeds_v3/synthetic/cattle/cow_bargur/SYNTH_COW_BARGUR_0025.jpg,cow_bargur,Bargur,cattle,SYNTHETIC,train
SYNTH_COW_GANGATIRI_0001,dataset/synthetic_82_breeds_v3/synthetic/cattle/cow_gangatiri/SYNTH_COW_GANGATIRI_0001.jpg,cow_gangatiri,Gangatiri,cattle,SYNTHETIC,train
SYNTH_COW_GANGATIRI_0002,dataset/synthetic_82_breeds_v3/synthetic/cattle/cow_gangatiri/SYNTH_COW_GANGATIRI_0002.jpg,cow_gangatiri,Gangatiri,cattle,SYNTHETIC,train
SYNTH_COW_GANGATIRI_0003,dataset/synthetic_82_breeds_v3/synthetic/cattle/cow_gangatiri/SYNTH_COW_GANGATIRI_0003.jpg,cow_gangatiri,Gangatiri,cattle,SYNTHETIC,train
SYNTH_COW_GANGATIRI_0004,dataset/synthetic_82_breeds_v3/synthetic/cattle/cow_gangatiri/SYNTH_COW_GANGATIRI_0004.jpg,cow_gangatiri,Gangatiri,cattle,SYNTHETIC,train
SYNTH_COW_GANGATIRI_0005,dataset/synthetic_82_breeds_v3/synthetic/cattle/cow_gangatiri/SYNTH_COW_GANGATIRI_0005.jpg,cow_gangatiri,Gangatiri,cattle,SYNTHETIC,train
SYNTH_COW_GANGATIRI_0006,dataset/synthetic_82_breeds_v3/synthetic/cattle/cow_gangatiri/SYNTH_COW_GANGATIRI_0006.jpg,cow_gangatiri,Gangatiri,cattle,SYNTHETIC,train
SYNTH_COW_GANGATIRI_0007,dataset/synthetic_82_breeds_v3/synthetic/cattle/cow_gangatiri/SYNTH_COW_GANGATIRI_0007.jpg,cow_gangatiri,Gangatiri,cattle,SYNTHETIC,train
SYNTH_COW_GANGATIRI_0008,dataset/synthetic_82_breeds_v3/synthetic/cattle/cow_gangatiri/SYNTH_COW_GANGATIRI_0008.jpg,cow_gangatiri,Gangatiri,cattle,SYNTHETIC,train
SYNTH_COW_GANGATIRI_0009,dataset/synthetic_82_breeds_v3/synthetic/cattle/cow_gangatiri/SYNTH_COW_GANGATIRI_0009.jpg,cow_gangatiri,Gangatiri,cattle,SYNTHETIC,train
SYNTH_COW_GANGATIRI_0010,dataset/synthetic_82_breeds_v3/synthetic/cattle/cow_gangatiri/SYNTH_COW_GANGATIRI_0010.jpg,cow_gangatiri,Gangatiri,cattle,SYNTHETIC,train
SYNTH_COW_GANGATIRI_0011,dataset/synthetic_82_breeds_v3/synthetic/cattle/cow_gangatiri/SYNTH_COW_GANGATIRI_0011.jpg,cow_gangatiri,Gangatiri,cattle,SYNTHETIC,train
SYNTH_COW_GANGATIRI_0012,dataset/synthetic_82_breeds_v3/synthetic/cattle/cow_gangatiri/SYNTH_COW_GANGATIRI_0012.jpg,cow_gangatiri,Gangatiri,cattle,SYNTHETIC,train
SYNTH_COW_GANGATIRI_0013,dataset/synthetic_82_breeds_v3/synthetic/cattle/cow_gangatiri/SYNTH_COW_GANGATIRI_0013.jpg,cow_gangatiri,Gangatiri,cattle,SYNTHETIC,train
SYNTH_COW_GANGATIRI_0014,dataset/synthetic_82_breeds_v3/synthetic/cattle/cow_gangatiri/SYNTH_COW_GANGATIRI_0014.jpg,cow_gangatiri,Gangatiri,cattle,SYNTHETIC,train
SYNTH_COW_BARGUR_0019,dataset/synthetic_82_breeds_v3/synthetic/cattle/cow_bargur/SYNTH_COW_BARGUR_0019.jpg,cow_bargur,Bargur,cattle,SYNTHETIC,train
SYNTH_COW_BARGUR_0016,dataset/synthetic_82_breeds_v3/synthetic/cattle/cow_bargur/SYNTH_COW_BARGUR_0016.jpg,cow_bargur,Bargur,cattle,SYNTHETIC,train
SYNTH_COW_HALLIKAR_0023,dataset/synthetic_82_breeds_v3/synthetic/cattle/cow_hallikar/SYNTH_COW_HALLIKAR_0023.jpg,cow_hallikar,Hallikar,cattle,SYNTHETIC,train
SYNTH_COW_GANGATIRI_0016,dataset/synthetic_82_breeds_v3/synthetic/cattle/cow_gangatiri/SYNTH_COW_GANGATIRI_0016.jpg,cow_gangatiri,Gangatiri,cattle,SYNTHETIC,train
SYNTH_COW_GANGATIRI_0015,dataset/synthetic_82_breeds_v3/synthetic/cattle/cow_gangatiri/SYNTH_COW_GANGATIRI_0015.jpg,cow_gangatiri,Gangatiri,cattle,SYNTHETIC,train
SYNTH_COW_BARGUR_0017,dataset/synthetic_82_breeds_v3/synthetic/cattle/cow_bargur/SYNTH_COW_BARGUR_0017.jpg,cow_bargur,Bargur,cattle,SYNTHETIC,train
SYNTH_COW_BARGUR_0021,dataset/synthetic_82_breeds_v3/synthetic/cattle/cow_bargur/SYNTH_COW_BARGUR_0021.jpg,cow_bargur,Bargur,cattle,SYNTHETIC,train
SYNTH_COW_BARGUR_0022,dataset/synthetic_82_breeds_v3/synthetic/cattle/cow_bargur/SYNTH_COW_BARGUR_0022.jpg,cow_bargur,Bargur,cattle,SYNTHETIC,train
SYNTH_COW_GANGATIRI_0018,dataset/synthetic_82_breeds_v3/synthetic/cattle/cow_gangatiri/SYNTH_COW_GANGATIRI_0018.jpg,cow_gangatiri,Gangatiri,cattle,SYNTHETIC,train
SYNTH_COW_GANGATIRI_0019,dataset/synthetic_82_breeds_v3/synthetic/cattle/cow_gangatiri/SYNTH_COW_GANGATIRI_0019.jpg,cow_gangatiri,Gangatiri,cattle,SYNTHETIC,train
SYNTH_BUFFALO_MEHSANA_0001,dataset/synthetic_82_breeds_v3/synthetic/buffalo/buffalo_mehsana/SYNTH_BUFFALO_MEHSANA_0001.jpg,buffalo_mehsana,Mehsana,buffalo,SYNTHETIC,train
SYNTH_BUFFALO_MEHSANA_0002,dataset/synthetic_82_breeds_v3/synthetic/buffalo/buffalo_mehsana/SYNTH_BUFFALO_MEHSANA_0002.jpg,buffalo_mehsana,Mehsana,buffalo,SYNTHETIC,train
SYNTH_BUFFALO_MEHSANA_0003,dataset/synthetic_82_breeds_v3/synthetic/buffalo/buffalo_mehsana/SYNTH_BUFFALO_MEHSANA_0003.jpg,buffalo_mehsana,Mehsana,buffalo,SYNTHETIC,train
SYNTH_BUFFALO_MEHSANA_0004,dataset/synthetic_82_breeds_v3/synthetic/buffalo/buffalo_mehsana/SYNTH_BUFFALO_MEHSANA_0004.jpg,buffalo_mehsana,Mehsana,buffalo,SYNTHETIC,train
SYNTH_BUFFALO_MEHSANA_0005,dataset/synthetic_82_breeds_v3/synthetic/buffalo/buffalo_mehsana/SYNTH_BUFFALO_MEHSANA_0005.jpg,buffalo_mehsana,Mehsana,buffalo,SYNTHETIC,train
SYNTH_BUFFALO_MEHSANA_0006,dataset/synthetic_82_breeds_v3/synthetic/buffalo/buffalo_mehsana/SYNTH_BUFFALO_MEHSANA_0006.jpg,buffalo_mehsana,Mehsana,buffalo,SYNTHETIC,train
SYNTH_BUFFALO_MEHSANA_0007,dataset/synthetic_82_breeds_v3/synthetic/buffalo/buffalo_mehsana/SYNTH_BUFFALO_MEHSANA_0007.jpg,buffalo_mehsana,Mehsana,buffalo,SYNTHETIC,train
SYNTH_BUFFALO_MEHSANA_0008,dataset/synthetic_82_breeds_v3/synthetic/buffalo/buffalo_mehsana/SYNTH_BUFFALO_MEHSANA_0008.jpg,buffalo_mehsana,Mehsana,buffalo,SYNTHETIC,train
SYNTH_BUFFALO_MEHSANA_0009,dataset/synthetic_82_breeds_v3/synthetic/buffalo/buffalo_mehsana/SYNTH_BUFFALO_MEHSANA_0009.jpg,buffalo_mehsana,Mehsana,buffalo,SYNTHETIC,train
SYNTH_COW_GANGATIRI_0022,dataset/synthetic_82_breeds_v3/synthetic/cattle/cow_gangatiri/SYNTH_COW_GANGATIRI_0022.jpg,cow_gangatiri,Gangatiri,cattle,SYNTHETIC,train
SYNTH_BUFFALO_MEHSANA_0010,dataset/synthetic_82_breeds_v3/synthetic/buffalo/buffalo_mehsana/SYNTH_BUFFALO_MEHSANA_0010.jpg,buffalo_mehsana,Mehsana,buffalo,SYNTHETIC,train
SYNTH_BUFFALO_MEHSANA_0011,dataset/synthetic_82_breeds_v3/synthetic/buffalo/buffalo_mehsana/SYNTH_BUFFALO_MEHSANA_0011.jpg,buffalo_mehsana,Mehsana,buffalo,SYNTHETIC,train
SYNTH_BUFFALO_MEHSANA_0012,dataset/synthetic_82_breeds_v3/synthetic/buffalo/buffalo_mehsana/SYNTH_BUFFALO_MEHSANA_0012.jpg,buffalo_mehsana,Mehsana,buffalo,SYNTHETIC,train
SYNTH_BUFFALO_MEHSANA_0013,dataset/synthetic_82_breeds_v3/synthetic/buffalo/buffalo_mehsana/SYNTH_BUFFALO_MEHSANA_0013.jpg,buffalo_mehsana,Mehsana,buffalo,SYNTHETIC,train
SYNTH_COW_GANGATIRI_0020,dataset/synthetic_82_breeds_v3/synthetic/cattle/cow_gangatiri/SYNTH_COW_GANGATIRI_0020.jpg,cow_gangatiri,Gangatiri,cattle,SYNTHETIC,train
SYNTH_COW_GANGATIRI_0017,dataset/synthetic_82_breeds_v3/synthetic/cattle/cow_gangatiri/SYNTH_COW_GANGATIRI_0017.jpg,cow_gangatiri,Gangatiri,cattle,SYNTHETIC,train
SYNTH_COW_GANGATIRI_0021,dataset/synthetic_82_breeds_v3/synthetic/cattle/cow_gangatiri/SYNTH_COW_GANGATIRI_0021.jpg,cow_gangatiri,Gangatiri,cattle,SYNTHETIC,train
SYNTH_BUFFALO_MEHSANA_0018,dataset/synthetic_82_breeds_v3/synthetic/buffalo/buffalo_mehsana/SYNTH_BUFFALO_MEHSANA_0018.jpg,buffalo_mehsana,Mehsana,buffalo,SYNTHETIC,train
SYNTH_COW_BARGUR_0024,dataset/synthetic_82_breeds_v3/synthetic/cattle/cow_bargur/SYNTH_COW_BARGUR_0024.jpg,cow_bargur,Bargur,cattle,SYNTHETIC,train
SYNTH_BUFFALO_MEHSANA_0019,dataset/synthetic_82_breeds_v3/synthetic/buffalo/buffalo_mehsana/SYNTH_BUFFALO_MEHSANA_0019.jpg,buffalo_mehsana,Mehsana,buffalo,SYNTHETIC,train
SYNTH_BUFFALO_MEHSANA_0017,dataset/synthetic_82_breeds_v3/synthetic/buffalo/buffalo_mehsana/SYNTH_BUFFALO_MEHSANA_0017.jpg,buffalo_mehsana,Mehsana,buffalo,SYNTHETIC,train
SYNTH_BUFFALO_MEHSANA_0014,dataset/synthetic_82_breeds_v3/synthetic/buffalo/buffalo_mehsana/SYNTH_BUFFALO_MEHSANA_0014.jpg,buffalo_mehsana,Mehsana,buffalo,SYNTHETIC,train
SYNTH_COW_GANGATIRI_0024,dataset/synthetic_82_breeds_v3/synthetic/cattle/cow_gangatiri/SYNTH_COW_GANGATIRI_0024.jpg,cow_gangatiri,Gangatiri,cattle,SYNTHETIC,train
SYNTH_BUFFALO_MURRAH_0001,dataset/synthetic_82_breeds_v3/synthetic/buffalo/buffalo_murrah/SYNTH_BUFFALO_MURRAH_0001.jpg,buffalo_murrah,Murrah,buffalo,SYNTHETIC,train
SYNTH_BUFFALO_MURRAH_0002,dataset/synthetic_82_breeds_v3/synthetic/buffalo/buffalo_murrah/SYNTH_BUFFALO_MURRAH_0002.jpg,buffalo_murrah,Murrah,buffalo,SYNTHETIC,train
SYNTH_BUFFALO_MURRAH_0003,dataset/synthetic_82_breeds_v3/synthetic/buffalo/buffalo_murrah/SYNTH_BUFFALO_MURRAH_0003.jpg,buffalo_murrah,Murrah,buffalo,SYNTHETIC,train
SYNTH_BUFFALO_MURRAH_0004,dataset/synthetic_82_breeds_v3/synthetic/buffalo/buffalo_murrah/SYNTH_BUFFALO_MURRAH_0004.jpg,buffalo_murrah,Murrah,buffalo,SYNTHETIC,train
SYNTH_BUFFALO_MURRAH_0005,dataset/synthetic_82_breeds_v3/synthetic/buffalo/buffalo_murrah/SYNTH_BUFFALO_MURRAH_0005.jpg,buffalo_murrah,Murrah,buffalo,SYNTHETIC,train
SYNTH_BUFFALO_MURRAH_0006,dataset/synthetic_82_breeds_v3/synthetic/buffalo/buffalo_murrah/SYNTH_BUFFALO_MURRAH_0006.jpg,buffalo_murrah,Murrah,buffalo,SYNTHETIC,train
SYNTH_BUFFALO_MURRAH_0007,dataset/synthetic_82_breeds_v3/synthetic/buffalo/buffalo_murrah/SYNTH_BUFFALO_MURRAH_0007.jpg,buffalo_murrah,Murrah,buffalo,SYNTHETIC,train
SYNTH_BUFFALO_MURRAH_0008,dataset/synthetic_82_breeds_v3/synthetic/buffalo/buffalo_murrah/SYNTH_BUFFALO_MURRAH_0008.jpg,buffalo_murrah,Murrah,buffalo,SYNTHETIC,train
SYNTH_BUFFALO_MURRAH_0009,dataset/synthetic_82_breeds_v3/synthetic/buffalo/buffalo_murrah/SYNTH_BUFFALO_MURRAH_0009.jpg,buffalo_murrah,Murrah,buffalo,SYNTHETIC,train
SYNTH_BUFFALO_MEHSANA_0016,dataset/synthetic_82_breeds_v3/synthetic/buffalo/buffalo_mehsana/SYNTH_BUFFALO_MEHSANA_0016.jpg,buffalo_mehsana,Mehsana,buffalo,SYNTHETIC,train
SYNTH_BUFFALO_MURRAH_0010,dataset/synthetic_82_breeds_v3/synthetic/buffalo/buffalo_murrah/SYNTH_BUFFALO_MURRAH_0010.jpg,buffalo_murrah,Murrah,buffalo,SYNTHETIC,train
SYNTH_BUFFALO_MURRAH_0011,dataset/synthetic_82_breeds_v3/synthetic/buffalo/buffalo_murrah/SYNTH_BUFFALO_MURRAH_0011.jpg,buffalo_murrah,Murrah,buffalo,SYNTHETIC,train
SYNTH_BUFFALO_MURRAH_0012,dataset/synthetic_82_breeds_v3/synthetic/buffalo/buffalo_murrah/SYNTH_BUFFALO_MURRAH_0012.jpg,buffalo_murrah,Murrah,buffalo,SYNTHETIC,train
SYNTH_BUFFALO_MURRAH_0014,dataset/synthetic_82_breeds_v3/synthetic/buffalo/buffalo_murrah/SYNTH_BUFFALO_MURRAH_0014.jpg,buffalo_murrah,Murrah,buffalo,SYNTHETIC,train
SYNTH_BUFFALO_MURRAH_0013,dataset/synthetic_82_breeds_v3/synthetic/buffalo/buffalo_murrah/SYNTH_BUFFALO_MURRAH_0013.jpg,buffalo_murrah,Murrah,buffalo,SYNTHETIC,train
SYNTH_BUFFALO_MURRAH_0016,dataset/synthetic_82_breeds_v3/synthetic/buffalo/buffalo_murrah/SYNTH_BUFFALO_MURRAH_0016.jpg,buffalo_murrah,Murrah,buffalo,SYNTHETIC,train
SYNTH_COW_GANGATIRI_0023,dataset/synthetic_82_breeds_v3/synthetic/cattle/cow_gangatiri/SYNTH_COW_GANGATIRI_0023.jpg,cow_gangatiri,Gangatiri,cattle,SYNTHETIC,train
SYNTH_BUFFALO_MEHSANA_0015,dataset/synthetic_82_breeds_v3/synthetic/buffalo/buffalo_mehsana/SYNTH_BUFFALO_MEHSANA_0015.jpg,buffalo_mehsana,Mehsana,buffalo,SYNTHETIC,train
SYNTH_BUFFALO_MEHSANA_0021,dataset/synthetic_82_breeds_v3/synthetic/buffalo/buffalo_mehsana/SYNTH_BUFFALO_MEHSANA_0021.jpg,buffalo_mehsana,Mehsana,buffalo,SYNTHETIC,train
SYNTH_BUFFALO_MURRAH_0020,dataset/synthetic_82_breeds_v3/synthetic/buffalo/buffalo_murrah/SYNTH_BUFFALO_MURRAH_0020.jpg,buffalo_murrah,Murrah,buffalo,SYNTHETIC,train
SYNTH_BUFFALO_MEHSANA_0023,dataset/synthetic_82_breeds_v3/synthetic/buffalo/buffalo_mehsana/SYNTH_BUFFALO_MEHSANA_0023.jpg,buffalo_mehsana,Mehsana,buffalo,SYNTHETIC,train
SYNTH_BUFFALO_MURRAH_0022,dataset/synthetic_82_breeds_v3/synthetic/buffalo/buffalo_murrah/SYNTH_BUFFALO_MURRAH_0022.jpg,buffalo_murrah,Murrah,buffalo,SYNTHETIC,train
SYNTH_BUFFALO_MEHSANA_0022,dataset/synthetic_82_breeds_v3/synthetic/buffalo/buffalo_mehsana/SYNTH_BUFFALO_MEHSANA_0022.jpg,buffalo_mehsana,Mehsana,buffalo,SYNTHETIC,train
SYNTH_BUFFALO_MURRAH_0019,dataset/synthetic_82_breeds_v3/synthetic/buffalo/buffalo_murrah/SYNTH_BUFFALO_MURRAH_0019.jpg,buffalo_murrah,Murrah,buffalo,SYNTHETIC,train
SYNTH_BUFFALO_NAGPURI_0001,dataset/synthetic_82_breeds_v3/synthetic/buffalo/buffalo_nagpuri/SYNTH_BUFFALO_NAGPURI_0001.jpg,buffalo_nagpuri,Nagpuri,buffalo,SYNTHETIC,train
SYNTH_BUFFALO_NAGPURI_0002,dataset/synthetic_82_breeds_v3/synthetic/buffalo/buffalo_nagpuri/SYNTH_BUFFALO_NAGPURI_0002.jpg,buffalo_nagpuri,Nagpuri,buffalo,SYNTHETIC,train
SYNTH_BUFFALO_NAGPURI_0003,dataset/synthetic_82_breeds_v3/synthetic/buffalo/buffalo_nagpuri/SYNTH_BUFFALO_NAGPURI_0003.jpg,buffalo_nagpuri,Nagpuri,buffalo,SYNTHETIC,train
SYNTH_BUFFALO_NAGPURI_0004,dataset/synthetic_82_breeds_v3/synthetic/buffalo/buffalo_nagpuri/SYNTH_BUFFALO_NAGPURI_0004.jpg,buffalo_nagpuri,Nagpuri,buffalo,SYNTHETIC,train
SYNTH_BUFFALO_NAGPURI_0005,dataset/synthetic_82_breeds_v3/synthetic/buffalo/buffalo_nagpuri/SYNTH_BUFFALO_NAGPURI_0005.jpg,buffalo_nagpuri,Nagpuri,buffalo,SYNTHETIC,train
SYNTH_BUFFALO_NAGPURI_0006,dataset/synthetic_82_breeds_v3/synthetic/buffalo/buffalo_nagpuri/SYNTH_BUFFALO_NAGPURI_0006.jpg,buffalo_nagpuri,Nagpuri,buffalo,SYNTHETIC,train
SYNTH_BUFFALO_NAGPURI_0007,dataset/synthetic_82_breeds_v3/synthetic/buffalo/buffalo_nagpuri/SYNTH_BUFFALO_NAGPURI_0007.jpg,buffalo_nagpuri,Nagpuri,buffalo,SYNTHETIC,train
SYNTH_BUFFALO_NAGPURI_0008,dataset/synthetic_82_breeds_v3/synthetic/buffalo/buffalo_nagpuri/SYNTH_BUFFALO_NAGPURI_0008.jpg,buffalo_nagpuri,Nagpuri,buffalo,SYNTHETIC,train
SYNTH_BUFFALO_NAGPURI_0009,dataset/synthetic_82_breeds_v3/synthetic/buffalo/buffalo_nagpuri/SYNTH_BUFFALO_NAGPURI_0009.jpg,buffalo_nagpuri,Nagpuri,buffalo,SYNTHETIC,train
SYNTH_BUFFALO_NAGPURI_0010,dataset/synthetic_82_breeds_v3/synthetic/buffalo/buffalo_nagpuri/SYNTH_BUFFALO_NAGPURI_0010.jpg,buffalo_nagpuri,Nagpuri,buffalo,SYNTHETIC,train
SYNTH_BUFFALO_MEHSANA_0020,dataset/synthetic_82_breeds_v3/synthetic/buffalo/buffalo_mehsana/SYNTH_BUFFALO_MEHSANA_0020.jpg,buffalo_mehsana,Mehsana,buffalo,SYNTHETIC,train
SYNTH_BUFFALO_NAGPURI_0011,dataset/synthetic_82_breeds_v3/synthetic/buffalo/buffalo_nagpuri/SYNTH_BUFFALO_NAGPURI_0011.jpg,buffalo_nagpuri,Nagpuri,buffalo,SYNTHETIC,train
SYNTH_BUFFALO_NAGPURI_0013,dataset/synthetic_82_breeds_v3/synthetic/buffalo/buffalo_nagpuri/SYNTH_BUFFALO_NAGPURI_0013.jpg,buffalo_nagpuri,Nagpuri,buffalo,SYNTHETIC,train
SYNTH_BUFFALO_NAGPURI_0012,dataset/synthetic_82_breeds_v3/synthetic/buffalo/buffalo_nagpuri/SYNTH_BUFFALO_NAGPURI_0012.jpg,buffalo_nagpuri,Nagpuri,buffalo,SYNTHETIC,train
SYNTH_BUFFALO_NAGPURI_0014,dataset/synthetic_82_breeds_v3/synthetic/buffalo/buffalo_nagpuri/SYNTH_BUFFALO_NAGPURI_0014.jpg,buffalo_nagpuri,Nagpuri,buffalo,SYNTHETIC,train
SYNTH_BUFFALO_MURRAH_0017,dataset/synthetic_82_breeds_v3/synthetic/buffalo/buffalo_murrah/SYNTH_BUFFALO_MURRAH_0017.jpg,buffalo_murrah,Murrah,buffalo,SYNTHETIC,train
SYNTH_BUFFALO_MURRAH_0015,dataset/synthetic_82_breeds_v3/synthetic/buffalo/buffalo_murrah/SYNTH_BUFFALO_MURRAH_0015.jpg,buffalo_murrah,Murrah,buffalo,SYNTHETIC,train
SYNTH_BUFFALO_NAGPURI_0017,dataset/synthetic_82_breeds_v3/synthetic/buffalo/buffalo_nagpuri/SYNTH_BUFFALO_NAGPURI_0017.jpg,buffalo_nagpuri,Nagpuri,buffalo,SYNTHETIC,train
SYNTH_BUFFALO_NAGPURI_0015,dataset/synthetic_82_breeds_v3/synthetic/buffalo/buffalo_nagpuri/SYNTH_BUFFALO_NAGPURI_0015.jpg,buffalo_nagpuri,Nagpuri,buffalo,SYNTHETIC,train
SYNTH_BUFFALO_NAGPURI_0019,dataset/synthetic_82_breeds_v3/synthetic/buffalo/buffalo_nagpuri/SYNTH_BUFFALO_NAGPURI_0019.jpg,buffalo_nagpuri,Nagpuri,buffalo,SYNTHETIC,train
SYNTH_BUFFALO_MURRAH_0021,dataset/synthetic_82_breeds_v3/synthetic/buffalo/buffalo_murrah/SYNTH_BUFFALO_MURRAH_0021.jpg,buffalo_murrah,Murrah,buffalo,SYNTHETIC,train
SYNTH_BUFFALO_NAGPURI_0020,dataset/synthetic_82_breeds_v3/synthetic/buffalo/buffalo_nagpuri/SYNTH_BUFFALO_NAGPURI_0020.jpg,buffalo_nagpuri,Nagpuri,buffalo,SYNTHETIC,train
SYNTH_BUFFALO_NAGPURI_0021,dataset/synthetic_82_breeds_v3/synthetic/buffalo/buffalo_nagpuri/SYNTH_BUFFALO_NAGPURI_0021.jpg,buffalo_nagpuri,Nagpuri,buffalo,SYNTHETIC,train
SYNTH_COW_THARPARKAR_0001,dataset/synthetic_82_breeds_v3/synthetic/cattle/cow_tharparkar/SYNTH_COW_THARPARKAR_0001.jpg,cow_tharparkar,Tharparkar,cattle,SYNTHETIC,train
SYNTH_COW_THARPARKAR_0002,dataset/synthetic_82_breeds_v3/synthetic/cattle/cow_tharparkar/SYNTH_COW_THARPARKAR_0002.jpg,cow_tharparkar,Tharparkar,cattle,SYNTHETIC,train
SYNTH_COW_THARPARKAR_0003,dataset/synthetic_82_breeds_v3/synthetic/cattle/cow_tharparkar/SYNTH_COW_THARPARKAR_0003.jpg,cow_tharparkar,Tharparkar,cattle,SYNTHETIC,train
SYNTH_COW_THARPARKAR_0004,dataset/synthetic_82_breeds_v3/synthetic/cattle/cow_tharparkar/SYNTH_COW_THARPARKAR_0004.jpg,cow_tharparkar,Tharparkar,cattle,SYNTHETIC,train
SYNTH_COW_THARPARKAR_0005,dataset/synthetic_82_breeds_v3/synthetic/cattle/cow_tharparkar/SYNTH_COW_THARPARKAR_0005.jpg,cow_tharparkar,Tharparkar,cattle,SYNTHETIC,train
SYNTH_COW_THARPARKAR_0006,dataset/synthetic_82_breeds_v3/synthetic/cattle/cow_tharparkar/SYNTH_COW_THARPARKAR_0006.jpg,cow_tharparkar,Tharparkar,cattle,SYNTHETIC,train
SYNTH_COW_THARPARKAR_0007,dataset/synthetic_82_breeds_v3/synthetic/cattle/cow_tharparkar/SYNTH_COW_THARPARKAR_0007.jpg,cow_tharparkar,Tharparkar,cattle,SYNTHETIC,train
SYNTH_COW_THARPARKAR_0008,dataset/synthetic_82_breeds_v3/synthetic/cattle/cow_tharparkar/SYNTH_COW_THARPARKAR_0008.jpg,cow_tharparkar,Tharparkar,cattle,SYNTHETIC,train
SYNTH_COW_THARPARKAR_0009,dataset/synthetic_82_breeds_v3/synthetic/cattle/cow_tharparkar/SYNTH_COW_THARPARKAR_0009.jpg,cow_tharparkar,Tharparkar,cattle,SYNTHETIC,train
SYNTH_COW_THARPARKAR_0010,dataset/synthetic_82_breeds_v3/synthetic/cattle/cow_tharparkar/SYNTH_COW_THARPARKAR_0010.jpg,cow_tharparkar,Tharparkar,cattle,SYNTHETIC,train
SYNTH_COW_THARPARKAR_0011,dataset/synthetic_82_breeds_v3/synthetic/cattle/cow_tharparkar/SYNTH_COW_THARPARKAR_0011.jpg,cow_tharparkar,Tharparkar,cattle,SYNTHETIC,train
SYNTH_COW_THARPARKAR_0012,dataset/synthetic_82_breeds_v3/synthetic/cattle/cow_tharparkar/SYNTH_COW_THARPARKAR_0012.jpg,cow_tharparkar,Tharparkar,cattle,SYNTHETIC,train
SYNTH_COW_THARPARKAR_0013,dataset/synthetic_82_breeds_v3/synthetic/cattle/cow_tharparkar/SYNTH_COW_THARPARKAR_0013.jpg,cow_tharparkar,Tharparkar,cattle,SYNTHETIC,train
SYNTH_BUFFALO_MURRAH_0023,dataset/synthetic_82_breeds_v3/synthetic/buffalo/buffalo_murrah/SYNTH_BUFFALO_MURRAH_0023.jpg,buffalo_murrah,Murrah,buffalo,SYNTHETIC,train
SYNTH_BUFFALO_NAGPURI_0016,dataset/synthetic_82_breeds_v3/synthetic/buffalo/buffalo_nagpuri/SYNTH_BUFFALO_NAGPURI_0016.jpg,buffalo_nagpuri,Nagpuri,buffalo,SYNTHETIC,train
SYNTH_BUFFALO_NAGPURI_0022,dataset/synthetic_82_breeds_v3/synthetic/buffalo/buffalo_nagpuri/SYNTH_BUFFALO_NAGPURI_0022.jpg,buffalo_nagpuri,Nagpuri,buffalo,SYNTHETIC,train
SYNTH_BUFFALO_MURRAH_0018,dataset/synthetic_82_breeds_v3/synthetic/buffalo/buffalo_murrah/SYNTH_BUFFALO_MURRAH_0018.jpg,buffalo_murrah,Murrah,buffalo,SYNTHETIC,train
SYNTH_BUFFALO_NAGPURI_0018,dataset/synthetic_82_breeds_v3/synthetic/buffalo/buffalo_nagpuri/SYNTH_BUFFALO_NAGPURI_0018.jpg,buffalo_nagpuri,Nagpuri,buffalo,SYNTHETIC,train
SYNTH_COW_THARPARKAR_0016,dataset/synthetic_82_breeds_v3/synthetic/cattle/cow_tharparkar/SYNTH_COW_THARPARKAR_0016.jpg,cow_tharparkar,Tharparkar,cattle,SYNTHETIC,train
SYNTH_BUFFALO_NAGPURI_0023,dataset/synthetic_82_breeds_v3/synthetic/buffalo/buffalo_nagpuri/SYNTH_BUFFALO_NAGPURI_0023.jpg,buffalo_nagpuri,Nagpuri,buffalo,SYNTHETIC,train
SYNTH_COW_THARPARKAR_0014,dataset/synthetic_82_breeds_v3/synthetic/cattle/cow_tharparkar/SYNTH_COW_THARPARKAR_0014.jpg,cow_tharparkar,Tharparkar,cattle,SYNTHETIC,train
SYNTH_COW_THARPARKAR_0018,dataset/synthetic_82_breeds_v3/synthetic/cattle/cow_tharparkar/SYNTH_COW_THARPARKAR_0018.jpg,cow_tharparkar,Tharparkar,cattle,SYNTHETIC,train
SYNTH_COW_THARPARKAR_0023,dataset/synthetic_82_breeds_v3/synthetic/cattle/cow_tharparkar/SYNTH_COW_THARPARKAR_0023.jpg,cow_tharparkar,Tharparkar,cattle,SYNTHETIC,train
SYNTH_BUFFALO_MURRAH_0024,dataset/synthetic_82_breeds_v3/synthetic/buffalo/buffalo_murrah/SYNTH_BUFFALO_MURRAH_0024.jpg,buffalo_murrah,Murrah,buffalo,SYNTHETIC,train
SYNTH_COW_THARPARKAR_0019,dataset/synthetic_82_breeds_v3/synthetic/cattle/cow_tharparkar/SYNTH_COW_THARPARKAR_0019.jpg,cow_tharparkar,Tharparkar,cattle,SYNTHETIC,train
SYNTH_COW_THARPARKAR_0015,dataset/synthetic_82_breeds_v3/synthetic/cattle/cow_tharparkar/SYNTH_COW_THARPARKAR_0015.jpg,cow_tharparkar,Tharparkar,cattle,SYNTHETIC,train
SYNTH_COW_NIMARI_0002,dataset/synthetic_82_breeds_v3/synthetic/cattle/cow_nimari/SYNTH_COW_NIMARI_0002.jpg,cow_nimari,Nimari,cattle,SYNTHETIC,train
SYNTH_COW_NIMARI_0001,dataset/synthetic_82_breeds_v3/synthetic/cattle/cow_nimari/SYNTH_COW_NIMARI_0001.jpg,cow_nimari,Nimari,cattle,SYNTHETIC,train
SYNTH_COW_NIMARI_0003,dataset/synthetic_82_breeds_v3/synthetic/cattle/cow_nimari/SYNTH_COW_NIMARI_0003.jpg,cow_nimari,Nimari,cattle,SYNTHETIC,train
SYNTH_COW_NIMARI_0006,dataset/synthetic_82_breeds_v3/synthetic/cattle/cow_nimari/SYNTH_COW_NIMARI_0006.jpg,cow_nimari,Nimari,cattle,SYNTHETIC,train
SYNTH_COW_NIMARI_0004,dataset/synthetic_82_breeds_v3/synthetic/cattle/cow_nimari/SYNTH_COW_NIMARI_0004.jpg,cow_nimari,Nimari,cattle,SYNTHETIC,train
SYNTH_COW_NIMARI_0005,dataset/synthetic_82_breeds_v3/synthetic/cattle/cow_nimari/SYNTH_COW_NIMARI_0005.jpg,cow_nimari,Nimari,cattle,SYNTHETIC,train
SYNTH_COW_NIMARI_0007,dataset/synthetic_82_breeds_v3/synthetic/cattle/cow_nimari/SYNTH_COW_NIMARI_0007.jpg,cow_nimari,Nimari,cattle,SYNTHETIC,train
SYNTH_COW_NIMARI_0008,dataset/synthetic_82_breeds_v3/synthetic/cattle/cow_nimari/SYNTH_COW_NIMARI_0008.jpg,cow_nimari,Nimari,cattle,SYNTHETIC,train
SYNTH_COW_NIMARI_0009,dataset/synthetic_82_breeds_v3/synthetic/cattle/cow_nimari/SYNTH_COW_NIMARI_0009.jpg,cow_nimari,Nimari,cattle,SYNTHETIC,train
SYNTH_COW_NIMARI_0010,dataset/synthetic_82_breeds_v3/synthetic/cattle/cow_nimari/SYNTH_COW_NIMARI_0010.jpg,cow_nimari,Nimari,cattle,SYNTHETIC,train
SYNTH_COW_NIMARI_0011,dataset/synthetic_82_breeds_v3/synthetic/cattle/cow_nimari/SYNTH_COW_NIMARI_0011.jpg,cow_nimari,Nimari,cattle,SYNTHETIC,train
SYNTH_COW_NIMARI_0012,dataset/synthetic_82_breeds_v3/synthetic/cattle/cow_nimari/SYNTH_COW_NIMARI_0012.jpg,cow_nimari,Nimari,cattle,SYNTHETIC,train
SYNTH_COW_THARPARKAR_0020,dataset/synthetic_82_breeds_v3/synthetic/cattle/cow_tharparkar/SYNTH_COW_THARPARKAR_0020.jpg,cow_tharparkar,Tharparkar,cattle,SYNTHETIC,train
SYNTH_COW_THARPARKAR_0017,dataset/synthetic_82_breeds_v3/synthetic/cattle/cow_tharparkar/SYNTH_COW_THARPARKAR_0017.jpg,cow_tharparkar,Tharparkar,cattle,SYNTHETIC,train
SYNTH_COW_THARPARKAR_0022,dataset/synthetic_82_breeds_v3/synthetic/cattle/cow_tharparkar/SYNTH_COW_THARPARKAR_0022.jpg,cow_tharparkar,Tharparkar,cattle,SYNTHETIC,train
SYNTH_COW_NIMARI_0013,dataset/synthetic_82_breeds_v3/synthetic/cattle/cow_nimari/SYNTH_COW_NIMARI_0013.jpg,cow_nimari,Nimari,cattle,SYNTHETIC,train
SYNTH_COW_NIMARI_0014,dataset/synthetic_82_breeds_v3/synthetic/cattle/cow_nimari/SYNTH_COW_NIMARI_0014.jpg,cow_nimari,Nimari,cattle,SYNTHETIC,train
SYNTH_COW_NIMARI_0016,dataset/synthetic_82_breeds_v3/synthetic/cattle/cow_nimari/SYNTH_COW_NIMARI_0016.jpg,cow_nimari,Nimari,cattle,SYNTHETIC,train
SYNTH_COW_THARPARKAR_0021,dataset/synthetic_82_breeds_v3/synthetic/cattle/cow_tharparkar/SYNTH_COW_THARPARKAR_0021.jpg,cow_tharparkar,Tharparkar,cattle,SYNTHETIC,train
SYNTH_COW_KANKREJ_0001,dataset/synthetic_82_breeds_v3/synthetic/cattle/cow_kankrej/SYNTH_COW_KANKREJ_0001.jpg,cow_kankrej,Kankrej,cattle,SYNTHETIC,train
SYNTH_COW_KANKREJ_0002,dataset/synthetic_82_breeds_v3/synthetic/cattle/cow_kankrej/SYNTH_COW_KANKREJ_0002.jpg,cow_kankrej,Kankrej,cattle,SYNTHETIC,train
SYNTH_COW_KANKREJ_0003,dataset/synthetic_82_breeds_v3/synthetic/cattle/cow_kankrej/SYNTH_COW_KANKREJ_0003.jpg,cow_kankrej,Kankrej,cattle,SYNTHETIC,train
SYNTH_COW_KANKREJ_0004,dataset/synthetic_82_breeds_v3/synthetic/cattle/cow_kankrej/SYNTH_COW_KANKREJ_0004.jpg,cow_kankrej,Kankrej,cattle,SYNTHETIC,train
SYNTH_COW_KANKREJ_0005,dataset/synthetic_82_breeds_v3/synthetic/cattle/cow_kankrej/SYNTH_COW_KANKREJ_0005.jpg,cow_kankrej,Kankrej,cattle,SYNTHETIC,train
SYNTH_COW_KANKREJ_0006,dataset/synthetic_82_breeds_v3/synthetic/cattle/cow_kankrej/SYNTH_COW_KANKREJ_0006.jpg,cow_kankrej,Kankrej,cattle,SYNTHETIC,train
SYNTH_COW_KANKREJ_0007,dataset/synthetic_82_breeds_v3/synthetic/cattle/cow_kankrej/SYNTH_COW_KANKREJ_0007.jpg,cow_kankrej,Kankrej,cattle,SYNTHETIC,train
SYNTH_COW_KANKREJ_0008,dataset/synthetic_82_breeds_v3/synthetic/cattle/cow_kankrej/SYNTH_COW_KANKREJ_0008.jpg,cow_kankrej,Kankrej,cattle,SYNTHETIC,train
SYNTH_COW_KANKREJ_0009,dataset/synthetic_82_breeds_v3/synthetic/cattle/cow_kankrej/SYNTH_COW_KANKREJ_0009.jpg,cow_kankrej,Kankrej,cattle,SYNTHETIC,train
SYNTH_COW_KANKREJ_0010,dataset/synthetic_82_breeds_v3/synthetic/cattle/cow_kankrej/SYNTH_COW_KANKREJ_0010.jpg,cow_kankrej,Kankrej,cattle,SYNTHETIC,train
SYNTH_COW_NIMARI_0015,dataset/synthetic_82_breeds_v3/synthetic/cattle/cow_nimari/SYNTH_COW_NIMARI_0015.jpg,cow_nimari,Nimari,cattle,SYNTHETIC,train
SYNTH_COW_NIMARI_0022,dataset/synthetic_82_breeds_v3/synthetic/cattle/cow_nimari/SYNTH_COW_NIMARI_0022.jpg,cow_nimari,Nimari,cattle,SYNTHETIC,train
SYNTH_COW_NIMARI_0021,dataset/synthetic_82_breeds_v3/synthetic/cattle/cow_nimari/SYNTH_COW_NIMARI_0021.jpg,cow_nimari,Nimari,cattle,SYNTHETIC,train
SYNTH_COW_NIMARI_0019,dataset/synthetic_82_breeds_v3/synthetic/cattle/cow_nimari/SYNTH_COW_NIMARI_0019.jpg,cow_nimari,Nimari,cattle,SYNTHETIC,train
SYNTH_COW_NIMARI_0020,dataset/synthetic_82_breeds_v3/synthetic/cattle/cow_nimari/SYNTH_COW_NIMARI_0020.jpg,cow_nimari,Nimari,cattle,SYNTHETIC,train
SYNTH_COW_NIMARI_0017,dataset/synthetic_82_breeds_v3/synthetic/cattle/cow_nimari/SYNTH_COW_NIMARI_0017.jpg,cow_nimari,Nimari,cattle,SYNTHETIC,train
SYNTH_COW_KANKREJ_0013,dataset/synthetic_82_breeds_v3/synthetic/cattle/cow_kankrej/SYNTH_COW_KANKREJ_0013.jpg,cow_kankrej,Kankrej,cattle,SYNTHETIC,train
SYNTH_COW_KANKREJ_0015,dataset/synthetic_82_breeds_v3/synthetic/cattle/cow_kankrej/SYNTH_COW_KANKREJ_0015.jpg,cow_kankrej,Kankrej,cattle,SYNTHETIC,train
SYNTH_COW_KANKREJ_0019,dataset/synthetic_82_breeds_v3/synthetic/cattle/cow_kankrej/SYNTH_COW_KANKREJ_0019.jpg,cow_kankrej,Kankrej,cattle,SYNTHETIC,train
SYNTH_COW_PUNGANUR_0001,dataset/synthetic_82_breeds_v3/synthetic/cattle/cow_punganur/SYNTH_COW_PUNGANUR_0001.jpg,cow_punganur,Punganur,cattle,SYNTHETIC,train
SYNTH_COW_PUNGANUR_0002,dataset/synthetic_82_breeds_v3/synthetic/cattle/cow_punganur/SYNTH_COW_PUNGANUR_0002.jpg,cow_punganur,Punganur,cattle,SYNTHETIC,train
SYNTH_COW_PUNGANUR_0003,dataset/synthetic_82_breeds_v3/synthetic/cattle/cow_punganur/SYNTH_COW_PUNGANUR_0003.jpg,cow_punganur,Punganur,cattle,SYNTHETIC,train
SYNTH_COW_PUNGANUR_0004,dataset/synthetic_82_breeds_v3/synthetic/cattle/cow_punganur/SYNTH_COW_PUNGANUR_0004.jpg,cow_punganur,Punganur,cattle,SYNTHETIC,train
SYNTH_COW_PUNGANUR_0005,dataset/synthetic_82_breeds_v3/synthetic/cattle/cow_punganur/SYNTH_COW_PUNGANUR_0005.jpg,cow_punganur,Punganur,cattle,SYNTHETIC,train
SYNTH_COW_PUNGANUR_0006,dataset/synthetic_82_breeds_v3/synthetic/cattle/cow_punganur/SYNTH_COW_PUNGANUR_0006.jpg,cow_punganur,Punganur,cattle,SYNTHETIC,train
SYNTH_COW_PUNGANUR_0007,dataset/synthetic_82_breeds_v3/synthetic/cattle/cow_punganur/SYNTH_COW_PUNGANUR_0007.jpg,cow_punganur,Punganur,cattle,SYNTHETIC,train
SYNTH_COW_PUNGANUR_0008,dataset/synthetic_82_breeds_v3/synthetic/cattle/cow_punganur/SYNTH_COW_PUNGANUR_0008.jpg,cow_punganur,Punganur,cattle,SYNTHETIC,train
SYNTH_COW_KANKREJ_0016,dataset/synthetic_82_breeds_v3/synthetic/cattle/cow_kankrej/SYNTH_COW_KANKREJ_0016.jpg,cow_kankrej,Kankrej,cattle,SYNTHETIC,train
SYNTH_COW_PUNGANUR_0010,dataset/synthetic_82_breeds_v3/synthetic/cattle/cow_punganur/SYNTH_COW_PUNGANUR_0010.jpg,cow_punganur,Punganur,cattle,SYNTHETIC,train
SYNTH_COW_NIMARI_0018,dataset/synthetic_82_breeds_v3/synthetic/cattle/cow_nimari/SYNTH_COW_NIMARI_0018.jpg,cow_nimari,Nimari,cattle,SYNTHETIC,train
SYNTH_COW_KANKREJ_0014,dataset/synthetic_82_breeds_v3/synthetic/cattle/cow_kankrej/SYNTH_COW_KANKREJ_0014.jpg,cow_kankrej,Kankrej,cattle,SYNTHETIC,train
SYNTH_COW_KANKREJ_0018,dataset/synthetic_82_breeds_v3/synthetic/cattle/cow_kankrej/SYNTH_COW_KANKREJ_0018.jpg,cow_kankrej,Kankrej,cattle,SYNTHETIC,train
SYNTH_COW_KANKREJ_0017,dataset/synthetic_82_breeds_v3/synthetic/cattle/cow_kankrej/SYNTH_COW_KANKREJ_0017.jpg,cow_kankrej,Kankrej,cattle,SYNTHETIC,train
SYNTH_COW_KANKREJ_0011,dataset/synthetic_82_breeds_v3/synthetic/cattle/cow_kankrej/SYNTH_COW_KANKREJ_0011.jpg,cow_kankrej,Kankrej,cattle,SYNTHETIC,train
SYNTH_COW_PUNGANUR_0013,dataset/synthetic_82_breeds_v3/synthetic/cattle/cow_punganur/SYNTH_COW_PUNGANUR_0013.jpg,cow_punganur,Punganur,cattle,SYNTHETIC,train
SYNTH_COW_PUNGANUR_0014,dataset/synthetic_82_breeds_v3/synthetic/cattle/cow_punganur/SYNTH_COW_PUNGANUR_0014.jpg,cow_punganur,Punganur,cattle,SYNTHETIC,train
SYNTH_COW_PUNGANUR_0016,dataset/synthetic_82_breeds_v3/synthetic/cattle/cow_punganur/SYNTH_COW_PUNGANUR_0016.jpg,cow_punganur,Punganur,cattle,SYNTHETIC,train
SYNTH_COW_BADRI_0001,dataset/synthetic_82_breeds_v3/synthetic/cattle/cow_badri/SYNTH_COW_BADRI_0001.jpg,cow_badri,Badri,cattle,SYNTHETIC,train
SYNTH_COW_BADRI_0002,dataset/synthetic_82_breeds_v3/synthetic/cattle/cow_badri/SYNTH_COW_BADRI_0002.jpg,cow_badri,Badri,cattle,SYNTHETIC,train
SYNTH_COW_BADRI_0003,dataset/synthetic_82_breeds_v3/synthetic/cattle/cow_badri/SYNTH_COW_BADRI_0003.jpg,cow_badri,Badri,cattle,SYNTHETIC,train
SYNTH_COW_BADRI_0004,dataset/synthetic_82_breeds_v3/synthetic/cattle/cow_badri/SYNTH_COW_BADRI_0004.jpg,cow_badri,Badri,cattle,SYNTHETIC,train
SYNTH_COW_BADRI_0005,dataset/synthetic_82_breeds_v3/synthetic/cattle/cow_badri/SYNTH_COW_BADRI_0005.jpg,cow_badri,Badri,cattle,SYNTHETIC,train
SYNTH_COW_BADRI_0006,dataset/synthetic_82_breeds_v3/synthetic/cattle/cow_badri/SYNTH_COW_BADRI_0006.jpg,cow_badri,Badri,cattle,SYNTHETIC,train
SYNTH_COW_BADRI_0007,dataset/synthetic_82_breeds_v3/synthetic/cattle/cow_badri/SYNTH_COW_BADRI_0007.jpg,cow_badri,Badri,cattle,SYNTHETIC,train
SYNTH_COW_BADRI_0008,dataset/synthetic_82_breeds_v3/synthetic/cattle/cow_badri/SYNTH_COW_BADRI_0008.jpg,cow_badri,Badri,cattle,SYNTHETIC,train
SYNTH_COW_BADRI_0009,dataset/synthetic_82_breeds_v3/synthetic/cattle/cow_badri/SYNTH_COW_BADRI_0009.jpg,cow_badri,Badri,cattle,SYNTHETIC,train
SYNTH_COW_PUNGANUR_0018,dataset/synthetic_82_breeds_v3/synthetic/cattle/cow_punganur/SYNTH_COW_PUNGANUR_0018.jpg,cow_punganur,Punganur,cattle,SYNTHETIC,train
SYNTH_COW_BADRI_0010,dataset/synthetic_82_breeds_v3/synthetic/cattle/cow_badri/SYNTH_COW_BADRI_0010.jpg,cow_badri,Badri,cattle,SYNTHETIC,train
SYNTH_COW_KANKREJ_0012,dataset/synthetic_82_breeds_v3/synthetic/cattle/cow_kankrej/SYNTH_COW_KANKREJ_0012.jpg,cow_kankrej,Kankrej,cattle,SYNTHETIC,train
SYNTH_COW_BADRI_0013,dataset/synthetic_82_breeds_v3/synthetic/cattle/cow_badri/SYNTH_COW_BADRI_0013.jpg,cow_badri,Badri,cattle,SYNTHETIC,train
SYNTH_COW_BADRI_0011,dataset/synthetic_82_breeds_v3/synthetic/cattle/cow_badri/SYNTH_COW_BADRI_0011.jpg,cow_badri,Badri,cattle,SYNTHETIC,train
SYNTH_COW_BADRI_0012,dataset/synthetic_82_breeds_v3/synthetic/cattle/cow_badri/SYNTH_COW_BADRI_0012.jpg,cow_badri,Badri,cattle,SYNTHETIC,train
SYNTH_COW_BADRI_0014,dataset/synthetic_82_breeds_v3/synthetic/cattle/cow_badri/SYNTH_COW_BADRI_0014.jpg,cow_badri,Badri,cattle,SYNTHETIC,train
SYNTH_COW_BADRI_0016,dataset/synthetic_82_breeds_v3/synthetic/cattle/cow_badri/SYNTH_COW_BADRI_0016.jpg,cow_badri,Badri,cattle,SYNTHETIC,train
SYNTH_COW_PUNGANUR_0011,dataset/synthetic_82_breeds_v3/synthetic/cattle/cow_punganur/SYNTH_COW_PUNGANUR_0011.jpg,cow_punganur,Punganur,cattle,SYNTHETIC,train
SYNTH_COW_PUNGANUR_0009,dataset/synthetic_82_breeds_v3/synthetic/cattle/cow_punganur/SYNTH_COW_PUNGANUR_0009.jpg,cow_punganur,Punganur,cattle,SYNTHETIC,train
SYNTH_COW_KANGAYAM_0001,dataset/synthetic_82_breeds_v3/synthetic/cattle/cow_kangayam/SYNTH_COW_KANGAYAM_0001.jpg,cow_kangayam,Kangayam,cattle,SYNTHETIC,train
SYNTH_COW_KANGAYAM_0002,dataset/synthetic_82_breeds_v3/synthetic/cattle/cow_kangayam/SYNTH_COW_KANGAYAM_0002.jpg,cow_kangayam,Kangayam,cattle,SYNTHETIC,train
SYNTH_COW_KANGAYAM_0003,dataset/synthetic_82_breeds_v3/synthetic/cattle/cow_kangayam/SYNTH_COW_KANGAYAM_0003.jpg,cow_kangayam,Kangayam,cattle,SYNTHETIC,train
SYNTH_COW_KANGAYAM_0004,dataset/synthetic_82_breeds_v3/synthetic/cattle/cow_kangayam/SYNTH_COW_KANGAYAM_0004.jpg,cow_kangayam,Kangayam,cattle,SYNTHETIC,train
SYNTH_COW_BADRI_0015,dataset/synthetic_82_breeds_v3/synthetic/cattle/cow_badri/SYNTH_COW_BADRI_0015.jpg,cow_badri,Badri,cattle,SYNTHETIC,train
SYNTH_COW_KANGAYAM_0006,dataset/synthetic_82_breeds_v3/synthetic/cattle/cow_kangayam/SYNTH_COW_KANGAYAM_0006.jpg,cow_kangayam,Kangayam,cattle,SYNTHETIC,train
SYNTH_COW_KANGAYAM_0005,dataset/synthetic_82_breeds_v3/synthetic/cattle/cow_kangayam/SYNTH_COW_KANGAYAM_0005.jpg,cow_kangayam,Kangayam,cattle,SYNTHETIC,train
SYNTH_COW_KANGAYAM_0007,dataset/synthetic_82_breeds_v3/synthetic/cattle/cow_kangayam/SYNTH_COW_KANGAYAM_0007.jpg,cow_kangayam,Kangayam,cattle,SYNTHETIC,train
SYNTH_COW_KANGAYAM_0008,dataset/synthetic_82_breeds_v3/synthetic/cattle/cow_kangayam/SYNTH_COW_KANGAYAM_0008.jpg,cow_kangayam,Kangayam,cattle,SYNTHETIC,train
SYNTH_COW_KANGAYAM_0009,dataset/synthetic_82_breeds_v3/synthetic/cattle/cow_kangayam/SYNTH_COW_KANGAYAM_0009.jpg,cow_kangayam,Kangayam,cattle,SYNTHETIC,train
SYNTH_COW_BADRI_0018,dataset/synthetic_82_breeds_v3/synthetic/cattle/cow_badri/SYNTH_COW_BADRI_0018.jpg,cow_badri,Badri,cattle,SYNTHETIC,train
SYNTH_COW_BADRI_0017,dataset/synthetic_82_breeds_v3/synthetic/cattle/cow_badri/SYNTH_COW_BADRI_0017.jpg,cow_badri,Badri,cattle,SYNTHETIC,train
SYNTH_COW_KANGAYAM_0010,dataset/synthetic_82_breeds_v3/synthetic/cattle/cow_kangayam/SYNTH_COW_KANGAYAM_0010.jpg,cow_kangayam,Kangayam,cattle,SYNTHETIC,train
SYNTH_COW_KANGAYAM_0012,dataset/synthetic_82_breeds_v3/synthetic/cattle/cow_kangayam/SYNTH_COW_KANGAYAM_0012.jpg,cow_kangayam,Kangayam,cattle,SYNTHETIC,train
SYNTH_COW_PUNGANUR_0017,dataset/synthetic_82_breeds_v3/synthetic/cattle/cow_punganur/SYNTH_COW_PUNGANUR_0017.jpg,cow_punganur,Punganur,cattle,SYNTHETIC,train
SYNTH_COW_BADRI_0019,dataset/synthetic_82_breeds_v3/synthetic/cattle/cow_badri/SYNTH_COW_BADRI_0019.jpg,cow_badri,Badri,cattle,SYNTHETIC,train
SYNTH_COW_KANGAYAM_0013,dataset/synthetic_82_breeds_v3/synthetic/cattle/cow_kangayam/SYNTH_COW_KANGAYAM_0013.jpg,cow_kangayam,Kangayam,cattle,SYNTHETIC,train
SYNTH_COW_PUNGANUR_0015,dataset/synthetic_82_breeds_v3/synthetic/cattle/cow_punganur/SYNTH_COW_PUNGANUR_0015.jpg,cow_punganur,Punganur,cattle,SYNTHETIC,train
SYNTH_COW_PUNGANUR_0012,dataset/synthetic_82_breeds_v3/synthetic/cattle/cow_punganur/SYNTH_COW_PUNGANUR_0012.jpg,cow_punganur,Punganur,cattle,SYNTHETIC,train
SYNTH_COW_NAGORI_0001,dataset/synthetic_82_breeds_v3/synthetic/cattle/cow_nagori/SYNTH_COW_NAGORI_0001.jpg,cow_nagori,Nagori,cattle,SYNTHETIC,train
SYNTH_COW_NAGORI_0002,dataset/synthetic_82_breeds_v3/synthetic/cattle/cow_nagori/SYNTH_COW_NAGORI_0002.jpg,cow_nagori,Nagori,cattle,SYNTHETIC,train
SYNTH_COW_NAGORI_0003,dataset/synthetic_82_breeds_v3/synthetic/cattle/cow_nagori/SYNTH_COW_NAGORI_0003.jpg,cow_nagori,Nagori,cattle,SYNTHETIC,train
SYNTH_COW_NAGORI_0004,dataset/synthetic_82_breeds_v3/synthetic/cattle/cow_nagori/SYNTH_COW_NAGORI_0004.jpg,cow_nagori,Nagori,cattle,SYNTHETIC,train
SYNTH_COW_NAGORI_0005,dataset/synthetic_82_breeds_v3/synthetic/cattle/cow_nagori/SYNTH_COW_NAGORI_0005.jpg,cow_nagori,Nagori,cattle,SYNTHETIC,train
SYNTH_COW_NAGORI_0006,dataset/synthetic_82_breeds_v3/synthetic/cattle/cow_nagori/SYNTH_COW_NAGORI_0006.jpg,cow_nagori,Nagori,cattle,SYNTHETIC,train
SYNTH_COW_NAGORI_0007,dataset/synthetic_82_breeds_v3/synthetic/cattle/cow_nagori/SYNTH_COW_NAGORI_0007.jpg,cow_nagori,Nagori,cattle,SYNTHETIC,train
SYNTH_COW_NAGORI_0008,dataset/synthetic_82_breeds_v3/synthetic/cattle/cow_nagori/SYNTH_COW_NAGORI_0008.jpg,cow_nagori,Nagori,cattle,SYNTHETIC,train
SYNTH_COW_NAGORI_0009,dataset/synthetic_82_breeds_v3/synthetic/cattle/cow_nagori/SYNTH_COW_NAGORI_0009.jpg,cow_nagori,Nagori,cattle,SYNTHETIC,train
SYNTH_COW_KANGAYAM_0018,dataset/synthetic_82_breeds_v3/synthetic/cattle/cow_kangayam/SYNTH_COW_KANGAYAM_0018.jpg,cow_kangayam,Kangayam,cattle,SYNTHETIC,train
SYNTH_COW_NAGORI_0011,dataset/synthetic_82_breeds_v3/synthetic/cattle/cow_nagori/SYNTH_COW_NAGORI_0011.jpg,cow_nagori,Nagori,cattle,SYNTHETIC,train
SYNTH_COW_KANGAYAM_0019,dataset/synthetic_82_breeds_v3/synthetic/cattle/cow_kangayam/SYNTH_COW_KANGAYAM_0019.jpg,cow_kangayam,Kangayam,cattle,SYNTHETIC,train
SYNTH_COW_KANGAYAM_0017,dataset/synthetic_82_breeds_v3/synthetic/cattle/cow_kangayam/SYNTH_COW_KANGAYAM_0017.jpg,cow_kangayam,Kangayam,cattle,SYNTHETIC,train
SYNTH_COW_KANGAYAM_0014,dataset/synthetic_82_breeds_v3/synthetic/cattle/cow_kangayam/SYNTH_COW_KANGAYAM_0014.jpg,cow_kangayam,Kangayam,cattle,SYNTHETIC,train
SYNTH_COW_NAGORI_0012,dataset/synthetic_82_breeds_v3/synthetic/cattle/cow_nagori/SYNTH_COW_NAGORI_0012.jpg,cow_nagori,Nagori,cattle,SYNTHETIC,train
SYNTH_COW_KANGAYAM_0011,dataset/synthetic_82_breeds_v3/synthetic/cattle/cow_kangayam/SYNTH_COW_KANGAYAM_0011.jpg,cow_kangayam,Kangayam,cattle,SYNTHETIC,train
SYNTH_COW_KANGAYAM_0015,dataset/synthetic_82_breeds_v3/synthetic/cattle/cow_kangayam/SYNTH_COW_KANGAYAM_0015.jpg,cow_kangayam,Kangayam,cattle,SYNTHETIC,train
SYNTH_COW_NAGORI_0018,dataset/synthetic_82_breeds_v3/synthetic/cattle/cow_nagori/SYNTH_COW_NAGORI_0018.jpg,cow_nagori,Nagori,cattle,SYNTHETIC,train
SYNTH_COW_NAGORI_0013,dataset/synthetic_82_breeds_v3/synthetic/cattle/cow_nagori/SYNTH_COW_NAGORI_0013.jpg,cow_nagori,Nagori,cattle,SYNTHETIC,train
SYNTH_BUFFALO_TODA_0001,dataset/synthetic_82_breeds_v3/synthetic/buffalo/buffalo_toda/SYNTH_BUFFALO_TODA_0001.jpg,buffalo_toda,Toda,buffalo,SYNTHETIC,train
SYNTH_BUFFALO_TODA_0002,dataset/synthetic_82_breeds_v3/synthetic/buffalo/buffalo_toda/SYNTH_BUFFALO_TODA_0002.jpg,buffalo_toda,Toda,buffalo,SYNTHETIC,train
SYNTH_BUFFALO_TODA_0003,dataset/synthetic_82_breeds_v3/synthetic/buffalo/buffalo_toda/SYNTH_BUFFALO_TODA_0003.jpg,buffalo_toda,Toda,buffalo,SYNTHETIC,train
SYNTH_BUFFALO_TODA_0004,dataset/synthetic_82_breeds_v3/synthetic/buffalo/buffalo_toda/SYNTH_BUFFALO_TODA_0004.jpg,buffalo_toda,Toda,buffalo,SYNTHETIC,train
SYNTH_BUFFALO_TODA_0005,dataset/synthetic_82_breeds_v3/synthetic/buffalo/buffalo_toda/SYNTH_BUFFALO_TODA_0005.jpg,buffalo_toda,Toda,buffalo,SYNTHETIC,train
SYNTH_BUFFALO_TODA_0006,dataset/synthetic_82_breeds_v3/synthetic/buffalo/buffalo_toda/SYNTH_BUFFALO_TODA_0006.jpg,buffalo_toda,Toda,buffalo,SYNTHETIC,train
SYNTH_BUFFALO_TODA_0007,dataset/synthetic_82_breeds_v3/synthetic/buffalo/buffalo_toda/SYNTH_BUFFALO_TODA_0007.jpg,buffalo_toda,Toda,buffalo,SYNTHETIC,train
SYNTH_BUFFALO_TODA_0008,dataset/synthetic_82_breeds_v3/synthetic/buffalo/buffalo_toda/SYNTH_BUFFALO_TODA_0008.jpg,buffalo_toda,Toda,buffalo,SYNTHETIC,train
SYNTH_BUFFALO_TODA_0009,dataset/synthetic_82_breeds_v3/synthetic/buffalo/buffalo_toda/SYNTH_BUFFALO_TODA_0009.jpg,buffalo_toda,Toda,buffalo,SYNTHETIC,train
SYNTH_COW_NAGORI_0019,dataset/synthetic_82_breeds_v3/synthetic/cattle/cow_nagori/SYNTH_COW_NAGORI_0019.jpg,cow_nagori,Nagori,cattle,SYNTHETIC,train
SYNTH_COW_KANGAYAM_0016,dataset/synthetic_82_breeds_v3/synthetic/cattle/cow_kangayam/SYNTH_COW_KANGAYAM_0016.jpg,cow_kangayam,Kangayam,cattle,SYNTHETIC,train
SYNTH_COW_NAGORI_0016,dataset/synthetic_82_breeds_v3/synthetic/cattle/cow_nagori/SYNTH_COW_NAGORI_0016.jpg,cow_nagori,Nagori,cattle,SYNTHETIC,train
SYNTH_COW_NAGORI_0017,dataset/synthetic_82_breeds_v3/synthetic/cattle/cow_nagori/SYNTH_COW_NAGORI_0017.jpg,cow_nagori,Nagori,cattle,SYNTHETIC,train
SYNTH_BUFFALO_TODA_0011,dataset/synthetic_82_breeds_v3/synthetic/buffalo/buffalo_toda/SYNTH_BUFFALO_TODA_0011.jpg,buffalo_toda,Toda,buffalo,SYNTHETIC,train
SYNTH_COW_NAGORI_0010,dataset/synthetic_82_breeds_v3/synthetic/cattle/cow_nagori/SYNTH_COW_NAGORI_0010.jpg,cow_nagori,Nagori,cattle,SYNTHETIC,train
SYNTH_BUFFALO_TODA_0012,dataset/synthetic_82_breeds_v3/synthetic/buffalo/buffalo_toda/SYNTH_BUFFALO_TODA_0012.jpg,buffalo_toda,Toda,buffalo,SYNTHETIC,train
SYNTH_BUFFALO_TODA_0013,dataset/synthetic_82_breeds_v3/synthetic/buffalo/buffalo_toda/SYNTH_BUFFALO_TODA_0013.jpg,buffalo_toda,Toda,buffalo,SYNTHETIC,train
SYNTH_BUFFALO_TODA_0016,dataset/synthetic_82_breeds_v3/synthetic/buffalo/buffalo_toda/SYNTH_BUFFALO_TODA_0016.jpg,buffalo_toda,Toda,buffalo,SYNTHETIC,train
SYNTH_BUFFALO_TODA_0014,dataset/synthetic_82_breeds_v3/synthetic/buffalo/buffalo_toda/SYNTH_BUFFALO_TODA_0014.jpg,buffalo_toda,Toda,buffalo,SYNTHETIC,train
SYNTH_COW_VECHUR_0001,dataset/synthetic_82_breeds_v3/synthetic/cattle/cow_vechur/SYNTH_COW_VECHUR_0001.jpg,cow_vechur,Vechur,cattle,SYNTHETIC,train
SYNTH_BUFFALO_TODA_0015,dataset/synthetic_82_breeds_v3/synthetic/buffalo/buffalo_toda/SYNTH_BUFFALO_TODA_0015.jpg,buffalo_toda,Toda,buffalo,SYNTHETIC,train
SYNTH_COW_VECHUR_0002,dataset/synthetic_82_breeds_v3/synthetic/cattle/cow_vechur/SYNTH_COW_VECHUR_0002.jpg,cow_vechur,Vechur,cattle,SYNTHETIC,train
SYNTH_COW_VECHUR_0003,dataset/synthetic_82_breeds_v3/synthetic/cattle/cow_vechur/SYNTH_COW_VECHUR_0003.jpg,cow_vechur,Vechur,cattle,SYNTHETIC,train
SYNTH_COW_VECHUR_0004,dataset/synthetic_82_breeds_v3/synthetic/cattle/cow_vechur/SYNTH_COW_VECHUR_0004.jpg,cow_vechur,Vechur,cattle,SYNTHETIC,train
SYNTH_COW_VECHUR_0005,dataset/synthetic_82_breeds_v3/synthetic/cattle/cow_vechur/SYNTH_COW_VECHUR_0005.jpg,cow_vechur,Vechur,cattle,SYNTHETIC,train
SYNTH_COW_VECHUR_0006,dataset/synthetic_82_breeds_v3/synthetic/cattle/cow_vechur/SYNTH_COW_VECHUR_0006.jpg,cow_vechur,Vechur,cattle,SYNTHETIC,train
SYNTH_COW_VECHUR_0007,dataset/synthetic_82_breeds_v3/synthetic/cattle/cow_vechur/SYNTH_COW_VECHUR_0007.jpg,cow_vechur,Vechur,cattle,SYNTHETIC,train
SYNTH_COW_NAGORI_0014,dataset/synthetic_82_breeds_v3/synthetic/cattle/cow_nagori/SYNTH_COW_NAGORI_0014.jpg,cow_nagori,Nagori,cattle,SYNTHETIC,train
SYNTH_BUFFALO_TODA_0017,dataset/synthetic_82_breeds_v3/synthetic/buffalo/buffalo_toda/SYNTH_BUFFALO_TODA_0017.jpg,buffalo_toda,Toda,buffalo,SYNTHETIC,train
SYNTH_BUFFALO_TODA_0019,dataset/synthetic_82_breeds_v3/synthetic/buffalo/buffalo_toda/SYNTH_BUFFALO_TODA_0019.jpg,buffalo_toda,Toda,buffalo,SYNTHETIC,train
SYNTH_COW_NAGORI_0015,dataset/synthetic_82_breeds_v3/synthetic/cattle/cow_nagori/SYNTH_COW_NAGORI_0015.jpg,cow_nagori,Nagori,cattle,SYNTHETIC,train
SYNTH_COW_VECHUR_0013,dataset/synthetic_82_breeds_v3/synthetic/cattle/cow_vechur/SYNTH_COW_VECHUR_0013.jpg,cow_vechur,Vechur,cattle,SYNTHETIC,train
SYNTH_COW_VECHUR_0011,dataset/synthetic_82_breeds_v3/synthetic/cattle/cow_vechur/SYNTH_COW_VECHUR_0011.jpg,cow_vechur,Vechur,cattle,SYNTHETIC,train
SYNTH_BUFFALO_TODA_0018,dataset/synthetic_82_breeds_v3/synthetic/buffalo/buffalo_toda/SYNTH_BUFFALO_TODA_0018.jpg,buffalo_toda,Toda,buffalo,SYNTHETIC,train
SYNTH_COW_VECHUR_0010,dataset/synthetic_82_breeds_v3/synthetic/cattle/cow_vechur/SYNTH_COW_VECHUR_0010.jpg,cow_vechur,Vechur,cattle,SYNTHETIC,train
SYNTH_COW_VECHUR_0008,dataset/synthetic_82_breeds_v3/synthetic/cattle/cow_vechur/SYNTH_COW_VECHUR_0008.jpg,cow_vechur,Vechur,cattle,SYNTHETIC,train
SYNTH_COW_VECHUR_0014,dataset/synthetic_82_breeds_v3/synthetic/cattle/cow_vechur/SYNTH_COW_VECHUR_0014.jpg,cow_vechur,Vechur,cattle,SYNTHETIC,train
SYNTH_COW_SIRI_0001,dataset/synthetic_82_breeds_v3/synthetic/cattle/cow_siri/SYNTH_COW_SIRI_0001.jpg,cow_siri,Siri,cattle,SYNTHETIC,train
SYNTH_BUFFALO_TODA_0010,dataset/synthetic_82_breeds_v3/synthetic/buffalo/buffalo_toda/SYNTH_BUFFALO_TODA_0010.jpg,buffalo_toda,Toda,buffalo,SYNTHETIC,train
SYNTH_COW_SIRI_0002,dataset/synthetic_82_breeds_v3/synthetic/cattle/cow_siri/SYNTH_COW_SIRI_0002.jpg,cow_siri,Siri,cattle,SYNTHETIC,train
SYNTH_COW_SIRI_0003,dataset/synthetic_82_breeds_v3/synthetic/cattle/cow_siri/SYNTH_COW_SIRI_0003.jpg,cow_siri,Siri,cattle,SYNTHETIC,train
SYNTH_COW_SIRI_0004,dataset/synthetic_82_breeds_v3/synthetic/cattle/cow_siri/SYNTH_COW_SIRI_0004.jpg,cow_siri,Siri,cattle,SYNTHETIC,train
SYNTH_COW_SIRI_0005,dataset/synthetic_82_breeds_v3/synthetic/cattle/cow_siri/SYNTH_COW_SIRI_0005.jpg,cow_siri,Siri,cattle,SYNTHETIC,train
SYNTH_COW_SIRI_0008,dataset/synthetic_82_breeds_v3/synthetic/cattle/cow_siri/SYNTH_COW_SIRI_0008.jpg,cow_siri,Siri,cattle,SYNTHETIC,train
SYNTH_COW_SIRI_0007,dataset/synthetic_82_breeds_v3/synthetic/cattle/cow_siri/SYNTH_COW_SIRI_0007.jpg,cow_siri,Siri,cattle,SYNTHETIC,train
SYNTH_COW_SIRI_0009,dataset/synthetic_82_breeds_v3/synthetic/cattle/cow_siri/SYNTH_COW_SIRI_0009.jpg,cow_siri,Siri,cattle,SYNTHETIC,train
SYNTH_COW_VECHUR_0012,dataset/synthetic_82_breeds_v3/synthetic/cattle/cow_vechur/SYNTH_COW_VECHUR_0012.jpg,cow_vechur,Vechur,cattle,SYNTHETIC,train
SYNTH_COW_VECHUR_0009,dataset/synthetic_82_breeds_v3/synthetic/cattle/cow_vechur/SYNTH_COW_VECHUR_0009.jpg,cow_vechur,Vechur,cattle,SYNTHETIC,train
SYNTH_COW_SIRI_0010,dataset/synthetic_82_breeds_v3/synthetic/cattle/cow_siri/SYNTH_COW_SIRI_0010.jpg,cow_siri,Siri,cattle,SYNTHETIC,train
SYNTH_COW_SIRI_0014,dataset/synthetic_82_breeds_v3/synthetic/cattle/cow_siri/SYNTH_COW_SIRI_0014.jpg,cow_siri,Siri,cattle,SYNTHETIC,train
SYNTH_COW_VECHUR_0017,dataset/synthetic_82_breeds_v3/synthetic/cattle/cow_vechur/SYNTH_COW_VECHUR_0017.jpg,cow_vechur,Vechur,cattle,SYNTHETIC,train
SYNTH_COW_SIRI_0006,dataset/synthetic_82_breeds_v3/synthetic/cattle/cow_siri/SYNTH_COW_SIRI_0006.jpg,cow_siri,Siri,cattle,SYNTHETIC,train
SYNTH_BUFFALO_SURTI_0001,dataset/synthetic_82_breeds_v3/synthetic/buffalo/buffalo_surti/SYNTH_BUFFALO_SURTI_0001.jpg,buffalo_surti,Surti,buffalo,SYNTHETIC,train
SYNTH_BUFFALO_SURTI_0002,dataset/synthetic_82_breeds_v3/synthetic/buffalo/buffalo_surti/SYNTH_BUFFALO_SURTI_0002.jpg,buffalo_surti,Surti,buffalo,SYNTHETIC,train
SYNTH_BUFFALO_SURTI_0003,dataset/synthetic_82_breeds_v3/synthetic/buffalo/buffalo_surti/SYNTH_BUFFALO_SURTI_0003.jpg,buffalo_surti,Surti,buffalo,SYNTHETIC,train
SYNTH_BUFFALO_SURTI_0004,dataset/synthetic_82_breeds_v3/synthetic/buffalo/buffalo_surti/SYNTH_BUFFALO_SURTI_0004.jpg,buffalo_surti,Surti,buffalo,SYNTHETIC,train
SYNTH_BUFFALO_SURTI_0005,dataset/synthetic_82_breeds_v3/synthetic/buffalo/buffalo_surti/SYNTH_BUFFALO_SURTI_0005.jpg,buffalo_surti,Surti,buffalo,SYNTHETIC,train
SYNTH_BUFFALO_SURTI_0007,dataset/synthetic_82_breeds_v3/synthetic/buffalo/buffalo_surti/SYNTH_BUFFALO_SURTI_0007.jpg,buffalo_surti,Surti,buffalo,SYNTHETIC,train
SYNTH_COW_SIRI_0013,dataset/synthetic_82_breeds_v3/synthetic/cattle/cow_siri/SYNTH_COW_SIRI_0013.jpg,cow_siri,Siri,cattle,SYNTHETIC,train
SYNTH_COW_VECHUR_0015,dataset/synthetic_82_breeds_v3/synthetic/cattle/cow_vechur/SYNTH_COW_VECHUR_0015.jpg,cow_vechur,Vechur,cattle,SYNTHETIC,train
SYNTH_COW_VECHUR_0016,dataset/synthetic_82_breeds_v3/synthetic/cattle/cow_vechur/SYNTH_COW_VECHUR_0016.jpg,cow_vechur,Vechur,cattle,SYNTHETIC,train
SYNTH_COW_SIRI_0012,dataset/synthetic_82_breeds_v3/synthetic/cattle/cow_siri/SYNTH_COW_SIRI_0012.jpg,cow_siri,Siri,cattle,SYNTHETIC,train
SYNTH_BUFFALO_SURTI_0011,dataset/synthetic_82_breeds_v3/synthetic/buffalo/buffalo_surti/SYNTH_BUFFALO_SURTI_0011.jpg,buffalo_surti,Surti,buffalo,SYNTHETIC,train
SYNTH_BUFFALO_SURTI_0013,dataset/synthetic_82_breeds_v3/synthetic/buffalo/buffalo_surti/SYNTH_BUFFALO_SURTI_0013.jpg,buffalo_surti,Surti,buffalo,SYNTHETIC,train
SYNTH_BUFFALO_SURTI_0009,dataset/synthetic_82_breeds_v3/synthetic/buffalo/buffalo_surti/SYNTH_BUFFALO_SURTI_0009.jpg,buffalo_surti,Surti,buffalo,SYNTHETIC,train
SYNTH_BUFFALO_SURTI_0014,dataset/synthetic_82_breeds_v3/synthetic/buffalo/buffalo_surti/SYNTH_BUFFALO_SURTI_0014.jpg,buffalo_surti,Surti,buffalo,SYNTHETIC,train
SYNTH_COW_SAHIWAL_0001,dataset/synthetic_82_breeds_v3/synthetic/cattle/cow_sahiwal/SYNTH_COW_SAHIWAL_0001.jpg,cow_sahiwal,Sahiwal,cattle,SYNTHETIC,train
SYNTH_COW_SAHIWAL_0002,dataset/synthetic_82_breeds_v3/synthetic/cattle/cow_sahiwal/SYNTH_COW_SAHIWAL_0002.jpg,cow_sahiwal,Sahiwal,cattle,SYNTHETIC,train
SYNTH_COW_SAHIWAL_0003,dataset/synthetic_82_breeds_v3/synthetic/cattle/cow_sahiwal/SYNTH_COW_SAHIWAL_0003.jpg,cow_sahiwal,Sahiwal,cattle,SYNTHETIC,train
SYNTH_COW_SAHIWAL_0004,dataset/synthetic_82_breeds_v3/synthetic/cattle/cow_sahiwal/SYNTH_COW_SAHIWAL_0004.jpg,cow_sahiwal,Sahiwal,cattle,SYNTHETIC,train
SYNTH_BUFFALO_SURTI_0008,dataset/synthetic_82_breeds_v3/synthetic/buffalo/buffalo_surti/SYNTH_BUFFALO_SURTI_0008.jpg,buffalo_surti,Surti,buffalo,SYNTHETIC,train
SYNTH_COW_SIRI_0011,dataset/synthetic_82_breeds_v3/synthetic/cattle/cow_siri/SYNTH_COW_SIRI_0011.jpg,cow_siri,Siri,cattle,SYNTHETIC,train
SYNTH_COW_SAHIWAL_0007,dataset/synthetic_82_breeds_v3/synthetic/cattle/cow_sahiwal/SYNTH_COW_SAHIWAL_0007.jpg,cow_sahiwal,Sahiwal,cattle,SYNTHETIC,train
SYNTH_COW_SAHIWAL_0006,dataset/synthetic_82_breeds_v3/synthetic/cattle/cow_sahiwal/SYNTH_COW_SAHIWAL_0006.jpg,cow_sahiwal,Sahiwal,cattle,SYNTHETIC,train
SYNTH_BUFFALO_SURTI_0006,dataset/synthetic_82_breeds_v3/synthetic/buffalo/buffalo_surti/SYNTH_BUFFALO_SURTI_0006.jpg,buffalo_surti,Surti,buffalo,SYNTHETIC,train
SYNTH_BUFFALO_SURTI_0010,dataset/synthetic_82_breeds_v3/synthetic/buffalo/buffalo_surti/SYNTH_BUFFALO_SURTI_0010.jpg,buffalo_surti,Surti,buffalo,SYNTHETIC,train
SYNTH_COW_SAHIWAL_0009,dataset/synthetic_82_breeds_v3/synthetic/cattle/cow_sahiwal/SYNTH_COW_SAHIWAL_0009.jpg,cow_sahiwal,Sahiwal,cattle,SYNTHETIC,train
SYNTH_COW_SAHIWAL_0010,dataset/synthetic_82_breeds_v3/synthetic/cattle/cow_sahiwal/SYNTH_COW_SAHIWAL_0010.jpg,cow_sahiwal,Sahiwal,cattle,SYNTHETIC,train
SYNTH_BUFFALO_SURTI_0015,dataset/synthetic_82_breeds_v3/synthetic/buffalo/buffalo_surti/SYNTH_BUFFALO_SURTI_0015.jpg,buffalo_surti,Surti,buffalo,SYNTHETIC,train
SYNTH_COW_SIRI_0015,dataset/synthetic_82_breeds_v3/synthetic/cattle/cow_siri/SYNTH_COW_SIRI_0015.jpg,cow_siri,Siri,cattle,SYNTHETIC,train
SYNTH_BUFFALO_SURTI_0012,dataset/synthetic_82_breeds_v3/synthetic/buffalo/buffalo_surti/SYNTH_BUFFALO_SURTI_0012.jpg,buffalo_surti,Surti,buffalo,SYNTHETIC,train
SYNTH_COW_BACHAUR_0001,dataset/synthetic_82_breeds_v3/synthetic/cattle/cow_bachaur/SYNTH_COW_BACHAUR_0001.jpg,cow_bachaur,Bachaur,cattle,SYNTHETIC,train
SYNTH_COW_BACHAUR_0002,dataset/synthetic_82_breeds_v3/synthetic/cattle/cow_bachaur/SYNTH_COW_BACHAUR_0002.jpg,cow_bachaur,Bachaur,cattle,SYNTHETIC,train
SYNTH_COW_BACHAUR_0003,dataset/synthetic_82_breeds_v3/synthetic/cattle/cow_bachaur/SYNTH_COW_BACHAUR_0003.jpg,cow_bachaur,Bachaur,cattle,SYNTHETIC,train
SYNTH_COW_SAHIWAL_0013,dataset/synthetic_82_breeds_v3/synthetic/cattle/cow_sahiwal/SYNTH_COW_SAHIWAL_0013.jpg,cow_sahiwal,Sahiwal,cattle,SYNTHETIC,train
SYNTH_COW_BACHAUR_0004,dataset/synthetic_82_breeds_v3/synthetic/cattle/cow_bachaur/SYNTH_COW_BACHAUR_0004.jpg,cow_bachaur,Bachaur,cattle,SYNTHETIC,train
SYNTH_COW_BACHAUR_0007,dataset/synthetic_82_breeds_v3/synthetic/cattle/cow_bachaur/SYNTH_COW_BACHAUR_0007.jpg,cow_bachaur,Bachaur,cattle,SYNTHETIC,train
SYNTH_COW_BACHAUR_0006,dataset/synthetic_82_breeds_v3/synthetic/cattle/cow_bachaur/SYNTH_COW_BACHAUR_0006.jpg,cow_bachaur,Bachaur,cattle,SYNTHETIC,train
SYNTH_COW_BACHAUR_0008,dataset/synthetic_82_breeds_v3/synthetic/cattle/cow_bachaur/SYNTH_COW_BACHAUR_0008.jpg,cow_bachaur,Bachaur,cattle,SYNTHETIC,train
SYNTH_COW_SAHIWAL_0005,dataset/synthetic_82_breeds_v3/synthetic/cattle/cow_sahiwal/SYNTH_COW_SAHIWAL_0005.jpg,cow_sahiwal,Sahiwal,cattle,SYNTHETIC,train
SYNTH_COW_SAHIWAL_0012,dataset/synthetic_82_breeds_v3/synthetic/cattle/cow_sahiwal/SYNTH_COW_SAHIWAL_0012.jpg,cow_sahiwal,Sahiwal,cattle,SYNTHETIC,train
SYNTH_COW_BACHAUR_0010,dataset/synthetic_82_breeds_v3/synthetic/cattle/cow_bachaur/SYNTH_COW_BACHAUR_0010.jpg,cow_bachaur,Bachaur,cattle,SYNTHETIC,train
SYNTH_COW_BACHAUR_0013,dataset/synthetic_82_breeds_v3/synthetic/cattle/cow_bachaur/SYNTH_COW_BACHAUR_0013.jpg,cow_bachaur,Bachaur,cattle,SYNTHETIC,train
SYNTH_COW_BACHAUR_0011,dataset/synthetic_82_breeds_v3/synthetic/cattle/cow_bachaur/SYNTH_COW_BACHAUR_0011.jpg,cow_bachaur,Bachaur,cattle,SYNTHETIC,train
SYNTH_COW_ONGOLE_0002,dataset/synthetic_82_breeds_v3/synthetic/cattle/cow_ongole/SYNTH_COW_ONGOLE_0002.jpg,cow_ongole,Ongole,cattle,SYNTHETIC,train
SYNTH_COW_ONGOLE_0001,dataset/synthetic_82_breeds_v3/synthetic/cattle/cow_ongole/SYNTH_COW_ONGOLE_0001.jpg,cow_ongole,Ongole,cattle,SYNTHETIC,train
SYNTH_COW_SAHIWAL_0008,dataset/synthetic_82_breeds_v3/synthetic/cattle/cow_sahiwal/SYNTH_COW_SAHIWAL_0008.jpg,cow_sahiwal,Sahiwal,cattle,SYNTHETIC,train
SYNTH_COW_SAHIWAL_0011,dataset/synthetic_82_breeds_v3/synthetic/cattle/cow_sahiwal/SYNTH_COW_SAHIWAL_0011.jpg,cow_sahiwal,Sahiwal,cattle,SYNTHETIC,train
SYNTH_COW_BACHAUR_0005,dataset/synthetic_82_breeds_v3/synthetic/cattle/cow_bachaur/SYNTH_COW_BACHAUR_0005.jpg,cow_bachaur,Bachaur,cattle,SYNTHETIC,train
SYNTH_COW_SAHIWAL_0014,dataset/synthetic_82_breeds_v3/synthetic/cattle/cow_sahiwal/SYNTH_COW_SAHIWAL_0014.jpg,cow_sahiwal,Sahiwal,cattle,SYNTHETIC,train
SYNTH_COW_BACHAUR_0012,dataset/synthetic_82_breeds_v3/synthetic/cattle/cow_bachaur/SYNTH_COW_BACHAUR_0012.jpg,cow_bachaur,Bachaur,cattle,SYNTHETIC,train
SYNTH_COW_ONGOLE_0007,dataset/synthetic_82_breeds_v3/synthetic/cattle/cow_ongole/SYNTH_COW_ONGOLE_0007.jpg,cow_ongole,Ongole,cattle,SYNTHETIC,train
SYNTH_COW_ONGOLE_0005,dataset/synthetic_82_breeds_v3/synthetic/cattle/cow_ongole/SYNTH_COW_ONGOLE_0005.jpg,cow_ongole,Ongole,cattle,SYNTHETIC,train
SYNTH_COW_BACHAUR_0009,dataset/synthetic_82_breeds_v3/synthetic/cattle/cow_bachaur/SYNTH_COW_BACHAUR_0009.jpg,cow_bachaur,Bachaur,cattle,SYNTHETIC,train
SYNTH_COW_ONGOLE_0008,dataset/synthetic_82_breeds_v3/synthetic/cattle/cow_ongole/SYNTH_COW_ONGOLE_0008.jpg,cow_ongole,Ongole,cattle,SYNTHETIC,train
SYNTH_COW_GIR_0001,dataset/synthetic_82_breeds_v3/synthetic/cattle/cow_gir/SYNTH_COW_GIR_0001.jpg,cow_gir,Gir,cattle,SYNTHETIC,train
SYNTH_COW_ONGOLE_0004,dataset/synthetic_82_breeds_v3/synthetic/cattle/cow_ongole/SYNTH_COW_ONGOLE_0004.jpg,cow_ongole,Ongole,cattle,SYNTHETIC,train
SYNTH_COW_GIR_0004,dataset/synthetic_82_breeds_v3/synthetic/cattle/cow_gir/SYNTH_COW_GIR_0004.jpg,cow_gir,Gir,cattle,SYNTHETIC,train
SYNTH_COW_GIR_0002,dataset/synthetic_82_breeds_v3/synthetic/cattle/cow_gir/SYNTH_COW_GIR_0002.jpg,cow_gir,Gir,cattle,SYNTHETIC,train
SYNTH_COW_GIR_0007,dataset/synthetic_82_breeds_v3/synthetic/cattle/cow_gir/SYNTH_COW_GIR_0007.jpg,cow_gir,Gir,cattle,SYNTHETIC,train
SYNTH_COW_GIR_0003,dataset/synthetic_82_breeds_v3/synthetic/cattle/cow_gir/SYNTH_COW_GIR_0003.jpg,cow_gir,Gir,cattle,SYNTHETIC,train
SYNTH_COW_ONGOLE_0006,dataset/synthetic_82_breeds_v3/synthetic/cattle/cow_ongole/SYNTH_COW_ONGOLE_0006.jpg,cow_ongole,Ongole,cattle,SYNTHETIC,train
SYNTH_COW_ONGOLE_0009,dataset/synthetic_82_breeds_v3/synthetic/cattle/cow_ongole/SYNTH_COW_ONGOLE_0009.jpg,cow_ongole,Ongole,cattle,SYNTHETIC,train
SYNTH_BUFFALO_MANDA_0001,dataset/synthetic_82_breeds_v3/synthetic/buffalo/buffalo_manda/SYNTH_BUFFALO_MANDA_0001.jpg,buffalo_manda,Manda,buffalo,SYNTHETIC,train
SYNTH_COW_GIR_0006,dataset/synthetic_82_breeds_v3/synthetic/cattle/cow_gir/SYNTH_COW_GIR_0006.jpg,cow_gir,Gir,cattle,SYNTHETIC,train
SYNTH_COW_ONGOLE_0003,dataset/synthetic_82_breeds_v3/synthetic/cattle/cow_ongole/SYNTH_COW_ONGOLE_0003.jpg,cow_ongole,Ongole,cattle,SYNTHETIC,train
SYNTH_BUFFALO_MANDA_0002,dataset/synthetic_82_breeds_v3/synthetic/buffalo/buffalo_manda/SYNTH_BUFFALO_MANDA_0002.jpg,buffalo_manda,Manda,buffalo,SYNTHETIC,train
SYNTH_COW_GIR_0005,dataset/synthetic_82_breeds_v3/synthetic/cattle/cow_gir/SYNTH_COW_GIR_0005.jpg,cow_gir,Gir,cattle,SYNTHETIC,train
SYNTH_BUFFALO_MANDA_0007,dataset/synthetic_82_breeds_v3/synthetic/buffalo/buffalo_manda/SYNTH_BUFFALO_MANDA_0007.jpg,buffalo_manda,Manda,buffalo,SYNTHETIC,train
SYNTH_BUFFALO_MANDA_0005,dataset/synthetic_82_breeds_v3/synthetic/buffalo/buffalo_manda/SYNTH_BUFFALO_MANDA_0005.jpg,buffalo_manda,Manda,buffalo,SYNTHETIC,train
SYNTH_BUFFALO_MANDA_0004,dataset/synthetic_82_breeds_v3/synthetic/buffalo/buffalo_manda/SYNTH_BUFFALO_MANDA_0004.jpg,buffalo_manda,Manda,buffalo,SYNTHETIC,train
SYNTH_COW_GIR_0008,dataset/synthetic_82_breeds_v3/synthetic/cattle/cow_gir/SYNTH_COW_GIR_0008.jpg,cow_gir,Gir,cattle,SYNTHETIC,train
SYNTH_BUFFALO_MANDA_0009,dataset/synthetic_82_breeds_v3/synthetic/buffalo/buffalo_manda/SYNTH_BUFFALO_MANDA_0009.jpg,buffalo_manda,Manda,buffalo,SYNTHETIC,train
SYNTH_BUFFALO_MANDA_0008,dataset/synthetic_82_breeds_v3/synthetic/buffalo/buffalo_manda/SYNTH_BUFFALO_MANDA_0008.jpg,buffalo_manda,Manda,buffalo,SYNTHETIC,train
SYNTH_COW_GAOLAO_0004,dataset/synthetic_82_breeds_v3/synthetic/cattle/cow_gaolao/SYNTH_COW_GAOLAO_0004.jpg,cow_gaolao,Gaolao,cattle,SYNTHETIC,train
SYNTH_COW_GAOLAO_0005,dataset/synthetic_82_breeds_v3/synthetic/cattle/cow_gaolao/SYNTH_COW_GAOLAO_0005.jpg,cow_gaolao,Gaolao,cattle,SYNTHETIC,train
SYNTH_COW_GAOLAO_0006,dataset/synthetic_82_breeds_v3/synthetic/cattle/cow_gaolao/SYNTH_COW_GAOLAO_0006.jpg,cow_gaolao,Gaolao,cattle,SYNTHETIC,train
SYNTH_BUFFALO_MANDA_0006,dataset/synthetic_82_breeds_v3/synthetic/buffalo/buffalo_manda/SYNTH_BUFFALO_MANDA_0006.jpg,buffalo_manda,Manda,buffalo,SYNTHETIC,train
SYNTH_COW_GIR_0009,dataset/synthetic_82_breeds_v3/synthetic/cattle/cow_gir/SYNTH_COW_GIR_0009.jpg,cow_gir,Gir,cattle,SYNTHETIC,train
SYNTH_COW_GAOLAO_0007,dataset/synthetic_82_breeds_v3/synthetic/cattle/cow_gaolao/SYNTH_COW_GAOLAO_0007.jpg,cow_gaolao,Gaolao,cattle,SYNTHETIC,train
SYNTH_COW_GAOLAO_0001,dataset/synthetic_82_breeds_v3/synthetic/cattle/cow_gaolao/SYNTH_COW_GAOLAO_0001.jpg,cow_gaolao,Gaolao,cattle,SYNTHETIC,train
SYNTH_BUFFALO_MANDA_0003,dataset/synthetic_82_breeds_v3/synthetic/buffalo/buffalo_manda/SYNTH_BUFFALO_MANDA_0003.jpg,buffalo_manda,Manda,buffalo,SYNTHETIC,train
SYNTH_COW_GAOLAO_0002,dataset/synthetic_82_breeds_v3/synthetic/cattle/cow_gaolao/SYNTH_COW_GAOLAO_0002.jpg,cow_gaolao,Gaolao,cattle,SYNTHETIC,train
SYNTH_COW_GAOLAO_0003,dataset/synthetic_82_breeds_v3/synthetic/cattle/cow_gaolao/SYNTH_COW_GAOLAO_0003.jpg,cow_gaolao,Gaolao,cattle,SYNTHETIC,train
