image_id,filename,relative_path,species,breed_id,breed_name,state,source_name,source_url,source_page_url,license,license_url,author,download_date,original_width,original_height,file_size,format,sha256,md5,verification_status,verification_notes
COW_AMRITMAHAL_0001,amritmahal_0001.jpg,cleaned/cattle/amritmahal/amritmahal_0001.jpg,cattle,cow_amritmahal,Amritmahal,Karnataka,ICAR-NBAGR / Institutional Research Archive,https://nbagr.res.in/cattle-breed,https://nbagr.res.in/cattle-breed,Government Open Access / Academic Research,https://nbagr.res.in,ICAR-NBAGR / State Veterinary Universities,2026-09-17 13:58:57 UTC,4160,3120,7341679,JPEG,c056eff99c51e75c3adf05ed7eb5836deaa009bb4b65fa665da0c2a87cd6e44f,d10bfbcdbc85a2fba5b25f49e2700d96,verified,Verified authentic Amritmahal cattle photograph (4160x3120)
COW_AMRITMAHAL_0002,amritmahal_0002.jpg,cleaned/cattle/amritmahal/amritmahal_0002.jpg,cattle,cow_amritmahal,Amritmahal,Karnataka,ICAR-NBAGR / Institutional Research Archive,https://nbagr.res.in/cattle-breed,https://nbagr.res.in/cattle-breed,Government Open Access / Academic Research,https://nbagr.res.in,ICAR-NBAGR / State Veterinary Universities,2026-09-17 13:58:57 UTC,2139,1638,617747,JPEG,dda9ce7066ba45873d455b0e1e6e5354e5c350d746b2217b8455644d74fc6e92,b5a68aa0346faddb0199777a71ef2d36,verified,Verified authentic Amritmahal cattle photograph (2139x1638)
COW_BACHAUR_0001,bachaur_0001.jpg,cleaned/cattle/bachaur/bachaur_0001.jpg,cattle,cow_bachaur,Bachaur,Bihar,ICAR-NBAGR / Institutional Research Archive,https://nbagr.res.in/cattle-breed,https://nbagr.res.in/cattle-breed,Government Open Access / Academic Research,https://nbagr.res.in,ICAR-NBAGR / State Veterinary Universities,2026-09-17 13:58:57 UTC,360,209,21145,JPEG,b6cbc3f41305aff4fcafc8f46e6d7409c3d2fdf8b7e8a9aaf5e89bdcc7f25cbe,2f02b9c49edfb28e4e8d37a72cdd8f78,verified,Verified authentic Bachaur cattle photograph (360x209)
COW_BACHAUR_0002,bachaur_0002.jpg,cleaned/cattle/bachaur/bachaur_0002.jpg,cattle,cow_bachaur,Bachaur,Bihar,ICAR-NBAGR / Institutional Research Archive,https://nbagr.res.in/cattle-breed,https://nbagr.res.in/cattle-breed,Government Open Access / Academic Research,https://nbagr.res.in,ICAR-NBAGR / State Veterinary Universities,2026-09-17 13:58:57 UTC,678,432,107524,JPEG,fc2c6df15c4225f0423b1fd0230da7d6838af3361b5080dff8077cf572dc9c85,942eb02631ffafa0e7ac16b820545ad3,verified,Verified authentic Bachaur cattle photograph (678x432)
COW_BADRI_0001,badri_0001.jpg,cleaned/cattle/badri/badri_0001.jpg,cattle,cow_badri,Badri,Uttarakhand,ICAR-NBAGR / Institutional Research Archive,https://nbagr.res.in/cattle-breed,https://nbagr.res.in/cattle-breed,Government Open Access / Academic Research,https://nbagr.res.in,ICAR-NBAGR / State Veterinary Universities,2026-09-17 13:58:57 UTC,800,800,94088,JPEG,550a3f22a94526620db04856087c812f1df65a281003ad865dd12694b4d37704,037211f5013c436ff83321bb5a4892d5,verified,Verified authentic Badri cattle photograph (800x800)
COW_BADRI_0002,badri_0002.jpg,cleaned/cattle/badri/badri_0002.jpg,cattle,cow_badri,Badri,Uttarakhand,ICAR-NBAGR / Institutional Research Archive,https://nbagr.res.in/cattle-breed,https://nbagr.res.in/cattle-breed,Government Open Access / Academic Research,https://nbagr.res.in,ICAR-NBAGR / State Veterinary Universities,2026-09-17 13:58:57 UTC,142,285,15701,JPEG,16f87b4864d26296cf1db73f6c00877d3b70a6fa6b791f1cd432e4edb7d0f717,28348fd3526c37767064911c938469f3,verified,Verified authentic Badri cattle photograph (142x285)
COW_BADRI_0003,badri_0003.jpg,cleaned/cattle/badri/badri_0003.jpg,cattle,cow_badri,Badri,Uttarakhand,ICAR-NBAGR / Institutional Research Archive,https://nbagr.res.in/cattle-breed,https://nbagr.res.in/cattle-breed,Government Open Access / Academic Research,https://nbagr.res.in,ICAR-NBAGR / State Veterinary Universities,2026-09-17 13:58:57 UTC,253,320,20279,JPEG,800e3601bdbba469e059aba353180d49b08183fd8fea9a637317979d73116a51,82f1dc150b19de6a411f3a04813acdb5,verified,Verified authentic Badri cattle photograph (253x320)
COW_BADRI_0004,badri_0004.jpg,cleaned/cattle/badri/badri_0004.jpg,cattle,cow_badri,Badri,Uttarakhand,ICAR-NBAGR / Institutional Research Archive,https://nbagr.res.in/cattle-breed,https://nbagr.res.in/cattle-breed,Government Open Access / Academic Research,https://nbagr.res.in,ICAR-NBAGR / State Veterinary Universities,2026-09-17 13:58:57 UTC,600,800,190837,JPEG,ff6c2f97f0c1b843e8b9814997b21abd16667e7d3ff7ba77a45f194cfa22c9e0,736dbfbbb0c5bfde75f808eadc872288,verified,Verified authentic Badri cattle photograph (600x800)
COW_BADRI_0005,badri_0005.jpg,cleaned/cattle/badri/badri_0005.jpg,cattle,cow_badri,Badri,Uttarakhand,ICAR-NBAGR / Institutional Research Archive,https://nbagr.res.in/cattle-breed,https://nbagr.res.in/cattle-breed,Government Open Access / Academic Research,https://nbagr.res.in,ICAR-NBAGR / State Veterinary Universities,2026-09-17 13:58:58 UTC,195,263,24058,JPEG,ffc5ad989ddf6c243d28455cf57913212240e510e00e8333ef36de38e8bc8894,0cf86da312b790f58778e7e8f8c7c36c,verified,Verified authentic Badri cattle photograph (195x263)
COW_BADRI_0006,badri_0006.jpg,cleaned/cattle/badri/badri_0006.jpg,cattle,cow_badri,Badri,Uttarakhand,ICAR-NBAGR / Institutional Research Archive,https://nbagr.res.in/cattle-breed,https://nbagr.res.in/cattle-breed,Government Open Access / Academic Research,https://nbagr.res.in,ICAR-NBAGR / State Veterinary Universities,2026-09-17 13:58:58 UTC,325,509,64621,JPEG,0c3380c0a836214d7f6d55ed9ea50c28a5a34603838b4eaa64500043ae02089e,8e6cc7e2ae6ab3bb5971c01f2f74b2f5,verified,Verified authentic Badri cattle photograph (325x509)
COW_BADRI_0007,badri_0007.jpg,cleaned/cattle/badri/badri_0007.jpg,cattle,cow_badri,Badri,Uttarakhand,ICAR-NBAGR / Institutional Research Archive,https://nbagr.res.in/cattle-breed,https://nbagr.res.in/cattle-breed,Government Open Access / Academic Research,https://nbagr.res.in,ICAR-NBAGR / State Veterinary Universities,2026-09-17 13:58:58 UTC,3712,2784,1956789,MPO,53d153decc787b04188049170b1cb1281dadfc8f20cf2179d933d0c4bbf158d7,5e28988dae3778c01d76fe5a62fef7bc,verified,Verified authentic Badri cattle photograph (3712x2784)
COW_BADRI_0008,badri_0008.jpg,cleaned/cattle/badri/badri_0008.jpg,cattle,cow_badri,Badri,Uttarakhand,ICAR-NBAGR / Institutional Research Archive,https://nbagr.res.in/cattle-breed,https://nbagr.res.in/cattle-breed,Government Open Access / Academic Research,https://nbagr.res.in,ICAR-NBAGR / State Veterinary Universities,2026-09-17 13:58:58 UTC,356,575,64216,JPEG,cf6277112a85cfbeebc87ea2003fc65599100db94a993dc019844c2165738cc6,aa4f6ffff88b58419b75296bb9841dae,verified,Verified authentic Badri cattle photograph (356x575)
COW_BADRI_0009,badri_0009.jpg,cleaned/cattle/badri/badri_0009.jpg,cattle,cow_badri,Badri,Uttarakhand,ICAR-NBAGR / Institutional Research Archive,https://nbagr.res.in/cattle-breed,https://nbagr.res.in/cattle-breed,Government Open Access / Academic Research,https://nbagr.res.in,ICAR-NBAGR / State Veterinary Universities,2026-09-17 13:58:58 UTC,772,852,158419,JPEG,1be0525690dae6258c0fa739f5ee0379121ec03a4e4e153e78e9ef9eae888148,7f76c0dd403700d9aefc990612c508f2,verified,Verified authentic Badri cattle photograph (772x852)
COW_BADRI_0010,badri_0010.jpg,cleaned/cattle/badri/badri_0010.jpg,cattle,cow_badri,Badri,Uttarakhand,ICAR-NBAGR / Institutional Research Archive,https://nbagr.res.in/cattle-breed,https://nbagr.res.in/cattle-breed,Government Open Access / Academic Research,https://nbagr.res.in,ICAR-NBAGR / State Veterinary Universities,2026-09-17 13:58:58 UTC,1464,2150,609217,JPEG,938beb0d7ec20e957c5e99e7cfba5b4cb3233730e68e9a02c925485be0e756f5,4d1a023755b91c731038a3e9ee888528,verified,Verified authentic Badri cattle photograph (1464x2150)
COW_BADRI_0011,badri_0011.jpg,cleaned/cattle/badri/badri_0011.jpg,cattle,cow_badri,Badri,Uttarakhand,ICAR-NBAGR / Institutional Research Archive,https://nbagr.res.in/cattle-breed,https://nbagr.res.in/cattle-breed,Government Open Access / Academic Research,https://nbagr.res.in,ICAR-NBAGR / State Veterinary Universities,2026-09-17 13:58:59 UTC,733,840,269890,JPEG,782a0887523c1c037a0ce643cc5d5fad490b218cee79e2f82d7b5787b54a1406,26ab6a54c40e15a5570431834751645f,verified,Verified authentic Badri cattle photograph (733x840)
COW_BADRI_0012,badri_0012.jpg,cleaned/cattle/badri/badri_0012.jpg,cattle,cow_badri,Badri,Uttarakhand,ICAR-NBAGR / Institutional Research Archive,https://nbagr.res.in/cattle-breed,https://nbagr.res.in/cattle-breed,Government Open Access / Academic Research,https://nbagr.res.in,ICAR-NBAGR / State Veterinary Universities,2026-09-17 13:58:59 UTC,490,550,102979,JPEG,2656910c455dddfe1cc19e0da95c4ba27554275a91d1688532c4797e505bf064,448af229ae7ca143d553d15b399e08f1,verified,Verified authentic Badri cattle photograph (490x550)
COW_BADRI_0013,badri_0013.jpg,cleaned/cattle/badri/badri_0013.jpg,cattle,cow_badri,Badri,Uttarakhand,ICAR-NBAGR / Institutional Research Archive,https://nbagr.res.in/cattle-breed,https://nbagr.res.in/cattle-breed,Government Open Access / Academic Research,https://nbagr.res.in,ICAR-NBAGR / State Veterinary Universities,2026-09-17 13:58:59 UTC,2736,3648,1961084,JPEG,cbfc0d6fbc44898f6e456f45e6b2a48a125ea7a8673d1d88c713926127b05d91,a06658c1f5ead1ac6dc7b7b94dfc0563,verified,Verified authentic Badri cattle photograph (2736x3648)
COW_BADRI_0014,badri_0014.jpg,cleaned/cattle/badri/badri_0014.jpg,cattle,cow_badri,Badri,Uttarakhand,ICAR-NBAGR / Institutional Research Archive,https://nbagr.res.in/cattle-breed,https://nbagr.res.in/cattle-breed,Government Open Access / Academic Research,https://nbagr.res.in,ICAR-NBAGR / State Veterinary Universities,2026-09-17 13:59:00 UTC,2736,3648,2005125,JPEG,df2d312cb012ad306220cda71305561d7318256d275e03ca7dc610c3de330076,b29373c20d77510330b9aba253269e35,verified,Verified authentic Badri cattle photograph (2736x3648)
COW_BADRI_0015,badri_0015.jpg,cleaned/cattle/badri/badri_0015.jpg,cattle,cow_badri,Badri,Uttarakhand,ICAR-NBAGR / Institutional Research Archive,https://nbagr.res.in/cattle-breed,https://nbagr.res.in/cattle-breed,Government Open Access / Academic Research,https://nbagr.res.in,ICAR-NBAGR / State Veterinary Universities,2026-09-17 13:59:00 UTC,2592,1728,1390137,JPEG,50cc7057ca2129eb7bda6cdffa4abf20bab163ae50631660c803c35bfb8f4093,abf5b1c74f38f18128ee1d6852155e27,verified,Verified authentic Badri cattle photograph (2592x1728)
COW_BADRI_0016,badri_0016.jpg,cleaned/cattle/badri/badri_0016.jpg,cattle,cow_badri,Badri,Uttarakhand,ICAR-NBAGR / Institutional Research Archive,https://nbagr.res.in/cattle-breed,https://nbagr.res.in/cattle-breed,Government Open Access / Academic Research,https://nbagr.res.in,ICAR-NBAGR / State Veterinary Universities,2026-09-17 13:59:00 UTC,742,1170,289585,JPEG,b3c9f59d2be1f6344c502e3deb75a1e50232c06429a97a63f155425eaa466cda,d711cdb5a41325ad70879635d571b9ef,verified,Verified authentic Badri cattle photograph (742x1170)
COW_BADRI_0017,badri_0017.jpg,cleaned/cattle/badri/badri_0017.jpg,cattle,cow_badri,Badri,Uttarakhand,ICAR-NBAGR / Institutional Research Archive,https://nbagr.res.in/cattle-breed,https://nbagr.res.in/cattle-breed,Government Open Access / Academic Research,https://nbagr.res.in,ICAR-NBAGR / State Veterinary Universities,2026-09-17 13:59:00 UTC,2465,2048,1219609,JPEG,d27e9bd508c4d2312d6d86c9e43e385357aafc191f9423dc252547995af195ef,2905c0e79edc6832cc078d850f05ea62,verified,Verified authentic Badri cattle photograph (2465x2048)
COW_BARGUR_0001,bargur_0001.jpg,cleaned/cattle/bargur/bargur_0001.jpg,cattle,cow_bargur,Bargur,Tamil Nadu,ICAR-NBAGR / Institutional Research Archive,https://nbagr.res.in/cattle-breed,https://nbagr.res.in/cattle-breed,Government Open Access / Academic Research,https://nbagr.res.in,ICAR-NBAGR / State Veterinary Universities,2026-09-17 13:59:00 UTC,3888,2592,2069591,JPEG,c75a9fa006f3991eb01d9db585da69833267e5e2a8713e8bd86cd916b2818d27,8c37be04019326053065a727a4ea1715,verified,Verified authentic Bargur cattle photograph (3888x2592)
COW_BELAHI_0001,belahi_0001.jpg,cleaned/cattle/belahi/belahi_0001.jpg,cattle,cow_belahi,Belahi,Haryana and Chandigarh,ICAR-NBAGR / Institutional Research Archive,https://nbagr.res.in/cattle-breed,https://nbagr.res.in/cattle-breed,Government Open Access / Academic Research,https://nbagr.res.in,ICAR-NBAGR / State Veterinary Universities,2026-09-17 13:59:01 UTC,2048,1536,789824,JPEG,8013d7f66fc19ae43eac82a5d0bca719a27b137b8d407418cc678610cb26f1af,c50ecfac3632831755cd7b3b59f7ea0a,verified,Verified authentic Belahi cattle photograph (2048x1536)
COW_BELAHI_0002,belahi_0002.jpg,cleaned/cattle/belahi/belahi_0002.jpg,cattle,cow_belahi,Belahi,Haryana and Chandigarh,ICAR-NBAGR / Institutional Research Archive,https://nbagr.res.in/cattle-breed,https://nbagr.res.in/cattle-breed,Government Open Access / Academic Research,https://nbagr.res.in,ICAR-NBAGR / State Veterinary Universities,2026-09-17 13:59:01 UTC,274,184,25307,JPEG,6acf68dd0ac8c827dd98b10f3c7962909afba3ddf54663494d8c65c4a804b770,7157fee8b1c6a08c7a8ec34aeb590215,verified,Verified authentic Belahi cattle photograph (274x184)
COW_BINJHARPURI_0001,binjharpuri_0001.jpg,cleaned/cattle/binjharpuri/binjharpuri_0001.jpg,cattle,cow_binjharpuri,Binjharpuri,Odisha,ICAR-NBAGR / Institutional Research Archive,https://nbagr.res.in/cattle-breed,https://nbagr.res.in/cattle-breed,Government Open Access / Academic Research,https://nbagr.res.in,ICAR-NBAGR / State Veterinary Universities,2026-09-17 13:59:01 UTC,360,237,38389,PNG,b42f85047abce8eb13677e15fca991d02759aaa876d328e732dc53e726b35670,fbc172a1a7d3a18733618313abff27ff,verified,Verified authentic Binjharpuri cattle photograph (360x237)
COW_BINJHARPURI_0002,binjharpuri_0002.jpg,cleaned/cattle/binjharpuri/binjharpuri_0002.jpg,cattle,cow_binjharpuri,Binjharpuri,Odisha,ICAR-NBAGR / Institutional Research Archive,https://nbagr.res.in/cattle-breed,https://nbagr.res.in/cattle-breed,Government Open Access / Academic Research,https://nbagr.res.in,ICAR-NBAGR / State Veterinary Universities,2026-09-17 13:59:01 UTC,2966,1668,2207097,JPEG,080e70cd936def55514f4c80e700dfaa98b60ed9d7952e986dbec6f67a293a08,73cdbf81a27445826ff315fce64b755b,verified,Verified authentic Binjharpuri cattle photograph (2966x1668)
COW_DAGRI_0001,dagri_0001.jpg,cleaned/cattle/dagri/dagri_0001.jpg,cattle,cow_dagri,Dagri,Gujarat,ICAR-NBAGR / Institutional Research Archive,https://nbagr.res.in/cattle-breed,https://nbagr.res.in/cattle-breed,Government Open Access / Academic Research,https://nbagr.res.in,ICAR-NBAGR / State Veterinary Universities,2026-09-17 13:59:01 UTC,612,459,219553,JPEG,048a1e02fb6a74663d5de1d67c9e8d43b9ad576162120b5864c5f74ce23a6d90,8c804c56406ca81cdce6155aac139ab4,verified,Verified authentic Dagri cattle photograph (612x459)
COW_DAGRI_0002,dagri_0002.jpg,cleaned/cattle/dagri/dagri_0002.jpg,cattle,cow_dagri,Dagri,Gujarat,ICAR-NBAGR / Institutional Research Archive,https://nbagr.res.in/cattle-breed,https://nbagr.res.in/cattle-breed,Government Open Access / Academic Research,https://nbagr.res.in,ICAR-NBAGR / State Veterinary Universities,2026-09-17 13:59:01 UTC,689,459,191327,JPEG,a79118f4b63bf9a9966be62b4c2b6b6ac3a7bb99ae4ed87227825c5a87911f2c,c44fe8fad294c61fdf06c37792337cb5,verified,Verified authentic Dagri cattle photograph (689x459)
COW_DANGI_0001,dangi_0001.jpg,cleaned/cattle/dangi/dangi_0001.jpg,cattle,cow_dangi,Dangi,Maharashtra and Gujarat,ICAR-NBAGR / Institutional Research Archive,https://nbagr.res.in/cattle-breed,https://nbagr.res.in/cattle-breed,Government Open Access / Academic Research,https://nbagr.res.in,ICAR-NBAGR / State Veterinary Universities,2026-09-17 13:59:01 UTC,2400,2742,1873725,JPEG,3e05377892731544cec82e8bd96d33c8b3876cb76aaa1ec9c792116debbee596,bc6339fcde4c66eb04cdd9f9836d3bc4,verified,Verified authentic Dangi cattle photograph (2400x2742)
COW_DANGI_0002,dangi_0002.jpg,cleaned/cattle/dangi/dangi_0002.jpg,cattle,cow_dangi,Dangi,Maharashtra and Gujarat,ICAR-NBAGR / Institutional Research Archive,https://nbagr.res.in/cattle-breed,https://nbagr.res.in/cattle-breed,Government Open Access / Academic Research,https://nbagr.res.in,ICAR-NBAGR / State Veterinary Universities,2026-09-17 13:59:02 UTC,4032,3024,6663643,MPO,36bd7b3a412e1e60529a20c5eabc8085bb3d2ae77c4a624209facd7b2fb532be,7943f66be29a4de4785205c6d532f5bb,verified,Verified authentic Dangi cattle photograph (4032x3024)
COW_DANGI_0003,dangi_0003.jpg,cleaned/cattle/dangi/dangi_0003.jpg,cattle,cow_dangi,Dangi,Maharashtra and Gujarat,ICAR-NBAGR / Institutional Research Archive,https://nbagr.res.in/cattle-breed,https://nbagr.res.in/cattle-breed,Government Open Access / Academic Research,https://nbagr.res.in,ICAR-NBAGR / State Veterinary Universities,2026-09-17 13:59:03 UTC,4220,3456,4870487,JPEG,d993a3444f608be9f8ac688f51b33bf91fde9c8f9580a4907a5fa626d87a0711,60d03a049c1cd1d2cd111e2ad494bb59,verified,Verified authentic Dangi cattle photograph (4220x3456)
COW_DANGI_0004,dangi_0004.jpg,cleaned/cattle/dangi/dangi_0004.jpg,cattle,cow_dangi,Dangi,Maharashtra and Gujarat,ICAR-NBAGR / Institutional Research Archive,https://nbagr.res.in/cattle-breed,https://nbagr.res.in/cattle-breed,Government Open Access / Academic Research,https://nbagr.res.in,ICAR-NBAGR / State Veterinary Universities,2026-09-17 13:59:03 UTC,5184,3456,6225315,JPEG,0112319dcaa4b7dd49451b6016558a5c7f005a362a577eb92141ad7037fa7c55,4272ed5c2b3e6e2530ccc94e07bbcc28,verified,Verified authentic Dangi cattle photograph (5184x3456)
COW_DANGI_0005,dangi_0005.jpg,cleaned/cattle/dangi/dangi_0005.jpg,cattle,cow_dangi,Dangi,Maharashtra and Gujarat,ICAR-NBAGR / Institutional Research Archive,https://nbagr.res.in/cattle-breed,https://nbagr.res.in/cattle-breed,Government Open Access / Academic Research,https://nbagr.res.in,ICAR-NBAGR / State Veterinary Universities,2026-09-17 13:59:03 UTC,600,700,62366,PNG,7da61b6da45841fe31d0aa7f211ff8d1092064dfd4a40e3b28efa5269b2f0bf7,6d7742c70301e1a4627945081b574bdf,verified,Verified authentic Dangi cattle photograph (600x700)
COW_DEONI_0001,deoni_0001.jpg,cleaned/cattle/deoni/deoni_0001.jpg,cattle,cow_deoni,Deoni,Maharashtra and Karnataka,ICAR-NBAGR / Institutional Research Archive,https://nbagr.res.in/cattle-breed,https://nbagr.res.in/cattle-breed,Government Open Access / Academic Research,https://nbagr.res.in,ICAR-NBAGR / State Veterinary Universities,2026-09-17 13:59:04 UTC,5184,3456,7013264,JPEG,b44a343268a256430dca29f7d3cfc46e6cf0624be436a7d5d19ab960c7f37f5d,6b8348fc037f3cbfa79fdc8227ee4249,verified,Verified authentic Deoni cattle photograph (5184x3456)
COW_DEONI_0002,deoni_0002.jpg,cleaned/cattle/deoni/deoni_0002.jpg,cattle,cow_deoni,Deoni,Maharashtra and Karnataka,ICAR-NBAGR / Institutional Research Archive,https://nbagr.res.in/cattle-breed,https://nbagr.res.in/cattle-breed,Government Open Access / Academic Research,https://nbagr.res.in,ICAR-NBAGR / State Veterinary Universities,2026-09-17 13:59:05 UTC,5184,3456,6480101,JPEG,8a327e65c242d4e1ec1178eb43d6717e53d9046e7a23e96a78384d089ca822b4,9e2ac43fab0c0cfc88481ef316fe0368,verified,Verified authentic Deoni cattle photograph (5184x3456)
COW_DEONI_0003,deoni_0003.jpg,cleaned/cattle/deoni/deoni_0003.jpg,cattle,cow_deoni,Deoni,Maharashtra and Karnataka,ICAR-NBAGR / Institutional Research Archive,https://nbagr.res.in/cattle-breed,https://nbagr.res.in/cattle-breed,Government Open Access / Academic Research,https://nbagr.res.in,ICAR-NBAGR / State Veterinary Universities,2026-09-17 13:59:05 UTC,1144,1322,789703,JPEG,257916074e3a9841d48edc38857f17b112940718962d38bf59bea5fc0f1dec53,3f2d2d1e1461c3dd2c40d9da678e2a67,verified,Verified authentic Deoni cattle photograph (1144x1322)
COW_GANGATIRI_0001,gangatiri_0001.jpg,cleaned/cattle/gangatiri/gangatiri_0001.jpg,cattle,cow_gangatiri,Gangatiri,Uttar Pradesh and Bihar,ICAR-NBAGR / Institutional Research Archive,https://nbagr.res.in/cattle-breed,https://nbagr.res.in/cattle-breed,Government Open Access / Academic Research,https://nbagr.res.in,ICAR-NBAGR / State Veterinary Universities,2026-09-17 13:59:05 UTC,3294,1647,2218494,JPEG,17236ffb086601258d87f6627b8ca3f852e3aa72e2aa89b049348af74ec50f2c,a792f4b7c05daf6d4ec3d0fe28a4e1cc,verified,Verified authentic Gangatiri cattle photograph (3294x1647)
COW_GANGATIRI_0002,gangatiri_0002.jpg,cleaned/cattle/gangatiri/gangatiri_0002.jpg,cattle,cow_gangatiri,Gangatiri,Uttar Pradesh and Bihar,ICAR-NBAGR / Institutional Research Archive,https://nbagr.res.in/cattle-breed,https://nbagr.res.in/cattle-breed,Government Open Access / Academic Research,https://nbagr.res.in,ICAR-NBAGR / State Veterinary Universities,2026-09-17 13:59:06 UTC,5184,3456,7303534,JPEG,4d1c74989a2a1e34735a053d82b3eec58fa9abea780665444c3231ba3c3ab5ff,5ad2ced6b25b2b632dbba13da0bd40ff,verified,Verified authentic Gangatiri cattle photograph (5184x3456)
COW_GANGATIRI_0003,gangatiri_0003.jpg,cleaned/cattle/gangatiri/gangatiri_0003.jpg,cattle,cow_gangatiri,Gangatiri,Uttar Pradesh and Bihar,ICAR-NBAGR / Institutional Research Archive,https://nbagr.res.in/cattle-breed,https://nbagr.res.in/cattle-breed,Government Open Access / Academic Research,https://nbagr.res.in,ICAR-NBAGR / State Veterinary Universities,2026-09-17 13:59:06 UTC,4908,3456,5321101,JPEG,06abc2bac103ffc5a04349aea5393a0bc265652ddd2c939ae041de8412ae92be,3037455dd7d67ac9e52a5d50e8662472,verified,Verified authentic Gangatiri cattle photograph (4908x3456)
COW_GANGATIRI_0004,gangatiri_0004.jpg,cleaned/cattle/gangatiri/gangatiri_0004.jpg,cattle,cow_gangatiri,Gangatiri,Uttar Pradesh and Bihar,ICAR-NBAGR / Institutional Research Archive,https://nbagr.res.in/cattle-breed,https://nbagr.res.in/cattle-breed,Government Open Access / Academic Research,https://nbagr.res.in,ICAR-NBAGR / State Veterinary Universities,2026-09-17 13:59:07 UTC,4080,3072,3085957,JPEG,3a9bb487020ab01e5a0ad0e352cc9c49f51bd57e20992e8b5a8ba9166fba66ab,4f4658f9c90f9153da316f54bdec0d66,verified,Verified authentic Gangatiri cattle photograph (4080x3072)
COW_GANGATIRI_0005,gangatiri_0005.jpg,cleaned/cattle/gangatiri/gangatiri_0005.jpg,cattle,cow_gangatiri,Gangatiri,Uttar Pradesh and Bihar,ICAR-NBAGR / Institutional Research Archive,https://nbagr.res.in/cattle-breed,https://nbagr.res.in/cattle-breed,Government Open Access / Academic Research,https://nbagr.res.in,ICAR-NBAGR / State Veterinary Universities,2026-09-17 13:59:07 UTC,2701,2091,1699527,JPEG,85dd7a9275acf569fd4cf3be9bd65534ffbb1c7d5a326d4f8eae36ad0337d621,b5f4d888a285927e270fac12030883ad,verified,Verified authentic Gangatiri cattle photograph (2701x2091)
COW_GANGATIRI_0006,gangatiri_0006.jpg,cleaned/cattle/gangatiri/gangatiri_0006.jpg,cattle,cow_gangatiri,Gangatiri,Uttar Pradesh and Bihar,ICAR-NBAGR / Institutional Research Archive,https://nbagr.res.in/cattle-breed,https://nbagr.res.in/cattle-breed,Government Open Access / Academic Research,https://nbagr.res.in,ICAR-NBAGR / State Veterinary Universities,2026-09-17 13:59:08 UTC,4000,2000,2887274,JPEG,16c2d3f0d26f705cca44bc6361fa87bba2ff651026435792963b2fa7c15ac1a1,b472af0a5e44af16e2c9cd0fe84e1cbe,verified,Verified authentic Gangatiri cattle photograph (4000x2000)
COW_GANGATIRI_0007,gangatiri_0007.jpg,cleaned/cattle/gangatiri/gangatiri_0007.jpg,cattle,cow_gangatiri,Gangatiri,Uttar Pradesh and Bihar,ICAR-NBAGR / Institutional Research Archive,https://nbagr.res.in/cattle-breed,https://nbagr.res.in/cattle-breed,Government Open Access / Academic Research,https://nbagr.res.in,ICAR-NBAGR / State Veterinary Universities,2026-09-17 13:59:08 UTC,2200,1339,1214967,JPEG,58d3db9094993b17dde14ea063b9f45185971b033add6bba10d19d0999d9e366,5ac15a65131adbaf25b6c877b3eb4852,verified,Verified authentic Gangatiri cattle photograph (2200x1339)
COW_GANGATIRI_0008,gangatiri_0008.jpg,cleaned/cattle/gangatiri/gangatiri_0008.jpg,cattle,cow_gangatiri,Gangatiri,Uttar Pradesh and Bihar,ICAR-NBAGR / Institutional Research Archive,https://nbagr.res.in/cattle-breed,https://nbagr.res.in/cattle-breed,Government Open Access / Academic Research,https://nbagr.res.in,ICAR-NBAGR / State Veterinary Universities,2026-09-17 13:59:08 UTC,2200,1233,688166,JPEG,8802bfb8772862eb33a7ca70cd8cd46da13c3be16da19b7ea55ea808ddfb5af1,a8603d4d6cb3ea007e0c46d1397ed054,verified,Verified authentic Gangatiri cattle photograph (2200x1233)
COW_GAOLAO_0001,gaolao_0001.jpg,cleaned/cattle/gaolao/gaolao_0001.jpg,cattle,cow_gaolao,Gaolao,Maharashtra and Madhya Pradesh,ICAR-NBAGR / Institutional Research Archive,https://nbagr.res.in/cattle-breed,https://nbagr.res.in/cattle-breed,Government Open Access / Academic Research,https://nbagr.res.in,ICAR-NBAGR / State Veterinary Universities,2026-09-17 13:59:08 UTC,5184,3456,5189258,JPEG,717005b0ec6fded10dec9c3bf708fcc0f1b3db5faff9263e351fa768da856900,fbf4f0af3de207f4ff6531de235d2194,verified,Verified authentic Gaolao cattle photograph (5184x3456)
COW_GAOLAO_0002,gaolao_0002.jpg,cleaned/cattle/gaolao/gaolao_0002.jpg,cattle,cow_gaolao,Gaolao,Maharashtra and Madhya Pradesh,ICAR-NBAGR / Institutional Research Archive,https://nbagr.res.in/cattle-breed,https://nbagr.res.in/cattle-breed,Government Open Access / Academic Research,https://nbagr.res.in,ICAR-NBAGR / State Veterinary Universities,2026-09-17 13:59:09 UTC,5184,3456,5827673,JPEG,0fc0455358b6cd59c5e8beb8cbd29d7d26e63b5d77f9e23c3edcbe497d214915,446ac348307f8737853392c28642a218,verified,Verified authentic Gaolao cattle photograph (5184x3456)
COW_GHUMUSARI_0001,ghumusari_0001.jpg,cleaned/cattle/ghumusari/ghumusari_0001.jpg,cattle,cow_ghumusari,Ghumusari,Odisha,ICAR-NBAGR / Institutional Research Archive,https://nbagr.res.in/cattle-breed,https://nbagr.res.in/cattle-breed,Government Open Access / Academic Research,https://nbagr.res.in,ICAR-NBAGR / State Veterinary Universities,2026-09-17 13:59:09 UTC,232,149,18651,PNG,e80d65563301b40be97e912859397f8462e1c18e1351e8296819826899a7c304,3e059a6fb3563d7118b30ad5bf06c089,verified,Verified authentic Ghumusari cattle photograph (232x149)
COW_GIR_0001,gir_0001.jpg,cleaned/cattle/gir/gir_0001.jpg,cattle,cow_gir,Gir,Gujarat,ICAR-NBAGR / Institutional Research Archive,https://nbagr.res.in/cattle-breed,https://nbagr.res.in/cattle-breed,Government Open Access / Academic Research,https://nbagr.res.in,ICAR-NBAGR / State Veterinary Universities,2026-09-17 13:59:10 UTC,6039,4026,9632990,JPEG,2a5e27bf03b57f24e6de2d536b4a7d19093c6ff52f04dc2bb4e462c63c93d7df,1c9dab35a181862a189cbcabb911c65f,verified,Verified authentic Gir cattle photograph (6039x4026)
COW_GIR_0002,gir_0002.jpg,cleaned/cattle/gir/gir_0002.jpg,cattle,cow_gir,Gir,Gujarat,ICAR-NBAGR / Institutional Research Archive,https://nbagr.res.in/cattle-breed,https://nbagr.res.in/cattle-breed,Government Open Access / Academic Research,https://nbagr.res.in,ICAR-NBAGR / State Veterinary Universities,2026-09-17 13:59:10 UTC,236,157,18307,JPEG,2c429caacf825933f66b161234c5b41a2b32577542ec4a0e6dc276eb8fffc854,de0be4394d605e2648c5c66fb0b5aac2,verified,Verified authentic Gir cattle photograph (236x157)
COW_GIR_0003,gir_0003.jpg,cleaned/cattle/gir/gir_0003.jpg,cattle,cow_gir,Gir,Gujarat,ICAR-NBAGR / Institutional Research Archive,https://nbagr.res.in/cattle-breed,https://nbagr.res.in/cattle-breed,Government Open Access / Academic Research,https://nbagr.res.in,ICAR-NBAGR / State Veterinary Universities,2026-09-17 13:59:10 UTC,600,450,129293,JPEG,373562b9768d8db3562f5cf5cd88e2c46338c0a9bdc6171df17e965778e76751,827f96272410f5c274caa5153da83fc0,verified,Verified authentic Gir cattle photograph (600x450)
COW_GIR_0004,gir_0004.jpg,cleaned/cattle/gir/gir_0004.jpg,cattle,cow_gir,Gir,Gujarat,ICAR-NBAGR / Institutional Research Archive,https://nbagr.res.in/cattle-breed,https://nbagr.res.in/cattle-breed,Government Open Access / Academic Research,https://nbagr.res.in,ICAR-NBAGR / State Veterinary Universities,2026-09-17 13:59:10 UTC,2700,1851,1537154,JPEG,ea43c80367a325b04dcd67908e734b07eb7d915ca87698c1459f150783bc8e3f,1f7e265fe56ae75e81058ebf4ce6df88,verified,Verified authentic Gir cattle photograph (2700x1851)
COW_GIR_0005,gir_0005.jpg,cleaned/cattle/gir/gir_0005.jpg,cattle,cow_gir,Gir,Gujarat,ICAR-NBAGR / Institutional Research Archive,https://nbagr.res.in/cattle-breed,https://nbagr.res.in/cattle-breed,Government Open Access / Academic Research,https://nbagr.res.in,ICAR-NBAGR / State Veterinary Universities,2026-09-17 13:59:11 UTC,1931,1855,871881,JPEG,a5e8d6caa83b81f3a0cbc031507456add88481fe3e90494aab73a1a773bef672,089a9acf4f2c1c77d55a550cf8e6579a,verified,Verified authentic Gir cattle photograph (1931x1855)
COW_GIR_0006,gir_0006.jpg,cleaned/cattle/gir/gir_0006.jpg,cattle,cow_gir,Gir,Gujarat,ICAR-NBAGR / Institutional Research Archive,https://nbagr.res.in/cattle-breed,https://nbagr.res.in/cattle-breed,Government Open Access / Academic Research,https://nbagr.res.in,ICAR-NBAGR / State Veterinary Universities,2026-09-17 13:59:12 UTC,5456,3992,5308450,JPEG,8a1438141e4bb5178e1bfcfe8f141a39f67f6e6b3d2bd6dc2cf46c8aa39975d1,7e714d141011114c4a88765e60f477c6,verified,Verified authentic Gir cattle photograph (5456x3992)
COW_GIR_0007,gir_0007.jpg,cleaned/cattle/gir/gir_0007.jpg,cattle,cow_gir,Gir,Gujarat,ICAR-NBAGR / Institutional Research Archive,https://nbagr.res.in/cattle-breed,https://nbagr.res.in/cattle-breed,Government Open Access / Academic Research,https://nbagr.res.in,ICAR-NBAGR / State Veterinary Universities,2026-09-17 13:59:13 UTC,5184,3456,4891055,JPEG,a7f0adbe1d984be5317cb872e7ee95fcfd1fe75517fc1500356f5e5e3d2ce912,bad06d15897c580bf12bd1bb2d3c87c7,verified,Verified authentic Gir cattle photograph (5184x3456)
COW_GIR_0008,gir_0008.jpg,cleaned/cattle/gir/gir_0008.jpg,cattle,cow_gir,Gir,Gujarat,ICAR-NBAGR / Institutional Research Archive,https://nbagr.res.in/cattle-breed,https://nbagr.res.in/cattle-breed,Government Open Access / Academic Research,https://nbagr.res.in,ICAR-NBAGR / State Veterinary Universities,2026-09-17 13:59:15 UTC,5184,3456,5181948,JPEG,747bad06fddee1884bb0fcfb3961091b7a8fb495a8c373cf46a88ddb81442578,3a525de81dd0856086aa9a188a9545d0,verified,Verified authentic Gir cattle photograph (5184x3456)
COW_GIR_0009,gir_0009.jpg,cleaned/cattle/gir/gir_0009.jpg,cattle,cow_gir,Gir,Gujarat,ICAR-NBAGR / Institutional Research Archive,https://nbagr.res.in/cattle-breed,https://nbagr.res.in/cattle-breed,Government Open Access / Academic Research,https://nbagr.res.in,ICAR-NBAGR / State Veterinary Universities,2026-09-17 13:59:15 UTC,4608,3456,4345280,MPO,c36d231ece1c79e416a942f3a5858508d9cac09e1b1364170637dba66a86c6f0,bf22751604e73f0cc5f549cd98b45945,verified,Verified authentic Gir cattle photograph (4608x3456)
COW_GIR_0010,gir_0010.jpg,cleaned/cattle/gir/gir_0010.jpg,cattle,cow_gir,Gir,Gujarat,ICAR-NBAGR / Institutional Research Archive,https://nbagr.res.in/cattle-breed,https://nbagr.res.in/cattle-breed,Government Open Access / Academic Research,https://nbagr.res.in,ICAR-NBAGR / State Veterinary Universities,2026-09-17 13:59:16 UTC,4208,2368,1781680,JPEG,7d8824c6b6c9078f1b450ca53fbab9ac639b25eac35737484d5531f87920c422,a8e3c1f2d71581aebbf6935f37c34eba,verified,Verified authentic Gir cattle photograph (4208x2368)
COW_GIR_0011,gir_0011.jpg,cleaned/cattle/gir/gir_0011.jpg,cattle,cow_gir,Gir,Gujarat,ICAR-NBAGR / Institutional Research Archive,https://nbagr.res.in/cattle-breed,https://nbagr.res.in/cattle-breed,Government Open Access / Academic Research,https://nbagr.res.in,ICAR-NBAGR / State Veterinary Universities,2026-09-17 13:59:16 UTC,5184,3456,3823493,JPEG,690b3a2283679f9a6e62cd036e3d131032d8e47611a2178fb849279fd3b9d1b8,9f54defe53aa2c1f127c528bd68125a5,verified,Verified authentic Gir cattle photograph (5184x3456)
COW_GIR_0012,gir_0012.jpg,cleaned/cattle/gir/gir_0012.jpg,cattle,cow_gir,Gir,Gujarat,ICAR-NBAGR / Institutional Research Archive,https://nbagr.res.in/cattle-breed,https://nbagr.res.in/cattle-breed,Government Open Access / Academic Research,https://nbagr.res.in,ICAR-NBAGR / State Veterinary Universities,2026-09-17 13:59:17 UTC,4608,3456,4944652,MPO,4a20f84bc97b15ba52733431d9f04f4414924cf926676b2bf19a84350609afce,b4c081d580cc0194a064fab5bec40e31,verified,Verified authentic Gir cattle photograph (4608x3456)
COW_GIR_0013,gir_0013.jpg,cleaned/cattle/gir/gir_0013.jpg,cattle,cow_gir,Gir,Gujarat,ICAR-NBAGR / Institutional Research Archive,https://nbagr.res.in/cattle-breed,https://nbagr.res.in/cattle-breed,Government Open Access / Academic Research,https://nbagr.res.in,ICAR-NBAGR / State Veterinary Universities,2026-09-17 13:59:18 UTC,4608,3456,6664272,JPEG,88901a9eb8558e8c42f97a13b620a8b8b0f2da064c1f6b0ea141c7cddb80d17a,ea4d02a870cc3ddcb4fe60389b1f2bca,verified,Verified authentic Gir cattle photograph (4608x3456)
COW_GIR_0014,gir_0014.jpg,cleaned/cattle/gir/gir_0014.jpg,cattle,cow_gir,Gir,Gujarat,ICAR-NBAGR / Institutional Research Archive,https://nbagr.res.in/cattle-breed,https://nbagr.res.in/cattle-breed,Government Open Access / Academic Research,https://nbagr.res.in,ICAR-NBAGR / State Veterinary Universities,2026-09-17 13:59:18 UTC,3264,2448,1781422,JPEG,8e5edf63a5a6e53f1086b41622ec5f2641d914384897298a494f720729d057f1,504e636a000bb4c710e1bdb7e1c34661,verified,Verified authentic Gir cattle photograph (3264x2448)
COW_GIR_0015,gir_0015.jpg,cleaned/cattle/gir/gir_0015.jpg,cattle,cow_gir,Gir,Gujarat,ICAR-NBAGR / Institutional Research Archive,https://nbagr.res.in/cattle-breed,https://nbagr.res.in/cattle-breed,Government Open Access / Academic Research,https://nbagr.res.in,ICAR-NBAGR / State Veterinary Universities,2026-09-17 13:59:18 UTC,5184,3456,4748001,JPEG,890c2b80eaeee4b818f21c3053004b64f57209074b80f1cd5335e1d72f94350e,fee18430ba3c24665f1fdf0d4fb318ac,verified,Verified authentic Gir cattle photograph (5184x3456)
COW_GIR_0016,gir_0016.jpg,cleaned/cattle/gir/gir_0016.jpg,cattle,cow_gir,Gir,Gujarat,ICAR-NBAGR / Institutional Research Archive,https://nbagr.res.in/cattle-breed,https://nbagr.res.in/cattle-breed,Government Open Access / Academic Research,https://nbagr.res.in,ICAR-NBAGR / State Veterinary Universities,2026-09-17 13:59:19 UTC,6123,4082,2821630,JPEG,4d8d216fd4101bf7b6ea994dc6ebf6cf8e88588c210bade695c8ecb9dd72059f,f8dc79f7e053cdd4f5da408a129007f1,verified,Verified authentic Gir cattle photograph (6123x4082)
COW_GIR_0017,gir_0017.jpg,cleaned/cattle/gir/gir_0017.jpg,cattle,cow_gir,Gir,Gujarat,ICAR-NBAGR / Institutional Research Archive,https://nbagr.res.in/cattle-breed,https://nbagr.res.in/cattle-breed,Government Open Access / Academic Research,https://nbagr.res.in,ICAR-NBAGR / State Veterinary Universities,2026-09-17 13:59:19 UTC,633,594,76860,JPEG,80c73f5ffa46eedc9335075984bb3b4ef0c9de42f7946529674e8a7559d19e48,e92ea41e7a3a8d9f0931d3db8c5c1606,verified,Verified authentic Gir cattle photograph (633x594)
COW_GIR_0018,gir_0018.jpg,cleaned/cattle/gir/gir_0018.jpg,cattle,cow_gir,Gir,Gujarat,ICAR-NBAGR / Institutional Research Archive,https://nbagr.res.in/cattle-breed,https://nbagr.res.in/cattle-breed,Government Open Access / Academic Research,https://nbagr.res.in,ICAR-NBAGR / State Veterinary Universities,2026-09-17 13:59:20 UTC,3661,2495,1397061,JPEG,53bf1737cbfe545b91c493271576bac76ce1e1bf74384a597226cb941f17a764,5c35faf501c5aca9c72ddbb45f0dedad,verified,Verified authentic Gir cattle photograph (3661x2495)
COW_GIR_0019,gir_0019.jpg,cleaned/cattle/gir/gir_0019.jpg,cattle,cow_gir,Gir,Gujarat,ICAR-NBAGR / Institutional Research Archive,https://nbagr.res.in/cattle-breed,https://nbagr.res.in/cattle-breed,Government Open Access / Academic Research,https://nbagr.res.in,ICAR-NBAGR / State Veterinary Universities,2026-09-17 13:59:20 UTC,960,946,172454,JPEG,7645cb3fbd02fa21d9b31e8453c3b53cc7a6c85db81acc98106ee3700f8e45b8,bb099c57bdf09738bda72cb64ad3e2a4,verified,Verified authentic Gir cattle photograph (960x946)
COW_GIR_0020,gir_0020.jpg,cleaned/cattle/gir/gir_0020.jpg,cattle,cow_gir,Gir,Gujarat,ICAR-NBAGR / Institutional Research Archive,https://nbagr.res.in/cattle-breed,https://nbagr.res.in/cattle-breed,Government Open Access / Academic Research,https://nbagr.res.in,ICAR-NBAGR / State Veterinary Universities,2026-09-17 13:59:20 UTC,718,537,108675,JPEG,9c5aeb9a9b63ac908fc2d6b987cd942773a5f58a20d122565324341c7b437a5a,bd4d5763ad5cef1460ef16244da44c18,verified,Verified authentic Gir cattle photograph (718x537)
COW_GIR_0021,gir_0021.jpg,cleaned/cattle/gir/gir_0021.jpg,cattle,cow_gir,Gir,Gujarat,ICAR-NBAGR / Institutional Research Archive,https://nbagr.res.in/cattle-breed,https://nbagr.res.in/cattle-breed,Government Open Access / Academic Research,https://nbagr.res.in,ICAR-NBAGR / State Veterinary Universities,2026-09-17 13:59:20 UTC,4325,3044,4732228,JPEG,fc527a2d382d5478b80e78d8c57a83f648815152b0ea0855807ab24843dfdd3b,90d354b18669851b63ef1de78caedca0,verified,Verified authentic Gir cattle photograph (4325x3044)
COW_GIR_0022,gir_0022.jpg,cleaned/cattle/gir/gir_0022.jpg,cattle,cow_gir,Gir,Gujarat,ICAR-NBAGR / Institutional Research Archive,https://nbagr.res.in/cattle-breed,https://nbagr.res.in/cattle-breed,Government Open Access / Academic Research,https://nbagr.res.in,ICAR-NBAGR / State Veterinary Universities,2026-09-17 13:59:20 UTC,1600,1292,616612,JPEG,558f794ba5e40beb41c1079633e21c46b3b69ae77e63fd28fc3772c9c6d19194,e5b006563585a56aca4fc3839e161c1d,verified,Verified authentic Gir cattle photograph (1600x1292)
COW_GIR_0023,gir_0023.jpg,cleaned/cattle/gir/gir_0023.jpg,cattle,cow_gir,Gir,Gujarat,ICAR-NBAGR / Institutional Research Archive,https://nbagr.res.in/cattle-breed,https://nbagr.res.in/cattle-breed,Government Open Access / Academic Research,https://nbagr.res.in,ICAR-NBAGR / State Veterinary Universities,2026-09-17 13:59:21 UTC,4320,3240,4711455,MPO,15b78dceeaa1d93f05c0b83452e241a57c6b94d59231c642a63806930207743e,db90f9ba14506c4aa5a6093a3b1d2c1f,verified,Verified authentic Gir cattle photograph (4320x3240)
COW_GIR_0024,gir_0024.jpg,cleaned/cattle/gir/gir_0024.jpg,cattle,cow_gir,Gir,Gujarat,ICAR-NBAGR / Institutional Research Archive,https://nbagr.res.in/cattle-breed,https://nbagr.res.in/cattle-breed,Government Open Access / Academic Research,https://nbagr.res.in,ICAR-NBAGR / State Veterinary Universities,2026-09-17 13:59:21 UTC,2432,3648,4111299,JPEG,fa7d66695050d5e8186d45571bb1ddcaa4cfa5c9659fcbc7c769c997a7ace5fb,062dc398eacade42a89065e7779f472c,verified,Verified authentic Gir cattle photograph (2432x3648)
COW_GIR_0025,gir_0025.jpg,cleaned/cattle/gir/gir_0025.jpg,cattle,cow_gir,Gir,Gujarat,ICAR-NBAGR / Institutional Research Archive,https://nbagr.res.in/cattle-breed,https://nbagr.res.in/cattle-breed,Government Open Access / Academic Research,https://nbagr.res.in,ICAR-NBAGR / State Veterinary Universities,2026-09-17 13:59:22 UTC,5712,4284,6021272,MPO,dc72cdd347f9d1fce28a50c27ead80da269f6b2b26240fe3e95cfbc1464f70fb,9f66ed3f0be3b5fc23143286692d02ee,verified,Verified authentic Gir cattle photograph (5712x4284)
COW_GIR_0026,gir_0026.jpg,cleaned/cattle/gir/gir_0026.jpg,cattle,cow_gir,Gir,Gujarat,ICAR-NBAGR / Institutional Research Archive,https://nbagr.res.in/cattle-breed,https://nbagr.res.in/cattle-breed,Government Open Access / Academic Research,https://nbagr.res.in,ICAR-NBAGR / State Veterinary Universities,2026-09-17 13:59:22 UTC,1080,1294,579746,JPEG,546074aafc798ffafb7afa1c874e1728ea307c42a155305f0dcd4b79894f6ad5,10decb7686f6116dccc0ab3fb16bb2e9,verified,Verified authentic Gir cattle photograph (1080x1294)
COW_GIR_0027,gir_0027.jpg,cleaned/cattle/gir/gir_0027.jpg,cattle,cow_gir,Gir,Gujarat,ICAR-NBAGR / Institutional Research Archive,https://nbagr.res.in/cattle-breed,https://nbagr.res.in/cattle-breed,Government Open Access / Academic Research,https://nbagr.res.in,ICAR-NBAGR / State Veterinary Universities,2026-09-17 13:59:23 UTC,3024,4032,3208016,MPO,e7d23a63d36c2b26fae33b93bb9eb0be17040c07fa448c6bd88f52dc970f2dac,acc9efeae69dd28e5b61d9b118861f07,verified,Verified authentic Gir cattle photograph (3024x4032)
COW_GIR_0028,gir_0028.jpg,cleaned/cattle/gir/gir_0028.jpg,cattle,cow_gir,Gir,Gujarat,ICAR-NBAGR / Institutional Research Archive,https://nbagr.res.in/cattle-breed,https://nbagr.res.in/cattle-breed,Government Open Access / Academic Research,https://nbagr.res.in,ICAR-NBAGR / State Veterinary Universities,2026-09-17 13:59:24 UTC,5712,4284,6236089,MPO,3f0431bdf6044bdbfe689b43b38ff69e234150a740276232ca2ece1f7f9c273e,92c32cca4bc9186e3603ee943aa8655c,verified,Verified authentic Gir cattle photograph (5712x4284)
COW_GIR_0029,gir_0029.jpg,cleaned/cattle/gir/gir_0029.jpg,cattle,cow_gir,Gir,Gujarat,ICAR-NBAGR / Institutional Research Archive,https://nbagr.res.in/cattle-breed,https://nbagr.res.in/cattle-breed,Government Open Access / Academic Research,https://nbagr.res.in,ICAR-NBAGR / State Veterinary Universities,2026-09-17 13:59:25 UTC,4032,3024,5344005,MPO,ecf277862287aeecc370daec6c94796daa6926094d3a495dd963e51219059521,5616d298f820693af4b183a709de01c2,verified,Verified authentic Gir cattle photograph (4032x3024)
COW_GIR_0030,gir_0030.jpg,cleaned/cattle/gir/gir_0030.jpg,cattle,cow_gir,Gir,Gujarat,ICAR-NBAGR / Institutional Research Archive,https://nbagr.res.in/cattle-breed,https://nbagr.res.in/cattle-breed,Government Open Access / Academic Research,https://nbagr.res.in,ICAR-NBAGR / State Veterinary Universities,2026-09-17 13:59:26 UTC,4032,3024,5721824,MPO,ae7b21ce3d0794894a13e630339e9f3e21f6f602a4de239072b80f3b8515cbc2,3db613c1b9e60404394018f256d17c1d,verified,Verified authentic Gir cattle photograph (4032x3024)
COW_GIR_0031,gir_0031.jpg,cleaned/cattle/gir/gir_0031.jpg,cattle,cow_gir,Gir,Gujarat,ICAR-NBAGR / Institutional Research Archive,https://nbagr.res.in/cattle-breed,https://nbagr.res.in/cattle-breed,Government Open Access / Academic Research,https://nbagr.res.in,ICAR-NBAGR / State Veterinary Universities,2026-09-17 13:59:26 UTC,4032,3024,3323592,MPO,7150b43e2d9dffbcaec0a1478d60511313b4adc066315c0651529a8e66b0829d,2c88b37e89ec41384b82f2b250e7089b,verified,Verified authentic Gir cattle photograph (4032x3024)
COW_HALLIKAR_0001,hallikar_0001.jpg,cleaned/cattle/hallikar/hallikar_0001.jpg,cattle,cow_hallikar,Hallikar,Karnataka,ICAR-NBAGR / Institutional Research Archive,https://nbagr.res.in/cattle-breed,https://nbagr.res.in/cattle-breed,Government Open Access / Academic Research,https://nbagr.res.in,ICAR-NBAGR / State Veterinary Universities,2026-09-17 13:59:27 UTC,1536,2048,1461738,JPEG,50d7a358a9fe406b98f4f47df192d2f6c4f87e7607942f7b13b19cddef2a48cb,f7db9eb0a51036481ca173b617b616ed,verified,Verified authentic Hallikar cattle photograph (1536x2048)
COW_HALLIKAR_0002,hallikar_0002.jpg,cleaned/cattle/hallikar/hallikar_0002.jpg,cattle,cow_hallikar,Hallikar,Karnataka,ICAR-NBAGR / Institutional Research Archive,https://nbagr.res.in/cattle-breed,https://nbagr.res.in/cattle-breed,Government Open Access / Academic Research,https://nbagr.res.in,ICAR-NBAGR / State Veterinary Universities,2026-09-17 13:59:27 UTC,2344,2516,1088103,JPEG,3762697eff497605bccbcdae04ad948c54ba3020eee655920dcd433e55c8e7b1,6d43d6773a5bdb96dfc9b13ba53951ee,verified,Verified authentic Hallikar cattle photograph (2344x2516)
COW_HALLIKAR_0003,hallikar_0003.jpg,cleaned/cattle/hallikar/hallikar_0003.jpg,cattle,cow_hallikar,Hallikar,Karnataka,ICAR-NBAGR / Institutional Research Archive,https://nbagr.res.in/cattle-breed,https://nbagr.res.in/cattle-breed,Government Open Access / Academic Research,https://nbagr.res.in,ICAR-NBAGR / State Veterinary Universities,2026-09-17 13:59:27 UTC,2147,1702,545147,JPEG,3d6b3cd7b52daf5961bdddfc3ebbff1e1c64cf2fcbe4e511cd0e8f6f4a69efb8,08438bd530d54f43bdee3f889bcefe84,verified,Verified authentic Hallikar cattle photograph (2147x1702)
COW_HALLIKAR_0004,hallikar_0004.jpg,cleaned/cattle/hallikar/hallikar_0004.jpg,cattle,cow_hallikar,Hallikar,Karnataka,ICAR-NBAGR / Institutional Research Archive,https://nbagr.res.in/cattle-breed,https://nbagr.res.in/cattle-breed,Government Open Access / Academic Research,https://nbagr.res.in,ICAR-NBAGR / State Veterinary Universities,2026-09-17 13:59:27 UTC,513,598,92455,JPEG,b1ea6c4c05a3e253f02818551bbef54377c6cabb67454c820769a8ed16115479,c985322bbe9227742724dd34a51ae6b8,verified,Verified authentic Hallikar cattle photograph (513x598)
COW_HALLIKAR_0005,hallikar_0005.jpg,cleaned/cattle/hallikar/hallikar_0005.jpg,cattle,cow_hallikar,Hallikar,Karnataka,ICAR-NBAGR / Institutional Research Archive,https://nbagr.res.in/cattle-breed,https://nbagr.res.in/cattle-breed,Government Open Access / Academic Research,https://nbagr.res.in,ICAR-NBAGR / State Veterinary Universities,2026-09-17 13:59:28 UTC,5184,3456,5463533,JPEG,2d83430c5074901ce6094b2450c3ce9164a98f1b4f63884473d4b3fe48481842,21be70c78265e6f9a2bce8dd438ea3b9,verified,Verified authentic Hallikar cattle photograph (5184x3456)
COW_HALLIKAR_0006,hallikar_0006.jpg,cleaned/cattle/hallikar/hallikar_0006.jpg,cattle,cow_hallikar,Hallikar,Karnataka,ICAR-NBAGR / Institutional Research Archive,https://nbagr.res.in/cattle-breed,https://nbagr.res.in/cattle-breed,Government Open Access / Academic Research,https://nbagr.res.in,ICAR-NBAGR / State Veterinary Universities,2026-09-17 13:59:28 UTC,5184,3456,6812834,JPEG,faecd6f37f38284e55e6a85aedf1712887b1401739c3983225c98daba83f0640,b6723c92b4b0c9943b255355b19dd051,verified,Verified authentic Hallikar cattle photograph (5184x3456)
COW_HARIANA_0001,hariana_0001.jpg,cleaned/cattle/hariana/hariana_0001.jpg,cattle,cow_hariana,Hariana,"Haryana, Uttar Pradesh and Rajasthan",ICAR-NBAGR / Institutional Research Archive,https://nbagr.res.in/cattle-breed,https://nbagr.res.in/cattle-breed,Government Open Access / Academic Research,https://nbagr.res.in,ICAR-NBAGR / State Veterinary Universities,2026-09-17 13:59:29 UTC,5184,3456,5111084,JPEG,feb13d255d4f982e448fc1436b22a5f22413afd2b459298bd4b63da4a52eff5b,0be59d809206c0e9aaff7374c3229506,verified,Verified authentic Hariana cattle photograph (5184x3456)
COW_HARIANA_0002,hariana_0002.jpg,cleaned/cattle/hariana/hariana_0002.jpg,cattle,cow_hariana,Hariana,"Haryana, Uttar Pradesh and Rajasthan",ICAR-NBAGR / Institutional Research Archive,https://nbagr.res.in/cattle-breed,https://nbagr.res.in/cattle-breed,Government Open Access / Academic Research,https://nbagr.res.in,ICAR-NBAGR / State Veterinary Universities,2026-09-17 13:59:30 UTC,5184,3456,6345209,JPEG,852ecff2c1c6710c4ebf6ee71b7bf46ece873fadd2a64f4298f0e77f5df9b9c4,fa7d612dac8411da47d667fce50a3401,verified,Verified authentic Hariana cattle photograph (5184x3456)
COW_HARIANA_0003,hariana_0003.jpg,cleaned/cattle/hariana/hariana_0003.jpg,cattle,cow_hariana,Hariana,"Haryana, Uttar Pradesh and Rajasthan",ICAR-NBAGR / Institutional Research Archive,https://nbagr.res.in/cattle-breed,https://nbagr.res.in/cattle-breed,Government Open Access / Academic Research,https://nbagr.res.in,ICAR-NBAGR / State Veterinary Universities,2026-09-17 13:59:30 UTC,3024,1931,4261481,JPEG,58cd68ad97dbfef81d44ccb14cccad3b7bbb1e6a5f8699ca23f90711d06ba414,160d7597cbe6d4196c2676fe84857452,verified,Verified authentic Hariana cattle photograph (3024x1931)
COW_HIMACHALI_PAHARI_0001,himachali_pahari_0001.jpg,cleaned/cattle/himachali_pahari/himachali_pahari_0001.jpg,cattle,cow_himachali_pahari,Himachali Pahari,Himachal Pradesh,ICAR-NBAGR / Institutional Research Archive,https://nbagr.res.in/cattle-breed,https://nbagr.res.in/cattle-breed,Government Open Access / Academic Research,https://nbagr.res.in,ICAR-NBAGR / State Veterinary Universities,2026-09-17 13:59:30 UTC,682,455,135666,JPEG,e869a8f1b81432d3b83d7c52a7bd54bea7aa8e3eb2a5cb7cee517c17cfc05c05,b51878493325715566f84068c830d203,verified,Verified authentic Himachali Pahari cattle photograph (682x455)
COW_HIMACHALI_PAHARI_0002,himachali_pahari_0002.jpg,cleaned/cattle/himachali_pahari/himachali_pahari_0002.jpg,cattle,cow_himachali_pahari,Himachali Pahari,Himachal Pradesh,ICAR-NBAGR / Institutional Research Archive,https://nbagr.res.in/cattle-breed,https://nbagr.res.in/cattle-breed,Government Open Access / Academic Research,https://nbagr.res.in,ICAR-NBAGR / State Veterinary Universities,2026-09-17 13:59:30 UTC,682,457,220455,JPEG,662ea92d6ca579ccd5ce2a82bb96c302f8e762a062a95443c57eaea2b3be192f,fa334f5d56dd391dc9e4a63b5fc9081d,verified,Verified authentic Himachali Pahari cattle photograph (682x457)
COW_KANGAYAM_0001,kangayam_0001.jpg,cleaned/cattle/kangayam/kangayam_0001.jpg,cattle,cow_kangayam,Kangayam,Tamil Nadu,ICAR-NBAGR / Institutional Research Archive,https://nbagr.res.in/cattle-breed,https://nbagr.res.in/cattle-breed,Government Open Access / Academic Research,https://nbagr.res.in,ICAR-NBAGR / State Veterinary Universities,2026-09-17 13:59:30 UTC,720,744,252283,JPEG,5d7fe6c7216bba4f6b51f18351d510dea7ca5f0980690f00ddea02dc3033d538,d4aed9535c57fb684cd5f1403e1e95fa,verified,Verified authentic Kangayam cattle photograph (720x744)
COW_KANGAYAM_0002,kangayam_0002.jpg,cleaned/cattle/kangayam/kangayam_0002.jpg,cattle,cow_kangayam,Kangayam,Tamil Nadu,ICAR-NBAGR / Institutional Research Archive,https://nbagr.res.in/cattle-breed,https://nbagr.res.in/cattle-breed,Government Open Access / Academic Research,https://nbagr.res.in,ICAR-NBAGR / State Veterinary Universities,2026-09-17 13:59:31 UTC,4208,2368,2734621,JPEG,4c7e3a1903193a95adc5f5f5dd052d5cd44d81c5f47d98194bd909e1db3997f9,d392dcc1dc2230d830362c13a9d68663,verified,Verified authentic Kangayam cattle photograph (4208x2368)
COW_KANGAYAM_0003,kangayam_0003.jpg,cleaned/cattle/kangayam/kangayam_0003.jpg,cattle,cow_kangayam,Kangayam,Tamil Nadu,ICAR-NBAGR / Institutional Research Archive,https://nbagr.res.in/cattle-breed,https://nbagr.res.in/cattle-breed,Government Open Access / Academic Research,https://nbagr.res.in,ICAR-NBAGR / State Veterinary Universities,2026-09-17 13:59:31 UTC,2592,1944,2340001,JPEG,533d12f3ac4094ce49c3c1f931ed4fcfbede4a8463ec769e06b4af52f3c70188,a34bec68f98efe5bf19765d5d594c5d7,verified,Verified authentic Kangayam cattle photograph (2592x1944)
COW_KANGAYAM_0004,kangayam_0004.jpg,cleaned/cattle/kangayam/kangayam_0004.jpg,cattle,cow_kangayam,Kangayam,Tamil Nadu,ICAR-NBAGR / Institutional Research Archive,https://nbagr.res.in/cattle-breed,https://nbagr.res.in/cattle-breed,Government Open Access / Academic Research,https://nbagr.res.in,ICAR-NBAGR / State Veterinary Universities,2026-09-17 13:59:32 UTC,5184,3456,5493729,JPEG,76c771f0470e6ceb6fda5e55a72085b647f1d59d20c47c08ad812abc1719640d,52b983c407fe531ac61f95c6ef1a5ff7,verified,Verified authentic Kangayam cattle photograph (5184x3456)
COW_KANGAYAM_0005,kangayam_0005.jpg,cleaned/cattle/kangayam/kangayam_0005.jpg,cattle,cow_kangayam,Kangayam,Tamil Nadu,ICAR-NBAGR / Institutional Research Archive,https://nbagr.res.in/cattle-breed,https://nbagr.res.in/cattle-breed,Government Open Access / Academic Research,https://nbagr.res.in,ICAR-NBAGR / State Veterinary Universities,2026-09-17 13:59:32 UTC,5184,3456,6319385,JPEG,a06f8bf35598b75afab3b70733a8bac9d152c4b9ab04af4b55ac8f65d1c3da19,a23660ad8b9a2ddc9f0625bec79116f1,verified,Verified authentic Kangayam cattle photograph (5184x3456)
COW_KANGAYAM_0006,kangayam_0006.jpg,cleaned/cattle/kangayam/kangayam_0006.jpg,cattle,cow_kangayam,Kangayam,Tamil Nadu,ICAR-NBAGR / Institutional Research Archive,https://nbagr.res.in/cattle-breed,https://nbagr.res.in/cattle-breed,Government Open Access / Academic Research,https://nbagr.res.in,ICAR-NBAGR / State Veterinary Universities,2026-09-17 13:59:33 UTC,3307,2772,3161108,JPEG,0d1e4b671a34ba203b9fb393d0dc0eeaedeb30a179611051e95d4d8098d49c30,bbabacf2e72b2f0201ad5240cab80f63,verified,Verified authentic Kangayam cattle photograph (3307x2772)
COW_KANGAYAM_0007,kangayam_0007.jpg,cleaned/cattle/kangayam/kangayam_0007.jpg,cattle,cow_kangayam,Kangayam,Tamil Nadu,ICAR-NBAGR / Institutional Research Archive,https://nbagr.res.in/cattle-breed,https://nbagr.res.in/cattle-breed,Government Open Access / Academic Research,https://nbagr.res.in,ICAR-NBAGR / State Veterinary Universities,2026-09-17 13:59:33 UTC,480,800,191847,PNG,b25636dc818bacfe68f6d6b620911b622a4ed2943b86e5c70c79da74cca323cc,47e716b89f79be0462603f94038b982b,verified,Verified authentic Kangayam cattle photograph (480x800)
COW_KANGAYAM_0008,kangayam_0008.jpg,cleaned/cattle/kangayam/kangayam_0008.jpg,cattle,cow_kangayam,Kangayam,Tamil Nadu,ICAR-NBAGR / Institutional Research Archive,https://nbagr.res.in/cattle-breed,https://nbagr.res.in/cattle-breed,Government Open Access / Academic Research,https://nbagr.res.in,ICAR-NBAGR / State Veterinary Universities,2026-09-17 13:59:33 UTC,830,1150,320713,JPEG,771141e129b5bb1c1fbb43fe61d773bbea646ec2761ede09b47ab9ae385b0473,080d4a1ca3e78d35692a91eeda3620b6,verified,Verified authentic Kangayam cattle photograph (830x1150)
COW_KANGAYAM_0009,kangayam_0009.jpg,cleaned/cattle/kangayam/kangayam_0009.jpg,cattle,cow_kangayam,Kangayam,Tamil Nadu,ICAR-NBAGR / Institutional Research Archive,https://nbagr.res.in/cattle-breed,https://nbagr.res.in/cattle-breed,Government Open Access / Academic Research,https://nbagr.res.in,ICAR-NBAGR / State Veterinary Universities,2026-09-17 13:59:33 UTC,1010,1150,373211,JPEG,879a8f5403ed2e87113dc45d5ee5efc46596178ded7724801489d5c12f6ffaf2,722e5644ee91d651457970b4439ca062,verified,Verified authentic Kangayam cattle photograph (1010x1150)
COW_KANGAYAM_0010,kangayam_0010.jpg,cleaned/cattle/kangayam/kangayam_0010.jpg,cattle,cow_kangayam,Kangayam,Tamil Nadu,ICAR-NBAGR / Institutional Research Archive,https://nbagr.res.in/cattle-breed,https://nbagr.res.in/cattle-breed,Government Open Access / Academic Research,https://nbagr.res.in,ICAR-NBAGR / State Veterinary Universities,2026-09-17 13:59:33 UTC,1161,952,410937,JPEG,987b96a3b517880d2d3057e13c4fdb291fef92849eba5c58c81e96cd11471d8a,b1faa31c18d9314303f2d847b270b6b6,verified,Verified authentic Kangayam cattle photograph (1161x952)
COW_KANGAYAM_0011,kangayam_0011.jpg,cleaned/cattle/kangayam/kangayam_0011.jpg,cattle,cow_kangayam,Kangayam,Tamil Nadu,ICAR-NBAGR / Institutional Research Archive,https://nbagr.res.in/cattle-breed,https://nbagr.res.in/cattle-breed,Government Open Access / Academic Research,https://nbagr.res.in,ICAR-NBAGR / State Veterinary Universities,2026-09-17 13:59:33 UTC,1110,900,336215,PNG,96ee82b0199793929249da336f780687535bc8a25dfb35931c4bbee291e776d8,84bb56dfc57b96c69e4da76ab8c753ef,verified,Verified authentic Kangayam cattle photograph (1110x900)
COW_KANGAYAM_0012,kangayam_0012.jpg,cleaned/cattle/kangayam/kangayam_0012.jpg,cattle,cow_kangayam,Kangayam,Tamil Nadu,ICAR-NBAGR / Institutional Research Archive,https://nbagr.res.in/cattle-breed,https://nbagr.res.in/cattle-breed,Government Open Access / Academic Research,https://nbagr.res.in,ICAR-NBAGR / State Veterinary Universities,2026-09-17 13:59:34 UTC,4000,6000,5053694,JPEG,511e76da95745b5d487b5de83e3fe69b06ebfaa412fbd346e37b5c338bdd3370,5f7fdc40509632246f04c81f2cc2c644,verified,Verified authentic Kangayam cattle photograph (4000x6000)
COW_KANGAYAM_0013,kangayam_0013.jpg,cleaned/cattle/kangayam/kangayam_0013.jpg,cattle,cow_kangayam,Kangayam,Tamil Nadu,ICAR-NBAGR / Institutional Research Archive,https://nbagr.res.in/cattle-breed,https://nbagr.res.in/cattle-breed,Government Open Access / Academic Research,https://nbagr.res.in,ICAR-NBAGR / State Veterinary Universities,2026-09-17 13:59:34 UTC,2088,3072,1888189,JPEG,622da68e1a912b3c2c91aafef1dd73e676ff8cb5ee16b2bf3644c82d611c235d,07daad4e5f187b0de6e513d0561fc1a0,verified,Verified authentic Kangayam cattle photograph (2088x3072)
COW_KANGAYAM_0014,kangayam_0014.jpg,cleaned/cattle/kangayam/kangayam_0014.jpg,cattle,cow_kangayam,Kangayam,Tamil Nadu,ICAR-NBAGR / Institutional Research Archive,https://nbagr.res.in/cattle-breed,https://nbagr.res.in/cattle-breed,Government Open Access / Academic Research,https://nbagr.res.in,ICAR-NBAGR / State Veterinary Universities,2026-09-17 13:59:34 UTC,1967,1858,1238223,JPEG,ab08c1856a73da3afc3db9ffea02ed2a27c95f7b9e3f1b91f4ea471e98d5a832,5d8c6559a710696bdfa27dd371285793,verified,Verified authentic Kangayam cattle photograph (1967x1858)
COW_KANGAYAM_0015,kangayam_0015.jpg,cleaned/cattle/kangayam/kangayam_0015.jpg,cattle,cow_kangayam,Kangayam,Tamil Nadu,ICAR-NBAGR / Institutional Research Archive,https://nbagr.res.in/cattle-breed,https://nbagr.res.in/cattle-breed,Government Open Access / Academic Research,https://nbagr.res.in,ICAR-NBAGR / State Veterinary Universities,2026-09-17 13:59:35 UTC,2250,3072,1965318,JPEG,2ba0b0eab80c194dd5b0ecbb772710a2a83b72e0a99cfc577bf5bc4a5393b27f,768c308657ea71f7689877a1c6fb7e0c,verified,Verified authentic Kangayam cattle photograph (2250x3072)
COW_KANGAYAM_0016,kangayam_0016.jpg,cleaned/cattle/kangayam/kangayam_0016.jpg,cattle,cow_kangayam,Kangayam,Tamil Nadu,ICAR-NBAGR / Institutional Research Archive,https://nbagr.res.in/cattle-breed,https://nbagr.res.in/cattle-breed,Government Open Access / Academic Research,https://nbagr.res.in,ICAR-NBAGR / State Veterinary Universities,2026-09-17 13:59:35 UTC,2394,3055,1877397,JPEG,e3b60fdf2ff7022a4309b1f6d7de52ed95a6f1517c6475f3757e423f7e7a6523,d7997382f5f16cf5ab8564596c82ba8a,verified,Verified authentic Kangayam cattle photograph (2394x3055)
COW_KANGAYAM_0017,kangayam_0017.jpg,cleaned/cattle/kangayam/kangayam_0017.jpg,cattle,cow_kangayam,Kangayam,Tamil Nadu,ICAR-NBAGR / Institutional Research Archive,https://nbagr.res.in/cattle-breed,https://nbagr.res.in/cattle-breed,Government Open Access / Academic Research,https://nbagr.res.in,ICAR-NBAGR / State Veterinary Universities,2026-09-17 13:59:35 UTC,4032,3024,1767454,JPEG,dc5332525b5f8834a04f66382b70d454859d5a4bca1abb34649347e5aa9f7a59,3bc6f92435360052f0789e453256d047,verified,Verified authentic Kangayam cattle photograph (4032x3024)
COW_KANKREJ_0001,kankrej_0001.jpg,cleaned/cattle/kankrej/kankrej_0001.jpg,cattle,cow_kankrej,Kankrej,Gujarat and Rajasthan,ICAR-NBAGR / Institutional Research Archive,https://nbagr.res.in/cattle-breed,https://nbagr.res.in/cattle-breed,Government Open Access / Academic Research,https://nbagr.res.in,ICAR-NBAGR / State Veterinary Universities,2026-09-17 13:59:35 UTC,3840,2160,3110723,JPEG,e35a951386903b93bfaf461b8cfcd1d7f4293ab16c6828e9f98356697e8d167f,baf4406959788f99b785d7f1739d706b,verified,Verified authentic Kankrej cattle photograph (3840x2160)
COW_KANKREJ_0002,kankrej_0002.jpg,cleaned/cattle/kankrej/kankrej_0002.jpg,cattle,cow_kankrej,Kankrej,Gujarat and Rajasthan,ICAR-NBAGR / Institutional Research Archive,https://nbagr.res.in/cattle-breed,https://nbagr.res.in/cattle-breed,Government Open Access / Academic Research,https://nbagr.res.in,ICAR-NBAGR / State Veterinary Universities,2026-09-17 13:59:36 UTC,1920,1280,771385,JPEG,19d2e0e661efbfb434d04055aecd7663d370a97744c18c14df0ded22e9e80e97,32be093e46bdad336be2a6b55bb40e13,verified,Verified authentic Kankrej cattle photograph (1920x1280)
COW_KANKREJ_0003,kankrej_0003.jpg,cleaned/cattle/kankrej/kankrej_0003.jpg,cattle,cow_kankrej,Kankrej,Gujarat and Rajasthan,ICAR-NBAGR / Institutional Research Archive,https://nbagr.res.in/cattle-breed,https://nbagr.res.in/cattle-breed,Government Open Access / Academic Research,https://nbagr.res.in,ICAR-NBAGR / State Veterinary Universities,2026-09-17 13:59:36 UTC,3264,1836,2092060,JPEG,133319de06e225d6909d807d4303adb3fc0fd7d8026f5b0a4e628a2e0b0e4eb9,4180c6aa8e0c1d0b569f4355fb79cdaf,verified,Verified authentic Kankrej cattle photograph (3264x1836)
COW_KANKREJ_0004,kankrej_0004.jpg,cleaned/cattle/kankrej/kankrej_0004.jpg,cattle,cow_kankrej,Kankrej,Gujarat and Rajasthan,ICAR-NBAGR / Institutional Research Archive,https://nbagr.res.in/cattle-breed,https://nbagr.res.in/cattle-breed,Government Open Access / Academic Research,https://nbagr.res.in,ICAR-NBAGR / State Veterinary Universities,2026-09-17 13:59:36 UTC,3264,1836,2106738,JPEG,1095fd36791a5408bb0e2efd94a920f89d39dec7beff0b9d8ce165d9c8588910,809516567ad88c625ba2c74de480fc93,verified,Verified authentic Kankrej cattle photograph (3264x1836)
COW_KANKREJ_0005,kankrej_0005.jpg,cleaned/cattle/kankrej/kankrej_0005.jpg,cattle,cow_kankrej,Kankrej,Gujarat and Rajasthan,ICAR-NBAGR / Institutional Research Archive,https://nbagr.res.in/cattle-breed,https://nbagr.res.in/cattle-breed,Government Open Access / Academic Research,https://nbagr.res.in,ICAR-NBAGR / State Veterinary Universities,2026-09-17 13:59:36 UTC,1920,1280,756098,JPEG,2e1308606bac8b1f5c9ad499b26bf8e51da632c4dc2b0cd6a280bd9c03f24c41,b9f263eeb916b46a9c92b34073199493,verified,Verified authentic Kankrej cattle photograph (1920x1280)
COW_KANKREJ_0006,kankrej_0006.jpg,cleaned/cattle/kankrej/kankrej_0006.jpg,cattle,cow_kankrej,Kankrej,Gujarat and Rajasthan,ICAR-NBAGR / Institutional Research Archive,https://nbagr.res.in/cattle-breed,https://nbagr.res.in/cattle-breed,Government Open Access / Academic Research,https://nbagr.res.in,ICAR-NBAGR / State Veterinary Universities,2026-09-17 13:59:36 UTC,1920,1280,563265,JPEG,ff58dfec937b58b6cdbf585f0a369f40f5c437aa34a95fad16ccfe2466aadc10,a1464f2573767127058e9332aa9b58de,verified,Verified authentic Kankrej cattle photograph (1920x1280)
COW_KANKREJ_0007,kankrej_0007.jpg,cleaned/cattle/kankrej/kankrej_0007.jpg,cattle,cow_kankrej,Kankrej,Gujarat and Rajasthan,ICAR-NBAGR / Institutional Research Archive,https://nbagr.res.in/cattle-breed,https://nbagr.res.in/cattle-breed,Government Open Access / Academic Research,https://nbagr.res.in,ICAR-NBAGR / State Veterinary Universities,2026-09-17 13:59:36 UTC,1186,1186,582926,JPEG,dec057a25e6b55c47ce7bbcacab86564b47a18d64cb88c6ed347ea5a4e6f78e0,83ee74efa64ccf70577dcab3a73d0cfd,verified,Verified authentic Kankrej cattle photograph (1186x1186)
COW_KANKREJ_0008,kankrej_0008.jpg,cleaned/cattle/kankrej/kankrej_0008.jpg,cattle,cow_kankrej,Kankrej,Gujarat and Rajasthan,ICAR-NBAGR / Institutional Research Archive,https://nbagr.res.in/cattle-breed,https://nbagr.res.in/cattle-breed,Government Open Access / Academic Research,https://nbagr.res.in,ICAR-NBAGR / State Veterinary Universities,2026-09-17 13:59:37 UTC,5184,3456,8425254,JPEG,97cfc33bae1077138944506eca8f05b0eea9341da760f57cbebd893ab1f2b3c7,69564af4d7eaad0ffb934ea9ca46df86,verified,Verified authentic Kankrej cattle photograph (5184x3456)
COW_KANKREJ_0009,kankrej_0009.jpg,cleaned/cattle/kankrej/kankrej_0009.jpg,cattle,cow_kankrej,Kankrej,Gujarat and Rajasthan,ICAR-NBAGR / Institutional Research Archive,https://nbagr.res.in/cattle-breed,https://nbagr.res.in/cattle-breed,Government Open Access / Academic Research,https://nbagr.res.in,ICAR-NBAGR / State Veterinary Universities,2026-09-17 13:59:38 UTC,3759,2821,4655068,JPEG,c0274845ac08253204e8ce9c2d39ed60d85fdb4f82ce9dbd47b0188936e3c49c,ddaed5bbc6b03937ce8da61fdc66831f,verified,Verified authentic Kankrej cattle photograph (3759x2821)
COW_KANKREJ_0010,kankrej_0010.jpg,cleaned/cattle/kankrej/kankrej_0010.jpg,cattle,cow_kankrej,Kankrej,Gujarat and Rajasthan,ICAR-NBAGR / Institutional Research Archive,https://nbagr.res.in/cattle-breed,https://nbagr.res.in/cattle-breed,Government Open Access / Academic Research,https://nbagr.res.in,ICAR-NBAGR / State Veterinary Universities,2026-09-17 13:59:39 UTC,5184,3456,5825461,JPEG,f3bab42b53068e672238c9ab006d13718713ae08803eabebf4b16ee34d9b8017,e98d9a2eb07ac6b3ce5bf0e75adecaad,verified,Verified authentic Kankrej cattle photograph (5184x3456)
COW_KANKREJ_0011,kankrej_0011.jpg,cleaned/cattle/kankrej/kankrej_0011.jpg,cattle,cow_kankrej,Kankrej,Gujarat and Rajasthan,ICAR-NBAGR / Institutional Research Archive,https://nbagr.res.in/cattle-breed,https://nbagr.res.in/cattle-breed,Government Open Access / Academic Research,https://nbagr.res.in,ICAR-NBAGR / State Veterinary Universities,2026-09-17 13:59:39 UTC,4060,3047,3585181,JPEG,a68e9c9cb23830fb509b7ee364a3bca808a0ba309ff1e67ae9d90a65458bf662,02d8d72d6c5977df472ec6f18de373de,verified,Verified authentic Kankrej cattle photograph (4060x3047)
COW_KANKREJ_0012,kankrej_0012.jpg,cleaned/cattle/kankrej/kankrej_0012.jpg,cattle,cow_kankrej,Kankrej,Gujarat and Rajasthan,ICAR-NBAGR / Institutional Research Archive,https://nbagr.res.in/cattle-breed,https://nbagr.res.in/cattle-breed,Government Open Access / Academic Research,https://nbagr.res.in,ICAR-NBAGR / State Veterinary Universities,2026-09-17 13:59:39 UTC,4416,3072,1852302,JPEG,fe1d10018b351904c53e775f1ed8145dd5d585a0ec6e2564bf97d35a062953dd,dbf1c55f91960c1a9fa38da752e6c95d,verified,Verified authentic Kankrej cattle photograph (4416x3072)
COW_KANKREJ_0013,kankrej_0013.jpg,cleaned/cattle/kankrej/kankrej_0013.jpg,cattle,cow_kankrej,Kankrej,Gujarat and Rajasthan,ICAR-NBAGR / Institutional Research Archive,https://nbagr.res.in/cattle-breed,https://nbagr.res.in/cattle-breed,Government Open Access / Academic Research,https://nbagr.res.in,ICAR-NBAGR / State Veterinary Universities,2026-09-17 13:59:39 UTC,1080,1440,445391,JPEG,70adf368161e6a4fa6ed566db22092d6743a3beedd89348cbb20a90d5355009a,fa4f7f13cf513d2a0349c75094152cb3,verified,Verified authentic Kankrej cattle photograph (1080x1440)
COW_KANKREJ_0015,kankrej_0015.jpg,cleaned/cattle/kankrej/kankrej_0015.jpg,cattle,cow_kankrej,Kankrej,Gujarat and Rajasthan,ICAR-NBAGR / Institutional Research Archive,https://nbagr.res.in/cattle-breed,https://nbagr.res.in/cattle-breed,Government Open Access / Academic Research,https://nbagr.res.in,ICAR-NBAGR / State Veterinary Universities,2026-09-17 13:59:41 UTC,1416,906,384633,JPEG,c7f068786a83762708b6825ce7513d89768eb1907589a819bf9c164972ec503e,7a93871c9e0f28d88179a93216071f90,verified,Verified authentic Kankrej cattle photograph (1416x906)
COW_KANKREJ_0016,kankrej_0016.jpg,cleaned/cattle/kankrej/kankrej_0016.jpg,cattle,cow_kankrej,Kankrej,Gujarat and Rajasthan,ICAR-NBAGR / Institutional Research Archive,https://nbagr.res.in/cattle-breed,https://nbagr.res.in/cattle-breed,Government Open Access / Academic Research,https://nbagr.res.in,ICAR-NBAGR / State Veterinary Universities,2026-09-17 13:59:41 UTC,1600,790,364667,JPEG,f8f7c6718058e7a0972eea4fe1c849e63ecde6645b8ad768b6c12914e517f3a9,8002624b113c6b69d104115cee7fd4f4,verified,Verified authentic Kankrej cattle photograph (1600x790)
COW_KATHANI_0001,kathani_0001.jpg,cleaned/cattle/kathani/kathani_0001.jpg,cattle,cow_kathani,Kathani,Maharashtra,ICAR-NBAGR / Institutional Research Archive,https://nbagr.res.in/cattle-breed,https://nbagr.res.in/cattle-breed,Government Open Access / Academic Research,https://nbagr.res.in,ICAR-NBAGR / State Veterinary Universities,2026-09-17 13:59:41 UTC,900,496,221774,JPEG,56656f4434258a89f59b9a0042828f32a883a1ee3d557bea86779640912d7854,6c9054e015c500ab34be634172f5b8f3,verified,Verified authentic Kathani cattle photograph (900x496)
COW_KATHANI_0002,kathani_0002.jpg,cleaned/cattle/kathani/kathani_0002.jpg,cattle,cow_kathani,Kathani,Maharashtra,ICAR-NBAGR / Institutional Research Archive,https://nbagr.res.in/cattle-breed,https://nbagr.res.in/cattle-breed,Government Open Access / Academic Research,https://nbagr.res.in,ICAR-NBAGR / State Veterinary Universities,2026-09-17 13:59:41 UTC,253,190,27478,JPEG,6d0cf646031d319c3f2792a2e0ebe96d78a9cfea2dba95406d9c0cb82452f609,871e0f33e25de53cfb1ccb28b2d0e6c9,verified,Verified authentic Kathani cattle photograph (253x190)
COW_KENKATHA_0001,kenkatha_0001.jpg,cleaned/cattle/kenkatha/kenkatha_0001.jpg,cattle,cow_kenkatha,Kenkatha,Uttar Pradesh and Madhya Pradesh,ICAR-NBAGR / Institutional Research Archive,https://nbagr.res.in/cattle-breed,https://nbagr.res.in/cattle-breed,Government Open Access / Academic Research,https://nbagr.res.in,ICAR-NBAGR / State Veterinary Universities,2026-09-17 13:59:42 UTC,5184,3456,6814653,JPEG,029d8145dfb9809b0da14259a5d4e3b9445818d41b60d90930f2b7a5ff422ec8,0656fbe7cbd6bdcf2f40d4ac5fc02381,verified,Verified authentic Kenkatha cattle photograph (5184x3456)
COW_KENKATHA_0002,kenkatha_0002.jpg,cleaned/cattle/kenkatha/kenkatha_0002.jpg,cattle,cow_kenkatha,Kenkatha,Uttar Pradesh and Madhya Pradesh,ICAR-NBAGR / Institutional Research Archive,https://nbagr.res.in/cattle-breed,https://nbagr.res.in/cattle-breed,Government Open Access / Academic Research,https://nbagr.res.in,ICAR-NBAGR / State Veterinary Universities,2026-09-17 13:59:42 UTC,5184,3456,5783368,JPEG,ae20a6133d690f8fe6987e008bfd127a2e40fce32766682ea51638a844efa94f,4b4edcfbc2b512441c242adc0d7480c8,verified,Verified authentic Kenkatha cattle photograph (5184x3456)
COW_KHARIAR_0001,khariar_0001.jpg,cleaned/cattle/khariar/khariar_0001.jpg,cattle,cow_khariar,Khariar,Odisha,ICAR-NBAGR / Institutional Research Archive,https://nbagr.res.in/cattle-breed,https://nbagr.res.in/cattle-breed,Government Open Access / Academic Research,https://nbagr.res.in,ICAR-NBAGR / State Veterinary Universities,2026-09-17 13:59:42 UTC,360,270,34115,JPEG,1d92edf8c10a72cf1d2ff89b8c509985456ef16e5552576fb1f23ff5089605aa,bba88d372407774c625ba0c55fefc849,verified,Verified authentic Khariar cattle photograph (360x270)
COW_KHERIGARH_0001,kherigarh_0001.jpg,cleaned/cattle/kherigarh/kherigarh_0001.jpg,cattle,cow_kherigarh,Kherigarh,Uttar Pradesh,ICAR-NBAGR / Institutional Research Archive,https://nbagr.res.in/cattle-breed,https://nbagr.res.in/cattle-breed,Government Open Access / Academic Research,https://nbagr.res.in,ICAR-NBAGR / State Veterinary Universities,2026-09-17 13:59:43 UTC,5184,3456,4684858,JPEG,bc84f3dd116af784668262ed08da146d0b03b54b37df4801da012d5c639e8644,33306b5b9d66f82d6503c3ad7f454d74,verified,Verified authentic Kherigarh cattle photograph (5184x3456)
COW_KHERIGARH_0002,kherigarh_0002.jpg,cleaned/cattle/kherigarh/kherigarh_0002.jpg,cattle,cow_kherigarh,Kherigarh,Uttar Pradesh,ICAR-NBAGR / Institutional Research Archive,https://nbagr.res.in/cattle-breed,https://nbagr.res.in/cattle-breed,Government Open Access / Academic Research,https://nbagr.res.in,ICAR-NBAGR / State Veterinary Universities,2026-09-17 13:59:44 UTC,5184,3456,6139651,JPEG,b857c7731088877c23d6a82079b23e2923c50bb6c2f6369daa81db5c575274ed,825f6e70ea52cae9900eb7a273282c51,verified,Verified authentic Kherigarh cattle photograph (5184x3456)
COW_KHILLAR_0001,khillar_0001.jpg,cleaned/cattle/khillar/khillar_0001.jpg,cattle,cow_khillar,Khillar,Maharashtra and Karnataka,ICAR-NBAGR / Institutional Research Archive,https://nbagr.res.in/cattle-breed,https://nbagr.res.in/cattle-breed,Government Open Access / Academic Research,https://nbagr.res.in,ICAR-NBAGR / State Veterinary Universities,2026-09-17 13:59:44 UTC,277,182,18241,JPEG,f73eb1856d505c1d46d97cea8b423567cc703d63b0181f2300ba7e0d6db0e009,22e1f8cfd144441e96c1499cabd8481c,verified,Verified authentic Khillar cattle photograph (277x182)
COW_KHILLAR_0002,khillar_0002.jpg,cleaned/cattle/khillar/khillar_0002.jpg,cattle,cow_khillar,Khillar,Maharashtra and Karnataka,ICAR-NBAGR / Institutional Research Archive,https://nbagr.res.in/cattle-breed,https://nbagr.res.in/cattle-breed,Government Open Access / Academic Research,https://nbagr.res.in,ICAR-NBAGR / State Veterinary Universities,2026-09-17 13:59:45 UTC,5184,3456,6124598,JPEG,7504e35976f58dfa4a9ce88412fc94069c6c77c3f29df542a6218c7e80b0f8ba,84d904bd4f6b5669bc0ba4f994674963,verified,Verified authentic Khillar cattle photograph (5184x3456)
COW_KONKAN_KAPILA_0001,konkan_kapila_0001.jpg,cleaned/cattle/konkan_kapila/konkan_kapila_0001.jpg,cattle,cow_konkan_kapila,Konkan Kapila,Maharashtra and Goa,ICAR-NBAGR / Institutional Research Archive,https://nbagr.res.in/cattle-breed,https://nbagr.res.in/cattle-breed,Government Open Access / Academic Research,https://nbagr.res.in,ICAR-NBAGR / State Veterinary Universities,2026-09-17 13:59:45 UTC,598,448,157884,JPEG,d0a3bf5cb400002e51032c3c9c52f2007a0409222f50ff0f57e564cc386a4851,9181e4d6908aaacbf9c5a9219574d8db,verified,Verified authentic Konkan Kapila cattle photograph (598x448)
COW_KONKAN_KAPILA_0002,konkan_kapila_0002.jpg,cleaned/cattle/konkan_kapila/konkan_kapila_0002.jpg,cattle,cow_konkan_kapila,Konkan Kapila,Maharashtra and Goa,ICAR-NBAGR / Institutional Research Archive,https://nbagr.res.in/cattle-breed,https://nbagr.res.in/cattle-breed,Government Open Access / Academic Research,https://nbagr.res.in,ICAR-NBAGR / State Veterinary Universities,2026-09-17 13:59:45 UTC,593,445,148592,JPEG,ebc71fc7ac7563205130b662a85d45f731e660fec34d187867db428847793eaa,0c2298728b8fe24152df2ed1e4206c0a,verified,Verified authentic Konkan Kapila cattle photograph (593x445)
COW_KOPPAL_0001,koppal_0001.jpg,cleaned/cattle/koppal/koppal_0001.jpg,cattle,cow_koppal,Koppal,Karnataka,ICAR-NBAGR / Institutional Research Archive,https://nbagr.res.in/cattle-breed,https://nbagr.res.in/cattle-breed,Government Open Access / Academic Research,https://nbagr.res.in,ICAR-NBAGR / State Veterinary Universities,2026-09-17 13:59:45 UTC,5184,3456,6115120,JPEG,86b1d104c2a835d91436ad3827c0a5fa69f8087f13d47dd027e137177fcb7a9c,0355193ca8fffb2b29cf5110bc9bb3c4,verified,Verified authentic Koppal cattle photograph (5184x3456)
COW_KOPPAL_0002,koppal_0002.jpg,cleaned/cattle/koppal/koppal_0002.jpg,cattle,cow_koppal,Koppal,Karnataka,ICAR-NBAGR / Institutional Research Archive,https://nbagr.res.in/cattle-breed,https://nbagr.res.in/cattle-breed,Government Open Access / Academic Research,https://nbagr.res.in,ICAR-NBAGR / State Veterinary Universities,2026-09-17 13:59:45 UTC,1600,1200,794150,JPEG,7f8fb2202ad71810c94f7a1192d1c859e6e4b732e75081e5eec22ba8d69d1086,1fbc288d37ee1efd0f6e04a2a4a59297,verified,Verified authentic Koppal cattle photograph (1600x1200)
COW_KOPPAL_0003,koppal_0003.jpg,cleaned/cattle/koppal/koppal_0003.jpg,cattle,cow_koppal,Koppal,Karnataka,ICAR-NBAGR / Institutional Research Archive,https://nbagr.res.in/cattle-breed,https://nbagr.res.in/cattle-breed,Government Open Access / Academic Research,https://nbagr.res.in,ICAR-NBAGR / State Veterinary Universities,2026-09-17 13:59:46 UTC,1600,1200,631311,JPEG,a2ee0b12f01b02bf177152f6e52f71b08372470fe0a5916d07bbb48a910ee4dd,7de3e427ad3df85b9e19a2fa74e00b5f,verified,Verified authentic Koppal cattle photograph (1600x1200)
COW_KOSALI_0001,kosali_0001.jpg,cleaned/cattle/kosali/kosali_0001.jpg,cattle,cow_kosali,Kosali,Chhattisgarh,ICAR-NBAGR / Institutional Research Archive,https://nbagr.res.in/cattle-breed,https://nbagr.res.in/cattle-breed,Government Open Access / Academic Research,https://nbagr.res.in,ICAR-NBAGR / State Veterinary Universities,2026-09-17 13:59:46 UTC,360,185,22126,JPEG,75226a6ed9ec3248aa53323359a658e7feb647ab08925ef265099c5b67ef8a1a,06a1e89488b57cc670c767dabba1ec6a,verified,Verified authentic Kosali cattle photograph (360x185)
COW_KOSALI_0002,kosali_0002.jpg,cleaned/cattle/kosali/kosali_0002.jpg,cattle,cow_kosali,Kosali,Chhattisgarh,ICAR-NBAGR / Institutional Research Archive,https://nbagr.res.in/cattle-breed,https://nbagr.res.in/cattle-breed,Government Open Access / Academic Research,https://nbagr.res.in,ICAR-NBAGR / State Veterinary Universities,2026-09-17 13:59:46 UTC,877,259,90771,JPEG,224c199bbc0ba2b3c9ee0e1c6c1711263116cd3296457e20f3f4044c8fb5c2b9,b3b67a23b9bf3183aa5245a999fb5c73,verified,Verified authentic Kosali cattle photograph (877x259)
COW_KRISHNA_VALLEY_0001,krishna_valley_0001.jpg,cleaned/cattle/krishna_valley/krishna_valley_0001.jpg,cattle,cow_krishna_valley,Krishna Valley,Karnataka,ICAR-NBAGR / Institutional Research Archive,https://nbagr.res.in/cattle-breed,https://nbagr.res.in/cattle-breed,Government Open Access / Academic Research,https://nbagr.res.in,ICAR-NBAGR / State Veterinary Universities,2026-09-17 13:59:46 UTC,5184,3456,7505290,JPEG,b37b4f7dddd1aa01f9831ef6f4c76f316ec778f621490f23bfcb0acd54e8b389,1de7b1c8e1bed3cd5e353bae12f6ba19,verified,Verified authentic Krishna Valley cattle photograph (5184x3456)
COW_KRISHNA_VALLEY_0002,krishna_valley_0002.jpg,cleaned/cattle/krishna_valley/krishna_valley_0002.jpg,cattle,cow_krishna_valley,Krishna Valley,Karnataka,ICAR-NBAGR / Institutional Research Archive,https://nbagr.res.in/cattle-breed,https://nbagr.res.in/cattle-breed,Government Open Access / Academic Research,https://nbagr.res.in,ICAR-NBAGR / State Veterinary Universities,2026-09-17 13:59:47 UTC,5184,3456,6612125,JPEG,2a70cc6ec057302cbbb4ececfd41997fed1362fa863775672c9335b2f1d016f9,d5f9c57023399a00191369a3827f326f,verified,Verified authentic Krishna Valley cattle photograph (5184x3456)
COW_LADAKHI_0001,ladakhi_0001.jpg,cleaned/cattle/ladakhi/ladakhi_0001.jpg,cattle,cow_ladakhi,Ladakhi,Jammu and Kashmir,ICAR-NBAGR / Institutional Research Archive,https://nbagr.res.in/cattle-breed,https://nbagr.res.in/cattle-breed,Government Open Access / Academic Research,https://nbagr.res.in,ICAR-NBAGR / State Veterinary Universities,2026-09-17 13:59:48 UTC,4240,2400,3253866,MPO,b235b1424d8d37ff81078434e9a0b7c238bc66dffaccac2c5de61f342ab88257,6a87dda29396641b657779f36fd6ed15,verified,Verified authentic Ladakhi cattle photograph (4240x2400)
COW_LADAKHI_0002,ladakhi_0002.jpg,cleaned/cattle/ladakhi/ladakhi_0002.jpg,cattle,cow_ladakhi,Ladakhi,Jammu and Kashmir,ICAR-NBAGR / Institutional Research Archive,https://nbagr.res.in/cattle-breed,https://nbagr.res.in/cattle-breed,Government Open Access / Academic Research,https://nbagr.res.in,ICAR-NBAGR / State Veterinary Universities,2026-09-17 13:59:48 UTC,4240,2400,3022708,MPO,039173eecec00477c5c9de1cf93d090c345fcfcfac6248f6fb4b3f07bec9cadc,064a2a7058f37cee8eddf164b558437f,verified,Verified authentic Ladakhi cattle photograph (4240x2400)
COW_LADAKHI_0003,ladakhi_0003.jpg,cleaned/cattle/ladakhi/ladakhi_0003.jpg,cattle,cow_ladakhi,Ladakhi,Jammu and Kashmir,ICAR-NBAGR / Institutional Research Archive,https://nbagr.res.in/cattle-breed,https://nbagr.res.in/cattle-breed,Government Open Access / Academic Research,https://nbagr.res.in,ICAR-NBAGR / State Veterinary Universities,2026-09-17 13:59:48 UTC,4240,2400,2984564,MPO,466d7022a49d2ca2dfdd72bf27582f8e839431485183dbed7a14572684bbcd62,6422992fdbc2da78d57457f224d0d652,verified,Verified authentic Ladakhi cattle photograph (4240x2400)
COW_LADAKHI_0004,ladakhi_0004.jpg,cleaned/cattle/ladakhi/ladakhi_0004.jpg,cattle,cow_ladakhi,Ladakhi,Jammu and Kashmir,ICAR-NBAGR / Institutional Research Archive,https://nbagr.res.in/cattle-breed,https://nbagr.res.in/cattle-breed,Government Open Access / Academic Research,https://nbagr.res.in,ICAR-NBAGR / State Veterinary Universities,2026-09-17 13:59:49 UTC,4240,2400,3645944,MPO,9599658be7d24e6936dd7961ef9c43fc9a3ee727af1e005da604a3ac5a24ca66,3228a9ce866b1e12a3d7f310ca7e23c9,verified,Verified authentic Ladakhi cattle photograph (4240x2400)
COW_LADAKHI_0005,ladakhi_0005.jpg,cleaned/cattle/ladakhi/ladakhi_0005.jpg,cattle,cow_ladakhi,Ladakhi,Jammu and Kashmir,ICAR-NBAGR / Institutional Research Archive,https://nbagr.res.in/cattle-breed,https://nbagr.res.in/cattle-breed,Government Open Access / Academic Research,https://nbagr.res.in,ICAR-NBAGR / State Veterinary Universities,2026-09-17 13:59:49 UTC,4240,2400,3444507,MPO,97d3c5d90f3cf3b98f14768e1e61f7aedb900c3c72baf2128233d439a459b4b6,e8f32a5d078e986ac80352e44500b2d1,verified,Verified authentic Ladakhi cattle photograph (4240x2400)
COW_LAKHIMI_0001,lakhimi_0001.jpg,cleaned/cattle/lakhimi/lakhimi_0001.jpg,cattle,cow_lakhimi,Lakhimi,Assam,ICAR-NBAGR / Institutional Research Archive,https://nbagr.res.in/cattle-breed,https://nbagr.res.in/cattle-breed,Government Open Access / Academic Research,https://nbagr.res.in,ICAR-NBAGR / State Veterinary Universities,2026-09-17 13:59:49 UTC,574,430,118203,JPEG,b3901c01b4dffa3d6efc06896c396b4baa82f70abae9773978c3dd3a3b6210ff,81308f76dca946e519be66c0b5c3a10e,verified,Verified authentic Lakhimi cattle photograph (574x430)
COW_LAKHIMI_0002,lakhimi_0002.jpg,cleaned/cattle/lakhimi/lakhimi_0002.jpg,cattle,cow_lakhimi,Lakhimi,Assam,ICAR-NBAGR / Institutional Research Archive,https://nbagr.res.in/cattle-breed,https://nbagr.res.in/cattle-breed,Government Open Access / Academic Research,https://nbagr.res.in,ICAR-NBAGR / State Veterinary Universities,2026-09-17 13:59:49 UTC,574,430,121459,JPEG,313af9be72d97032ffa339cff96993f42f400a3b0520a583e0ee8e6034e91fdf,7f3e0b13213eb27e50eebc5e61762302,verified,Verified authentic Lakhimi cattle photograph (574x430)
COW_MAHAKAUSHALI_0001,mahakaushali_0001.jpg,cleaned/cattle/mahakaushali/mahakaushali_0001.jpg,cattle,cow_mahakaushali,Mahakaushali,Madhya Pradesh,ICAR-NBAGR / Institutional Research Archive,https://nbagr.res.in/cattle-breed,https://nbagr.res.in/cattle-breed,Government Open Access / Academic Research,https://nbagr.res.in,ICAR-NBAGR / State Veterinary Universities,2026-09-17 13:59:49 UTC,492,327,56557,PNG,ac9cffe8aac36460d77ed63062b74d191ab5881f4a2f5a4db4a9f4fe71670006,9ef6e3637f20391f74b92657c59e6e95,verified,Verified authentic Mahakaushali cattle photograph (492x327)
COW_MAHAKAUSHALI_0002,mahakaushali_0002.jpg,cleaned/cattle/mahakaushali/mahakaushali_0002.jpg,cattle,cow_mahakaushali,Mahakaushali,Madhya Pradesh,ICAR-NBAGR / Institutional Research Archive,https://nbagr.res.in/cattle-breed,https://nbagr.res.in/cattle-breed,Government Open Access / Academic Research,https://nbagr.res.in,ICAR-NBAGR / State Veterinary Universities,2026-09-17 13:59:49 UTC,600,791,233934,JPEG,4edb4ae1f8f4a5497d9ada099276620953cd3a075ac00600a5dad0338bd50b21,38ffee25c0d3edd7a7064cb3aaec4198,verified,Verified authentic Mahakaushali cattle photograph (600x791)
COW_MALNAD_GIDDA_0001,malnad_gidda_0001.jpg,cleaned/cattle/malnad_gidda/malnad_gidda_0001.jpg,cattle,cow_malnad_gidda,Malnad Gidda,Karnataka,ICAR-NBAGR / Institutional Research Archive,https://nbagr.res.in/cattle-breed,https://nbagr.res.in/cattle-breed,Government Open Access / Academic Research,https://nbagr.res.in,ICAR-NBAGR / State Veterinary Universities,2026-09-17 13:59:50 UTC,5184,3456,4437642,JPEG,828a0cc53a14446e8abee8195c858772191e226603fe751b26ee6c4dabd2f31a,5f552ab9b254af4e6a1386e9535cea5e,verified,Verified authentic Malnad Gidda cattle photograph (5184x3456)
COW_MALNAD_GIDDA_0002,malnad_gidda_0002.jpg,cleaned/cattle/malnad_gidda/malnad_gidda_0002.jpg,cattle,cow_malnad_gidda,Malnad Gidda,Karnataka,ICAR-NBAGR / Institutional Research Archive,https://nbagr.res.in/cattle-breed,https://nbagr.res.in/cattle-breed,Government Open Access / Academic Research,https://nbagr.res.in,ICAR-NBAGR / State Veterinary Universities,2026-09-17 13:59:51 UTC,5184,3456,5340136,JPEG,1cdaf1512231b59df6b84e628dc2c92d012548bbfb1f161fce7d8cd2e3e5609f,2f00aa456652cdd0076185f919f75bc4,verified,Verified authentic Malnad Gidda cattle photograph (5184x3456)
COW_MALVI_0001,malvi_0001.jpg,cleaned/cattle/malvi/malvi_0001.jpg,cattle,cow_malvi,Malvi,Madhya Pradesh,ICAR-NBAGR / Institutional Research Archive,https://nbagr.res.in/cattle-breed,https://nbagr.res.in/cattle-breed,Government Open Access / Academic Research,https://nbagr.res.in,ICAR-NBAGR / State Veterinary Universities,2026-09-17 13:59:51 UTC,5184,3456,5503334,JPEG,678ba3abb596d53192d17b9eed76e25a2da7ef5c8df97fcac66c17623780c74c,a952829388f6d76b339ba3f7e9542100,verified,Verified authentic Malvi cattle photograph (5184x3456)
COW_MALVI_0002,malvi_0002.jpg,cleaned/cattle/malvi/malvi_0002.jpg,cattle,cow_malvi,Malvi,Madhya Pradesh,ICAR-NBAGR / Institutional Research Archive,https://nbagr.res.in/cattle-breed,https://nbagr.res.in/cattle-breed,Government Open Access / Academic Research,https://nbagr.res.in,ICAR-NBAGR / State Veterinary Universities,2026-09-17 13:59:52 UTC,5184,3456,5254619,JPEG,c5cacc2783a4a42ef9ac3fbcdcfc1e646db5e32d0ddfb105831d705fc6edca06,77fa1e8c0465a5b95deb2eddfd1758be,verified,Verified authentic Malvi cattle photograph (5184x3456)
COW_MALVI_0003,malvi_0003.jpg,cleaned/cattle/malvi/malvi_0003.jpg,cattle,cow_malvi,Malvi,Madhya Pradesh,ICAR-NBAGR / Institutional Research Archive,https://nbagr.res.in/cattle-breed,https://nbagr.res.in/cattle-breed,Government Open Access / Academic Research,https://nbagr.res.in,ICAR-NBAGR / State Veterinary Universities,2026-09-17 13:59:53 UTC,3024,4032,4167045,JPEG,6b165184cc9f1c239b2b614f6d2fcd5ef3f2d616691d466b07ba2115694882b8,a0711ba2e06bfc78d419d68fe60f8f09,verified,Verified authentic Malvi cattle photograph (3024x4032)
COW_MASILUM_0001,masilum_0001.jpg,cleaned/cattle/masilum/masilum_0001.jpg,cattle,cow_masilum,Masilum,Meghalaya,ICAR-NBAGR / Institutional Research Archive,https://nbagr.res.in/cattle-breed,https://nbagr.res.in/cattle-breed,Government Open Access / Academic Research,https://nbagr.res.in,ICAR-NBAGR / State Veterinary Universities,2026-09-17 13:59:53 UTC,268,190,21451,JPEG,530b8c59005689c4f1282437e44f27b009c9e6d644250f19ba82b07172f6548d,43d983b6902115042062fd0818387185,verified,Verified authentic Masilum cattle photograph (268x190)
COW_MASILUM_0002,masilum_0002.jpg,cleaned/cattle/masilum/masilum_0002.jpg,cattle,cow_masilum,Masilum,Meghalaya,ICAR-NBAGR / Institutional Research Archive,https://nbagr.res.in/cattle-breed,https://nbagr.res.in/cattle-breed,Government Open Access / Academic Research,https://nbagr.res.in,ICAR-NBAGR / State Veterinary Universities,2026-09-17 13:59:53 UTC,300,240,34388,JPEG,31b7df408f270353bedc9fe391c6a03b45db630d876e2150bf0f4c5cafb184b0,3f141722a90eaa2a489b88c856ba2895,verified,Verified authentic Masilum cattle photograph (300x240)
COW_MEDINI_0001,medini_0001.jpg,cleaned/cattle/medini/medini_0001.jpg,cattle,cow_medini,Medini,Jharkhand,ICAR-NBAGR / Institutional Research Archive,https://nbagr.res.in/cattle-breed,https://nbagr.res.in/cattle-breed,Government Open Access / Academic Research,https://nbagr.res.in,ICAR-NBAGR / State Veterinary Universities,2026-09-17 13:59:53 UTC,2369,1814,1686010,JPEG,8c0eaae7f74dfb08a39f3c9d9069efbf82bbe8b5e0bfa7ce7f1dbe46a84c4633,750e0b5a79704274b114d22d12cee07f,verified,Verified authentic Medini cattle photograph (2369x1814)
COW_MEDINI_0002,medini_0002.jpg,cleaned/cattle/medini/medini_0002.jpg,cattle,cow_medini,Medini,Jharkhand,ICAR-NBAGR / Institutional Research Archive,https://nbagr.res.in/cattle-breed,https://nbagr.res.in/cattle-breed,Government Open Access / Academic Research,https://nbagr.res.in,ICAR-NBAGR / State Veterinary Universities,2026-09-17 13:59:53 UTC,3000,2193,2970477,JPEG,afed1c9ce90aa5575c37315e47ba794bffff4162c5f4fe87f126d4907839a9e5,afff6d737cd43526b6da334917034202,verified,Verified authentic Medini cattle photograph (3000x2193)
COW_MEDINI_0003,medini_0003.jpg,cleaned/cattle/medini/medini_0003.jpg,cattle,cow_medini,Medini,Jharkhand,ICAR-NBAGR / Institutional Research Archive,https://nbagr.res.in/cattle-breed,https://nbagr.res.in/cattle-breed,Government Open Access / Academic Research,https://nbagr.res.in,ICAR-NBAGR / State Veterinary Universities,2026-09-17 13:59:53 UTC,3000,2469,4176952,JPEG,efbbe0ce1cc7bcad68f04e1ab029018012097de6230d03b1a594d26e300272f7,03f2c9c22965343dbe9d677e6fe285e0,verified,Verified authentic Medini cattle photograph (3000x2469)
COW_MEWATI_0001,mewati_0001.jpg,cleaned/cattle/mewati/mewati_0001.jpg,cattle,cow_mewati,Mewati,"Rajasthan, Haryana and Uttar Pradesh",ICAR-NBAGR / Institutional Research Archive,https://nbagr.res.in/cattle-breed,https://nbagr.res.in/cattle-breed,Government Open Access / Academic Research,https://nbagr.res.in,ICAR-NBAGR / State Veterinary Universities,2026-09-17 13:59:54 UTC,360,239,35807,JPEG,e190871c88b4ec60dcc1dd52ce059aa5515b3b0aef225d90d12c8ed004c33ce2,712cccf0b0d04de9e73a90ce01e0c400,verified,Verified authentic Mewati cattle photograph (360x239)
COW_MEWATI_0002,mewati_0002.jpg,cleaned/cattle/mewati/mewati_0002.jpg,cattle,cow_mewati,Mewati,"Rajasthan, Haryana and Uttar Pradesh",ICAR-NBAGR / Institutional Research Archive,https://nbagr.res.in/cattle-breed,https://nbagr.res.in/cattle-breed,Government Open Access / Academic Research,https://nbagr.res.in,ICAR-NBAGR / State Veterinary Universities,2026-09-17 13:59:54 UTC,300,300,35297,JPEG,bac3bc489e40194dc84d3106b5d27f63e6b8ddb50569109d2cd6309ab24d1afe,57b693bda406942f3b65423f94ece34f,verified,Verified authentic Mewati cattle photograph (300x300)
COW_MOTU_0001,motu_0001.jpg,cleaned/cattle/motu/motu_0001.jpg,cattle,cow_motu,Motu,"Odisha, Chhattisgarh and Andhra Pradesh",ICAR-NBAGR / Institutional Research Archive,https://nbagr.res.in/cattle-breed,https://nbagr.res.in/cattle-breed,Government Open Access / Academic Research,https://nbagr.res.in,ICAR-NBAGR / State Veterinary Universities,2026-09-17 13:59:54 UTC,1440,3200,1993901,JPEG,c997679537a61806957b09dca48af77f274fbb56e22c227644145b2195a90039,870ef35d46db4e15ba95c790eccccc43,verified,Verified authentic Motu cattle photograph (1440x3200)
COW_MOTU_0002,motu_0002.jpg,cleaned/cattle/motu/motu_0002.jpg,cattle,cow_motu,Motu,"Odisha, Chhattisgarh and Andhra Pradesh",ICAR-NBAGR / Institutional Research Archive,https://nbagr.res.in/cattle-breed,https://nbagr.res.in/cattle-breed,Government Open Access / Academic Research,https://nbagr.res.in,ICAR-NBAGR / State Veterinary Universities,2026-09-17 13:59:54 UTC,3264,2448,1616990,JPEG,0b000c2bb33f1657a885d85106aa8506d99beb114141157564dc889de84e6d9f,58118edb7e73f00a8f26d081d314cf7f,verified,Verified authentic Motu cattle photograph (3264x2448)
COW_NAGORI_0001,nagori_0001.jpg,cleaned/cattle/nagori/nagori_0001.jpg,cattle,cow_nagori,Nagori,Rajasthan,ICAR-NBAGR / Institutional Research Archive,https://nbagr.res.in/cattle-breed,https://nbagr.res.in/cattle-breed,Government Open Access / Academic Research,https://nbagr.res.in,ICAR-NBAGR / State Veterinary Universities,2026-09-17 13:59:54 UTC,1147,780,235887,JPEG,4179b149e75d27c109a47375fbd42d3707653805b781406dbd1d4e04e035134d,2b72dc95b1e989e7ed45cd2f3f86788d,verified,Verified authentic Nagori cattle photograph (1147x780)
COW_NAGORI_0002,nagori_0002.jpg,cleaned/cattle/nagori/nagori_0002.jpg,cattle,cow_nagori,Nagori,Rajasthan,ICAR-NBAGR / Institutional Research Archive,https://nbagr.res.in/cattle-breed,https://nbagr.res.in/cattle-breed,Government Open Access / Academic Research,https://nbagr.res.in,ICAR-NBAGR / State Veterinary Universities,2026-09-17 13:59:55 UTC,4032,3024,4278781,JPEG,e2cb83d85f20ea9e5ec453f6f0daf8754f82bb82b5948fec46127dee81a68ff2,ff140c719af79950a7f9859785bd75cd,verified,Verified authentic Nagori cattle photograph (4032x3024)
COW_NAGORI_0003,nagori_0003.jpg,cleaned/cattle/nagori/nagori_0003.jpg,cattle,cow_nagori,Nagori,Rajasthan,ICAR-NBAGR / Institutional Research Archive,https://nbagr.res.in/cattle-breed,https://nbagr.res.in/cattle-breed,Government Open Access / Academic Research,https://nbagr.res.in,ICAR-NBAGR / State Veterinary Universities,2026-09-17 13:59:55 UTC,1280,1263,645220,JPEG,3dac423213a628d47e57687078ffad074f7c2ef122e360129d86985223d9d515,430d23ff4238db6be0b7e84b2adc1d54,verified,Verified authentic Nagori cattle photograph (1280x1263)
COW_NAGORI_0004,nagori_0004.jpg,cleaned/cattle/nagori/nagori_0004.jpg,cattle,cow_nagori,Nagori,Rajasthan,ICAR-NBAGR / Institutional Research Archive,https://nbagr.res.in/cattle-breed,https://nbagr.res.in/cattle-breed,Government Open Access / Academic Research,https://nbagr.res.in,ICAR-NBAGR / State Veterinary Universities,2026-09-17 13:59:55 UTC,488,409,110928,JPEG,c42ae2156b374de1880aeb56b61b3bebdf5b9575971857fd30b291585c207fa3,0d3855c51a801344475d80116408448b,verified,Verified authentic Nagori cattle photograph (488x409)
COW_NAGORI_0005,nagori_0005.jpg,cleaned/cattle/nagori/nagori_0005.jpg,cattle,cow_nagori,Nagori,Rajasthan,ICAR-NBAGR / Institutional Research Archive,https://nbagr.res.in/cattle-breed,https://nbagr.res.in/cattle-breed,Government Open Access / Academic Research,https://nbagr.res.in,ICAR-NBAGR / State Veterinary Universities,2026-09-17 13:59:55 UTC,3024,2045,1077572,JPEG,91fd147bf3d3d977254de58af894080aac06dd87f1b132d69c7e8363f068a261,9413b32454f0d8b23219216d240b3afc,verified,Verified authentic Nagori cattle photograph (3024x2045)
COW_NAGORI_0006,nagori_0006.jpg,cleaned/cattle/nagori/nagori_0006.jpg,cattle,cow_nagori,Nagori,Rajasthan,ICAR-NBAGR / Institutional Research Archive,https://nbagr.res.in/cattle-breed,https://nbagr.res.in/cattle-breed,Government Open Access / Academic Research,https://nbagr.res.in,ICAR-NBAGR / State Veterinary Universities,2026-09-17 13:59:55 UTC,4032,3024,5980659,JPEG,0626d18ba3b7794673301658832198c3263ecb5b409205f0ee89ac45ff70fa8d,b59f74478110465d8639e00d51ce923c,verified,Verified authentic Nagori cattle photograph (4032x3024)
COW_NAGORI_0007,nagori_0007.jpg,cleaned/cattle/nagori/nagori_0007.jpg,cattle,cow_nagori,Nagori,Rajasthan,ICAR-NBAGR / Institutional Research Archive,https://nbagr.res.in/cattle-breed,https://nbagr.res.in/cattle-breed,Government Open Access / Academic Research,https://nbagr.res.in,ICAR-NBAGR / State Veterinary Universities,2026-09-17 13:59:56 UTC,4032,3024,5021510,JPEG,f20cf4b54aae85b73314572077b64edfee6d6926da4006822ac2a72e2d11e784,3b8db0fd257a85e0b6c3bdeb0e3ee7e1,verified,Verified authentic Nagori cattle photograph (4032x3024)
COW_NAGORI_0008,nagori_0008.jpg,cleaned/cattle/nagori/nagori_0008.jpg,cattle,cow_nagori,Nagori,Rajasthan,ICAR-NBAGR / Institutional Research Archive,https://nbagr.res.in/cattle-breed,https://nbagr.res.in/cattle-breed,Government Open Access / Academic Research,https://nbagr.res.in,ICAR-NBAGR / State Veterinary Universities,2026-09-17 13:59:57 UTC,4032,2696,3924430,JPEG,9b54d2fbd2356afef0b0f60f1d503f040abe0c701e5608eeb7f4a321304e8826,6728e9ac1d6d29fe042503d65c995192,verified,Verified authentic Nagori cattle photograph (4032x2696)
COW_NAGORI_0009,nagori_0009.jpg,cleaned/cattle/nagori/nagori_0009.jpg,cattle,cow_nagori,Nagori,Rajasthan,ICAR-NBAGR / Institutional Research Archive,https://nbagr.res.in/cattle-breed,https://nbagr.res.in/cattle-breed,Government Open Access / Academic Research,https://nbagr.res.in,ICAR-NBAGR / State Veterinary Universities,2026-09-17 13:59:57 UTC,540,300,36162,JPEG,fa5be4b707e58d8760074389ffbbb57649037237b226950a517d2f2b258ec288,d70558710a093301f5faedab1a835297,verified,Verified authentic Nagori cattle photograph (540x300)
COW_NAGORI_0010,nagori_0010.jpg,cleaned/cattle/nagori/nagori_0010.jpg,cattle,cow_nagori,Nagori,Rajasthan,ICAR-NBAGR / Institutional Research Archive,https://nbagr.res.in/cattle-breed,https://nbagr.res.in/cattle-breed,Government Open Access / Academic Research,https://nbagr.res.in,ICAR-NBAGR / State Veterinary Universities,2026-09-17 13:59:57 UTC,5184,3456,4754196,JPEG,3f1fb924c0b6f368ec5acb6ae93df67b46bf800a179ec4603c07aaee54ed4dc0,d26df8065aaa98a2337e126a68eca777,verified,Verified authentic Nagori cattle photograph (5184x3456)
COW_NAGORI_0011,nagori_0011.jpg,cleaned/cattle/nagori/nagori_0011.jpg,cattle,cow_nagori,Nagori,Rajasthan,ICAR-NBAGR / Institutional Research Archive,https://nbagr.res.in/cattle-breed,https://nbagr.res.in/cattle-breed,Government Open Access / Academic Research,https://nbagr.res.in,ICAR-NBAGR / State Veterinary Universities,2026-09-17 13:59:58 UTC,5184,3456,6261688,JPEG,862e98eba92c573d35c42dbae1e0c39777a8c77fc3feffac47d5ef9a6bdb55ea,dd07830002a11d155a3181b2cdd05012,verified,Verified authentic Nagori cattle photograph (5184x3456)
COW_NAGORI_0012,nagori_0012.jpg,cleaned/cattle/nagori/nagori_0012.jpg,cattle,cow_nagori,Nagori,Rajasthan,ICAR-NBAGR / Institutional Research Archive,https://nbagr.res.in/cattle-breed,https://nbagr.res.in/cattle-breed,Government Open Access / Academic Research,https://nbagr.res.in,ICAR-NBAGR / State Veterinary Universities,2026-09-17 13:59:58 UTC,2736,3648,2952164,JPEG,13c9fd2e97ae9b8c27d681294de9b9c4174dcf6c4f10a2aa19c36c7002c97a88,a5838ca710a052f6b8028fce7d4f187c,verified,Verified authentic Nagori cattle photograph (2736x3648)
COW_NAGORI_0013,nagori_0013.jpg,cleaned/cattle/nagori/nagori_0013.jpg,cattle,cow_nagori,Nagori,Rajasthan,ICAR-NBAGR / Institutional Research Archive,https://nbagr.res.in/cattle-breed,https://nbagr.res.in/cattle-breed,Government Open Access / Academic Research,https://nbagr.res.in,ICAR-NBAGR / State Veterinary Universities,2026-09-17 13:59:59 UTC,4032,3024,5307908,MPO,9d5f3b386427e9a2f13d48be69fad97a7aa8eef74be73c258c99bd7e70ddeb63,da4ab92c6b91fb4a383d6b04e9cfd550,verified,Verified authentic Nagori cattle photograph (4032x3024)
COW_NAGORI_0014,nagori_0014.jpg,cleaned/cattle/nagori/nagori_0014.jpg,cattle,cow_nagori,Nagori,Rajasthan,ICAR-NBAGR / Institutional Research Archive,https://nbagr.res.in/cattle-breed,https://nbagr.res.in/cattle-breed,Government Open Access / Academic Research,https://nbagr.res.in,ICAR-NBAGR / State Veterinary Universities,2026-09-17 13:59:59 UTC,4032,3024,5803644,MPO,a72baa005cb183184d9bc309f16c99631118664815082e27c4926d5684f0bcad,a4b10b0ec99c83523cca0119205d26cc,verified,Verified authentic Nagori cattle photograph (4032x3024)
COW_NAGORI_0015,nagori_0015.jpg,cleaned/cattle/nagori/nagori_0015.jpg,cattle,cow_nagori,Nagori,Rajasthan,ICAR-NBAGR / Institutional Research Archive,https://nbagr.res.in/cattle-breed,https://nbagr.res.in/cattle-breed,Government Open Access / Academic Research,https://nbagr.res.in,ICAR-NBAGR / State Veterinary Universities,2026-09-17 14:00:00 UTC,4032,3024,4342293,MPO,242bec24901bdb89a08d91ff7d739df969a20fe38ccc632fa70db55857c403f8,29bed3bb55b8fb4af06fb0a025c7284c,verified,Verified authentic Nagori cattle photograph (4032x3024)
COW_NAGORI_0016,nagori_0016.jpg,cleaned/cattle/nagori/nagori_0016.jpg,cattle,cow_nagori,Nagori,Rajasthan,ICAR-NBAGR / Institutional Research Archive,https://nbagr.res.in/cattle-breed,https://nbagr.res.in/cattle-breed,Government Open Access / Academic Research,https://nbagr.res.in,ICAR-NBAGR / State Veterinary Universities,2026-09-17 14:00:00 UTC,4032,3024,3689285,JPEG,b359116c62773d9cd5467f0a549bcfe882cda4377522b5412b93d31c7a2b0d0a,9c42d3a57acc8454785375d3a97f576a,verified,Verified authentic Nagori cattle photograph (4032x3024)
COW_NAGORI_0017,nagori_0017.jpg,cleaned/cattle/nagori/nagori_0017.jpg,cattle,cow_nagori,Nagori,Rajasthan,ICAR-NBAGR / Institutional Research Archive,https://nbagr.res.in/cattle-breed,https://nbagr.res.in/cattle-breed,Government Open Access / Academic Research,https://nbagr.res.in,ICAR-NBAGR / State Veterinary Universities,2026-09-17 14:00:00 UTC,535,700,120180,JPEG,42f9a492842307af6531ba6cf49b7d7fd0512c4cb413dde774c9f287602d0cd1,764107c9d965bf24762fc957422b369d,verified,Verified authentic Nagori cattle photograph (535x700)
COW_NARI_0001,nari_0001.jpg,cleaned/cattle/nari/nari_0001.jpg,cattle,cow_nari,Nari,Rajasthan and Gujarat,ICAR-NBAGR / Institutional Research Archive,https://nbagr.res.in/cattle-breed,https://nbagr.res.in/cattle-breed,Government Open Access / Academic Research,https://nbagr.res.in,ICAR-NBAGR / State Veterinary Universities,2026-09-17 14:00:00 UTC,1061,720,148652,JPEG,297f46352b10c6a44f675a5916f8b79320545f8f4f9486a119390f76bfc969bf,9b2f627230fb730ba1130c07e87c6196,verified,Verified authentic Nari cattle photograph (1061x720)
COW_NARI_0002,nari_0002.jpg,cleaned/cattle/nari/nari_0002.jpg,cattle,cow_nari,Nari,Rajasthan and Gujarat,ICAR-NBAGR / Institutional Research Archive,https://nbagr.res.in/cattle-breed,https://nbagr.res.in/cattle-breed,Government Open Access / Academic Research,https://nbagr.res.in,ICAR-NBAGR / State Veterinary Universities,2026-09-17 14:00:00 UTC,1440,1312,359966,JPEG,aaf4de51512efa11baab42334a64ddfb96329b32f24ea0ea5aecf8ce5d79bc52,ca2c82f48fba240193263094494c87b8,verified,Verified authentic Nari cattle photograph (1440x1312)
COW_NARI_0003,nari_0003.jpg,cleaned/cattle/nari/nari_0003.jpg,cattle,cow_nari,Nari,Rajasthan and Gujarat,ICAR-NBAGR / Institutional Research Archive,https://nbagr.res.in/cattle-breed,https://nbagr.res.in/cattle-breed,Government Open Access / Academic Research,https://nbagr.res.in,ICAR-NBAGR / State Veterinary Universities,2026-09-17 14:00:01 UTC,2496,1708,1984951,JPEG,760a9f141632fa25989d421899f9d52d75ba1ed9032fdcdf904687e3be76e30f,9f32d4e6c15e5011b8636f76ce14d34a,verified,Verified authentic Nari cattle photograph (2496x1708)
COW_NIMARI_0001,nimari_0001.jpg,cleaned/cattle/nimari/nimari_0001.jpg,cattle,cow_nimari,Nimari,Madhya Pradesh,ICAR-NBAGR / Institutional Research Archive,https://nbagr.res.in/cattle-breed,https://nbagr.res.in/cattle-breed,Government Open Access / Academic Research,https://nbagr.res.in,ICAR-NBAGR / State Veterinary Universities,2026-09-17 14:00:02 UTC,8192,5464,9266038,MPO,d2cd885b4544224f048b2a05fdb1fe5719cd5281b50fbd2b8f96bf6b15a9b5d9,2e2888cd04e075ccd84979a052088ba9,verified,Verified authentic Nimari cattle photograph (8192x5464)
COW_NIMARI_0002,nimari_0002.jpg,cleaned/cattle/nimari/nimari_0002.jpg,cattle,cow_nimari,Nimari,Madhya Pradesh,ICAR-NBAGR / Institutional Research Archive,https://nbagr.res.in/cattle-breed,https://nbagr.res.in/cattle-breed,Government Open Access / Academic Research,https://nbagr.res.in,ICAR-NBAGR / State Veterinary Universities,2026-09-17 14:00:03 UTC,2683,2683,1394367,JPEG,4e27212e8bf820b928748687cde5188afdadd82aa760a32ba799e3757c83758e,05edd8a3db9617e73a0776a52fd3b88f,verified,Verified authentic Nimari cattle photograph (2683x2683)
COW_NIMARI_0003,nimari_0003.jpg,cleaned/cattle/nimari/nimari_0003.jpg,cattle,cow_nimari,Nimari,Madhya Pradesh,ICAR-NBAGR / Institutional Research Archive,https://nbagr.res.in/cattle-breed,https://nbagr.res.in/cattle-breed,Government Open Access / Academic Research,https://nbagr.res.in,ICAR-NBAGR / State Veterinary Universities,2026-09-17 14:00:03 UTC,1391,2086,581308,JPEG,716a4e5b2be054a74f22ecee16b90696e8ac4dcd6dd656933c92c95bca2e08eb,b0256ebbc1d5af680fff059cc03431d0,verified,Verified authentic Nimari cattle photograph (1391x2086)
COW_NIMARI_0004,nimari_0004.jpg,cleaned/cattle/nimari/nimari_0004.jpg,cattle,cow_nimari,Nimari,Madhya Pradesh,ICAR-NBAGR / Institutional Research Archive,https://nbagr.res.in/cattle-breed,https://nbagr.res.in/cattle-breed,Government Open Access / Academic Research,https://nbagr.res.in,ICAR-NBAGR / State Veterinary Universities,2026-09-17 14:00:03 UTC,1150,1724,475463,JPEG,7e08fec65a459860e08e7da332cf0bf16a4a5cb5192c40e0981f2388ba5766e9,a3260c6d5c242f5abc85f8027e786897,verified,Verified authentic Nimari cattle photograph (1150x1724)
COW_NIMARI_0005,nimari_0005.jpg,cleaned/cattle/nimari/nimari_0005.jpg,cattle,cow_nimari,Nimari,Madhya Pradesh,ICAR-NBAGR / Institutional Research Archive,https://nbagr.res.in/cattle-breed,https://nbagr.res.in/cattle-breed,Government Open Access / Academic Research,https://nbagr.res.in,ICAR-NBAGR / State Veterinary Universities,2026-09-17 14:00:03 UTC,1260,2520,685784,JPEG,538f833f27f798957811f9a2e6d0021af4567b05149c4291a1f868fff4ee9e18,5ff7931a75525b322e32df73e3fa86d4,verified,Verified authentic Nimari cattle photograph (1260x2520)
COW_NIMARI_0006,nimari_0006.jpg,cleaned/cattle/nimari/nimari_0006.jpg,cattle,cow_nimari,Nimari,Madhya Pradesh,ICAR-NBAGR / Institutional Research Archive,https://nbagr.res.in/cattle-breed,https://nbagr.res.in/cattle-breed,Government Open Access / Academic Research,https://nbagr.res.in,ICAR-NBAGR / State Veterinary Universities,2026-09-17 14:00:03 UTC,2065,3097,1297172,JPEG,cf06184026ee3c69feb4951a27de533b6266f37937202b656e8adf71f8f32ec7,06b338cd8db4caf94206d8a95af03b02,verified,Verified authentic Nimari cattle photograph (2065x3097)
COW_NIMARI_0007,nimari_0007.jpg,cleaned/cattle/nimari/nimari_0007.jpg,cattle,cow_nimari,Nimari,Madhya Pradesh,ICAR-NBAGR / Institutional Research Archive,https://nbagr.res.in/cattle-breed,https://nbagr.res.in/cattle-breed,Government Open Access / Academic Research,https://nbagr.res.in,ICAR-NBAGR / State Veterinary Universities,2026-09-17 14:00:03 UTC,1548,3095,1047649,JPEG,479fa00488d59d9cf65d611e84b0e354bfb6cd54ad8b5c0f2bcb497c4bb7469b,bf2364d8ab8879381a96952a00baf397,verified,Verified authentic Nimari cattle photograph (1548x3095)
COW_NIMARI_0008,nimari_0008.jpg,cleaned/cattle/nimari/nimari_0008.jpg,cattle,cow_nimari,Nimari,Madhya Pradesh,ICAR-NBAGR / Institutional Research Archive,https://nbagr.res.in/cattle-breed,https://nbagr.res.in/cattle-breed,Government Open Access / Academic Research,https://nbagr.res.in,ICAR-NBAGR / State Veterinary Universities,2026-09-17 14:00:03 UTC,1592,2388,667306,JPEG,b2eb396870007191ac178ce2cc70b70401b5e2023d233f0d039f13caf45f3012,e6f6bebe0cf01b14b32d22970c6fe382,verified,Verified authentic Nimari cattle photograph (1592x2388)
COW_NIMARI_0009,nimari_0009.jpg,cleaned/cattle/nimari/nimari_0009.jpg,cattle,cow_nimari,Nimari,Madhya Pradesh,ICAR-NBAGR / Institutional Research Archive,https://nbagr.res.in/cattle-breed,https://nbagr.res.in/cattle-breed,Government Open Access / Academic Research,https://nbagr.res.in,ICAR-NBAGR / State Veterinary Universities,2026-09-17 14:00:04 UTC,5184,3456,7017037,JPEG,ac439119254d622553f9d2a709f7e0834da7e8edf64bc203bf8456d6add2d373,0e041a70d972a55a8b3cc2eb60da0c97,verified,Verified authentic Nimari cattle photograph (5184x3456)
COW_NIMARI_0010,nimari_0010.jpg,cleaned/cattle/nimari/nimari_0010.jpg,cattle,cow_nimari,Nimari,Madhya Pradesh,ICAR-NBAGR / Institutional Research Archive,https://nbagr.res.in/cattle-breed,https://nbagr.res.in/cattle-breed,Government Open Access / Academic Research,https://nbagr.res.in,ICAR-NBAGR / State Veterinary Universities,2026-09-17 14:00:05 UTC,5184,3456,5958525,JPEG,cc9e3ba666d9246b9aaf8aa6d4da3c1ee625a7e3df1520f2bdb599a034751dfa,ad867266d9591fd0bf3e7687406c6a54,verified,Verified authentic Nimari cattle photograph (5184x3456)
COW_NIMARI_0011,nimari_0011.jpg,cleaned/cattle/nimari/nimari_0011.jpg,cattle,cow_nimari,Nimari,Madhya Pradesh,ICAR-NBAGR / Institutional Research Archive,https://nbagr.res.in/cattle-breed,https://nbagr.res.in/cattle-breed,Government Open Access / Academic Research,https://nbagr.res.in,ICAR-NBAGR / State Veterinary Universities,2026-09-17 14:00:05 UTC,5184,3456,5514767,JPEG,308257f3dfd65495f979d15e06277fa06a26b83b51aaeb9eb9fa2f1ca4afc1a4,1f095915658d8606e9c0d23ebfab216b,verified,Verified authentic Nimari cattle photograph (5184x3456)
COW_NIMARI_0012,nimari_0012.jpg,cleaned/cattle/nimari/nimari_0012.jpg,cattle,cow_nimari,Nimari,Madhya Pradesh,ICAR-NBAGR / Institutional Research Archive,https://nbagr.res.in/cattle-breed,https://nbagr.res.in/cattle-breed,Government Open Access / Academic Research,https://nbagr.res.in,ICAR-NBAGR / State Veterinary Universities,2026-09-17 14:00:06 UTC,1735,2765,1360598,JPEG,0a2986259b611e10c1505427d4dcad9643531a5e004322a8f60bf826d897805a,a480227a129d3690422fcb0594c4d085,verified,Verified authentic Nimari cattle photograph (1735x2765)
COW_ONGOLE_0001,ongole_0001.jpg,cleaned/cattle/ongole/ongole_0001.jpg,cattle,cow_ongole,Ongole,Andhra Pradesh,ICAR-NBAGR / Institutional Research Archive,https://nbagr.res.in/cattle-breed,https://nbagr.res.in/cattle-breed,Government Open Access / Academic Research,https://nbagr.res.in,ICAR-NBAGR / State Veterinary Universities,2026-09-17 14:00:06 UTC,1439,1079,581447,JPEG,3f56ab905113c64ba73a38e37feba91e4ba5b4152983437e93c0c8fbbc9875af,948233c2a9dcb78393ca1392466b9590,verified,Verified authentic Ongole cattle photograph (1439x1079)
COW_ONGOLE_0002,ongole_0002.jpg,cleaned/cattle/ongole/ongole_0002.jpg,cattle,cow_ongole,Ongole,Andhra Pradesh,ICAR-NBAGR / Institutional Research Archive,https://nbagr.res.in/cattle-breed,https://nbagr.res.in/cattle-breed,Government Open Access / Academic Research,https://nbagr.res.in,ICAR-NBAGR / State Veterinary Universities,2026-09-17 14:00:06 UTC,1012,720,129322,JPEG,596afbf34b1099f0bd0b11fa49b997bd4eaafc6e6f89e0b2dc06141e61ba8f34,e23825c9ed74b0e4d0192ed87c0d421e,verified,Verified authentic Ongole cattle photograph (1012x720)
COW_ONGOLE_0003,ongole_0003.jpg,cleaned/cattle/ongole/ongole_0003.jpg,cattle,cow_ongole,Ongole,Andhra Pradesh,ICAR-NBAGR / Institutional Research Archive,https://nbagr.res.in/cattle-breed,https://nbagr.res.in/cattle-breed,Government Open Access / Academic Research,https://nbagr.res.in,ICAR-NBAGR / State Veterinary Universities,2026-09-17 14:00:06 UTC,700,496,186151,JPEG,3819fc1ca0eff7f3acaed94b7fe7ad4bbe78c19097a97c76ca041c83e150dac5,01f5c398cd43e2d7f6be4a157860ed58,verified,Verified authentic Ongole cattle photograph (700x496)
COW_ONGOLE_0004,ongole_0004.jpg,cleaned/cattle/ongole/ongole_0004.jpg,cattle,cow_ongole,Ongole,Andhra Pradesh,ICAR-NBAGR / Institutional Research Archive,https://nbagr.res.in/cattle-breed,https://nbagr.res.in/cattle-breed,Government Open Access / Academic Research,https://nbagr.res.in,ICAR-NBAGR / State Veterinary Universities,2026-09-17 14:00:07 UTC,5184,3456,5452693,JPEG,2df038997fbf67214fae9530c8cb27615336be7e91f1730dc0e1bfcf7228b3c6,210f1ae93f865e7928e338975a40c1ae,verified,Verified authentic Ongole cattle photograph (5184x3456)
COW_ONGOLE_0005,ongole_0005.jpg,cleaned/cattle/ongole/ongole_0005.jpg,cattle,cow_ongole,Ongole,Andhra Pradesh,ICAR-NBAGR / Institutional Research Archive,https://nbagr.res.in/cattle-breed,https://nbagr.res.in/cattle-breed,Government Open Access / Academic Research,https://nbagr.res.in,ICAR-NBAGR / State Veterinary Universities,2026-09-17 14:00:07 UTC,5184,3456,5474989,JPEG,f1a5d5d2b3e410c7e3dcc97658ef6e435e54b60dd53c485b7e36c1c49b5e7894,5b7d2b2d8fdff74a81470164906eee21,verified,Verified authentic Ongole cattle photograph (5184x3456)
COW_ONGOLE_0006,ongole_0006.jpg,cleaned/cattle/ongole/ongole_0006.jpg,cattle,cow_ongole,Ongole,Andhra Pradesh,ICAR-NBAGR / Institutional Research Archive,https://nbagr.res.in/cattle-breed,https://nbagr.res.in/cattle-breed,Government Open Access / Academic Research,https://nbagr.res.in,ICAR-NBAGR / State Veterinary Universities,2026-09-17 14:00:07 UTC,1080,1440,448335,JPEG,a3583690ee911252b036f7a4e638ec8d3517618cab8e34931cf3200e148b8767,29ed533414da337a54e465f0a8739c9e,verified,Verified authentic Ongole cattle photograph (1080x1440)
COW_ONGOLE_0007,ongole_0007.jpg,cleaned/cattle/ongole/ongole_0007.jpg,cattle,cow_ongole,Ongole,Andhra Pradesh,ICAR-NBAGR / Institutional Research Archive,https://nbagr.res.in/cattle-breed,https://nbagr.res.in/cattle-breed,Government Open Access / Academic Research,https://nbagr.res.in,ICAR-NBAGR / State Veterinary Universities,2026-09-17 14:00:07 UTC,1620,1080,473206,JPEG,a950009565d776c48d339043a351b84191012b1acd6056f9fe27619312fea174,1aaa2002568f16d9d691614e9a4ba9c5,verified,Verified authentic Ongole cattle photograph (1620x1080)
COW_ONGOLE_0008,ongole_0008.jpg,cleaned/cattle/ongole/ongole_0008.jpg,cattle,cow_ongole,Ongole,Andhra Pradesh,ICAR-NBAGR / Institutional Research Archive,https://nbagr.res.in/cattle-breed,https://nbagr.res.in/cattle-breed,Government Open Access / Academic Research,https://nbagr.res.in,ICAR-NBAGR / State Veterinary Universities,2026-09-17 14:00:07 UTC,530,403,68335,JPEG,71cc6457f1d379a648b831a207999afef78a2c9794346fe010048f5b9d3b314a,21373fb8681699535dbfe2d4373bbaba,verified,Verified authentic Ongole cattle photograph (530x403)
COW_ONGOLE_0009,ongole_0009.jpg,cleaned/cattle/ongole/ongole_0009.jpg,cattle,cow_ongole,Ongole,Andhra Pradesh,ICAR-NBAGR / Institutional Research Archive,https://nbagr.res.in/cattle-breed,https://nbagr.res.in/cattle-breed,Government Open Access / Academic Research,https://nbagr.res.in,ICAR-NBAGR / State Veterinary Universities,2026-09-17 14:00:08 UTC,2592,1456,950744,JPEG,a8ae96ef46a85d4c7a7211ca88245c40fe8b92e1fe1bdf69b4e7607c30140c2b,6b0b95f8ec65cff888df4b851676600c,verified,Verified authentic Ongole cattle photograph (2592x1456)
COW_ONGOLE_0010,ongole_0010.jpg,cleaned/cattle/ongole/ongole_0010.jpg,cattle,cow_ongole,Ongole,Andhra Pradesh,ICAR-NBAGR / Institutional Research Archive,https://nbagr.res.in/cattle-breed,https://nbagr.res.in/cattle-breed,Government Open Access / Academic Research,https://nbagr.res.in,ICAR-NBAGR / State Veterinary Universities,2026-09-17 14:00:08 UTC,5712,3213,3806779,JPEG,2ea919e2dbca10eb1dafcc24a2e111151fc3bb64333ab750f3a60add39211bc5,f93ed4f3b9149737ebfef0b46a403ae7,verified,Verified authentic Ongole cattle photograph (5712x3213)
COW_ONGOLE_0011,ongole_0011.jpg,cleaned/cattle/ongole/ongole_0011.jpg,cattle,cow_ongole,Ongole,Andhra Pradesh,ICAR-NBAGR / Institutional Research Archive,https://nbagr.res.in/cattle-breed,https://nbagr.res.in/cattle-breed,Government Open Access / Academic Research,https://nbagr.res.in,ICAR-NBAGR / State Veterinary Universities,2026-09-17 14:00:09 UTC,5712,3213,5036245,JPEG,639597bb488d9812de67c2907edccfb2e5cfe1549dc1904acafd1b6abb94eaaf,29135fa4ff714bc7ab016ef0ab6333c5,verified,Verified authentic Ongole cattle photograph (5712x3213)
COW_ONGOLE_0012,ongole_0012.jpg,cleaned/cattle/ongole/ongole_0012.jpg,cattle,cow_ongole,Ongole,Andhra Pradesh,ICAR-NBAGR / Institutional Research Archive,https://nbagr.res.in/cattle-breed,https://nbagr.res.in/cattle-breed,Government Open Access / Academic Research,https://nbagr.res.in,ICAR-NBAGR / State Veterinary Universities,2026-09-17 14:00:10 UTC,4032,2268,2128678,JPEG,d8880ff9218b0f30b7da0659a2c0a4765672e09cb70697311cf7b3e9cf6618aa,f737d1bf1579fa20bd9f3a69a9625861,verified,Verified authentic Ongole cattle photograph (4032x2268)
COW_ONGOLE_0013,ongole_0013.jpg,cleaned/cattle/ongole/ongole_0013.jpg,cattle,cow_ongole,Ongole,Andhra Pradesh,ICAR-NBAGR / Institutional Research Archive,https://nbagr.res.in/cattle-breed,https://nbagr.res.in/cattle-breed,Government Open Access / Academic Research,https://nbagr.res.in,ICAR-NBAGR / State Veterinary Universities,2026-09-17 14:00:11 UTC,5712,4284,7383711,JPEG,69531e79ee6a4051eca4c269b04259e4557373f6c334b38f616f14e6f76863d1,1402e5dda95cbe39243e28a0f8b6588d,verified,Verified authentic Ongole cattle photograph (5712x4284)
COW_ONGOLE_0014,ongole_0014.jpg,cleaned/cattle/ongole/ongole_0014.jpg,cattle,cow_ongole,Ongole,Andhra Pradesh,ICAR-NBAGR / Institutional Research Archive,https://nbagr.res.in/cattle-breed,https://nbagr.res.in/cattle-breed,Government Open Access / Academic Research,https://nbagr.res.in,ICAR-NBAGR / State Veterinary Universities,2026-09-17 14:00:11 UTC,1620,1080,452395,JPEG,6982a501c0221feabdcd6c9af2866df58447ada13b676b790384d6b550e0f51a,49f7a098e9d748a61824b5122e57ddde,verified,Verified authentic Ongole cattle photograph (1620x1080)
COW_ONGOLE_0015,ongole_0015.jpg,cleaned/cattle/ongole/ongole_0015.jpg,cattle,cow_ongole,Ongole,Andhra Pradesh,ICAR-NBAGR / Institutional Research Archive,https://nbagr.res.in/cattle-breed,https://nbagr.res.in/cattle-breed,Government Open Access / Academic Research,https://nbagr.res.in,ICAR-NBAGR / State Veterinary Universities,2026-09-17 14:00:11 UTC,1620,1080,445786,JPEG,ee95a5012c2335821bc635680e3f8374028f71ea7511f5d21be60e4d051f7a9c,f9f13d4a4b460ca094f08668266c5c70,verified,Verified authentic Ongole cattle photograph (1620x1080)
COW_ONGOLE_0016,ongole_0016.jpg,cleaned/cattle/ongole/ongole_0016.jpg,cattle,cow_ongole,Ongole,Andhra Pradesh,ICAR-NBAGR / Institutional Research Archive,https://nbagr.res.in/cattle-breed,https://nbagr.res.in/cattle-breed,Government Open Access / Academic Research,https://nbagr.res.in,ICAR-NBAGR / State Veterinary Universities,2026-09-17 14:00:11 UTC,1620,1080,449685,JPEG,734dc27b80d7035ea6a79ad63bf93db4964c2b4fa0e9bcb6ce4d1b95b7c3f4e9,d6b3bc72945d0a95cd8ff88d6b0a208a,verified,Verified authentic Ongole cattle photograph (1620x1080)
COW_ONGOLE_0017,ongole_0017.jpg,cleaned/cattle/ongole/ongole_0017.jpg,cattle,cow_ongole,Ongole,Andhra Pradesh,ICAR-NBAGR / Institutional Research Archive,https://nbagr.res.in/cattle-breed,https://nbagr.res.in/cattle-breed,Government Open Access / Academic Research,https://nbagr.res.in,ICAR-NBAGR / State Veterinary Universities,2026-09-17 14:00:11 UTC,1620,1080,419992,JPEG,701759b39bb20529374db88bd381a51ec6e248480fc2c5826bad809bf66947e6,293b1b171eef90a5f5f25d9fb6d06eea,verified,Verified authentic Ongole cattle photograph (1620x1080)
COW_ONGOLE_0018,ongole_0018.jpg,cleaned/cattle/ongole/ongole_0018.jpg,cattle,cow_ongole,Ongole,Andhra Pradesh,ICAR-NBAGR / Institutional Research Archive,https://nbagr.res.in/cattle-breed,https://nbagr.res.in/cattle-breed,Government Open Access / Academic Research,https://nbagr.res.in,ICAR-NBAGR / State Veterinary Universities,2026-09-17 14:00:11 UTC,1620,1080,436986,JPEG,a81cd9bb6900457569515ec1142939cc1a6343ad6b99def5cd8693a292152dee,50d71596fc29ca60793163e14709380e,verified,Verified authentic Ongole cattle photograph (1620x1080)
COW_ONGOLE_0019,ongole_0019.jpg,cleaned/cattle/ongole/ongole_0019.jpg,cattle,cow_ongole,Ongole,Andhra Pradesh,ICAR-NBAGR / Institutional Research Archive,https://nbagr.res.in/cattle-breed,https://nbagr.res.in/cattle-breed,Government Open Access / Academic Research,https://nbagr.res.in,ICAR-NBAGR / State Veterinary Universities,2026-09-17 14:00:11 UTC,1620,1080,394961,JPEG,06f5687676d84888129fc5eafd0dd8cfa4e3f0f5fa519e99f985dd3ebc242b7c,c4af1dfaa29b7bdc3581e0eab58e8c25,verified,Verified authentic Ongole cattle photograph (1620x1080)
COW_ONGOLE_0020,ongole_0020.jpg,cleaned/cattle/ongole/ongole_0020.jpg,cattle,cow_ongole,Ongole,Andhra Pradesh,ICAR-NBAGR / Institutional Research Archive,https://nbagr.res.in/cattle-breed,https://nbagr.res.in/cattle-breed,Government Open Access / Academic Research,https://nbagr.res.in,ICAR-NBAGR / State Veterinary Universities,2026-09-17 14:00:12 UTC,793,567,79275,JPEG,281bd5d28f8788dd52aa03f11ff3ba48f2874dfc654216dd9dce69a21ebb5258,5f02586996871eace2e1d3cca244d701,verified,Verified authentic Ongole cattle photograph (793x567)
COW_ONGOLE_0021,ongole_0021.jpg,cleaned/cattle/ongole/ongole_0021.jpg,cattle,cow_ongole,Ongole,Andhra Pradesh,ICAR-NBAGR / Institutional Research Archive,https://nbagr.res.in/cattle-breed,https://nbagr.res.in/cattle-breed,Government Open Access / Academic Research,https://nbagr.res.in,ICAR-NBAGR / State Veterinary Universities,2026-09-17 14:00:12 UTC,1800,1200,673524,JPEG,2f7a4599e69940ebb6aaa2828b5ddcf42f3d2f469889339b40211117de82d756,0b984c50cfe4f06ba8f4ad50c55f426f,verified,Verified authentic Ongole cattle photograph (1800x1200)
COW_ONGOLE_0022,ongole_0022.jpg,cleaned/cattle/ongole/ongole_0022.jpg,cattle,cow_ongole,Ongole,Andhra Pradesh,ICAR-NBAGR / Institutional Research Archive,https://nbagr.res.in/cattle-breed,https://nbagr.res.in/cattle-breed,Government Open Access / Academic Research,https://nbagr.res.in,ICAR-NBAGR / State Veterinary Universities,2026-09-17 14:00:12 UTC,3039,2592,1249870,JPEG,643b98fe958e410319384ef43b04cf2632428c37b4e200d652ec0948cd76b22d,5658cd419213ecf9af378868af9d5432,verified,Verified authentic Ongole cattle photograph (3039x2592)
COW_ONGOLE_0023,ongole_0023.jpg,cleaned/cattle/ongole/ongole_0023.jpg,cattle,cow_ongole,Ongole,Andhra Pradesh,ICAR-NBAGR / Institutional Research Archive,https://nbagr.res.in/cattle-breed,https://nbagr.res.in/cattle-breed,Government Open Access / Academic Research,https://nbagr.res.in,ICAR-NBAGR / State Veterinary Universities,2026-09-17 14:00:13 UTC,4160,3120,5934859,JPEG,05ae2d41cd610d681cb8c63c7ee652e965775ffcbe19c50373527a77b226ac93,ee7e407295c3def28acbdd9417e3bc0c,verified,Verified authentic Ongole cattle photograph (4160x3120)
COW_ONGOLE_0024,ongole_0024.jpg,cleaned/cattle/ongole/ongole_0024.jpg,cattle,cow_ongole,Ongole,Andhra Pradesh,ICAR-NBAGR / Institutional Research Archive,https://nbagr.res.in/cattle-breed,https://nbagr.res.in/cattle-breed,Government Open Access / Academic Research,https://nbagr.res.in,ICAR-NBAGR / State Veterinary Universities,2026-09-17 14:00:13 UTC,231,287,23057,JPEG,bd00f791f43e15cf46c550df663bf009fc0cec392aae0ccbc379314446d4d26b,a44c77d494075eb4ea0ea2dbad79d7f1,verified,Verified authentic Ongole cattle photograph (231x287)
COW_ONGOLE_0025,ongole_0025.jpg,cleaned/cattle/ongole/ongole_0025.jpg,cattle,cow_ongole,Ongole,Andhra Pradesh,ICAR-NBAGR / Institutional Research Archive,https://nbagr.res.in/cattle-breed,https://nbagr.res.in/cattle-breed,Government Open Access / Academic Research,https://nbagr.res.in,ICAR-NBAGR / State Veterinary Universities,2026-09-17 14:00:14 UTC,4032,3024,3730176,MPO,47a61ca0d2a6c3d25d3f56fa0a9047347ee06303bffd7cd6eefd7eb9eeb6b96c,c617ced28c68998ee34a1fd9e7835684,verified,Verified authentic Ongole cattle photograph (4032x3024)
COW_ONGOLE_0026,ongole_0026.jpg,cleaned/cattle/ongole/ongole_0026.jpg,cattle,cow_ongole,Ongole,Andhra Pradesh,ICAR-NBAGR / Institutional Research Archive,https://nbagr.res.in/cattle-breed,https://nbagr.res.in/cattle-breed,Government Open Access / Academic Research,https://nbagr.res.in,ICAR-NBAGR / State Veterinary Universities,2026-09-17 14:00:14 UTC,640,412,97588,JPEG,0dd66c891e040aa883f19cc56cd7b850a40bf0ed97c79f82b0b198dad695adb0,6a6d6758f3cbda00fc0c3af3ef595c80,verified,Verified authentic Ongole cattle photograph (640x412)
COW_ONGOLE_0027,ongole_0027.jpg,cleaned/cattle/ongole/ongole_0027.jpg,cattle,cow_ongole,Ongole,Andhra Pradesh,ICAR-NBAGR / Institutional Research Archive,https://nbagr.res.in/cattle-breed,https://nbagr.res.in/cattle-breed,Government Open Access / Academic Research,https://nbagr.res.in,ICAR-NBAGR / State Veterinary Universities,2026-09-17 14:00:14 UTC,4928,3264,6384583,JPEG,c1de0c35219d0339c9f19709a87415daf19f52cc62e3d2dc0244579226def60c,b015f466e08dadab3a2a7734317f10af,verified,Verified authentic Ongole cattle photograph (4928x3264)
COW_ONGOLE_0028,ongole_0028.jpg,cleaned/cattle/ongole/ongole_0028.jpg,cattle,cow_ongole,Ongole,Andhra Pradesh,ICAR-NBAGR / Institutional Research Archive,https://nbagr.res.in/cattle-breed,https://nbagr.res.in/cattle-breed,Government Open Access / Academic Research,https://nbagr.res.in,ICAR-NBAGR / State Veterinary Universities,2026-09-17 14:00:15 UTC,4928,3264,6549408,JPEG,4fc485f0aa36ff8849ccc9a9bdfef67e874e4e632d1a8baaf27fa5ccc25c1147,d67b9e56e6c4715b88813eb6f56d51cf,verified,Verified authentic Ongole cattle photograph (4928x3264)
COW_ONGOLE_0029,ongole_0029.jpg,cleaned/cattle/ongole/ongole_0029.jpg,cattle,cow_ongole,Ongole,Andhra Pradesh,ICAR-NBAGR / Institutional Research Archive,https://nbagr.res.in/cattle-breed,https://nbagr.res.in/cattle-breed,Government Open Access / Academic Research,https://nbagr.res.in,ICAR-NBAGR / State Veterinary Universities,2026-09-17 14:00:16 UTC,4928,3264,4767482,JPEG,eee582505e6faafdf0ac6ebbefba42a372d00857a761cb5ca5352e3f912079e7,cab367af2800533d2d49d0739095fbe2,verified,Verified authentic Ongole cattle photograph (4928x3264)
COW_PERIYAR_0001,periyar_0001.jpg,cleaned/cattle/periyar/periyar_0001.jpg,cattle,cow_periyar,Periyar,Kerala,ICAR-NBAGR / Institutional Research Archive,https://nbagr.res.in/cattle-breed,https://nbagr.res.in/cattle-breed,Government Open Access / Academic Research,https://nbagr.res.in,ICAR-NBAGR / State Veterinary Universities,2026-09-17 14:00:16 UTC,780,953,288557,JPEG,b9f401063758f1219072cc1cefcad28df36e25beca0129d8e8e58ec567bd1a16,e4e29015943574f58d20a4b72255b83a,verified,Verified authentic Periyar cattle photograph (780x953)
COW_PERIYAR_0002,periyar_0002.jpg,cleaned/cattle/periyar/periyar_0002.jpg,cattle,cow_periyar,Periyar,Kerala,ICAR-NBAGR / Institutional Research Archive,https://nbagr.res.in/cattle-breed,https://nbagr.res.in/cattle-breed,Government Open Access / Academic Research,https://nbagr.res.in,ICAR-NBAGR / State Veterinary Universities,2026-09-17 14:00:16 UTC,720,405,91100,JPEG,07fd410b4bfcb7c496397d5f2b0b1d393a5c283c20d16bbb198c1b775fd7a163,1b18348b90bef1e6f897a7f48f046551,verified,Verified authentic Periyar cattle photograph (720x405)
COW_PERIYAR_0003,periyar_0003.jpg,cleaned/cattle/periyar/periyar_0003.jpg,cattle,cow_periyar,Periyar,Kerala,ICAR-NBAGR / Institutional Research Archive,https://nbagr.res.in/cattle-breed,https://nbagr.res.in/cattle-breed,Government Open Access / Academic Research,https://nbagr.res.in,ICAR-NBAGR / State Veterinary Universities,2026-09-17 14:00:16 UTC,720,405,114282,JPEG,b602ccfed40fb65024d6b72d672cf71943acad8e5061f3cdbd3ca43de2423fbd,da2aa194ab421f8fcb6137af7c748e6a,verified,Verified authentic Periyar cattle photograph (720x405)
COW_PERIYAR_0004,periyar_0004.jpg,cleaned/cattle/periyar/periyar_0004.jpg,cattle,cow_periyar,Periyar,Kerala,ICAR-NBAGR / Institutional Research Archive,https://nbagr.res.in/cattle-breed,https://nbagr.res.in/cattle-breed,Government Open Access / Academic Research,https://nbagr.res.in,ICAR-NBAGR / State Veterinary Universities,2026-09-17 14:00:17 UTC,4320,3240,4898847,JPEG,4efaf202a62428a2db27dd8b282c9ac01d80765160fba9b93abb28bc2c017bd7,b2edbb41ec80b3a6d73111619f3bc30e,verified,Verified authentic Periyar cattle photograph (4320x3240)
COW_PERIYAR_0005,periyar_0005.jpg,cleaned/cattle/periyar/periyar_0005.jpg,cattle,cow_periyar,Periyar,Kerala,ICAR-NBAGR / Institutional Research Archive,https://nbagr.res.in/cattle-breed,https://nbagr.res.in/cattle-breed,Government Open Access / Academic Research,https://nbagr.res.in,ICAR-NBAGR / State Veterinary Universities,2026-09-17 14:00:17 UTC,3456,4608,4403691,JPEG,a3f45c2f0de7cfc16bb5aed8288a045750e239e71340f00caad6240e9079196f,82b21b3f4a9a415a4ac0e128dd6351f0,verified,Verified authentic Periyar cattle photograph (3456x4608)
COW_PERIYAR_0006,periyar_0006.jpg,cleaned/cattle/periyar/periyar_0006.jpg,cattle,cow_periyar,Periyar,Kerala,ICAR-NBAGR / Institutional Research Archive,https://nbagr.res.in/cattle-breed,https://nbagr.res.in/cattle-breed,Government Open Access / Academic Research,https://nbagr.res.in,ICAR-NBAGR / State Veterinary Universities,2026-09-17 14:00:17 UTC,720,624,125731,JPEG,c1264bbc940228dce52bb776fad865f19e26a82d41c96428a850c69a1ffabd7c,1946e2fc6060215f454aa4dfd1b885df,verified,Verified authentic Periyar cattle photograph (720x624)
COW_PODA_THURPU_0001,poda_thurpu_0001.jpg,cleaned/cattle/poda_thurpu/poda_thurpu_0001.jpg,cattle,cow_poda_thurpu,Poda Thurpu,Telangana,ICAR-NBAGR / Institutional Research Archive,https://nbagr.res.in/cattle-breed,https://nbagr.res.in/cattle-breed,Government Open Access / Academic Research,https://nbagr.res.in,ICAR-NBAGR / State Veterinary Universities,2026-09-17 14:00:17 UTC,696,464,197790,JPEG,4bdaf34704da140bd0bf69826a9e99b43dd5fd530fcc8889e4a2e6caec5804a4,7fa3ff3db4384eebace7a260a89318db,verified,Verified authentic Poda Thurpu cattle photograph (696x464)
COW_PODA_THURPU_0002,poda_thurpu_0002.jpg,cleaned/cattle/poda_thurpu/poda_thurpu_0002.jpg,cattle,cow_poda_thurpu,Poda Thurpu,Telangana,ICAR-NBAGR / Institutional Research Archive,https://nbagr.res.in/cattle-breed,https://nbagr.res.in/cattle-breed,Government Open Access / Academic Research,https://nbagr.res.in,ICAR-NBAGR / State Veterinary Universities,2026-09-17 14:00:17 UTC,619,464,131612,JPEG,4c438a909b275525ad318c4d7896322e4b7c8cc2cb2bf724e05fc22aec18478a,0a17efc6bf9d5bd1cc7626a01c5e1881,verified,Verified authentic Poda Thurpu cattle photograph (619x464)
COW_PONWAR_0001,ponwar_0001.jpg,cleaned/cattle/ponwar/ponwar_0001.jpg,cattle,cow_ponwar,Ponwar,Uttar Pradesh,ICAR-NBAGR / Institutional Research Archive,https://nbagr.res.in/cattle-breed,https://nbagr.res.in/cattle-breed,Government Open Access / Academic Research,https://nbagr.res.in,ICAR-NBAGR / State Veterinary Universities,2026-09-17 14:00:18 UTC,5184,3456,5812406,JPEG,d1158a2bdaa473910e75d7e56918ecc2cce04f6e4fb74b703b3021cea12bcaed,e4b6cf4baa4d4bbdd8337f52cf71aa86,verified,Verified authentic Ponwar cattle photograph (5184x3456)
COW_PONWAR_0002,ponwar_0002.jpg,cleaned/cattle/ponwar/ponwar_0002.jpg,cattle,cow_ponwar,Ponwar,Uttar Pradesh,ICAR-NBAGR / Institutional Research Archive,https://nbagr.res.in/cattle-breed,https://nbagr.res.in/cattle-breed,Government Open Access / Academic Research,https://nbagr.res.in,ICAR-NBAGR / State Veterinary Universities,2026-09-17 14:00:19 UTC,5184,3456,4356851,JPEG,823507378e7302036df55c51d4b7c4b278038ca2e6c86679a9dfa6a6e0f2c3e6,7524d0201aae03b16d3a850181fa8e9d,verified,Verified authentic Ponwar cattle photograph (5184x3456)
COW_PONWAR_0003,ponwar_0003.jpg,cleaned/cattle/ponwar/ponwar_0003.jpg,cattle,cow_ponwar,Ponwar,Uttar Pradesh,ICAR-NBAGR / Institutional Research Archive,https://nbagr.res.in/cattle-breed,https://nbagr.res.in/cattle-breed,Government Open Access / Academic Research,https://nbagr.res.in,ICAR-NBAGR / State Veterinary Universities,2026-09-17 14:00:19 UTC,3456,2304,2568050,JPEG,32d3ae727ca38e59ddf8b019405d0feb31f5bba2108e79a9f27a763cd1fc555c,6e48ae1b6d3c2ec55fda00e2972f4b1f,verified,Verified authentic Ponwar cattle photograph (3456x2304)
COW_PULIKULAM_0001,pulikulam_0001.jpg,cleaned/cattle/pulikulam/pulikulam_0001.jpg,cattle,cow_pulikulam,Pulikulam,Tamil Nadu,ICAR-NBAGR / Institutional Research Archive,https://nbagr.res.in/cattle-breed,https://nbagr.res.in/cattle-breed,Government Open Access / Academic Research,https://nbagr.res.in,ICAR-NBAGR / State Veterinary Universities,2026-09-17 14:00:20 UTC,5134,3447,6688692,JPEG,3f55589b2673d2e477af45ad4e91b9933b0934c6c4f65a1e86b5674d6ea00f11,fef60d792d29ecc13dd61a45d677ac94,verified,Verified authentic Pulikulam cattle photograph (5134x3447)
COW_PULIKULAM_0002,pulikulam_0002.jpg,cleaned/cattle/pulikulam/pulikulam_0002.jpg,cattle,cow_pulikulam,Pulikulam,Tamil Nadu,ICAR-NBAGR / Institutional Research Archive,https://nbagr.res.in/cattle-breed,https://nbagr.res.in/cattle-breed,Government Open Access / Academic Research,https://nbagr.res.in,ICAR-NBAGR / State Veterinary Universities,2026-09-17 14:00:20 UTC,4080,2296,2384996,JPEG,4ecb5362c798472ec48b6fea02ea098e3bd31789a7632127b36a63bb56914137,6f479b7636b0611b1fc39eb041899cee,verified,Verified authentic Pulikulam cattle photograph (4080x2296)
COW_PUNGANUR_0001,punganur_0001.jpg,cleaned/cattle/punganur/punganur_0001.jpg,cattle,cow_punganur,Punganur,Andhra Pradesh,ICAR-NBAGR / Institutional Research Archive,https://nbagr.res.in/cattle-breed,https://nbagr.res.in/cattle-breed,Government Open Access / Academic Research,https://nbagr.res.in,ICAR-NBAGR / State Veterinary Universities,2026-09-17 14:00:20 UTC,1181,1692,744109,JPEG,00d9ced858995f7def1068e9e422025bcb85cd51ad93728542c44b2143399f52,fe18cd51d0e6b19d06fdcf359de7070a,verified,Verified authentic Punganur cattle photograph (1181x1692)
COW_PUNGANUR_0002,punganur_0002.jpg,cleaned/cattle/punganur/punganur_0002.jpg,cattle,cow_punganur,Punganur,Andhra Pradesh,ICAR-NBAGR / Institutional Research Archive,https://nbagr.res.in/cattle-breed,https://nbagr.res.in/cattle-breed,Government Open Access / Academic Research,https://nbagr.res.in,ICAR-NBAGR / State Veterinary Universities,2026-09-17 14:00:20 UTC,896,836,201573,JPEG,7156c1094102a12e126fd2fab028b844e9b78942cb924813401673f78b62ab1d,4d6fc4f4e7c91ecf481170f428fe69db,verified,Verified authentic Punganur cattle photograph (896x836)
COW_PUNGANUR_0003,punganur_0003.jpg,cleaned/cattle/punganur/punganur_0003.jpg,cattle,cow_punganur,Punganur,Andhra Pradesh,ICAR-NBAGR / Institutional Research Archive,https://nbagr.res.in/cattle-breed,https://nbagr.res.in/cattle-breed,Government Open Access / Academic Research,https://nbagr.res.in,ICAR-NBAGR / State Veterinary Universities,2026-09-17 14:00:21 UTC,4608,3456,6222453,JPEG,243baf92c9fcf8a2ae8996f31351e89bced3063220221771775b78fa2a542391,f07f5e9cb9f3986c86dd13785ded8a6d,verified,Verified authentic Punganur cattle photograph (4608x3456)
COW_PUNGANUR_0004,punganur_0004.jpg,cleaned/cattle/punganur/punganur_0004.jpg,cattle,cow_punganur,Punganur,Andhra Pradesh,ICAR-NBAGR / Institutional Research Archive,https://nbagr.res.in/cattle-breed,https://nbagr.res.in/cattle-breed,Government Open Access / Academic Research,https://nbagr.res.in,ICAR-NBAGR / State Veterinary Universities,2026-09-17 14:00:22 UTC,4608,3456,5988993,JPEG,a7c043f1f7b21196e8ca05d867afc9568c4b61291b2988dfe56b949381ed2ecb,a9b52b74bb1f9b0bb73fd563a58fe6ac,verified,Verified authentic Punganur cattle photograph (4608x3456)
COW_PUNGANUR_0005,punganur_0005.jpg,cleaned/cattle/punganur/punganur_0005.jpg,cattle,cow_punganur,Punganur,Andhra Pradesh,ICAR-NBAGR / Institutional Research Archive,https://nbagr.res.in/cattle-breed,https://nbagr.res.in/cattle-breed,Government Open Access / Academic Research,https://nbagr.res.in,ICAR-NBAGR / State Veterinary Universities,2026-09-17 14:00:22 UTC,4608,3456,5992625,JPEG,a8d97dac990ed828d3b5b2029856788f1d5eaa261059e5525adfbdfa02345d96,f395ba2ca20e7299bb76d735ec2a7953,verified,Verified authentic Punganur cattle photograph (4608x3456)
COW_PUNGANUR_0006,punganur_0006.jpg,cleaned/cattle/punganur/punganur_0006.jpg,cattle,cow_punganur,Punganur,Andhra Pradesh,ICAR-NBAGR / Institutional Research Archive,https://nbagr.res.in/cattle-breed,https://nbagr.res.in/cattle-breed,Government Open Access / Academic Research,https://nbagr.res.in,ICAR-NBAGR / State Veterinary Universities,2026-09-17 14:00:23 UTC,4608,3456,6227576,JPEG,34e3428e1b384318632dc26ce8f1db2d3b85b64aaca85b4fe9b98d95ca72395d,ed4aa839a83cb3aeb1cab12160fe6676,verified,Verified authentic Punganur cattle photograph (4608x3456)
COW_PUNGANUR_0007,punganur_0007.jpg,cleaned/cattle/punganur/punganur_0007.jpg,cattle,cow_punganur,Punganur,Andhra Pradesh,ICAR-NBAGR / Institutional Research Archive,https://nbagr.res.in/cattle-breed,https://nbagr.res.in/cattle-breed,Government Open Access / Academic Research,https://nbagr.res.in,ICAR-NBAGR / State Veterinary Universities,2026-09-17 14:00:24 UTC,4608,3456,6036985,JPEG,3de3c74f8ce4d0ad04069f18d2d261b57654cad872c048d31f3f8006af914e54,3a040be05b9dce15ce615265fc2c9a45,verified,Verified authentic Punganur cattle photograph (4608x3456)
COW_PUNGANUR_0008,punganur_0008.jpg,cleaned/cattle/punganur/punganur_0008.jpg,cattle,cow_punganur,Punganur,Andhra Pradesh,ICAR-NBAGR / Institutional Research Archive,https://nbagr.res.in/cattle-breed,https://nbagr.res.in/cattle-breed,Government Open Access / Academic Research,https://nbagr.res.in,ICAR-NBAGR / State Veterinary Universities,2026-09-17 14:00:24 UTC,4608,3456,6017010,JPEG,e5e6f821f96ad253744a533d92c2b6879009e5ff6b87f73360f66b9d097abbdb,078767c2ee6172613228c4063b536b34,verified,Verified authentic Punganur cattle photograph (4608x3456)
COW_PUNGANUR_0009,punganur_0009.jpg,cleaned/cattle/punganur/punganur_0009.jpg,cattle,cow_punganur,Punganur,Andhra Pradesh,ICAR-NBAGR / Institutional Research Archive,https://nbagr.res.in/cattle-breed,https://nbagr.res.in/cattle-breed,Government Open Access / Academic Research,https://nbagr.res.in,ICAR-NBAGR / State Veterinary Universities,2026-09-17 14:00:25 UTC,4608,3456,6109037,JPEG,bd56b9be11aa1d4abf9aa7b63a6c38b1c8052fca8cfcfb3b797e1b3b86b64eca,69d61461483cb94e4e905ffc7f0201e5,verified,Verified authentic Punganur cattle photograph (4608x3456)
COW_PUNGANUR_0010,punganur_0010.jpg,cleaned/cattle/punganur/punganur_0010.jpg,cattle,cow_punganur,Punganur,Andhra Pradesh,ICAR-NBAGR / Institutional Research Archive,https://nbagr.res.in/cattle-breed,https://nbagr.res.in/cattle-breed,Government Open Access / Academic Research,https://nbagr.res.in,ICAR-NBAGR / State Veterinary Universities,2026-09-17 14:00:25 UTC,1036,492,148221,JPEG,f04372d81c4e5e41f90af84c288e71842a2e901e865f0d01cba6617510bc79ba,44d7917ae075b507b55f858d5f46651c,verified,Verified authentic Punganur cattle photograph (1036x492)
COW_PUNGANUR_0011,punganur_0011.jpg,cleaned/cattle/punganur/punganur_0011.jpg,cattle,cow_punganur,Punganur,Andhra Pradesh,ICAR-NBAGR / Institutional Research Archive,https://nbagr.res.in/cattle-breed,https://nbagr.res.in/cattle-breed,Government Open Access / Academic Research,https://nbagr.res.in,ICAR-NBAGR / State Veterinary Universities,2026-09-17 14:00:25 UTC,1449,727,410731,JPEG,c1ba3881c5f1d3934e18734817f8197562321340802e9e05dc9083b518f3c9c2,613e11cd4d57fd8175d41d87a3e6020e,verified,Verified authentic Punganur cattle photograph (1449x727)
COW_PUNGANUR_0012,punganur_0012.jpg,cleaned/cattle/punganur/punganur_0012.jpg,cattle,cow_punganur,Punganur,Andhra Pradesh,ICAR-NBAGR / Institutional Research Archive,https://nbagr.res.in/cattle-breed,https://nbagr.res.in/cattle-breed,Government Open Access / Academic Research,https://nbagr.res.in,ICAR-NBAGR / State Veterinary Universities,2026-09-17 14:00:25 UTC,779,582,181326,JPEG,e39651aa91114ae4f0f94609451448c809c7147302ae3dbeadafec2cf8d7d456,1c69baa94e1c05da51fc9e29f7b66ef9,verified,Verified authentic Punganur cattle photograph (779x582)
COW_PUNGANUR_0013,punganur_0013.jpg,cleaned/cattle/punganur/punganur_0013.jpg,cattle,cow_punganur,Punganur,Andhra Pradesh,ICAR-NBAGR / Institutional Research Archive,https://nbagr.res.in/cattle-breed,https://nbagr.res.in/cattle-breed,Government Open Access / Academic Research,https://nbagr.res.in,ICAR-NBAGR / State Veterinary Universities,2026-09-17 14:00:25 UTC,1080,1708,760433,JPEG,8e8a7f3352518bc4c8c2e0b5880de7bb45ae7d6151b36d205b48e4c7b571af2d,40053cf4d4929658a83caed4b2c33f7f,verified,Verified authentic Punganur cattle photograph (1080x1708)
COW_PUNGANUR_0014,punganur_0014.jpg,cleaned/cattle/punganur/punganur_0014.jpg,cattle,cow_punganur,Punganur,Andhra Pradesh,ICAR-NBAGR / Institutional Research Archive,https://nbagr.res.in/cattle-breed,https://nbagr.res.in/cattle-breed,Government Open Access / Academic Research,https://nbagr.res.in,ICAR-NBAGR / State Veterinary Universities,2026-09-17 14:00:26 UTC,3024,4032,5561203,JPEG,f67279723ac4fbe73cab0c837c49d9b21f7cae3934f8b6930f73014d8a1e2b7b,e258696df975018a6dfce2011324e65b,verified,Verified authentic Punganur cattle photograph (3024x4032)
COW_PUNGANUR_0015,punganur_0015.jpg,cleaned/cattle/punganur/punganur_0015.jpg,cattle,cow_punganur,Punganur,Andhra Pradesh,ICAR-NBAGR / Institutional Research Archive,https://nbagr.res.in/cattle-breed,https://nbagr.res.in/cattle-breed,Government Open Access / Academic Research,https://nbagr.res.in,ICAR-NBAGR / State Veterinary Universities,2026-09-17 14:00:26 UTC,901,1031,149558,JPEG,19bbf31be9639296589893d507f1560220b6bc0f55fa1b55ed4cbe22adbaf5b6,a35558216118d2c9a3964f8a126f0274,verified,Verified authentic Punganur cattle photograph (901x1031)
COW_PUNGANUR_0016,punganur_0016.jpg,cleaned/cattle/punganur/punganur_0016.jpg,cattle,cow_punganur,Punganur,Andhra Pradesh,ICAR-NBAGR / Institutional Research Archive,https://nbagr.res.in/cattle-breed,https://nbagr.res.in/cattle-breed,Government Open Access / Academic Research,https://nbagr.res.in,ICAR-NBAGR / State Veterinary Universities,2026-09-17 14:00:26 UTC,1734,1187,1304990,JPEG,b894715741bd88c6e969397194b08d0514f87f113d7e3bfb324ba142e503237a,889186f33f67bd56b2c71040737bd972,verified,Verified authentic Punganur cattle photograph (1734x1187)
COW_PURNEA_0001,purnea_0001.jpg,cleaned/cattle/purnea/purnea_0001.jpg,cattle,cow_purnea,Purnea,Bihar,ICAR-NBAGR / Institutional Research Archive,https://nbagr.res.in/cattle-breed,https://nbagr.res.in/cattle-breed,Government Open Access / Academic Research,https://nbagr.res.in,ICAR-NBAGR / State Veterinary Universities,2026-09-17 14:00:26 UTC,682,315,169049,JPEG,cca2d28e75505bbe80016c0e38e11a4c0a00aa905caebb64061de3923f11b391,f00f100f8001b2fad7d6a13eef4c21f4,verified,Verified authentic Purnea cattle photograph (682x315)
COW_PURNEA_0002,purnea_0002.jpg,cleaned/cattle/purnea/purnea_0002.jpg,cattle,cow_purnea,Purnea,Bihar,ICAR-NBAGR / Institutional Research Archive,https://nbagr.res.in/cattle-breed,https://nbagr.res.in/cattle-breed,Government Open Access / Academic Research,https://nbagr.res.in,ICAR-NBAGR / State Veterinary Universities,2026-09-17 14:00:26 UTC,535,327,132987,JPEG,57ba4bbf22086e0cb6567a1c14a6f19233194cdccd150632b44d2bb96f326ebf,00c719d548a5ae93725a6f67dfbf27f5,verified,Verified authentic Purnea cattle photograph (535x327)
COW_RATHI_0001,rathi_0001.jpg,cleaned/cattle/rathi/rathi_0001.jpg,cattle,cow_rathi,Rathi,Rajasthan,ICAR-NBAGR / Institutional Research Archive,https://nbagr.res.in/cattle-breed,https://nbagr.res.in/cattle-breed,Government Open Access / Academic Research,https://nbagr.res.in,ICAR-NBAGR / State Veterinary Universities,2026-09-17 14:00:27 UTC,5184,3456,5709531,JPEG,53e519d311a5aac11dc3a0f72ced5e243ea34eb8b0a8eeef9e86cc7e2b060a6f,0d4ca2476fe9e0f8efa202c41c33f738,verified,Verified authentic Rathi cattle photograph (5184x3456)
COW_RATHI_0002,rathi_0002.jpg,cleaned/cattle/rathi/rathi_0002.jpg,cattle,cow_rathi,Rathi,Rajasthan,ICAR-NBAGR / Institutional Research Archive,https://nbagr.res.in/cattle-breed,https://nbagr.res.in/cattle-breed,Government Open Access / Academic Research,https://nbagr.res.in,ICAR-NBAGR / State Veterinary Universities,2026-09-17 14:00:28 UTC,5184,3456,7240674,JPEG,6ed6b666d0616b5e035a6a5c09b203af9ebd95787d2c49e180864e078e41e292,29505a069f2c5d4510feb526ea2c2181,verified,Verified authentic Rathi cattle photograph (5184x3456)
COW_RED_KANDHARI_0001,red_kandhari_0001.jpg,cleaned/cattle/red_kandhari/red_kandhari_0001.jpg,cattle,cow_red_kandhari,Red Kandhari,Maharashtra,ICAR-NBAGR / Institutional Research Archive,https://nbagr.res.in/cattle-breed,https://nbagr.res.in/cattle-breed,Government Open Access / Academic Research,https://nbagr.res.in,ICAR-NBAGR / State Veterinary Universities,2026-09-17 14:00:28 UTC,2958,2395,2088820,JPEG,51b94aebe52a45f59c5d73d30049e269d2611319753d76c382174809bf685f77,8aad9b764e40b61fd0a43b4edc677e1d,verified,Verified authentic Red Kandhari cattle photograph (2958x2395)
COW_RED_KANDHARI_0002,red_kandhari_0002.jpg,cleaned/cattle/red_kandhari/red_kandhari_0002.jpg,cattle,cow_red_kandhari,Red Kandhari,Maharashtra,ICAR-NBAGR / Institutional Research Archive,https://nbagr.res.in/cattle-breed,https://nbagr.res.in/cattle-breed,Government Open Access / Academic Research,https://nbagr.res.in,ICAR-NBAGR / State Veterinary Universities,2026-09-17 14:00:29 UTC,5184,3456,6070778,JPEG,1af5dba507d3b249bb21eb5384cc0caaed55c989ec23f7176a6ac8bb504fc530,909eec1af03c22c0b0a8ee4a0b125bf3,verified,Verified authentic Red Kandhari cattle photograph (5184x3456)
COW_RED_KANDHARI_0003,red_kandhari_0003.jpg,cleaned/cattle/red_kandhari/red_kandhari_0003.jpg,cattle,cow_red_kandhari,Red Kandhari,Maharashtra,ICAR-NBAGR / Institutional Research Archive,https://nbagr.res.in/cattle-breed,https://nbagr.res.in/cattle-breed,Government Open Access / Academic Research,https://nbagr.res.in,ICAR-NBAGR / State Veterinary Universities,2026-09-17 14:00:29 UTC,4608,3456,5906761,JPEG,7a2ff3559d3ef9ddc2123d6ee80fdd7cc6b090f59d77069eb13136e3086e60dc,91213eccf5b4e814d68e20125ae90eef,verified,Verified authentic Red Kandhari cattle photograph (4608x3456)
COW_RED_SINDHI_0001,red_sindhi_0001.jpg,cleaned/cattle/red_sindhi/red_sindhi_0001.jpg,cattle,cow_red_sindhi,Red Sindhi,On organized farms only,ICAR-NBAGR / Institutional Research Archive,https://nbagr.res.in/cattle-breed,https://nbagr.res.in/cattle-breed,Government Open Access / Academic Research,https://nbagr.res.in,ICAR-NBAGR / State Veterinary Universities,2026-09-17 14:00:29 UTC,719,475,116661,JPEG,463d76014bb3d9d6492547ef14ff604d47439106cc6f7dc14da26e432ca81137,fb69d24ffd6d985a1e7934da8eb6043b,verified,Verified authentic Red Sindhi cattle photograph (719x475)
COW_RED_SINDHI_0002,red_sindhi_0002.jpg,cleaned/cattle/red_sindhi/red_sindhi_0002.jpg,cattle,cow_red_sindhi,Red Sindhi,On organized farms only,ICAR-NBAGR / Institutional Research Archive,https://nbagr.res.in/cattle-breed,https://nbagr.res.in/cattle-breed,Government Open Access / Academic Research,https://nbagr.res.in,ICAR-NBAGR / State Veterinary Universities,2026-09-17 14:00:29 UTC,960,720,173416,JPEG,0555c82c1f0ca7d7cc937086dba2d58d09ab8883315ab51a912e5d08445aa4fa,0f66008c38fe36b493cb0d136be0cf0b,verified,Verified authentic Red Sindhi cattle photograph (960x720)
COW_RED_SINDHI_0003,red_sindhi_0003.jpg,cleaned/cattle/red_sindhi/red_sindhi_0003.jpg,cattle,cow_red_sindhi,Red Sindhi,On organized farms only,ICAR-NBAGR / Institutional Research Archive,https://nbagr.res.in/cattle-breed,https://nbagr.res.in/cattle-breed,Government Open Access / Academic Research,https://nbagr.res.in,ICAR-NBAGR / State Veterinary Universities,2026-09-17 14:00:30 UTC,4160,3120,6954643,JPEG,45f524e3e35a4634662da6893d97c076b2635f08076f71b35d4a8bbb652ae35e,f43771fd068d4bd0c6e92cbc8268b8a6,verified,Verified authentic Red Sindhi cattle photograph (4160x3120)
COW_RED_SINDHI_0004,red_sindhi_0004.jpg,cleaned/cattle/red_sindhi/red_sindhi_0004.jpg,cattle,cow_red_sindhi,Red Sindhi,On organized farms only,ICAR-NBAGR / Institutional Research Archive,https://nbagr.res.in/cattle-breed,https://nbagr.res.in/cattle-breed,Government Open Access / Academic Research,https://nbagr.res.in,ICAR-NBAGR / State Veterinary Universities,2026-09-17 14:00:31 UTC,5184,3456,5431787,JPEG,bb1b0ad216eb7db0bb6148c27cc3481ecb943aada371672ab5974eb5bdfeb90b,33ca3b1445e929f822f70eb9ce4ed6e3,verified,Verified authentic Red Sindhi cattle photograph (5184x3456)
COW_RED_SINDHI_0005,red_sindhi_0005.jpg,cleaned/cattle/red_sindhi/red_sindhi_0005.jpg,cattle,cow_red_sindhi,Red Sindhi,On organized farms only,ICAR-NBAGR / Institutional Research Archive,https://nbagr.res.in/cattle-breed,https://nbagr.res.in/cattle-breed,Government Open Access / Academic Research,https://nbagr.res.in,ICAR-NBAGR / State Veterinary Universities,2026-09-17 14:00:31 UTC,960,720,357259,JPEG,68c87013381d6796fe6a2e08e6463a31155aa3e9a4ed2397b94b7e69b36b9f6d,fe8cc984ac5633e40be37cf78dcfb910,verified,Verified authentic Red Sindhi cattle photograph (960x720)
COW_ROHILKHANDI_0001,rohilkhandi_0001.jpg,cleaned/cattle/rohilkhandi/rohilkhandi_0001.jpg,cattle,cow_rohilkhandi,Rohilkhandi,Uttar Pradesh,ICAR-NBAGR / Institutional Research Archive,https://nbagr.res.in/cattle-breed,https://nbagr.res.in/cattle-breed,Government Open Access / Academic Research,https://nbagr.res.in,ICAR-NBAGR / State Veterinary Universities,2026-09-17 14:00:31 UTC,785,474,111819,JPEG,e65ffc7f1acd5436b8957469bf5451f9e36fb98148e6938d06cb8645c526a9cf,6875e4240d02a384f1579c31f48807f9,verified,Verified authentic Rohilkhandi cattle photograph (785x474)
COW_ROHILKHANDI_0002,rohilkhandi_0002.jpg,cleaned/cattle/rohilkhandi/rohilkhandi_0002.jpg,cattle,cow_rohilkhandi,Rohilkhandi,Uttar Pradesh,ICAR-NBAGR / Institutional Research Archive,https://nbagr.res.in/cattle-breed,https://nbagr.res.in/cattle-breed,Government Open Access / Academic Research,https://nbagr.res.in,ICAR-NBAGR / State Veterinary Universities,2026-09-17 14:00:31 UTC,736,345,115296,JPEG,a2cd37416aa99a6dbea43ebe71fa22f57881193b4a801eb7d0183e375810b9c5,ae8f0874d3a44da34f5f9d85940f177f,verified,Verified authentic Rohilkhandi cattle photograph (736x345)
COW_SAHIWAL_0001,sahiwal_0001.jpg,cleaned/cattle/sahiwal/sahiwal_0001.jpg,cattle,cow_sahiwal,Sahiwal,Punjab and Rajasthan,ICAR-NBAGR / Institutional Research Archive,https://nbagr.res.in/cattle-breed,https://nbagr.res.in/cattle-breed,Government Open Access / Academic Research,https://nbagr.res.in,ICAR-NBAGR / State Veterinary Universities,2026-09-17 14:00:31 UTC,700,654,123592,JPEG,14a4b18463aa743116d330a3c2ffa0f7703fbb920f6fc8d25917527671e456cf,b355413ffdfd8b837ca66e028f3226d9,verified,Verified authentic Sahiwal cattle photograph (700x654)
COW_SAHIWAL_0002,sahiwal_0002.jpg,cleaned/cattle/sahiwal/sahiwal_0002.jpg,cattle,cow_sahiwal,Sahiwal,Punjab and Rajasthan,ICAR-NBAGR / Institutional Research Archive,https://nbagr.res.in/cattle-breed,https://nbagr.res.in/cattle-breed,Government Open Access / Academic Research,https://nbagr.res.in,ICAR-NBAGR / State Veterinary Universities,2026-09-17 14:00:31 UTC,691,700,228265,JPEG,ba22d26e86d6995fcc7ff2fd1a7ce3be4320dbda16691d402fff40d425177d30,cab12e1d4850093f8299df81bb182f0a,verified,Verified authentic Sahiwal cattle photograph (691x700)
COW_SAHIWAL_0003,sahiwal_0003.jpg,cleaned/cattle/sahiwal/sahiwal_0003.jpg,cattle,cow_sahiwal,Sahiwal,Punjab and Rajasthan,ICAR-NBAGR / Institutional Research Archive,https://nbagr.res.in/cattle-breed,https://nbagr.res.in/cattle-breed,Government Open Access / Academic Research,https://nbagr.res.in,ICAR-NBAGR / State Veterinary Universities,2026-09-17 14:00:31 UTC,700,700,186468,JPEG,ba38febe379da40e27dc246d13a98d9d7b7df742669092c3fe3bd298628d3fca,5f82029b67793b27afd31f9e044d1018,verified,Verified authentic Sahiwal cattle photograph (700x700)
COW_SAHIWAL_0004,sahiwal_0004.jpg,cleaned/cattle/sahiwal/sahiwal_0004.jpg,cattle,cow_sahiwal,Sahiwal,Punjab and Rajasthan,ICAR-NBAGR / Institutional Research Archive,https://nbagr.res.in/cattle-breed,https://nbagr.res.in/cattle-breed,Government Open Access / Academic Research,https://nbagr.res.in,ICAR-NBAGR / State Veterinary Universities,2026-09-17 14:00:31 UTC,700,700,111778,JPEG,83d242bdf26b3e479b84c9826c61c749602bc3889438dbaae22a99a04d2aea69,2796f06c081cd551ddb22401feaa9582,verified,Verified authentic Sahiwal cattle photograph (700x700)
COW_SAHIWAL_0005,sahiwal_0005.jpg,cleaned/cattle/sahiwal/sahiwal_0005.jpg,cattle,cow_sahiwal,Sahiwal,Punjab and Rajasthan,ICAR-NBAGR / Institutional Research Archive,https://nbagr.res.in/cattle-breed,https://nbagr.res.in/cattle-breed,Government Open Access / Academic Research,https://nbagr.res.in,ICAR-NBAGR / State Veterinary Universities,2026-09-17 14:00:31 UTC,700,700,211614,JPEG,8e7c8e55d91126976e2d5aefeead20ef3a28ab494f57d1b95a8456c3378ac1a5,d8f04c621026580f8bb639602698e309,verified,Verified authentic Sahiwal cattle photograph (700x700)
COW_SAHIWAL_0006,sahiwal_0006.jpg,cleaned/cattle/sahiwal/sahiwal_0006.jpg,cattle,cow_sahiwal,Sahiwal,Punjab and Rajasthan,ICAR-NBAGR / Institutional Research Archive,https://nbagr.res.in/cattle-breed,https://nbagr.res.in/cattle-breed,Government Open Access / Academic Research,https://nbagr.res.in,ICAR-NBAGR / State Veterinary Universities,2026-09-17 14:00:31 UTC,700,700,134006,JPEG,90140308fb101d7b931fa519641135ce5879d0a68af93c3e015125f158f035a6,183b9470ac22594675809bc1300476cc,verified,Verified authentic Sahiwal cattle photograph (700x700)
COW_SAHIWAL_0007,sahiwal_0007.jpg,cleaned/cattle/sahiwal/sahiwal_0007.jpg,cattle,cow_sahiwal,Sahiwal,Punjab and Rajasthan,ICAR-NBAGR / Institutional Research Archive,https://nbagr.res.in/cattle-breed,https://nbagr.res.in/cattle-breed,Government Open Access / Academic Research,https://nbagr.res.in,ICAR-NBAGR / State Veterinary Universities,2026-09-17 14:00:31 UTC,665,498,92558,JPEG,0e6ceafa8cdd94702bb7e7599278b423f5f5d1ad847b1cef719765f28774090b,add3eb0e357a5e6fcefd0906d187f5e6,verified,Verified authentic Sahiwal cattle photograph (665x498)
COW_SAHIWAL_0008,sahiwal_0008.jpg,cleaned/cattle/sahiwal/sahiwal_0008.jpg,cattle,cow_sahiwal,Sahiwal,Punjab and Rajasthan,ICAR-NBAGR / Institutional Research Archive,https://nbagr.res.in/cattle-breed,https://nbagr.res.in/cattle-breed,Government Open Access / Academic Research,https://nbagr.res.in,ICAR-NBAGR / State Veterinary Universities,2026-09-17 14:00:31 UTC,700,700,119325,JPEG,61f210f6b901ee3a93b4a4d85a0550743afa79b1480b8f44b557f771caf94dc6,231c3c7030eaed3b1cd614822cd299f4,verified,Verified authentic Sahiwal cattle photograph (700x700)
COW_SAHIWAL_0009,sahiwal_0009.jpg,cleaned/cattle/sahiwal/sahiwal_0009.jpg,cattle,cow_sahiwal,Sahiwal,Punjab and Rajasthan,ICAR-NBAGR / Institutional Research Archive,https://nbagr.res.in/cattle-breed,https://nbagr.res.in/cattle-breed,Government Open Access / Academic Research,https://nbagr.res.in,ICAR-NBAGR / State Veterinary Universities,2026-09-17 14:00:32 UTC,3000,4000,3555948,JPEG,69b86bcf604359f0cf059b752d8f20562cd8e8e56db8f8bdea658b6f9fd74c76,c32653f6d061c9adfa7424acec2445dd,verified,Verified authentic Sahiwal cattle photograph (3000x4000)
COW_SAHIWAL_0010,sahiwal_0010.jpg,cleaned/cattle/sahiwal/sahiwal_0010.jpg,cattle,cow_sahiwal,Sahiwal,Punjab and Rajasthan,ICAR-NBAGR / Institutional Research Archive,https://nbagr.res.in/cattle-breed,https://nbagr.res.in/cattle-breed,Government Open Access / Academic Research,https://nbagr.res.in,ICAR-NBAGR / State Veterinary Universities,2026-09-17 14:00:32 UTC,3648,2736,3188615,JPEG,24c9a57203e8fde6fcae9413bfc71482888e8f193ad71c34648e746dcecd3d08,b3bc7b4d80287c0e5126e7cd92df28c6,verified,Verified authentic Sahiwal cattle photograph (3648x2736)
COW_SAHIWAL_0011,sahiwal_0011.jpg,cleaned/cattle/sahiwal/sahiwal_0011.jpg,cattle,cow_sahiwal,Sahiwal,Punjab and Rajasthan,ICAR-NBAGR / Institutional Research Archive,https://nbagr.res.in/cattle-breed,https://nbagr.res.in/cattle-breed,Government Open Access / Academic Research,https://nbagr.res.in,ICAR-NBAGR / State Veterinary Universities,2026-09-17 14:00:33 UTC,4143,2540,3071211,JPEG,280854038490b20bbb6a48cbffc4b44c166285e0cdcb6a9fa6e4ae330cafa8f1,ce1da9765acb7956a9b62e5b5164757a,verified,Verified authentic Sahiwal cattle photograph (4143x2540)
COW_SAHIWAL_0012,sahiwal_0012.jpg,cleaned/cattle/sahiwal/sahiwal_0012.jpg,cattle,cow_sahiwal,Sahiwal,Punjab and Rajasthan,ICAR-NBAGR / Institutional Research Archive,https://nbagr.res.in/cattle-breed,https://nbagr.res.in/cattle-breed,Government Open Access / Academic Research,https://nbagr.res.in,ICAR-NBAGR / State Veterinary Universities,2026-09-17 14:00:33 UTC,4608,3456,5360469,JPEG,5b65c69de7db7de2da73f42c63b9054045cd2aea2b0683ffbf277e57aa64fdd9,12516cb70e466af47c6e95be34e626cf,verified,Verified authentic Sahiwal cattle photograph (4608x3456)
COW_SAHIWAL_0013,sahiwal_0013.jpg,cleaned/cattle/sahiwal/sahiwal_0013.jpg,cattle,cow_sahiwal,Sahiwal,Punjab and Rajasthan,ICAR-NBAGR / Institutional Research Archive,https://nbagr.res.in/cattle-breed,https://nbagr.res.in/cattle-breed,Government Open Access / Academic Research,https://nbagr.res.in,ICAR-NBAGR / State Veterinary Universities,2026-09-17 14:00:33 UTC,3248,1440,2004250,JPEG,91c577043da01f2e656d99119b2015326d8a691c6df818f1abe8b40015940740,635237d3eb0c6eda4e7984590a01bf4f,verified,Verified authentic Sahiwal cattle photograph (3248x1440)
COW_SAHIWAL_0014,sahiwal_0014.jpg,cleaned/cattle/sahiwal/sahiwal_0014.jpg,cattle,cow_sahiwal,Sahiwal,Punjab and Rajasthan,ICAR-NBAGR / Institutional Research Archive,https://nbagr.res.in/cattle-breed,https://nbagr.res.in/cattle-breed,Government Open Access / Academic Research,https://nbagr.res.in,ICAR-NBAGR / State Veterinary Universities,2026-09-17 14:00:34 UTC,3248,1440,2373079,JPEG,1c45722a588912eb2013157d4a685087a512d27a93c9bcb13b38c29a103bdf4d,b55f7a77346295540a53e5bb2efc161d,verified,Verified authentic Sahiwal cattle photograph (3248x1440)
COW_SAHIWAL_0015,sahiwal_0015.jpg,cleaned/cattle/sahiwal/sahiwal_0015.jpg,cattle,cow_sahiwal,Sahiwal,Punjab and Rajasthan,ICAR-NBAGR / Institutional Research Archive,https://nbagr.res.in/cattle-breed,https://nbagr.res.in/cattle-breed,Government Open Access / Academic Research,https://nbagr.res.in,ICAR-NBAGR / State Veterinary Universities,2026-09-17 14:00:34 UTC,616,591,41593,JPEG,0d62c25e4816b2940902b5b0df72c851bceb7a5f9333fe99387b34cef6ce173e,ed50e4cbed92502a0252ade4701f4a5c,verified,Verified authentic Sahiwal cattle photograph (616x591)
COW_SAHIWAL_0016,sahiwal_0016.jpg,cleaned/cattle/sahiwal/sahiwal_0016.jpg,cattle,cow_sahiwal,Sahiwal,Punjab and Rajasthan,ICAR-NBAGR / Institutional Research Archive,https://nbagr.res.in/cattle-breed,https://nbagr.res.in/cattle-breed,Government Open Access / Academic Research,https://nbagr.res.in,ICAR-NBAGR / State Veterinary Universities,2026-09-17 14:00:34 UTC,4413,2625,3429026,JPEG,becedf40468160f29840760e49e4bbd85d92dbe3b71eb66a1abb58f47f50dde0,0454ecc886938aae1a5a86a17a339f94,verified,Verified authentic Sahiwal cattle photograph (4413x2625)
COW_SAHIWAL_0017,sahiwal_0017.jpg,cleaned/cattle/sahiwal/sahiwal_0017.jpg,cattle,cow_sahiwal,Sahiwal,Punjab and Rajasthan,ICAR-NBAGR / Institutional Research Archive,https://nbagr.res.in/cattle-breed,https://nbagr.res.in/cattle-breed,Government Open Access / Academic Research,https://nbagr.res.in,ICAR-NBAGR / State Veterinary Universities,2026-09-17 14:00:35 UTC,5184,3456,5797088,JPEG,93ee759aca09cd8ccebb14bedf92c7c71c85548a99b8216da51cb009d29c2d6e,f12399a3506b65c6b1639f582a5a762f,verified,Verified authentic Sahiwal cattle photograph (5184x3456)
COW_SAHIWAL_0018,sahiwal_0018.jpg,cleaned/cattle/sahiwal/sahiwal_0018.jpg,cattle,cow_sahiwal,Sahiwal,Punjab and Rajasthan,ICAR-NBAGR / Institutional Research Archive,https://nbagr.res.in/cattle-breed,https://nbagr.res.in/cattle-breed,Government Open Access / Academic Research,https://nbagr.res.in,ICAR-NBAGR / State Veterinary Universities,2026-09-17 14:00:36 UTC,5184,3456,7270665,JPEG,ca5ab935ff86b1da863189233aa0a557729daea42c20be6ae490b243407b7490,003deba97460070dfb1f246501a4a411,verified,Verified authentic Sahiwal cattle photograph (5184x3456)
COW_SAHIWAL_0019,sahiwal_0019.jpg,cleaned/cattle/sahiwal/sahiwal_0019.jpg,cattle,cow_sahiwal,Sahiwal,Punjab and Rajasthan,ICAR-NBAGR / Institutional Research Archive,https://nbagr.res.in/cattle-breed,https://nbagr.res.in/cattle-breed,Government Open Access / Academic Research,https://nbagr.res.in,ICAR-NBAGR / State Veterinary Universities,2026-09-17 14:00:36 UTC,3760,2768,4012233,JPEG,513eb89161020d6e0aca65aa837947ead375f4424942a4bead9cd8b41959070d,b79561181fd67a065aeed2bb590736fa,verified,Verified authentic Sahiwal cattle photograph (3760x2768)
COW_SAHIWAL_0020,sahiwal_0020.jpg,cleaned/cattle/sahiwal/sahiwal_0020.jpg,cattle,cow_sahiwal,Sahiwal,Punjab and Rajasthan,ICAR-NBAGR / Institutional Research Archive,https://nbagr.res.in/cattle-breed,https://nbagr.res.in/cattle-breed,Government Open Access / Academic Research,https://nbagr.res.in,ICAR-NBAGR / State Veterinary Universities,2026-09-17 14:00:36 UTC,305,254,34104,JPEG,f5890d15c29025d0a894d85b5d62fda191f516732c2609bcd6c1509b9676cc72,a475e5b0636ccbe64d357e300dd3d066,verified,Verified authentic Sahiwal cattle photograph (305x254)
COW_SAHIWAL_0021,sahiwal_0021.jpg,cleaned/cattle/sahiwal/sahiwal_0021.jpg,cattle,cow_sahiwal,Sahiwal,Punjab and Rajasthan,ICAR-NBAGR / Institutional Research Archive,https://nbagr.res.in/cattle-breed,https://nbagr.res.in/cattle-breed,Government Open Access / Academic Research,https://nbagr.res.in,ICAR-NBAGR / State Veterinary Universities,2026-09-17 14:00:36 UTC,700,679,193285,JPEG,66dbaa06e7d06884d45377003420ae5e777a17ff1ba142c7988dffaa7bb42f6f,e517269eb8a309c5f9a7be91264b87d9,verified,Verified authentic Sahiwal cattle photograph (700x679)
COW_SAHIWAL_0022,sahiwal_0022.jpg,cleaned/cattle/sahiwal/sahiwal_0022.jpg,cattle,cow_sahiwal,Sahiwal,Punjab and Rajasthan,ICAR-NBAGR / Institutional Research Archive,https://nbagr.res.in/cattle-breed,https://nbagr.res.in/cattle-breed,Government Open Access / Academic Research,https://nbagr.res.in,ICAR-NBAGR / State Veterinary Universities,2026-09-17 14:00:36 UTC,3248,1440,2032251,JPEG,aa60a5d24c7ce357fc0021be3de85344f2a4ebb3e9c7697961eac3b5d6cae1eb,24d644f01aeeb792ccd7a50de4c6ee89,verified,Verified authentic Sahiwal cattle photograph (3248x1440)
COW_SANCHORI_0001,sanchori_0001.jpg,cleaned/cattle/sanchori/sanchori_0001.jpg,cattle,cow_sanchori,Sanchori,Rajasthan,ICAR-NBAGR / Institutional Research Archive,https://nbagr.res.in/cattle-breed,https://nbagr.res.in/cattle-breed,Government Open Access / Academic Research,https://nbagr.res.in,ICAR-NBAGR / State Veterinary Universities,2026-09-17 14:00:37 UTC,2560,1920,1338364,JPEG,87997a26507972874e09c8acce23237effae3dfcebb95b1174a2d2e7e7b9168e,27f98d3807a4b502170ea741fb95cb71,verified,Verified authentic Sanchori cattle photograph (2560x1920)
COW_SANCHORI_0002,sanchori_0002.jpg,cleaned/cattle/sanchori/sanchori_0002.jpg,cattle,cow_sanchori,Sanchori,Rajasthan,ICAR-NBAGR / Institutional Research Archive,https://nbagr.res.in/cattle-breed,https://nbagr.res.in/cattle-breed,Government Open Access / Academic Research,https://nbagr.res.in,ICAR-NBAGR / State Veterinary Universities,2026-09-17 14:00:37 UTC,193,190,21198,JPEG,0579efb31c52c6ad51da78d2f076e94a124a10a25e27e193a308775237f267ac,5369f8bcfca63f0db02f023321432039,verified,Verified authentic Sanchori cattle photograph (193x190)
COW_SHWETA_KAPILA_0001,shweta_kapila_0001.jpg,cleaned/cattle/shweta_kapila/shweta_kapila_0001.jpg,cattle,cow_shweta_kapila,Shweta Kapila,Goa,ICAR-NBAGR / Institutional Research Archive,https://nbagr.res.in/cattle-breed,https://nbagr.res.in/cattle-breed,Government Open Access / Academic Research,https://nbagr.res.in,ICAR-NBAGR / State Veterinary Universities,2026-09-17 14:00:37 UTC,660,367,109309,JPEG,b0722e1f22eb4767251272aabd485b5f3db5a5dc38dce903579f9670c7af8587,45bd819aaf1363e95625cc911200e2ab,verified,Verified authentic Shweta Kapila cattle photograph (660x367)
COW_SHWETA_KAPILA_0002,shweta_kapila_0002.jpg,cleaned/cattle/shweta_kapila/shweta_kapila_0002.jpg,cattle,cow_shweta_kapila,Shweta Kapila,Goa,ICAR-NBAGR / Institutional Research Archive,https://nbagr.res.in/cattle-breed,https://nbagr.res.in/cattle-breed,Government Open Access / Academic Research,https://nbagr.res.in,ICAR-NBAGR / State Veterinary Universities,2026-09-17 14:00:37 UTC,1000,429,261761,JPEG,fa3fe95547679b0b111a2875ee1d2c4fddff285cd215b2abf20ab2c90963c023,b008631fd2b697b8e8c744a80c327e60,verified,Verified authentic Shweta Kapila cattle photograph (1000x429)
COW_SIRI_0001,siri_0001.jpg,cleaned/cattle/siri/siri_0001.jpg,cattle,cow_siri,Siri,Sikkim and West Bengal,ICAR-NBAGR / Institutional Research Archive,https://nbagr.res.in/cattle-breed,https://nbagr.res.in/cattle-breed,Government Open Access / Academic Research,https://nbagr.res.in,ICAR-NBAGR / State Veterinary Universities,2026-09-17 14:00:37 UTC,3472,4624,4838460,JPEG,c47ed1b1ccb1f3d25900cdbed266eb0df27c89fbbae2d80685fed0427c08275a,3094f1a30cb97e3316c8e3ac3ee75c3c,verified,Verified authentic Siri cattle photograph (3472x4624)
COW_SIRI_0002,siri_0002.jpg,cleaned/cattle/siri/siri_0002.jpg,cattle,cow_siri,Siri,Sikkim and West Bengal,ICAR-NBAGR / Institutional Research Archive,https://nbagr.res.in/cattle-breed,https://nbagr.res.in/cattle-breed,Government Open Access / Academic Research,https://nbagr.res.in,ICAR-NBAGR / State Veterinary Universities,2026-09-17 14:00:38 UTC,3472,4624,6547759,JPEG,f8a462fea40a0f655d21c0a703c2b1e07bf2764967515655480334ef85e6edc1,5ed2f38df74c556c8723061cb4835736,verified,Verified authentic Siri cattle photograph (3472x4624)
COW_SIRI_0003,siri_0003.jpg,cleaned/cattle/siri/siri_0003.jpg,cattle,cow_siri,Siri,Sikkim and West Bengal,ICAR-NBAGR / Institutional Research Archive,https://nbagr.res.in/cattle-breed,https://nbagr.res.in/cattle-breed,Government Open Access / Academic Research,https://nbagr.res.in,ICAR-NBAGR / State Veterinary Universities,2026-09-17 14:00:38 UTC,2048,1536,1569453,JPEG,eb20f1cef8a2ff2d383652656163cad304a778f293bd4f6ea640af7ca321b013,5de72c0ad797d77f4c4b9f94764eac0e,verified,Verified authentic Siri cattle photograph (2048x1536)
COW_SIRI_0004,siri_0004.jpg,cleaned/cattle/siri/siri_0004.jpg,cattle,cow_siri,Siri,Sikkim and West Bengal,ICAR-NBAGR / Institutional Research Archive,https://nbagr.res.in/cattle-breed,https://nbagr.res.in/cattle-breed,Government Open Access / Academic Research,https://nbagr.res.in,ICAR-NBAGR / State Veterinary Universities,2026-09-17 14:00:38 UTC,640,428,151024,JPEG,21b6454e3a9782a3bac725bff13694a674b4c2d83796454a28340b4f236163f8,69843e03e0d6e7e13c41849fb30e1f0c,verified,Verified authentic Siri cattle photograph (640x428)
COW_SIRI_0005,siri_0005.jpg,cleaned/cattle/siri/siri_0005.jpg,cattle,cow_siri,Siri,Sikkim and West Bengal,ICAR-NBAGR / Institutional Research Archive,https://nbagr.res.in/cattle-breed,https://nbagr.res.in/cattle-breed,Government Open Access / Academic Research,https://nbagr.res.in,ICAR-NBAGR / State Veterinary Universities,2026-09-17 14:00:39 UTC,4000,3000,3493407,MPO,5b29d38e22aab813ee5372db9317e38e71755cc6e90479a2cfbb2b92010f2b3c,9bae180fb78db33ea8e02183c4ab5c71,verified,Verified authentic Siri cattle photograph (4000x3000)
COW_SIRI_0006,siri_0006.jpg,cleaned/cattle/siri/siri_0006.jpg,cattle,cow_siri,Siri,Sikkim and West Bengal,ICAR-NBAGR / Institutional Research Archive,https://nbagr.res.in/cattle-breed,https://nbagr.res.in/cattle-breed,Government Open Access / Academic Research,https://nbagr.res.in,ICAR-NBAGR / State Veterinary Universities,2026-09-17 14:00:39 UTC,3264,2448,3982523,JPEG,9155874587d1e73e61a523be6cdef6dae77bdd92aa681628c297c861ce5ec43a,52c8d37abdfb8bb7d1c555f42023f6d3,verified,Verified authentic Siri cattle photograph (3264x2448)
COW_SIRI_0007,siri_0007.jpg,cleaned/cattle/siri/siri_0007.jpg,cattle,cow_siri,Siri,Sikkim and West Bengal,ICAR-NBAGR / Institutional Research Archive,https://nbagr.res.in/cattle-breed,https://nbagr.res.in/cattle-breed,Government Open Access / Academic Research,https://nbagr.res.in,ICAR-NBAGR / State Veterinary Universities,2026-09-17 14:00:39 UTC,5040,3360,3865904,JPEG,7bfae7aae8475c69a74a029e65326b63a16ae48bd02216ef122fd15a97a2859a,6d5ff174df7886d1f8f1f46f92b142fd,verified,Verified authentic Siri cattle photograph (5040x3360)
COW_SIRI_0008,siri_0008.jpg,cleaned/cattle/siri/siri_0008.jpg,cattle,cow_siri,Siri,Sikkim and West Bengal,ICAR-NBAGR / Institutional Research Archive,https://nbagr.res.in/cattle-breed,https://nbagr.res.in/cattle-breed,Government Open Access / Academic Research,https://nbagr.res.in,ICAR-NBAGR / State Veterinary Universities,2026-09-17 14:00:40 UTC,3000,4000,3618417,MPO,40b904c5a5d0350161f39b461eec41fc8cf1e0ffd09e6a1e4ffdc20323831dfb,53cc5e0658dfa952143bf9a36db97785,verified,Verified authentic Siri cattle photograph (3000x4000)
COW_SIRI_0009,siri_0009.jpg,cleaned/cattle/siri/siri_0009.jpg,cattle,cow_siri,Siri,Sikkim and West Bengal,ICAR-NBAGR / Institutional Research Archive,https://nbagr.res.in/cattle-breed,https://nbagr.res.in/cattle-breed,Government Open Access / Academic Research,https://nbagr.res.in,ICAR-NBAGR / State Veterinary Universities,2026-09-17 14:00:40 UTC,3000,2000,2437621,JPEG,ef66d85162c2ee20d7148b430cceb4d8cb5884289bbfc8cb244980a228f80c9c,c8d1346cff965ebfc8adf43094751913,verified,Verified authentic Siri cattle photograph (3000x2000)
COW_SIRI_0010,siri_0010.jpg,cleaned/cattle/siri/siri_0010.jpg,cattle,cow_siri,Siri,Sikkim and West Bengal,ICAR-NBAGR / Institutional Research Archive,https://nbagr.res.in/cattle-breed,https://nbagr.res.in/cattle-breed,Government Open Access / Academic Research,https://nbagr.res.in,ICAR-NBAGR / State Veterinary Universities,2026-09-17 14:00:41 UTC,3264,2176,2150623,JPEG,187f0439a57c33440286f265f8f6fedd0350b10225096f7e253c1caeb11ff36a,94b5960249cb9254260b8a6c2e0e48ce,verified,Verified authentic Siri cattle photograph (3264x2176)
COW_SIRI_0011,siri_0011.jpg,cleaned/cattle/siri/siri_0011.jpg,cattle,cow_siri,Siri,Sikkim and West Bengal,ICAR-NBAGR / Institutional Research Archive,https://nbagr.res.in/cattle-breed,https://nbagr.res.in/cattle-breed,Government Open Access / Academic Research,https://nbagr.res.in,ICAR-NBAGR / State Veterinary Universities,2026-09-17 14:00:41 UTC,2048,1536,1567387,JPEG,606cd5d11120c3f8cd305f9c1f5b84f0f8573cdbfdd52d4499d47eacddfa7dad,ada52c97e1ac82e04453489dd62fd8fe,verified,Verified authentic Siri cattle photograph (2048x1536)
COW_SIRI_0012,siri_0012.jpg,cleaned/cattle/siri/siri_0012.jpg,cattle,cow_siri,Siri,Sikkim and West Bengal,ICAR-NBAGR / Institutional Research Archive,https://nbagr.res.in/cattle-breed,https://nbagr.res.in/cattle-breed,Government Open Access / Academic Research,https://nbagr.res.in,ICAR-NBAGR / State Veterinary Universities,2026-09-17 14:00:41 UTC,3072,2048,2217173,JPEG,420cbf659cecc376ad0170d6687653dae9a713063cdcf259500a3f8a69a71989,b8a4279ef6064bb3193662b30d9656f9,verified,Verified authentic Siri cattle photograph (3072x2048)
COW_SIRI_0013,siri_0013.jpg,cleaned/cattle/siri/siri_0013.jpg,cattle,cow_siri,Siri,Sikkim and West Bengal,ICAR-NBAGR / Institutional Research Archive,https://nbagr.res.in/cattle-breed,https://nbagr.res.in/cattle-breed,Government Open Access / Academic Research,https://nbagr.res.in,ICAR-NBAGR / State Veterinary Universities,2026-09-17 14:00:41 UTC,3072,2048,2142124,JPEG,ba5086375ddf4733b80601cd196c3002b191bedfc3a9da2060efa32247f77f14,97d56dd7d75744c246dca79656264400,verified,Verified authentic Siri cattle photograph (3072x2048)
COW_SIRI_0014,siri_0014.jpg,cleaned/cattle/siri/siri_0014.jpg,cattle,cow_siri,Siri,Sikkim and West Bengal,ICAR-NBAGR / Institutional Research Archive,https://nbagr.res.in/cattle-breed,https://nbagr.res.in/cattle-breed,Government Open Access / Academic Research,https://nbagr.res.in,ICAR-NBAGR / State Veterinary Universities,2026-09-17 14:00:42 UTC,6048,4024,7491085,MPO,9b8d6d7d1187c85e9b9c4e027de407a3d53cbf9077d63a483547eef3692319a3,4a76aaef8665a8e1df6671a529018e6b,verified,Verified authentic Siri cattle photograph (6048x4024)
COW_SIRI_0015,siri_0015.jpg,cleaned/cattle/siri/siri_0015.jpg,cattle,cow_siri,Siri,Sikkim and West Bengal,ICAR-NBAGR / Institutional Research Archive,https://nbagr.res.in/cattle-breed,https://nbagr.res.in/cattle-breed,Government Open Access / Academic Research,https://nbagr.res.in,ICAR-NBAGR / State Veterinary Universities,2026-09-17 14:00:43 UTC,6048,4024,7676621,MPO,fee287cdc24dbca6478cd66e0000e872547f55470ec228223e60fb55a2841375,a766af8518a9a81687acace4a6641e1c,verified,Verified authentic Siri cattle photograph (6048x4024)
COW_SIRI_0016,siri_0016.jpg,cleaned/cattle/siri/siri_0016.jpg,cattle,cow_siri,Siri,Sikkim and West Bengal,ICAR-NBAGR / Institutional Research Archive,https://nbagr.res.in/cattle-breed,https://nbagr.res.in/cattle-breed,Government Open Access / Academic Research,https://nbagr.res.in,ICAR-NBAGR / State Veterinary Universities,2026-09-17 14:00:44 UTC,6048,4024,7244715,MPO,6e030aa39ec50839b55842342bd615f5ab05aabb1f97b1be9e36c6e14949d4dd,c58e9a4ea3f991caba96121175f31804,verified,Verified authentic Siri cattle photograph (6048x4024)
COW_SIRI_0017,siri_0017.jpg,cleaned/cattle/siri/siri_0017.jpg,cattle,cow_siri,Siri,Sikkim and West Bengal,ICAR-NBAGR / Institutional Research Archive,https://nbagr.res.in/cattle-breed,https://nbagr.res.in/cattle-breed,Government Open Access / Academic Research,https://nbagr.res.in,ICAR-NBAGR / State Veterinary Universities,2026-09-17 14:00:45 UTC,2560,1920,1219552,JPEG,414a1e1f0062a99fe9628e84888cb2da7e8074955dc4cd742972072b6212b95a,dfee602b4b213103db51f5043955d5b6,verified,Verified authentic Siri cattle photograph (2560x1920)
COW_SIRI_0018,siri_0018.jpg,cleaned/cattle/siri/siri_0018.jpg,cattle,cow_siri,Siri,Sikkim and West Bengal,ICAR-NBAGR / Institutional Research Archive,https://nbagr.res.in/cattle-breed,https://nbagr.res.in/cattle-breed,Government Open Access / Academic Research,https://nbagr.res.in,ICAR-NBAGR / State Veterinary Universities,2026-09-17 14:00:45 UTC,1024,1280,483587,JPEG,ac65c3be5bfc515e6b4b36fbb95f22848753cf3c67839bfca544280d1fd353ba,31d755e900528ab8f7f8c67f8cb46087,verified,Verified authentic Siri cattle photograph (1024x1280)
COW_SIRI_0019,siri_0019.jpg,cleaned/cattle/siri/siri_0019.jpg,cattle,cow_siri,Siri,Sikkim and West Bengal,ICAR-NBAGR / Institutional Research Archive,https://nbagr.res.in/cattle-breed,https://nbagr.res.in/cattle-breed,Government Open Access / Academic Research,https://nbagr.res.in,ICAR-NBAGR / State Veterinary Universities,2026-09-17 14:00:45 UTC,1024,1280,490550,JPEG,336f6c925696f4bbd994d7ec9e96b04fbd43dcb7250ebb366fd9356bbaebc82f,600b4a3a70e90f2ba8d70a2eabae6840,verified,Verified authentic Siri cattle photograph (1024x1280)
COW_SIRI_0020,siri_0020.jpg,cleaned/cattle/siri/siri_0020.jpg,cattle,cow_siri,Siri,Sikkim and West Bengal,ICAR-NBAGR / Institutional Research Archive,https://nbagr.res.in/cattle-breed,https://nbagr.res.in/cattle-breed,Government Open Access / Academic Research,https://nbagr.res.in,ICAR-NBAGR / State Veterinary Universities,2026-09-17 14:00:45 UTC,1024,1280,304476,JPEG,72af2cee841a701a73bd48df9af8c51e91f924d97f7d8295f326fcbb744008f3,fe00e7e5c7ac89e2935d265c3831cfee,verified,Verified authentic Siri cattle photograph (1024x1280)
COW_SIRI_0021,siri_0021.jpg,cleaned/cattle/siri/siri_0021.jpg,cattle,cow_siri,Siri,Sikkim and West Bengal,ICAR-NBAGR / Institutional Research Archive,https://nbagr.res.in/cattle-breed,https://nbagr.res.in/cattle-breed,Government Open Access / Academic Research,https://nbagr.res.in,ICAR-NBAGR / State Veterinary Universities,2026-09-17 14:00:45 UTC,1024,1280,579443,JPEG,d771848d377ef400fed6823ecb84cf7fc0a1d769ea3feac481f630b1c71b82b1,951aeba3adf82b9bd40ce3bbaf23f7bf,verified,Verified authentic Siri cattle photograph (1024x1280)
COW_THARPARKAR_0001,tharparkar_0001.jpg,cleaned/cattle/tharparkar/tharparkar_0001.jpg,cattle,cow_tharparkar,Tharparkar,Rajasthan,ICAR-NBAGR / Institutional Research Archive,https://nbagr.res.in/cattle-breed,https://nbagr.res.in/cattle-breed,Government Open Access / Academic Research,https://nbagr.res.in,ICAR-NBAGR / State Veterinary Universities,2026-09-17 14:00:45 UTC,2592,1944,1467364,JPEG,c366b759a0f3b68b8a55557a6657da4ae52256fb034275791369d68bbf50bcd1,1f6ced0bbaa19c0a98382428b1cbf649,verified,Verified authentic Tharparkar cattle photograph (2592x1944)
COW_THARPARKAR_0002,tharparkar_0002.jpg,cleaned/cattle/tharparkar/tharparkar_0002.jpg,cattle,cow_tharparkar,Tharparkar,Rajasthan,ICAR-NBAGR / Institutional Research Archive,https://nbagr.res.in/cattle-breed,https://nbagr.res.in/cattle-breed,Government Open Access / Academic Research,https://nbagr.res.in,ICAR-NBAGR / State Veterinary Universities,2026-09-17 14:00:46 UTC,2448,3264,1996933,JPEG,fe758df4830d49b3da1c4f272736275ed5b27ef2e94167112443be5fe7f715d6,054446e71bb2399cdc1c14d6453aed25,verified,Verified authentic Tharparkar cattle photograph (2448x3264)
COW_THARPARKAR_0003,tharparkar_0003.jpg,cleaned/cattle/tharparkar/tharparkar_0003.jpg,cattle,cow_tharparkar,Tharparkar,Rajasthan,ICAR-NBAGR / Institutional Research Archive,https://nbagr.res.in/cattle-breed,https://nbagr.res.in/cattle-breed,Government Open Access / Academic Research,https://nbagr.res.in,ICAR-NBAGR / State Veterinary Universities,2026-09-17 14:00:46 UTC,5184,3456,4941621,JPEG,d766323bf0c272dc6e0b48a69316bbe473d5b49bb3015b71fba981563ce13a60,a0798f98c9db9f909d83ebbea2c748a0,verified,Verified authentic Tharparkar cattle photograph (5184x3456)
COW_THARPARKAR_0004,tharparkar_0004.jpg,cleaned/cattle/tharparkar/tharparkar_0004.jpg,cattle,cow_tharparkar,Tharparkar,Rajasthan,ICAR-NBAGR / Institutional Research Archive,https://nbagr.res.in/cattle-breed,https://nbagr.res.in/cattle-breed,Government Open Access / Academic Research,https://nbagr.res.in,ICAR-NBAGR / State Veterinary Universities,2026-09-17 14:00:47 UTC,4349,3456,5577689,JPEG,07dcf9613d9eccbc1a4485d68b4b6aac5f9df76389cb2c5b815d18f2e3f648fb,1d5c7ee81c2998ca345d29225c7dd07e,verified,Verified authentic Tharparkar cattle photograph (4349x3456)
COW_THARPARKAR_0005,tharparkar_0005.jpg,cleaned/cattle/tharparkar/tharparkar_0005.jpg,cattle,cow_tharparkar,Tharparkar,Rajasthan,ICAR-NBAGR / Institutional Research Archive,https://nbagr.res.in/cattle-breed,https://nbagr.res.in/cattle-breed,Government Open Access / Academic Research,https://nbagr.res.in,ICAR-NBAGR / State Veterinary Universities,2026-09-17 14:00:47 UTC,1200,800,279126,JPEG,c22e3f324fdfb40d4d8d94bd737209b5a7c6921bb15ee6a8db8996e84490905e,80d9cea0db5f8e0d91e5cc6ba6c888ea,verified,Verified authentic Tharparkar cattle photograph (1200x800)
COW_THARPARKAR_0006,tharparkar_0006.jpg,cleaned/cattle/tharparkar/tharparkar_0006.jpg,cattle,cow_tharparkar,Tharparkar,Rajasthan,ICAR-NBAGR / Institutional Research Archive,https://nbagr.res.in/cattle-breed,https://nbagr.res.in/cattle-breed,Government Open Access / Academic Research,https://nbagr.res.in,ICAR-NBAGR / State Veterinary Universities,2026-09-17 14:00:47 UTC,4160,3120,2688866,JPEG,192dae7b3b856eae5e2b30e2fbe50bdc00f243d84e525f91c3b3f4bcab406d85,58e94ff57635c71df4dda86c04b06efe,verified,Verified authentic Tharparkar cattle photograph (4160x3120)
COW_THARPARKAR_0007,tharparkar_0007.jpg,cleaned/cattle/tharparkar/tharparkar_0007.jpg,cattle,cow_tharparkar,Tharparkar,Rajasthan,ICAR-NBAGR / Institutional Research Archive,https://nbagr.res.in/cattle-breed,https://nbagr.res.in/cattle-breed,Government Open Access / Academic Research,https://nbagr.res.in,ICAR-NBAGR / State Veterinary Universities,2026-09-17 14:00:48 UTC,3120,4160,1702214,JPEG,bd4a9ede63556bed36c72de4ddb235dcf83b51466635ac38bf4ac12a220e8d65,1aa4f79eabc3f9ec4ed07858b65065fd,verified,Verified authentic Tharparkar cattle photograph (3120x4160)
COW_THARPARKAR_0008,tharparkar_0008.jpg,cleaned/cattle/tharparkar/tharparkar_0008.jpg,cattle,cow_tharparkar,Tharparkar,Rajasthan,ICAR-NBAGR / Institutional Research Archive,https://nbagr.res.in/cattle-breed,https://nbagr.res.in/cattle-breed,Government Open Access / Academic Research,https://nbagr.res.in,ICAR-NBAGR / State Veterinary Universities,2026-09-17 14:00:48 UTC,1120,905,96201,JPEG,cad00d8447a79c4a55d5a50eace71cf8443400daf56482136f7a84f0219d4d3b,330b0c92e4043998347dad707582d8c0,verified,Verified authentic Tharparkar cattle photograph (1120x905)
COW_THARPARKAR_0009,tharparkar_0009.jpg,cleaned/cattle/tharparkar/tharparkar_0009.jpg,cattle,cow_tharparkar,Tharparkar,Rajasthan,ICAR-NBAGR / Institutional Research Archive,https://nbagr.res.in/cattle-breed,https://nbagr.res.in/cattle-breed,Government Open Access / Academic Research,https://nbagr.res.in,ICAR-NBAGR / State Veterinary Universities,2026-09-17 14:00:48 UTC,2967,2961,2847441,JPEG,fa3bba810a88c2851a4694680e20501ee25a5760af0859b00bbd240432cc9726,7fa20c17f1bc0091a0460f0bf5ff09df,verified,Verified authentic Tharparkar cattle photograph (2967x2961)
COW_THARPARKAR_0010,tharparkar_0010.jpg,cleaned/cattle/tharparkar/tharparkar_0010.jpg,cattle,cow_tharparkar,Tharparkar,Rajasthan,ICAR-NBAGR / Institutional Research Archive,https://nbagr.res.in/cattle-breed,https://nbagr.res.in/cattle-breed,Government Open Access / Academic Research,https://nbagr.res.in,ICAR-NBAGR / State Veterinary Universities,2026-09-17 14:00:48 UTC,4160,2616,2456232,JPEG,cb6958f14469928d03027e10a4c8241c22189816eef750334b0195871f2e010a,935f37a6e5a0acc3e3602932c536a111,verified,Verified authentic Tharparkar cattle photograph (4160x2616)
COW_THARPARKAR_0012,tharparkar_0012.jpg,cleaned/cattle/tharparkar/tharparkar_0012.jpg,cattle,cow_tharparkar,Tharparkar,Rajasthan,ICAR-NBAGR / Institutional Research Archive,https://nbagr.res.in/cattle-breed,https://nbagr.res.in/cattle-breed,Government Open Access / Academic Research,https://nbagr.res.in,ICAR-NBAGR / State Veterinary Universities,2026-09-17 14:00:49 UTC,1380,920,468015,JPEG,1d3bf83a47ee366e9ab1bdd50f3104950bef26cc7f50076eb0549d40300cf937,e4d28cc5dffcb12f07b9d262b007eb1a,verified,Verified authentic Tharparkar cattle photograph (1380x920)
COW_THUTHO_0001,thutho_0001.jpg,cleaned/cattle/thutho/thutho_0001.jpg,cattle,cow_thutho,Thutho,Nagaland,ICAR-NBAGR / Institutional Research Archive,https://nbagr.res.in/cattle-breed,https://nbagr.res.in/cattle-breed,Government Open Access / Academic Research,https://nbagr.res.in,ICAR-NBAGR / State Veterinary Universities,2026-09-17 14:00:51 UTC,598,398,188442,JPEG,114398d3a7aa2543ab10d89e2171a644dfb96678097b456101d6ce6fa10ad420,7778c5cdba92e5c2ddba3ecc129d8c36,verified,Verified authentic Thutho cattle photograph (598x398)
COW_THUTHO_0002,thutho_0002.jpg,cleaned/cattle/thutho/thutho_0002.jpg,cattle,cow_thutho,Thutho,Nagaland,ICAR-NBAGR / Institutional Research Archive,https://nbagr.res.in/cattle-breed,https://nbagr.res.in/cattle-breed,Government Open Access / Academic Research,https://nbagr.res.in,ICAR-NBAGR / State Veterinary Universities,2026-09-17 14:00:51 UTC,540,404,148182,JPEG,fbbcbd1db923678b57f665fa80af6cafa1ca21d237452cebc9c9b98b0e0466a8,493750f74e7e7329aa41f7e8f9018f17,verified,Verified authentic Thutho cattle photograph (540x404)
COW_UMARDA_0001,umarda_0001.jpg,cleaned/cattle/umarda/umarda_0001.jpg,cattle,cow_umarda,Umarda,Maharashtra,ICAR-NBAGR / Institutional Research Archive,https://nbagr.res.in/cattle-breed,https://nbagr.res.in/cattle-breed,Government Open Access / Academic Research,https://nbagr.res.in,ICAR-NBAGR / State Veterinary Universities,2026-09-17 14:00:51 UTC,1200,675,226606,JPEG,8c42fe5e37959883e3d1dc052f1bfa86485970ba29e6a22b244f29d97c032640,cd06172168d26c310909fae9d01da92e,verified,Verified authentic Umarda cattle photograph (1200x675)
COW_UMARDA_0002,umarda_0002.jpg,cleaned/cattle/umarda/umarda_0002.jpg,cattle,cow_umarda,Umarda,Maharashtra,ICAR-NBAGR / Institutional Research Archive,https://nbagr.res.in/cattle-breed,https://nbagr.res.in/cattle-breed,Government Open Access / Academic Research,https://nbagr.res.in,ICAR-NBAGR / State Veterinary Universities,2026-09-17 14:00:51 UTC,1200,685,421662,JPEG,8ab8db03850c39d369385cefbeee746731ebac33ae4bc11462cd6012380999f8,200ec11aae60bffe9635f495339b6551,verified,Verified authentic Umarda cattle photograph (1200x685)
COW_UMBLACHERY_0001,umblachery_0001.jpg,cleaned/cattle/umblachery/umblachery_0001.jpg,cattle,cow_umblachery,Umblachery,Tamil Nadu,ICAR-NBAGR / Institutional Research Archive,https://nbagr.res.in/cattle-breed,https://nbagr.res.in/cattle-breed,Government Open Access / Academic Research,https://nbagr.res.in,ICAR-NBAGR / State Veterinary Universities,2026-09-17 14:00:52 UTC,3060,4080,6967691,JPEG,804f967224a0d7a1094f671618489654512716b22f0bf03c484db1d09f7aefd4,c7594b7ff095a7184945c97a19bd6830,verified,Verified authentic Umblachery cattle photograph (3060x4080)
COW_UMBLACHERY_0002,umblachery_0002.jpg,cleaned/cattle/umblachery/umblachery_0002.jpg,cattle,cow_umblachery,Umblachery,Tamil Nadu,ICAR-NBAGR / Institutional Research Archive,https://nbagr.res.in/cattle-breed,https://nbagr.res.in/cattle-breed,Government Open Access / Academic Research,https://nbagr.res.in,ICAR-NBAGR / State Veterinary Universities,2026-09-17 14:00:52 UTC,5184,3456,5432725,JPEG,f9a39652b4c6cf020743adcba17c6406faf2049f1c94bb2bd51c28d9f0919c33,b2058e11f9dd9d9b343c91ecec58008c,verified,Verified authentic Umblachery cattle photograph (5184x3456)
COW_VECHUR_0001,vechur_0001.jpg,cleaned/cattle/vechur/vechur_0001.jpg,cattle,cow_vechur,Vechur,Kerala,ICAR-NBAGR / Institutional Research Archive,https://nbagr.res.in/cattle-breed,https://nbagr.res.in/cattle-breed,Government Open Access / Academic Research,https://nbagr.res.in,ICAR-NBAGR / State Veterinary Universities,2026-09-17 14:00:53 UTC,4160,3120,4640072,JPEG,9801f11ba4db300cacc0b5839e9c29acfb43712a71c258f60b2a5920b402f656,4289afcfc8c826fa9ed3fdf7148cc676,verified,Verified authentic Vechur cattle photograph (4160x3120)
COW_VECHUR_0002,vechur_0002.jpg,cleaned/cattle/vechur/vechur_0002.jpg,cattle,cow_vechur,Vechur,Kerala,ICAR-NBAGR / Institutional Research Archive,https://nbagr.res.in/cattle-breed,https://nbagr.res.in/cattle-breed,Government Open Access / Academic Research,https://nbagr.res.in,ICAR-NBAGR / State Veterinary Universities,2026-09-17 14:00:53 UTC,4160,3120,4528745,JPEG,9a8e9204f8f28c742be644ff79c146d5579f388ba0c6172f13d6f09b703c8023,ae8fa0f2f241917a96046c18a17df29e,verified,Verified authentic Vechur cattle photograph (4160x3120)
COW_VECHUR_0003,vechur_0003.jpg,cleaned/cattle/vechur/vechur_0003.jpg,cattle,cow_vechur,Vechur,Kerala,ICAR-NBAGR / Institutional Research Archive,https://nbagr.res.in/cattle-breed,https://nbagr.res.in/cattle-breed,Government Open Access / Academic Research,https://nbagr.res.in,ICAR-NBAGR / State Veterinary Universities,2026-09-17 14:00:54 UTC,4160,3120,4213945,JPEG,8c0bc6a85239b240fb8e7416f915e5a77685411be9f6173b86fc4783b3fea6f3,3d43dd2f964ab1062422db4de871c515,verified,Verified authentic Vechur cattle photograph (4160x3120)
COW_VECHUR_0004,vechur_0004.jpg,cleaned/cattle/vechur/vechur_0004.jpg,cattle,cow_vechur,Vechur,Kerala,ICAR-NBAGR / Institutional Research Archive,https://nbagr.res.in/cattle-breed,https://nbagr.res.in/cattle-breed,Government Open Access / Academic Research,https://nbagr.res.in,ICAR-NBAGR / State Veterinary Universities,2026-09-17 14:00:54 UTC,4160,3120,4431612,JPEG,ca1295cb4115721d700e65f9c122cf9625ba983c7dc5cc6a8169eb1c522fe2be,356ded73617423be0d9ba7fea8e95cbd,verified,Verified authentic Vechur cattle photograph (4160x3120)
COW_VECHUR_0005,vechur_0005.jpg,cleaned/cattle/vechur/vechur_0005.jpg,cattle,cow_vechur,Vechur,Kerala,ICAR-NBAGR / Institutional Research Archive,https://nbagr.res.in/cattle-breed,https://nbagr.res.in/cattle-breed,Government Open Access / Academic Research,https://nbagr.res.in,ICAR-NBAGR / State Veterinary Universities,2026-09-17 14:00:54 UTC,4160,3120,3696634,JPEG,26249d216755876152607c3de564a747377b05e75c60a313c37067fa159bea5c,965281e2bc6a7d1081c0f9174228f4c8,verified,Verified authentic Vechur cattle photograph (4160x3120)
COW_VECHUR_0006,vechur_0006.jpg,cleaned/cattle/vechur/vechur_0006.jpg,cattle,cow_vechur,Vechur,Kerala,ICAR-NBAGR / Institutional Research Archive,https://nbagr.res.in/cattle-breed,https://nbagr.res.in/cattle-breed,Government Open Access / Academic Research,https://nbagr.res.in,ICAR-NBAGR / State Veterinary Universities,2026-09-17 14:00:55 UTC,3991,2588,4838754,JPEG,19a45fdb57505f1422e9bfb0de0f9e3e88e24cc68056fc12e16ccb1b05ed046e,699e85a998a940080c3f3731843c4ff1,verified,Verified authentic Vechur cattle photograph (3991x2588)
COW_VECHUR_0007,vechur_0007.jpg,cleaned/cattle/vechur/vechur_0007.jpg,cattle,cow_vechur,Vechur,Kerala,ICAR-NBAGR / Institutional Research Archive,https://nbagr.res.in/cattle-breed,https://nbagr.res.in/cattle-breed,Government Open Access / Academic Research,https://nbagr.res.in,ICAR-NBAGR / State Veterinary Universities,2026-09-17 14:00:56 UTC,5184,3456,6725593,JPEG,b55348d20d9cd27197118d2b96dacd7c6f5bb4eb328e7d2747a6e6913096c270,53574e03b192344de8dea703b11962ef,verified,Verified authentic Vechur cattle photograph (5184x3456)
COW_VECHUR_0008,vechur_0008.jpg,cleaned/cattle/vechur/vechur_0008.jpg,cattle,cow_vechur,Vechur,Kerala,ICAR-NBAGR / Institutional Research Archive,https://nbagr.res.in/cattle-breed,https://nbagr.res.in/cattle-breed,Government Open Access / Academic Research,https://nbagr.res.in,ICAR-NBAGR / State Veterinary Universities,2026-09-17 14:00:56 UTC,4608,3456,8018012,JPEG,c59d2e0002d28ccb67bce30485417c207e829e440577a0ca31c9f554d2b7372a,93c5460c15c8e3b5e9b7acd0c1bee9b2,verified,Verified authentic Vechur cattle photograph (4608x3456)
COW_VECHUR_0009,vechur_0009.jpg,cleaned/cattle/vechur/vechur_0009.jpg,cattle,cow_vechur,Vechur,Kerala,ICAR-NBAGR / Institutional Research Archive,https://nbagr.res.in/cattle-breed,https://nbagr.res.in/cattle-breed,Government Open Access / Academic Research,https://nbagr.res.in,ICAR-NBAGR / State Veterinary Universities,2026-09-17 14:00:57 UTC,2898,3863,5150720,JPEG,480eef221bab4eebd29b7694188b476716acc8cffc58e2a7620332fcc69e92ab,92f4426841a744ab3fb8b2922bf38044,verified,Verified authentic Vechur cattle photograph (2898x3863)
COW_VECHUR_0010,vechur_0010.jpg,cleaned/cattle/vechur/vechur_0010.jpg,cattle,cow_vechur,Vechur,Kerala,ICAR-NBAGR / Institutional Research Archive,https://nbagr.res.in/cattle-breed,https://nbagr.res.in/cattle-breed,Government Open Access / Academic Research,https://nbagr.res.in,ICAR-NBAGR / State Veterinary Universities,2026-09-17 14:00:57 UTC,4608,3456,6943828,JPEG,0d7473439c3c5a453b2939b698c569f37e2dc0f13d8dffaabb54924ca93d6564,15eca31bfb08a9ea65f6a5381e13f363,verified,Verified authentic Vechur cattle photograph (4608x3456)
COW_VECHUR_0011,vechur_0011.jpg,cleaned/cattle/vechur/vechur_0011.jpg,cattle,cow_vechur,Vechur,Kerala,ICAR-NBAGR / Institutional Research Archive,https://nbagr.res.in/cattle-breed,https://nbagr.res.in/cattle-breed,Government Open Access / Academic Research,https://nbagr.res.in,ICAR-NBAGR / State Veterinary Universities,2026-09-17 14:00:58 UTC,4128,3096,6321398,JPEG,2ec738eff46c97469d0a78af1d63d48888a17a29e36f3e083acf630f8c63641d,7805cb069b61adaae4f04b713fd9fb27,verified,Verified authentic Vechur cattle photograph (4128x3096)
COW_VECHUR_0012,vechur_0012.jpg,cleaned/cattle/vechur/vechur_0012.jpg,cattle,cow_vechur,Vechur,Kerala,ICAR-NBAGR / Institutional Research Archive,https://nbagr.res.in/cattle-breed,https://nbagr.res.in/cattle-breed,Government Open Access / Academic Research,https://nbagr.res.in,ICAR-NBAGR / State Veterinary Universities,2026-09-17 14:00:59 UTC,4608,3072,4502958,JPEG,bd20364f0c334f63c24836469ab15b4e4e2dbe91da872750cd6bf861823a0cfa,5874f7cf85891364bae7ec3d62beecf1,verified,Verified authentic Vechur cattle photograph (4608x3072)
COW_VECHUR_0013,vechur_0013.jpg,cleaned/cattle/vechur/vechur_0013.jpg,cattle,cow_vechur,Vechur,Kerala,ICAR-NBAGR / Institutional Research Archive,https://nbagr.res.in/cattle-breed,https://nbagr.res.in/cattle-breed,Government Open Access / Academic Research,https://nbagr.res.in,ICAR-NBAGR / State Veterinary Universities,2026-09-17 14:00:59 UTC,4608,3456,6786445,JPEG,7bb67dd2d3f5020ca247a2c03ed035568d5f6d32bb3a31f045414b0ac8a74d73,06c321a9e08f6a39d2635fbef293949a,verified,Verified authentic Vechur cattle photograph (4608x3456)
COW_VECHUR_0014,vechur_0014.jpg,cleaned/cattle/vechur/vechur_0014.jpg,cattle,cow_vechur,Vechur,Kerala,ICAR-NBAGR / Institutional Research Archive,https://nbagr.res.in/cattle-breed,https://nbagr.res.in/cattle-breed,Government Open Access / Academic Research,https://nbagr.res.in,ICAR-NBAGR / State Veterinary Universities,2026-09-17 14:01:00 UTC,4608,3456,6165163,JPEG,d2eab248898cad1c32881d02ce64883be14dea5288cf432f6e1250aed459491a,fbf05d3c6104d95b1041406ec37f6e0c,verified,Verified authentic Vechur cattle photograph (4608x3456)
COW_VECHUR_0015,vechur_0015.jpg,cleaned/cattle/vechur/vechur_0015.jpg,cattle,cow_vechur,Vechur,Kerala,ICAR-NBAGR / Institutional Research Archive,https://nbagr.res.in/cattle-breed,https://nbagr.res.in/cattle-breed,Government Open Access / Academic Research,https://nbagr.res.in,ICAR-NBAGR / State Veterinary Universities,2026-09-17 14:01:01 UTC,4608,3456,6213804,JPEG,905b86b421db3136bd35726c28f1c4c70e77f64d74c9e8580300196fb8557098,c44408f01d02c9b71d72b9f53e032dd8,verified,Verified authentic Vechur cattle photograph (4608x3456)
COW_VECHUR_0016,vechur_0016.jpg,cleaned/cattle/vechur/vechur_0016.jpg,cattle,cow_vechur,Vechur,Kerala,ICAR-NBAGR / Institutional Research Archive,https://nbagr.res.in/cattle-breed,https://nbagr.res.in/cattle-breed,Government Open Access / Academic Research,https://nbagr.res.in,ICAR-NBAGR / State Veterinary Universities,2026-09-17 14:01:01 UTC,4608,3456,6222354,JPEG,f0f90d1b8a5891ad3660a62266d6018393d3bb5021de4645ff5dd8df22b21eb5,335852c001a173de3cec80d22724728d,verified,Verified authentic Vechur cattle photograph (4608x3456)
COW_VECHUR_0017,vechur_0017.jpg,cleaned/cattle/vechur/vechur_0017.jpg,cattle,cow_vechur,Vechur,Kerala,ICAR-NBAGR / Institutional Research Archive,https://nbagr.res.in/cattle-breed,https://nbagr.res.in/cattle-breed,Government Open Access / Academic Research,https://nbagr.res.in,ICAR-NBAGR / State Veterinary Universities,2026-09-17 14:01:02 UTC,4608,3456,6237434,JPEG,04a7ef1a80275fd4007ad1d62d399060bca46b2bc92cdfa502c7fa66c2dce06b,efa6ce260c30b1bc1eecdfbe2e6767dc,verified,Verified authentic Vechur cattle photograph (4608x3456)
COW_VECHUR_0018,vechur_0018.jpg,cleaned/cattle/vechur/vechur_0018.jpg,cattle,cow_vechur,Vechur,Kerala,ICAR-NBAGR / Institutional Research Archive,https://nbagr.res.in/cattle-breed,https://nbagr.res.in/cattle-breed,Government Open Access / Academic Research,https://nbagr.res.in,ICAR-NBAGR / State Veterinary Universities,2026-09-17 14:01:03 UTC,4608,3456,6482744,JPEG,9617b0f0e23e051e729de4dc85e4fef10348886be6b37c61f0748af13238bc04,ef00f787d3f870b55bfffeca54e9e9ce,verified,Verified authentic Vechur cattle photograph (4608x3456)
COW_VECHUR_0019,vechur_0019.jpg,cleaned/cattle/vechur/vechur_0019.jpg,cattle,cow_vechur,Vechur,Kerala,ICAR-NBAGR / Institutional Research Archive,https://nbagr.res.in/cattle-breed,https://nbagr.res.in/cattle-breed,Government Open Access / Academic Research,https://nbagr.res.in,ICAR-NBAGR / State Veterinary Universities,2026-09-17 14:01:03 UTC,2048,1536,749427,JPEG,b56f72e9475b0f16f05a9f7a5002050e95a2e24d5f5df68ba1c7b2a2f7c2fa9e,281a6341492e2b4ba79f4d2ce96a74d1,verified,Verified authentic Vechur cattle photograph (2048x1536)
BUF_BANNI_0001,banni_0001.jpg,cleaned/buffalo/banni/banni_0001.jpg,buffalo,buffalo_banni,Banni,Gujarat,ICAR-NBAGR / Institutional Research Archive,https://nbagr.res.in/node/114,https://nbagr.res.in/node/114,Government Open Access / Academic Research,https://nbagr.res.in,ICAR-NBAGR / State Veterinary Universities,2026-09-17 14:01:03 UTC,650,550,146114,JPEG,638681a013197e9fedc3e0b6d432818c3b49104a3427db6c24c832e790360738,dd9e29adc1253655801dc2a48d37bec8,verified,Verified authentic Banni buffalo photograph (650x550)
BUF_BANNI_0002,banni_0002.jpg,cleaned/buffalo/banni/banni_0002.jpg,buffalo,buffalo_banni,Banni,Gujarat,ICAR-NBAGR / Institutional Research Archive,https://nbagr.res.in/node/114,https://nbagr.res.in/node/114,Government Open Access / Academic Research,https://nbagr.res.in,ICAR-NBAGR / State Veterinary Universities,2026-09-17 14:01:03 UTC,650,550,221736,JPEG,e82ff9d6bf01895c8e9932fa846446a58aa4adb056deede6e26e0d2b0cb08fe5,a285d9213a005de66b9012b14222aff5,verified,Verified authentic Banni buffalo photograph (650x550)
BUF_BANNI_0003,banni_0003.jpg,cleaned/buffalo/banni/banni_0003.jpg,buffalo,buffalo_banni,Banni,Gujarat,ICAR-NBAGR / Institutional Research Archive,https://nbagr.res.in/node/114,https://nbagr.res.in/node/114,Government Open Access / Academic Research,https://nbagr.res.in,ICAR-NBAGR / State Veterinary Universities,2026-09-17 14:01:04 UTC,5600,3728,4025592,JPEG,633516792932367a7044774e82bb65f77eb4df229fd2afd34de4d0bd97bd0db1,ce202591a78d4980fa47972df6236dd9,verified,Verified authentic Banni buffalo photograph (5600x3728)
BUF_BARGUR_0001,bargur_0001.jpg,cleaned/buffalo/bargur/bargur_0001.jpg,buffalo,buffalo_bargur,Bargur,Tamil Nadu,ICAR-NBAGR / Institutional Research Archive,https://nbagr.res.in/node/114,https://nbagr.res.in/node/114,Government Open Access / Academic Research,https://nbagr.res.in,ICAR-NBAGR / State Veterinary Universities,2026-09-17 14:01:04 UTC,650,550,172813,JPEG,4cf82453815c118b09b65bdb9ecbcde4dea0c4bad6272f1998c598e49e275178,fc435e831d008a2ce0bac4da43f9e941,verified,Verified authentic Bargur buffalo photograph (650x550)
BUF_BARGUR_0006,bargur_0006.jpg,cleaned/buffalo/bargur/bargur_0006.jpg,buffalo,buffalo_bargur,Bargur,Tamil Nadu,ICAR-NBAGR / Institutional Research Archive,https://nbagr.res.in/node/114,https://nbagr.res.in/node/114,Government Open Access / Academic Research,https://nbagr.res.in,ICAR-NBAGR / State Veterinary Universities,2026-09-17 14:01:04 UTC,720,711,224679,JPEG,e20db4ca2937ec3d2b6a3df5ab184502ba2b73c7b2c6e493806158547c2b019e,95f22acfdeb45a03109386b1f6d65e6b,verified,Verified authentic Bargur buffalo photograph (720x711)
BUF_BARGUR_0007,bargur_0007.jpg,cleaned/buffalo/bargur/bargur_0007.jpg,buffalo,buffalo_bargur,Bargur,Tamil Nadu,ICAR-NBAGR / Institutional Research Archive,https://nbagr.res.in/node/114,https://nbagr.res.in/node/114,Government Open Access / Academic Research,https://nbagr.res.in,ICAR-NBAGR / State Veterinary Universities,2026-09-17 14:01:05 UTC,160,240,18207,JPEG,83dc10e330409b8d69f1943fcfa16729c66385364928bc562cf4046b2a3980a3,eb1fdb31ac709b3b9016101093ce63df,verified,Verified authentic Bargur buffalo photograph (160x240)
BUF_BHADAWARI_0001,bhadawari_0001.jpg,cleaned/buffalo/bhadawari/bhadawari_0001.jpg,buffalo,buffalo_bhadawari,Bhadawari,Uttar Pradesh and Madhya Pradesh,ICAR-NBAGR / Institutional Research Archive,https://nbagr.res.in/node/114,https://nbagr.res.in/node/114,Government Open Access / Academic Research,https://nbagr.res.in,ICAR-NBAGR / State Veterinary Universities,2026-09-17 14:01:05 UTC,650,550,127924,JPEG,ae8429673929f593b771eac810370418e5b4c6c97b7c0f5ad517a6d5e9e94cb7,6dcc77720ca4780ac2a253834443c761,verified,Verified authentic Bhadawari buffalo photograph (650x550)
BUF_BHADAWARI_0002,bhadawari_0002.jpg,cleaned/buffalo/bhadawari/bhadawari_0002.jpg,buffalo,buffalo_bhadawari,Bhadawari,Uttar Pradesh and Madhya Pradesh,ICAR-NBAGR / Institutional Research Archive,https://nbagr.res.in/node/114,https://nbagr.res.in/node/114,Government Open Access / Academic Research,https://nbagr.res.in,ICAR-NBAGR / State Veterinary Universities,2026-09-17 14:01:05 UTC,650,550,124941,JPEG,d5b390a20390bdb95eff275542625be87f6928becff19cf1c3df24fde4fa2f4d,0e5bfd216101fdf8df837b191dc4ad6b,verified,Verified authentic Bhadawari buffalo photograph (650x550)
BUF_CHHATTISGARHI_0001,chhattisgarhi_0001.jpg,cleaned/buffalo/chhattisgarhi/chhattisgarhi_0001.jpg,buffalo,buffalo_chhattisgarhi,Chhattisgarhi,Chhattisgarh,ICAR-NBAGR / Institutional Research Archive,https://nbagr.res.in/node/114,https://nbagr.res.in/node/114,Government Open Access / Academic Research,https://nbagr.res.in,ICAR-NBAGR / State Veterinary Universities,2026-09-17 14:01:05 UTC,650,550,122732,JPEG,d4f6d030af896eb5202abcbe11fe2b4de210b199385865bc99f1c1ab1b9916d1,f05e05b9a1646c12b4b00f39858338b2,verified,Verified authentic Chhattisgarhi buffalo photograph (650x550)
BUF_CHHATTISGARHI_0002,chhattisgarhi_0002.jpg,cleaned/buffalo/chhattisgarhi/chhattisgarhi_0002.jpg,buffalo,buffalo_chhattisgarhi,Chhattisgarhi,Chhattisgarh,ICAR-NBAGR / Institutional Research Archive,https://nbagr.res.in/node/114,https://nbagr.res.in/node/114,Government Open Access / Academic Research,https://nbagr.res.in,ICAR-NBAGR / State Veterinary Universities,2026-09-17 14:01:05 UTC,650,550,182489,JPEG,bd40473a741a29400cdea63baf92300048b9a268c4d0afbd722bb102eeeb2526,1d36cda16f4ca4981513850ceeed6dd3,verified,Verified authentic Chhattisgarhi buffalo photograph (650x550)
BUF_CHILIKA_0001,chilika_0001.jpg,cleaned/buffalo/chilika/chilika_0001.jpg,buffalo,buffalo_chilika,Chilika,Odisha,ICAR-NBAGR / Institutional Research Archive,https://nbagr.res.in/node/114,https://nbagr.res.in/node/114,Government Open Access / Academic Research,https://nbagr.res.in,ICAR-NBAGR / State Veterinary Universities,2026-09-17 14:01:05 UTC,650,550,165769,JPEG,f95659dde3dae289d8aaf76cccba357417dd26ef4c9d1f428a9d478c26aa4989,69d91e27e7a3011ca2e369a0b7205981,verified,Verified authentic Chilika buffalo photograph (650x550)
BUF_CHILIKA_0002,chilika_0002.jpg,cleaned/buffalo/chilika/chilika_0002.jpg,buffalo,buffalo_chilika,Chilika,Odisha,ICAR-NBAGR / Institutional Research Archive,https://nbagr.res.in/node/114,https://nbagr.res.in/node/114,Government Open Access / Academic Research,https://nbagr.res.in,ICAR-NBAGR / State Veterinary Universities,2026-09-17 14:01:05 UTC,650,550,177130,JPEG,503ec558d8eaf19a45cea1dbc86b171bbf7ddf49f3a96de559fd110b6612aac8,4f1e840cfef97dc46d99e7d48ecd6dbc,verified,Verified authentic Chilika buffalo photograph (650x550)
BUF_DHARWADI_0001,dharwadi_0001.jpg,cleaned/buffalo/dharwadi/dharwadi_0001.jpg,buffalo,buffalo_dharwadi,Dharwadi,Karnataka,ICAR-NBAGR / Institutional Research Archive,https://nbagr.res.in/node/114,https://nbagr.res.in/node/114,Government Open Access / Academic Research,https://nbagr.res.in,ICAR-NBAGR / State Veterinary Universities,2026-09-17 14:01:05 UTC,650,550,167981,JPEG,9db9c69456f6f4b3a2c476e5fc570e7721663c79eaf447cf14ba305b8c1c365d,14a60067169ecece6453987d8f6d5e10,verified,Verified authentic Dharwadi buffalo photograph (650x550)
BUF_DHARWADI_0002,dharwadi_0002.jpg,cleaned/buffalo/dharwadi/dharwadi_0002.jpg,buffalo,buffalo_dharwadi,Dharwadi,Karnataka,ICAR-NBAGR / Institutional Research Archive,https://nbagr.res.in/node/114,https://nbagr.res.in/node/114,Government Open Access / Academic Research,https://nbagr.res.in,ICAR-NBAGR / State Veterinary Universities,2026-09-17 14:01:05 UTC,650,550,181675,JPEG,5d21dd8813ea2c35cd488a3213978eb0ef970b3c7838f463fd19d138386ff387,b4e13cf3b2de65314ebc6f6c8542cb21,verified,Verified authentic Dharwadi buffalo photograph (650x550)
BUF_GOJRI_0001,gojri_0001.jpg,cleaned/buffalo/gojri/gojri_0001.jpg,buffalo,buffalo_gojri,Gojri,Punjab and Himachal Pradesh,ICAR-NBAGR / Institutional Research Archive,https://nbagr.res.in/node/114,https://nbagr.res.in/node/114,Government Open Access / Academic Research,https://nbagr.res.in,ICAR-NBAGR / State Veterinary Universities,2026-09-17 14:01:05 UTC,650,550,170960,JPEG,aa790ba442bb3033802eaecc4b54ff733e759aa61d0a623d53bce15b96908cd7,f424640d5386054179c2268af679e402,verified,Verified authentic Gojri buffalo photograph (650x550)
BUF_GOJRI_0002,gojri_0002.jpg,cleaned/buffalo/gojri/gojri_0002.jpg,buffalo,buffalo_gojri,Gojri,Punjab and Himachal Pradesh,ICAR-NBAGR / Institutional Research Archive,https://nbagr.res.in/node/114,https://nbagr.res.in/node/114,Government Open Access / Academic Research,https://nbagr.res.in,ICAR-NBAGR / State Veterinary Universities,2026-09-17 14:01:05 UTC,650,550,191629,JPEG,4cc95c53cad507e03a9ff9939ec17aef64fd9a079638c468ca56ee0c4be86735,0107d7b0defeb3ab1bf99ccb860f30bb,verified,Verified authentic Gojri buffalo photograph (650x550)
BUF_GOMANCHALI_0001,gomanchali_0001.jpg,cleaned/buffalo/gomanchali/gomanchali_0001.jpg,buffalo,buffalo_gomanchali,Gomanchali,Goa,ICAR-NBAGR / Institutional Research Archive,https://nbagr.res.in/node/114,https://nbagr.res.in/node/114,Government Open Access / Academic Research,https://nbagr.res.in,ICAR-NBAGR / State Veterinary Universities,2026-09-17 14:01:05 UTC,881,661,336805,JPEG,4d8446f95adb835e5993e6263ffe3f4277c6cac7cd3e0ec13b2bc4c0071777a3,5e2867be551329c2cec0ea844d8735b4,verified,Verified authentic Gomanchali buffalo photograph (881x661)
BUF_GOMANCHALI_0002,gomanchali_0002.jpg,cleaned/buffalo/gomanchali/gomanchali_0002.jpg,buffalo,buffalo_gomanchali,Gomanchali,Goa,ICAR-NBAGR / Institutional Research Archive,https://nbagr.res.in/node/114,https://nbagr.res.in/node/114,Government Open Access / Academic Research,https://nbagr.res.in,ICAR-NBAGR / State Veterinary Universities,2026-09-17 14:01:05 UTC,881,661,272377,JPEG,3660e67d7754ba068b6eaa117770844f875da0500cfcc97ede88ea90a16dce32,9621474543867baefb601dfcf1e0b8e4,verified,Verified authentic Gomanchali buffalo photograph (881x661)
BUF_GOMANCHALI_0003,gomanchali_0003.jpg,cleaned/buffalo/gomanchali/gomanchali_0003.jpg,buffalo,buffalo_gomanchali,Gomanchali,Goa,ICAR-NBAGR / Institutional Research Archive,https://nbagr.res.in/node/114,https://nbagr.res.in/node/114,Government Open Access / Academic Research,https://nbagr.res.in,ICAR-NBAGR / State Veterinary Universities,2026-09-17 14:01:05 UTC,881,661,305763,JPEG,0e77dc970b877e687183e2809645ff9029b2615cd7ed2fc9fbdad1b9919312d0,3d7f2a35394c96519c87dcd4ba1c5719,verified,Verified authentic Gomanchali buffalo photograph (881x661)
BUF_JAFFARABADI_0001,jaffarabadi_0001.jpg,cleaned/buffalo/jaffarabadi/jaffarabadi_0001.jpg,buffalo,buffalo_jaffarabadi,Jaffarabadi,Gujarat,ICAR-NBAGR / Institutional Research Archive,https://nbagr.res.in/node/114,https://nbagr.res.in/node/114,Government Open Access / Academic Research,https://nbagr.res.in,ICAR-NBAGR / State Veterinary Universities,2026-09-17 14:01:06 UTC,4096,2304,5145721,JPEG,e3ae9e08bedb767113098a2ab7c240b7a204b066f571a7826c17b6b60313f90c,78c379d93958f484e47bc6d8a392a140,verified,Verified authentic Jaffarabadi buffalo photograph (4096x2304)
BUF_JAFFARABADI_0002,jaffarabadi_0002.jpg,cleaned/buffalo/jaffarabadi/jaffarabadi_0002.jpg,buffalo,buffalo_jaffarabadi,Jaffarabadi,Gujarat,ICAR-NBAGR / Institutional Research Archive,https://nbagr.res.in/node/114,https://nbagr.res.in/node/114,Government Open Access / Academic Research,https://nbagr.res.in,ICAR-NBAGR / State Veterinary Universities,2026-09-17 14:01:06 UTC,1799,1198,1216478,JPEG,392d855bd73c2a59687cdd5c3a3fdc7fb8aeaf2a7a06066353c2eaa366810211,979427d9fafc26caa6f5c7864a3ff10e,verified,Verified authentic Jaffarabadi buffalo photograph (1799x1198)
BUF_KALAHANDI_0001,kalahandi_0001.jpg,cleaned/buffalo/kalahandi/kalahandi_0001.jpg,buffalo,buffalo_kalahandi,Kalahandi,Odisha,ICAR-NBAGR / Institutional Research Archive,https://nbagr.res.in/node/114,https://nbagr.res.in/node/114,Government Open Access / Academic Research,https://nbagr.res.in,ICAR-NBAGR / State Veterinary Universities,2026-09-17 14:01:06 UTC,650,550,208971,JPEG,19785dd9d37091c9f659dad39da2922e356de124f63e25b9405bc7f7ed3ba855,e6bbaaa1ca9cb5ec79e13c785c7c6b96,verified,Verified authentic Kalahandi buffalo photograph (650x550)
BUF_KALAHANDI_0002,kalahandi_0002.jpg,cleaned/buffalo/kalahandi/kalahandi_0002.jpg,buffalo,buffalo_kalahandi,Kalahandi,Odisha,ICAR-NBAGR / Institutional Research Archive,https://nbagr.res.in/node/114,https://nbagr.res.in/node/114,Government Open Access / Academic Research,https://nbagr.res.in,ICAR-NBAGR / State Veterinary Universities,2026-09-17 14:01:06 UTC,650,550,184223,JPEG,440868f7a04cc50b81b666bfed32754646543c1084faa2e4b0afc017c089a55d,c5b31a6d85b051188c567badd0b5a743,verified,Verified authentic Kalahandi buffalo photograph (650x550)
BUF_LUIT_SWAMP_0001,luit_swamp_0001.jpg,cleaned/buffalo/luit_swamp/luit_swamp_0001.jpg,buffalo,buffalo_luit_swamp,Luit (Swamp),Assam and Manipur,ICAR-NBAGR / Institutional Research Archive,https://nbagr.res.in/node/114,https://nbagr.res.in/node/114,Government Open Access / Academic Research,https://nbagr.res.in,ICAR-NBAGR / State Veterinary Universities,2026-09-17 14:01:06 UTC,650,550,210049,JPEG,817eb3217904b2b25f095864218f0c57aba5f3c2e8b4eab17c3f409be6e06261,acf94dab01fcd7e80841c0565ac8e8cf,verified,Verified authentic Luit (Swamp) buffalo photograph (650x550)
BUF_LUIT_SWAMP_0002,luit_swamp_0002.jpg,cleaned/buffalo/luit_swamp/luit_swamp_0002.jpg,buffalo,buffalo_luit_swamp,Luit (Swamp),Assam and Manipur,ICAR-NBAGR / Institutional Research Archive,https://nbagr.res.in/node/114,https://nbagr.res.in/node/114,Government Open Access / Academic Research,https://nbagr.res.in,ICAR-NBAGR / State Veterinary Universities,2026-09-17 14:01:06 UTC,650,550,157329,JPEG,cce8fd5ce311fd45e6362a2948da42eedf3fff53e91a68a6c320f47b5aca4011,8246ffd4e44dd747e895aaa3a30c140a,verified,Verified authentic Luit (Swamp) buffalo photograph (650x550)
BUF_MANAH_0001,manah_0001.jpg,cleaned/buffalo/manah/manah_0001.jpg,buffalo,buffalo_manah,Manah,Assam,ICAR-NBAGR / Institutional Research Archive,https://nbagr.res.in/node/114,https://nbagr.res.in/node/114,Government Open Access / Academic Research,https://nbagr.res.in,ICAR-NBAGR / State Veterinary Universities,2026-09-17 14:01:06 UTC,650,550,170768,JPEG,ffb2eadc96b8afbb2f9df6281fc3ad799c952fedc502368f28a9b3bed59820c3,f9ef07699bd7b27e1372763e677abc4c,verified,Verified authentic Manah buffalo photograph (650x550)
BUF_MANAH_0002,manah_0002.jpg,cleaned/buffalo/manah/manah_0002.jpg,buffalo,buffalo_manah,Manah,Assam,ICAR-NBAGR / Institutional Research Archive,https://nbagr.res.in/node/114,https://nbagr.res.in/node/114,Government Open Access / Academic Research,https://nbagr.res.in,ICAR-NBAGR / State Veterinary Universities,2026-09-17 14:01:06 UTC,650,550,86608,JPEG,01976fa4fa2db3ccdc5cbf0185a2e12715a5fe691914703629f9d3e035538426,7456dc3b00436243749243729f0ee6b9,verified,Verified authentic Manah buffalo photograph (650x550)
BUF_MANDA_0001,manda_0001.jpg,cleaned/buffalo/manda/manda_0001.jpg,buffalo,buffalo_manda,Manda,Odisha,ICAR-NBAGR / Institutional Research Archive,https://nbagr.res.in/node/114,https://nbagr.res.in/node/114,Government Open Access / Academic Research,https://nbagr.res.in,ICAR-NBAGR / State Veterinary Universities,2026-09-17 14:01:06 UTC,650,550,199542,JPEG,eea75257a32a4745da91ab01d718ebdf8e8aa92e0c2f66418688bdd3fdd9831e,8fb5f739621e14f42eaa171e9485e7cc,verified,Verified authentic Manda buffalo photograph (650x550)
BUF_MANDA_0002,manda_0002.jpg,cleaned/buffalo/manda/manda_0002.jpg,buffalo,buffalo_manda,Manda,Odisha,ICAR-NBAGR / Institutional Research Archive,https://nbagr.res.in/node/114,https://nbagr.res.in/node/114,Government Open Access / Academic Research,https://nbagr.res.in,ICAR-NBAGR / State Veterinary Universities,2026-09-17 14:01:06 UTC,650,550,180438,JPEG,dde35cf18cbd141ccb0bd1195ed54fc305892ad435128adbc798c261606fff24,53842577ec8d512b2dc6a3f39ecb4c61,verified,Verified authentic Manda buffalo photograph (650x550)
BUF_MANDA_0003,manda_0003.jpg,cleaned/buffalo/manda/manda_0003.jpg,buffalo,buffalo_manda,Manda,Odisha,ICAR-NBAGR / Institutional Research Archive,https://nbagr.res.in/node/114,https://nbagr.res.in/node/114,Government Open Access / Academic Research,https://nbagr.res.in,ICAR-NBAGR / State Veterinary Universities,2026-09-17 14:01:06 UTC,2560,1920,1187669,JPEG,8076df5c892dafaa201ee348759df392af8c1dc73e1fb82b595756f6c13b1b69,6256bfadb86d1d79981c1330a8795d64,verified,Verified authentic Manda buffalo photograph (2560x1920)
BUF_MANDA_0004,manda_0004.jpg,cleaned/buffalo/manda/manda_0004.jpg,buffalo,buffalo_manda,Manda,Odisha,ICAR-NBAGR / Institutional Research Archive,https://nbagr.res.in/node/114,https://nbagr.res.in/node/114,Government Open Access / Academic Research,https://nbagr.res.in,ICAR-NBAGR / State Veterinary Universities,2026-09-17 14:01:07 UTC,2250,1479,1710641,JPEG,bfcfe8e8cd4b62ae0c421ed377c5026581b6264bb50796fc830dae8ba8b1d0dc,a5fd7a3ff04a888c493191c05478e884,verified,Verified authentic Manda buffalo photograph (2250x1479)
BUF_MANDA_0006,manda_0006.jpg,cleaned/buffalo/manda/manda_0006.jpg,buffalo,buffalo_manda,Manda,Odisha,ICAR-NBAGR / Institutional Research Archive,https://nbagr.res.in/node/114,https://nbagr.res.in/node/114,Government Open Access / Academic Research,https://nbagr.res.in,ICAR-NBAGR / State Veterinary Universities,2026-09-17 14:01:08 UTC,4032,3024,4106020,JPEG,497aab6cf3f614bcf881f1848acf6258a48008dda623fe7d59bc9d92923f334d,89014b46dff6f6c8e3c9a506822e5b14,verified,Verified authentic Manda buffalo photograph (4032x3024)
BUF_MANDA_0007,manda_0007.jpg,cleaned/buffalo/manda/manda_0007.jpg,buffalo,buffalo_manda,Manda,Odisha,ICAR-NBAGR / Institutional Research Archive,https://nbagr.res.in/node/114,https://nbagr.res.in/node/114,Government Open Access / Academic Research,https://nbagr.res.in,ICAR-NBAGR / State Veterinary Universities,2026-09-17 14:01:08 UTC,4032,3024,2171961,JPEG,d9e4b58696ac08229d257885338cb690c27a11f8a24b8c4b1562c8f31f55bba1,c4562f7c00fb2bba9d512166edea78ba,verified,Verified authentic Manda buffalo photograph (4032x3024)
BUF_MANDA_0008,manda_0008.jpg,cleaned/buffalo/manda/manda_0008.jpg,buffalo,buffalo_manda,Manda,Odisha,ICAR-NBAGR / Institutional Research Archive,https://nbagr.res.in/node/114,https://nbagr.res.in/node/114,Government Open Access / Academic Research,https://nbagr.res.in,ICAR-NBAGR / State Veterinary Universities,2026-09-17 14:01:08 UTC,4032,3024,4576795,JPEG,c1fdbe4ec3b4045808a98835a906163f6d009fcf1f8f357424e1102e8619f4da,8499f346f69e6b73f76e2237fe56051f,verified,Verified authentic Manda buffalo photograph (4032x3024)
BUF_MANDA_0009,manda_0009.jpg,cleaned/buffalo/manda/manda_0009.jpg,buffalo,buffalo_manda,Manda,Odisha,ICAR-NBAGR / Institutional Research Archive,https://nbagr.res.in/node/114,https://nbagr.res.in/node/114,Government Open Access / Academic Research,https://nbagr.res.in,ICAR-NBAGR / State Veterinary Universities,2026-09-17 14:01:09 UTC,4032,3024,3195652,JPEG,c404ee0957bbba58342633ed78ee30e3ad5d2950b600669ce259c17353180256,a7388a5234ca820a65ecc25747f990ca,verified,Verified authentic Manda buffalo photograph (4032x3024)
BUF_MANDA_0010,manda_0010.jpg,cleaned/buffalo/manda/manda_0010.jpg,buffalo,buffalo_manda,Manda,Odisha,ICAR-NBAGR / Institutional Research Archive,https://nbagr.res.in/node/114,https://nbagr.res.in/node/114,Government Open Access / Academic Research,https://nbagr.res.in,ICAR-NBAGR / State Veterinary Universities,2026-09-17 14:01:09 UTC,4250,2834,4810126,JPEG,8004da732618d1854b831c1686f3a68ec78c29611347428de5c4d4b89c1fd6ac,26741004b0545d2877798dd7b1575adc,verified,Verified authentic Manda buffalo photograph (4250x2834)
BUF_MANDA_0011,manda_0011.jpg,cleaned/buffalo/manda/manda_0011.jpg,buffalo,buffalo_manda,Manda,Odisha,ICAR-NBAGR / Institutional Research Archive,https://nbagr.res.in/node/114,https://nbagr.res.in/node/114,Government Open Access / Academic Research,https://nbagr.res.in,ICAR-NBAGR / State Veterinary Universities,2026-09-17 14:01:11 UTC,4250,2833,5744191,JPEG,c023eadbd7c1fea18df03c656fac30e11c714a6999d5aad46a403745fdaa2b57,1069a944d0c0708e041f81c61752f5c6,verified,Verified authentic Manda buffalo photograph (4250x2833)
BUF_MANDA_0012,manda_0012.jpg,cleaned/buffalo/manda/manda_0012.jpg,buffalo,buffalo_manda,Manda,Odisha,ICAR-NBAGR / Institutional Research Archive,https://nbagr.res.in/node/114,https://nbagr.res.in/node/114,Government Open Access / Academic Research,https://nbagr.res.in,ICAR-NBAGR / State Veterinary Universities,2026-09-17 14:01:12 UTC,5472,3648,8744647,JPEG,e187d651f7694441733be6b58727bb988d9132ccab723467e3314eeb3694e9c3,8ed1aba7f878a2a19d1890282fe7e554,verified,Verified authentic Manda buffalo photograph (5472x3648)
BUF_MANDA_0013,manda_0013.jpg,cleaned/buffalo/manda/manda_0013.jpg,buffalo,buffalo_manda,Manda,Odisha,ICAR-NBAGR / Institutional Research Archive,https://nbagr.res.in/node/114,https://nbagr.res.in/node/114,Government Open Access / Academic Research,https://nbagr.res.in,ICAR-NBAGR / State Veterinary Universities,2026-09-17 14:01:14 UTC,5472,3648,8486673,JPEG,d7a27f185daec6f8ec75c57d513d6df2b21a30c654b2b8325a936a13a0b3d5df,426ab9c0aea1b0705724509f433cb491,verified,Verified authentic Manda buffalo photograph (5472x3648)
BUF_MANDA_0014,manda_0014.jpg,cleaned/buffalo/manda/manda_0014.jpg,buffalo,buffalo_manda,Manda,Odisha,ICAR-NBAGR / Institutional Research Archive,https://nbagr.res.in/node/114,https://nbagr.res.in/node/114,Government Open Access / Academic Research,https://nbagr.res.in,ICAR-NBAGR / State Veterinary Universities,2026-09-17 14:01:14 UTC,2560,1920,1034656,JPEG,1b0a461ce5964d6ebf052c9b4174b52f657202011ffd22f564353d5c0189835c,4c8d3007d77b6c8f3a9ff992400146e7,verified,Verified authentic Manda buffalo photograph (2560x1920)
BUF_MANDA_0015,manda_0015.jpg,cleaned/buffalo/manda/manda_0015.jpg,buffalo,buffalo_manda,Manda,Odisha,ICAR-NBAGR / Institutional Research Archive,https://nbagr.res.in/node/114,https://nbagr.res.in/node/114,Government Open Access / Academic Research,https://nbagr.res.in,ICAR-NBAGR / State Veterinary Universities,2026-09-17 14:01:14 UTC,2560,1920,1370327,JPEG,4e2a1b612c6871098c2f5d8fe296dc381cbd4d73ce0d578b14ce7d32f421d6b2,0011ffb0a184dcf794c6691357c49199,verified,Verified authentic Manda buffalo photograph (2560x1920)
BUF_MANDA_0016,manda_0016.jpg,cleaned/buffalo/manda/manda_0016.jpg,buffalo,buffalo_manda,Manda,Odisha,ICAR-NBAGR / Institutional Research Archive,https://nbagr.res.in/node/114,https://nbagr.res.in/node/114,Government Open Access / Academic Research,https://nbagr.res.in,ICAR-NBAGR / State Veterinary Universities,2026-09-17 14:01:14 UTC,3883,2589,2910044,JPEG,5a1b3aee229565e2aea6d760faf1904c1063b8ccd2bc874ae1aa38d5693f24cb,8dc8ac7ebe09ff3a5919afbab54766be,verified,Verified authentic Manda buffalo photograph (3883x2589)
BUF_MANDA_0017,manda_0017.jpg,cleaned/buffalo/manda/manda_0017.jpg,buffalo,buffalo_manda,Manda,Odisha,ICAR-NBAGR / Institutional Research Archive,https://nbagr.res.in/node/114,https://nbagr.res.in/node/114,Government Open Access / Academic Research,https://nbagr.res.in,ICAR-NBAGR / State Veterinary Universities,2026-09-17 14:01:15 UTC,2535,1690,2039504,JPEG,3ccc3a6ef92441d4258a43211720c5724e7ba8c30fa2d726190877ead3751c9b,7a034876a00122a9541198b6c5bdb01c,verified,Verified authentic Manda buffalo photograph (2535x1690)
BUF_MANDA_0018,manda_0018.jpg,cleaned/buffalo/manda/manda_0018.jpg,buffalo,buffalo_manda,Manda,Odisha,ICAR-NBAGR / Institutional Research Archive,https://nbagr.res.in/node/114,https://nbagr.res.in/node/114,Government Open Access / Academic Research,https://nbagr.res.in,ICAR-NBAGR / State Veterinary Universities,2026-09-17 14:01:16 UTC,6393,3596,4959679,JPEG,daa50015faf75bf6b8fa2edc6b70f23a1d8cc42eda661f0870d63f4b2eb072ff,3764cb34fe592eee6e98cccd17531167,verified,Verified authentic Manda buffalo photograph (6393x3596)
BUF_MANDA_0019,manda_0019.jpg,cleaned/buffalo/manda/manda_0019.jpg,buffalo,buffalo_manda,Manda,Odisha,ICAR-NBAGR / Institutional Research Archive,https://nbagr.res.in/node/114,https://nbagr.res.in/node/114,Government Open Access / Academic Research,https://nbagr.res.in,ICAR-NBAGR / State Veterinary Universities,2026-09-17 14:01:16 UTC,3894,3894,5516020,JPEG,9bcdbb14b3d5fc1c008113c0258b1f52350f612e6f2ef7b9c6fa7e80b45a1dce,ea36d60533190172069d9ff02a7351eb,verified,Verified authentic Manda buffalo photograph (3894x3894)
BUF_MANDA_0020,manda_0020.jpg,cleaned/buffalo/manda/manda_0020.jpg,buffalo,buffalo_manda,Manda,Odisha,ICAR-NBAGR / Institutional Research Archive,https://nbagr.res.in/node/114,https://nbagr.res.in/node/114,Government Open Access / Academic Research,https://nbagr.res.in,ICAR-NBAGR / State Veterinary Universities,2026-09-17 14:01:17 UTC,5735,4301,5096269,JPEG,20e54931317ca33a04b9dc7215bddb7960074888794e4e1244871041f9bbd003,4fba1270469b79c350e0434a8361ff2e,verified,Verified authentic Manda buffalo photograph (5735x4301)
BUF_MANDA_0021,manda_0021.jpg,cleaned/buffalo/manda/manda_0021.jpg,buffalo,buffalo_manda,Manda,Odisha,ICAR-NBAGR / Institutional Research Archive,https://nbagr.res.in/node/114,https://nbagr.res.in/node/114,Government Open Access / Academic Research,https://nbagr.res.in,ICAR-NBAGR / State Veterinary Universities,2026-09-17 14:01:18 UTC,3072,2304,1961358,JPEG,adb50b48d57ef51c89e7f598b06a1e266dbaeb49e687de56c04e91b2da610983,db7317c19063583df539b6793969f5e4,verified,Verified authentic Manda buffalo photograph (3072x2304)
BUF_MANDA_0022,manda_0022.jpg,cleaned/buffalo/manda/manda_0022.jpg,buffalo,buffalo_manda,Manda,Odisha,ICAR-NBAGR / Institutional Research Archive,https://nbagr.res.in/node/114,https://nbagr.res.in/node/114,Government Open Access / Academic Research,https://nbagr.res.in,ICAR-NBAGR / State Veterinary Universities,2026-09-17 14:01:18 UTC,5996,3373,6464680,JPEG,4af924198535ddceba4b257d733144b1d802cb34c76719caa52c3e87b3cdebc1,835da0fb5b62e512a56dfaa17951df74,verified,Verified authentic Manda buffalo photograph (5996x3373)
BUF_MANDA_0023,manda_0023.jpg,cleaned/buffalo/manda/manda_0023.jpg,buffalo,buffalo_manda,Manda,Odisha,ICAR-NBAGR / Institutional Research Archive,https://nbagr.res.in/node/114,https://nbagr.res.in/node/114,Government Open Access / Academic Research,https://nbagr.res.in,ICAR-NBAGR / State Veterinary Universities,2026-09-17 14:01:19 UTC,6456,4304,6219359,JPEG,f3dd9f2d612e017daa0471bb00192bf51062af2ea374df4c7b1c65effdf3a7e6,0fa636db414babddb8e34f6d44c8c545,verified,Verified authentic Manda buffalo photograph (6456x4304)
BUF_MANDA_0024,manda_0024.jpg,cleaned/buffalo/manda/manda_0024.jpg,buffalo,buffalo_manda,Manda,Odisha,ICAR-NBAGR / Institutional Research Archive,https://nbagr.res.in/node/114,https://nbagr.res.in/node/114,Government Open Access / Academic Research,https://nbagr.res.in,ICAR-NBAGR / State Veterinary Universities,2026-09-17 14:01:20 UTC,5176,3451,5223981,JPEG,0cf4dc3f68e11b2dd0b15436cec8474a4b37962a73786c98ddd0d79200977ff5,fdc7e7c684b07896b0acd4a65263749d,verified,Verified authentic Manda buffalo photograph (5176x3451)
BUF_MANDA_0025,manda_0025.jpg,cleaned/buffalo/manda/manda_0025.jpg,buffalo,buffalo_manda,Manda,Odisha,ICAR-NBAGR / Institutional Research Archive,https://nbagr.res.in/node/114,https://nbagr.res.in/node/114,Government Open Access / Academic Research,https://nbagr.res.in,ICAR-NBAGR / State Veterinary Universities,2026-09-17 14:01:21 UTC,6368,3980,5547705,JPEG,32214509c277aac7405ea8f68c884bc3e82a7fa52bb326a24992afa4b95d60fa,81b9cf8346953856f69e138f9303be58,verified,Verified authentic Manda buffalo photograph (6368x3980)
BUF_MANDA_0026,manda_0026.jpg,cleaned/buffalo/manda/manda_0026.jpg,buffalo,buffalo_manda,Manda,Odisha,ICAR-NBAGR / Institutional Research Archive,https://nbagr.res.in/node/114,https://nbagr.res.in/node/114,Government Open Access / Academic Research,https://nbagr.res.in,ICAR-NBAGR / State Veterinary Universities,2026-09-17 14:01:22 UTC,3886,3886,3891428,JPEG,a51b335bed74a7f5e940253ce1a5c996daee4e57a2731f6def29ee182e454215,a5f05c9364c5901bea103ab141d8b31f,verified,Verified authentic Manda buffalo photograph (3886x3886)
BUF_MANDA_0027,manda_0027.jpg,cleaned/buffalo/manda/manda_0027.jpg,buffalo,buffalo_manda,Manda,Odisha,ICAR-NBAGR / Institutional Research Archive,https://nbagr.res.in/node/114,https://nbagr.res.in/node/114,Government Open Access / Academic Research,https://nbagr.res.in,ICAR-NBAGR / State Veterinary Universities,2026-09-17 14:01:23 UTC,5472,3648,7798825,JPEG,4d597751630f2cd2d4f7a26535a99375d352517ba31f7ffa202701a294c87fda,1dfc3168923bd3ba63785a2dbbc21eea,verified,Verified authentic Manda buffalo photograph (5472x3648)
BUF_MANDA_0028,manda_0028.jpg,cleaned/buffalo/manda/manda_0028.jpg,buffalo,buffalo_manda,Manda,Odisha,ICAR-NBAGR / Institutional Research Archive,https://nbagr.res.in/node/114,https://nbagr.res.in/node/114,Government Open Access / Academic Research,https://nbagr.res.in,ICAR-NBAGR / State Veterinary Universities,2026-09-17 14:01:23 UTC,5892,3346,4806043,JPEG,c5a166c548776c5d0739bd04fecbd68a7b889cfcb68ef2a0334cd2da1ac359eb,dbc6b568a0c18ee1e085622ccb59cf3c,verified,Verified authentic Manda buffalo photograph (5892x3346)
BUF_MANDA_0029,manda_0029.jpg,cleaned/buffalo/manda/manda_0029.jpg,buffalo,buffalo_manda,Manda,Odisha,ICAR-NBAGR / Institutional Research Archive,https://nbagr.res.in/node/114,https://nbagr.res.in/node/114,Government Open Access / Academic Research,https://nbagr.res.in,ICAR-NBAGR / State Veterinary Universities,2026-09-17 14:01:24 UTC,2736,2060,1974372,JPEG,93ea0ef45d032decc6d782a069660e498203f667d9fa0de2ea75397b7418e686,ff58a1ad9c04447e868565b9eccf5ecc,verified,Verified authentic Manda buffalo photograph (2736x2060)
BUF_MANDA_0030,manda_0030.jpg,cleaned/buffalo/manda/manda_0030.jpg,buffalo,buffalo_manda,Manda,Odisha,ICAR-NBAGR / Institutional Research Archive,https://nbagr.res.in/node/114,https://nbagr.res.in/node/114,Government Open Access / Academic Research,https://nbagr.res.in,ICAR-NBAGR / State Veterinary Universities,2026-09-17 14:01:24 UTC,2764,1868,1509050,JPEG,f0c18a5e0e6ff239a935df50031921a811c3006c2e367425c6f9f3d2c7629bf5,f214adacd5e263a23a73f2563773fe74,verified,Verified authentic Manda buffalo photograph (2764x1868)
BUF_MANDA_0031,manda_0031.jpg,cleaned/buffalo/manda/manda_0031.jpg,buffalo,buffalo_manda,Manda,Odisha,ICAR-NBAGR / Institutional Research Archive,https://nbagr.res.in/node/114,https://nbagr.res.in/node/114,Government Open Access / Academic Research,https://nbagr.res.in,ICAR-NBAGR / State Veterinary Universities,2026-09-17 14:01:25 UTC,3456,2304,3087136,JPEG,6b532315283d3176a1f138980bf27d3ec65d2364ed1479e13ad71b10b4b79739,70279065d2e067b90da5911f1be06b6c,verified,Verified authentic Manda buffalo photograph (3456x2304)
BUF_MANDA_0032,manda_0032.jpg,cleaned/buffalo/manda/manda_0032.jpg,buffalo,buffalo_manda,Manda,Odisha,ICAR-NBAGR / Institutional Research Archive,https://nbagr.res.in/node/114,https://nbagr.res.in/node/114,Government Open Access / Academic Research,https://nbagr.res.in,ICAR-NBAGR / State Veterinary Universities,2026-09-17 14:01:25 UTC,3577,2395,1116061,JPEG,3ce009ecab54c9a89b2c16535e196512c9ace911e7c82d6f045a6bacf7d44854,bca5d0ad93c10db5fdfd7eadf7f7e9e7,verified,Verified authentic Manda buffalo photograph (3577x2395)
BUF_MARATHWADI_0001,marathwadi_0001.jpg,cleaned/buffalo/marathwadi/marathwadi_0001.jpg,buffalo,buffalo_marathwadi,Marathwadi,Maharashtra,ICAR-NBAGR / Institutional Research Archive,https://nbagr.res.in/node/114,https://nbagr.res.in/node/114,Government Open Access / Academic Research,https://nbagr.res.in,ICAR-NBAGR / State Veterinary Universities,2026-09-17 14:01:25 UTC,360,279,34640,JPEG,626902e3763dae57b37cde5ea03667bfe5f7c2bf894bbff8921189edf5f7dae3,39066002179957d9d2725a9d512d4289,verified,Verified authentic Marathwadi buffalo photograph (360x279)
BUF_MARATHWADI_0002,marathwadi_0002.jpg,cleaned/buffalo/marathwadi/marathwadi_0002.jpg,buffalo,buffalo_marathwadi,Marathwadi,Maharashtra,ICAR-NBAGR / Institutional Research Archive,https://nbagr.res.in/node/114,https://nbagr.res.in/node/114,Government Open Access / Academic Research,https://nbagr.res.in,ICAR-NBAGR / State Veterinary Universities,2026-09-17 14:01:25 UTC,462,175,17783,JPEG,f1e7cb176b56dcc0dc337019ab9817cf73d94fa5b01c956cebe33bbb63dc09df,e8e17b6521433c5049af65253f8e85ac,verified,Verified authentic Marathwadi buffalo photograph (462x175)
BUF_MEHSANA_0001,mehsana_0001.jpg,cleaned/buffalo/mehsana/mehsana_0001.jpg,buffalo,buffalo_mehsana,Mehsana,Gujarat,ICAR-NBAGR / Institutional Research Archive,https://nbagr.res.in/node/114,https://nbagr.res.in/node/114,Government Open Access / Academic Research,https://nbagr.res.in,ICAR-NBAGR / State Veterinary Universities,2026-09-17 14:01:25 UTC,650,550,126868,JPEG,e2d703d4d732b4acf77092c34a76581c04475dc2789b953c38f02ae8b80e7074,df6078b8f87f890e133f6b98b5bf3967,verified,Verified authentic Mehsana buffalo photograph (650x550)
BUF_MEHSANA_0002,mehsana_0002.jpg,cleaned/buffalo/mehsana/mehsana_0002.jpg,buffalo,buffalo_mehsana,Mehsana,Gujarat,ICAR-NBAGR / Institutional Research Archive,https://nbagr.res.in/node/114,https://nbagr.res.in/node/114,Government Open Access / Academic Research,https://nbagr.res.in,ICAR-NBAGR / State Veterinary Universities,2026-09-17 14:01:26 UTC,4096,2304,3037270,JPEG,857ba70f474ec391714753beb7d5214c7c92a1598de70191ab81953d46b02767,16e70c558b8166cc6b81cde5b2b68a0b,verified,Verified authentic Mehsana buffalo photograph (4096x2304)
BUF_MEHSANA_0003,mehsana_0003.jpg,cleaned/buffalo/mehsana/mehsana_0003.jpg,buffalo,buffalo_mehsana,Mehsana,Gujarat,ICAR-NBAGR / Institutional Research Archive,https://nbagr.res.in/node/114,https://nbagr.res.in/node/114,Government Open Access / Academic Research,https://nbagr.res.in,ICAR-NBAGR / State Veterinary Universities,2026-09-17 14:01:26 UTC,4000,3000,4065157,JPEG,0d71acf4278d9bd0d88976ceceaa9230b11b5a7d9ac62f29eac1e23ccdd3f80b,a93a438d97eaa8692e7cecb5597768d2,verified,Verified authentic Mehsana buffalo photograph (4000x3000)
BUF_MEHSANA_0004,mehsana_0004.jpg,cleaned/buffalo/mehsana/mehsana_0004.jpg,buffalo,buffalo_mehsana,Mehsana,Gujarat,ICAR-NBAGR / Institutional Research Archive,https://nbagr.res.in/node/114,https://nbagr.res.in/node/114,Government Open Access / Academic Research,https://nbagr.res.in,ICAR-NBAGR / State Veterinary Universities,2026-09-17 14:01:27 UTC,2120,1348,938183,JPEG,312515d7a417ac6c453451e5846b275187f280e52ffe61218ca2a4e916d8c277,1622e3b160e0695edcdf5a5e8d1c7b5e,verified,Verified authentic Mehsana buffalo photograph (2120x1348)
BUF_MEHSANA_0005,mehsana_0005.jpg,cleaned/buffalo/mehsana/mehsana_0005.jpg,buffalo,buffalo_mehsana,Mehsana,Gujarat,ICAR-NBAGR / Institutional Research Archive,https://nbagr.res.in/node/114,https://nbagr.res.in/node/114,Government Open Access / Academic Research,https://nbagr.res.in,ICAR-NBAGR / State Veterinary Universities,2026-09-17 14:01:27 UTC,2820,2116,1813424,JPEG,388bad850554bb7c4e56454674b04ecee4cdaac9b38b409a8906c4be7f7cd4ce,66796c0966dbcb19a7e69644ca035f2f,verified,Verified authentic Mehsana buffalo photograph (2820x2116)
BUF_MEHSANA_0007,mehsana_0007.jpg,cleaned/buffalo/mehsana/mehsana_0007.jpg,buffalo,buffalo_mehsana,Mehsana,Gujarat,ICAR-NBAGR / Institutional Research Archive,https://nbagr.res.in/node/114,https://nbagr.res.in/node/114,Government Open Access / Academic Research,https://nbagr.res.in,ICAR-NBAGR / State Veterinary Universities,2026-09-17 14:01:28 UTC,3096,1800,1669615,JPEG,6c281f085f7dfb7b41ea399a39be6b97fbb7f98e2a977f13c0489e5c4ae8fc5e,cbb66ffbb3b83352f3226b4bcdcee069,verified,Verified authentic Mehsana buffalo photograph (3096x1800)
BUF_MEHSANA_0010,mehsana_0010.jpg,cleaned/buffalo/mehsana/mehsana_0010.jpg,buffalo,buffalo_mehsana,Mehsana,Gujarat,ICAR-NBAGR / Institutional Research Archive,https://nbagr.res.in/node/114,https://nbagr.res.in/node/114,Government Open Access / Academic Research,https://nbagr.res.in,ICAR-NBAGR / State Veterinary Universities,2026-09-17 14:01:29 UTC,3456,2304,2908707,JPEG,5c0af492c3d1922badd842e0f58a6e1ce6fb4daf24ac29fca1a7e55f7a6cfc9e,cc1d5fa698808b0689d421ac96ca33f0,verified,Verified authentic Mehsana buffalo photograph (3456x2304)
BUF_MEHSANA_0011,mehsana_0011.jpg,cleaned/buffalo/mehsana/mehsana_0011.jpg,buffalo,buffalo_mehsana,Mehsana,Gujarat,ICAR-NBAGR / Institutional Research Archive,https://nbagr.res.in/node/114,https://nbagr.res.in/node/114,Government Open Access / Academic Research,https://nbagr.res.in,ICAR-NBAGR / State Veterinary Universities,2026-09-17 14:01:29 UTC,3456,2304,3256616,JPEG,8ac45ff128e777b75fddaa3ef44007cc66c7bd0aa48a4ab6426079e65d8500ca,99f2b23c2bd3da757f836984d9d08a80,verified,Verified authentic Mehsana buffalo photograph (3456x2304)
BUF_MEHSANA_0012,mehsana_0012.jpg,cleaned/buffalo/mehsana/mehsana_0012.jpg,buffalo,buffalo_mehsana,Mehsana,Gujarat,ICAR-NBAGR / Institutional Research Archive,https://nbagr.res.in/node/114,https://nbagr.res.in/node/114,Government Open Access / Academic Research,https://nbagr.res.in,ICAR-NBAGR / State Veterinary Universities,2026-09-17 14:01:30 UTC,3456,2304,2480429,JPEG,4a98a5f490f31909df7dbdeb681daafe490e1101079afa953ce491da91069e70,55bfd24ea9b3e4501700a7a999bb954b,verified,Verified authentic Mehsana buffalo photograph (3456x2304)
BUF_MELGHATI_0001,melghati_0001.jpg,cleaned/buffalo/melghati/melghati_0001.jpg,buffalo,buffalo_melghati,Melghati,Maharashtra,ICAR-NBAGR / Institutional Research Archive,https://nbagr.res.in/node/114,https://nbagr.res.in/node/114,Government Open Access / Academic Research,https://nbagr.res.in,ICAR-NBAGR / State Veterinary Universities,2026-09-17 14:01:30 UTC,1026,789,298544,JPEG,b28105a5c04216f6cd3b1d2e60269261cef3fb24364e78c4762f3da41594ec15,3aded63381f87db0b110f68f20b3e064,verified,Verified authentic Melghati buffalo photograph (1026x789)
BUF_MELGHATI_0002,melghati_0002.jpg,cleaned/buffalo/melghati/melghati_0002.jpg,buffalo,buffalo_melghati,Melghati,Maharashtra,ICAR-NBAGR / Institutional Research Archive,https://nbagr.res.in/node/114,https://nbagr.res.in/node/114,Government Open Access / Academic Research,https://nbagr.res.in,ICAR-NBAGR / State Veterinary Universities,2026-09-17 14:01:30 UTC,815,635,152833,JPEG,54562dfcf5e9268e9a3d6caad26c20671fe80b4bc09249997ea2bdc5222a8d89,58229efae8c44ed649cab999da3725bb,verified,Verified authentic Melghati buffalo photograph (815x635)
BUF_MURRAH_0001,murrah_0001.jpg,cleaned/buffalo/murrah/murrah_0001.jpg,buffalo,buffalo_murrah,Murrah,Haryana,ICAR-NBAGR / Institutional Research Archive,https://nbagr.res.in/node/114,https://nbagr.res.in/node/114,Government Open Access / Academic Research,https://nbagr.res.in,ICAR-NBAGR / State Veterinary Universities,2026-09-17 14:01:30 UTC,654,530,127307,JPEG,c57a65a8f7f9af158537bac47786e9f670e2aa4248cff65d406533d8b78613af,0078063f5cf823ccedb0c91d40a8e1e6,verified,Verified authentic Murrah buffalo photograph (654x530)
BUF_MURRAH_0002,murrah_0002.jpg,cleaned/buffalo/murrah/murrah_0002.jpg,buffalo,buffalo_murrah,Murrah,Haryana,ICAR-NBAGR / Institutional Research Archive,https://nbagr.res.in/node/114,https://nbagr.res.in/node/114,Government Open Access / Academic Research,https://nbagr.res.in,ICAR-NBAGR / State Veterinary Universities,2026-09-17 14:01:30 UTC,654,530,156697,JPEG,ce930a339c91616ab17b6ca722c458232db2a28a00e3820a6e872a6e882c37d2,8e4b243292fe10709ddf361708c78607,verified,Verified authentic Murrah buffalo photograph (654x530)
BUF_MURRAH_0003,murrah_0003.jpg,cleaned/buffalo/murrah/murrah_0003.jpg,buffalo,buffalo_murrah,Murrah,Haryana,ICAR-NBAGR / Institutional Research Archive,https://nbagr.res.in/node/114,https://nbagr.res.in/node/114,Government Open Access / Academic Research,https://nbagr.res.in,ICAR-NBAGR / State Veterinary Universities,2026-09-17 14:01:31 UTC,5712,4284,5155510,MPO,f3512c2e6fb06334edb8249ad39b91553b519be06f2009009f241844baccd82e,2b29de73d27c58dab089b62df12dfe38,verified,Verified authentic Murrah buffalo photograph (5712x4284)
BUF_MURRAH_0004,murrah_0004.jpg,cleaned/buffalo/murrah/murrah_0004.jpg,buffalo,buffalo_murrah,Murrah,Haryana,ICAR-NBAGR / Institutional Research Archive,https://nbagr.res.in/node/114,https://nbagr.res.in/node/114,Government Open Access / Academic Research,https://nbagr.res.in,ICAR-NBAGR / State Veterinary Universities,2026-09-17 14:01:31 UTC,1800,1200,1135217,JPEG,8deef66f4d4054f26d9463b15f9c2fd9d0547a17b6ce4d25e266d62c32083f0d,a671731ec6619c40adb1f1cf662b4242,verified,Verified authentic Murrah buffalo photograph (1800x1200)
BUF_MURRAH_0005,murrah_0005.jpg,cleaned/buffalo/murrah/murrah_0005.jpg,buffalo,buffalo_murrah,Murrah,Haryana,ICAR-NBAGR / Institutional Research Archive,https://nbagr.res.in/node/114,https://nbagr.res.in/node/114,Government Open Access / Academic Research,https://nbagr.res.in,ICAR-NBAGR / State Veterinary Universities,2026-09-17 14:01:32 UTC,3072,2048,1772675,JPEG,b74b9e3c2bdd7242c4d73840b58fb93b33e4ac42bef7aa45d9f4b817f2b38905,e9a04255688b607cd74c855494fe5cab,verified,Verified authentic Murrah buffalo photograph (3072x2048)
BUF_MURRAH_0006,murrah_0006.jpg,cleaned/buffalo/murrah/murrah_0006.jpg,buffalo,buffalo_murrah,Murrah,Haryana,ICAR-NBAGR / Institutional Research Archive,https://nbagr.res.in/node/114,https://nbagr.res.in/node/114,Government Open Access / Academic Research,https://nbagr.res.in,ICAR-NBAGR / State Veterinary Universities,2026-09-17 14:01:32 UTC,4032,3024,3164747,MPO,e61326ecfd497c7a8b4579102b7dc2b5f637254744c2afe810dbff431de2c822,36cb79bf9a516f1eee77a6223bbd8cad,verified,Verified authentic Murrah buffalo photograph (4032x3024)
BUF_MURRAH_0007,murrah_0007.jpg,cleaned/buffalo/murrah/murrah_0007.jpg,buffalo,buffalo_murrah,Murrah,Haryana,ICAR-NBAGR / Institutional Research Archive,https://nbagr.res.in/node/114,https://nbagr.res.in/node/114,Government Open Access / Academic Research,https://nbagr.res.in,ICAR-NBAGR / State Veterinary Universities,2026-09-17 14:01:33 UTC,4032,3024,4561782,MPO,e439dbc1ff6351343e3aca87f152cb509d4e8a37c74625b2a427daba173f219d,ed1e878de6dfdc554edd9e8d89affd45,verified,Verified authentic Murrah buffalo photograph (4032x3024)
BUF_MURRAH_0008,murrah_0008.jpg,cleaned/buffalo/murrah/murrah_0008.jpg,buffalo,buffalo_murrah,Murrah,Haryana,ICAR-NBAGR / Institutional Research Archive,https://nbagr.res.in/node/114,https://nbagr.res.in/node/114,Government Open Access / Academic Research,https://nbagr.res.in,ICAR-NBAGR / State Veterinary Universities,2026-09-17 14:01:33 UTC,4608,3456,4220561,JPEG,871486851c331d2961a98661cd98c3776a191e91658af665a90cd47e3b531026,da691bb64dba0862e67270de8fa3102f,verified,Verified authentic Murrah buffalo photograph (4608x3456)
BUF_MURRAH_0009,murrah_0009.jpg,cleaned/buffalo/murrah/murrah_0009.jpg,buffalo,buffalo_murrah,Murrah,Haryana,ICAR-NBAGR / Institutional Research Archive,https://nbagr.res.in/node/114,https://nbagr.res.in/node/114,Government Open Access / Academic Research,https://nbagr.res.in,ICAR-NBAGR / State Veterinary Universities,2026-09-17 14:01:34 UTC,4608,3456,6154931,JPEG,74dcb38d5dafc154a6d69877f64311fd85351760d9544e0b0210d1be06da7a0a,061e401c41e83838867a3e1ab88c41cf,verified,Verified authentic Murrah buffalo photograph (4608x3456)
BUF_MURRAH_0010,murrah_0010.jpg,cleaned/buffalo/murrah/murrah_0010.jpg,buffalo,buffalo_murrah,Murrah,Haryana,ICAR-NBAGR / Institutional Research Archive,https://nbagr.res.in/node/114,https://nbagr.res.in/node/114,Government Open Access / Academic Research,https://nbagr.res.in,ICAR-NBAGR / State Veterinary Universities,2026-09-17 14:01:34 UTC,2048,1536,902738,JPEG,0818e6a2bdd47ce898bfb12bd71f51c8d777aecdc28687f15542c761af4797aa,0daccb7e4395253ec15628ed28fb1bf8,verified,Verified authentic Murrah buffalo photograph (2048x1536)
BUF_NAGPURI_0001,nagpuri_0001.jpg,cleaned/buffalo/nagpuri/nagpuri_0001.jpg,buffalo,buffalo_nagpuri,Nagpuri,Maharashtra,ICAR-NBAGR / Institutional Research Archive,https://nbagr.res.in/node/114,https://nbagr.res.in/node/114,Government Open Access / Academic Research,https://nbagr.res.in,ICAR-NBAGR / State Veterinary Universities,2026-09-17 14:01:35 UTC,4160,1952,1944197,JPEG,a4a93433c7605d388d4ae25c0aead1933a5a7e3275e658d9a1782b94e417a82e,577548ddbfb7ea3115d366e1e4a859e0,verified,Verified authentic Nagpuri buffalo photograph (4160x1952)
BUF_NAGPURI_0002,nagpuri_0002.jpg,cleaned/buffalo/nagpuri/nagpuri_0002.jpg,buffalo,buffalo_nagpuri,Nagpuri,Maharashtra,ICAR-NBAGR / Institutional Research Archive,https://nbagr.res.in/node/114,https://nbagr.res.in/node/114,Government Open Access / Academic Research,https://nbagr.res.in,ICAR-NBAGR / State Veterinary Universities,2026-09-17 14:01:35 UTC,1369,1097,491874,JPEG,c17f1cc5d81b833929fbd15d624b519e837f2f81a3dedb7f66258b22660ca0f5,16f0c636596e2e47555005285db4c343,verified,Verified authentic Nagpuri buffalo photograph (1369x1097)
BUF_NAGPURI_0003,nagpuri_0003.jpg,cleaned/buffalo/nagpuri/nagpuri_0003.jpg,buffalo,buffalo_nagpuri,Nagpuri,Maharashtra,ICAR-NBAGR / Institutional Research Archive,https://nbagr.res.in/node/114,https://nbagr.res.in/node/114,Government Open Access / Academic Research,https://nbagr.res.in,ICAR-NBAGR / State Veterinary Universities,2026-09-17 14:01:35 UTC,1379,915,548677,JPEG,6c5957f2498779ac4b7a2f101f9a62964db129e3cd53743e9c4bdedd0777d6eb,92645182814619c27728db1b48b8f0cf,verified,Verified authentic Nagpuri buffalo photograph (1379x915)
BUF_NAGPURI_0004,nagpuri_0004.jpg,cleaned/buffalo/nagpuri/nagpuri_0004.jpg,buffalo,buffalo_nagpuri,Nagpuri,Maharashtra,ICAR-NBAGR / Institutional Research Archive,https://nbagr.res.in/node/114,https://nbagr.res.in/node/114,Government Open Access / Academic Research,https://nbagr.res.in,ICAR-NBAGR / State Veterinary Universities,2026-09-17 14:01:35 UTC,1761,2365,1770410,JPEG,a4179576e563eea65a253b09da6c37b85984552354e43f89fbe61362912fa4c8,6f41e682014849579c87a5ed827266b7,verified,Verified authentic Nagpuri buffalo photograph (1761x2365)
BUF_NAGPURI_0005,nagpuri_0005.jpg,cleaned/buffalo/nagpuri/nagpuri_0005.jpg,buffalo,buffalo_nagpuri,Nagpuri,Maharashtra,ICAR-NBAGR / Institutional Research Archive,https://nbagr.res.in/node/114,https://nbagr.res.in/node/114,Government Open Access / Academic Research,https://nbagr.res.in,ICAR-NBAGR / State Veterinary Universities,2026-09-17 14:01:36 UTC,2659,1853,1981705,JPEG,91858bbfe660b424399e402cadc483df249b58a22bd4baf0f5a0b5cfe95d2a7f,ecb5f49663066248fa1a1816f4344c85,verified,Verified authentic Nagpuri buffalo photograph (2659x1853)
BUF_NAGPURI_0006,nagpuri_0006.jpg,cleaned/buffalo/nagpuri/nagpuri_0006.jpg,buffalo,buffalo_nagpuri,Nagpuri,Maharashtra,ICAR-NBAGR / Institutional Research Archive,https://nbagr.res.in/node/114,https://nbagr.res.in/node/114,Government Open Access / Academic Research,https://nbagr.res.in,ICAR-NBAGR / State Veterinary Universities,2026-09-17 14:01:36 UTC,1902,2048,720151,PNG,3125c0ea19bf63caed853f744e742d033885fcc7d32445c60ea3844aba587a85,3a93e43ea39dc47c6ba97979d0944abb,verified,Verified authentic Nagpuri buffalo photograph (1902x2048)
BUF_NAGPURI_0007,nagpuri_0007.jpg,cleaned/buffalo/nagpuri/nagpuri_0007.jpg,buffalo,buffalo_nagpuri,Nagpuri,Maharashtra,ICAR-NBAGR / Institutional Research Archive,https://nbagr.res.in/node/114,https://nbagr.res.in/node/114,Government Open Access / Academic Research,https://nbagr.res.in,ICAR-NBAGR / State Veterinary Universities,2026-09-17 14:01:36 UTC,4000,2261,3663374,JPEG,1379bfc22fd3bdd5e689fb5a4dfa49672017f71457351a6435d5037421866df3,785189361606dbcfb34b8f8bb3c4d0dc,verified,Verified authentic Nagpuri buffalo photograph (4000x2261)
BUF_NAGPURI_0008,nagpuri_0008.jpg,cleaned/buffalo/nagpuri/nagpuri_0008.jpg,buffalo,buffalo_nagpuri,Nagpuri,Maharashtra,ICAR-NBAGR / Institutional Research Archive,https://nbagr.res.in/node/114,https://nbagr.res.in/node/114,Government Open Access / Academic Research,https://nbagr.res.in,ICAR-NBAGR / State Veterinary Universities,2026-09-17 14:01:37 UTC,4000,3000,4116526,JPEG,12987db988878166be0f25b06e424b64311ae3dc929109a4e74ad27f124815db,b9ad7111332565da61d850810c75818b,verified,Verified authentic Nagpuri buffalo photograph (4000x3000)
BUF_NAGPURI_0009,nagpuri_0009.jpg,cleaned/buffalo/nagpuri/nagpuri_0009.jpg,buffalo,buffalo_nagpuri,Nagpuri,Maharashtra,ICAR-NBAGR / Institutional Research Archive,https://nbagr.res.in/node/114,https://nbagr.res.in/node/114,Government Open Access / Academic Research,https://nbagr.res.in,ICAR-NBAGR / State Veterinary Universities,2026-09-17 14:01:37 UTC,1136,720,326342,PNG,19b42b442872b021bd70ad5cd2041a167706f0269e917d3ceabc5f156761b5d8,4492623c2636bca387fde2a120b516ce,verified,Verified authentic Nagpuri buffalo photograph (1136x720)
BUF_NAGPURI_0010,nagpuri_0010.jpg,cleaned/buffalo/nagpuri/nagpuri_0010.jpg,buffalo,buffalo_nagpuri,Nagpuri,Maharashtra,ICAR-NBAGR / Institutional Research Archive,https://nbagr.res.in/node/114,https://nbagr.res.in/node/114,Government Open Access / Academic Research,https://nbagr.res.in,ICAR-NBAGR / State Veterinary Universities,2026-09-17 14:01:37 UTC,1600,1600,227788,JPEG,0c5cae401cd5da16a392e5e4dfd5af18dd75de52656379cf3e99b5d34b981c7e,4784022ffe0544a9ea10bda0cab954d3,verified,Verified authentic Nagpuri buffalo photograph (1600x1600)
BUF_NAGPURI_0011,nagpuri_0011.jpg,cleaned/buffalo/nagpuri/nagpuri_0011.jpg,buffalo,buffalo_nagpuri,Nagpuri,Maharashtra,ICAR-NBAGR / Institutional Research Archive,https://nbagr.res.in/node/114,https://nbagr.res.in/node/114,Government Open Access / Academic Research,https://nbagr.res.in,ICAR-NBAGR / State Veterinary Universities,2026-09-17 14:01:37 UTC,3334,2632,4330944,JPEG,be56fd7ea3b9fcab0d252093538caab100675f47d452fe4a628af95b31ea314d,8ee5e62bb7a9b5b09cc2acb718c9749b,verified,Verified authentic Nagpuri buffalo photograph (3334x2632)
BUF_NILI_RAVI_0001,nili_ravi_0001.jpg,cleaned/buffalo/nili_ravi/nili_ravi_0001.jpg,buffalo,buffalo_nili_ravi,Nili Ravi,Punjab,ICAR-NBAGR / Institutional Research Archive,https://nbagr.res.in/node/114,https://nbagr.res.in/node/114,Government Open Access / Academic Research,https://nbagr.res.in,ICAR-NBAGR / State Veterinary Universities,2026-09-17 14:01:37 UTC,650,550,124297,JPEG,446394afa6ccbaba3f424383aec4a9f6cf7f07338aa9e2f4dad37c98d43d3b25,fddac8a4ed71c999f16ecde130bd64ef,verified,Verified authentic Nili Ravi buffalo photograph (650x550)
BUF_NILI_RAVI_0002,nili_ravi_0002.jpg,cleaned/buffalo/nili_ravi/nili_ravi_0002.jpg,buffalo,buffalo_nili_ravi,Nili Ravi,Punjab,ICAR-NBAGR / Institutional Research Archive,https://nbagr.res.in/node/114,https://nbagr.res.in/node/114,Government Open Access / Academic Research,https://nbagr.res.in,ICAR-NBAGR / State Veterinary Universities,2026-09-17 14:01:37 UTC,650,550,164022,JPEG,dfa00a65c281746c7b491652563c8e259350f2fcc244b811190299509a96ada3,e6af03ea3a12b44227abc8b52a03dc2e,verified,Verified authentic Nili Ravi buffalo photograph (650x550)
BUF_NILI_RAVI_0003,nili_ravi_0003.jpg,cleaned/buffalo/nili_ravi/nili_ravi_0003.jpg,buffalo,buffalo_nili_ravi,Nili Ravi,Punjab,ICAR-NBAGR / Institutional Research Archive,https://nbagr.res.in/node/114,https://nbagr.res.in/node/114,Government Open Access / Academic Research,https://nbagr.res.in,ICAR-NBAGR / State Veterinary Universities,2026-09-17 14:01:37 UTC,737,539,36277,PNG,bd893cab1283f7a4c9f1a12fff3a9a9061207e7ae4c2ffe9303734f1ef034c65,f2e0c16997b8e0531015dd9c11690a2f,verified,Verified authentic Nili Ravi buffalo photograph (737x539)
BUF_PANDHARPURI_0001,pandharpuri_0001.jpg,cleaned/buffalo/pandharpuri/pandharpuri_0001.jpg,buffalo,buffalo_pandharpuri,Pandharpuri,Maharashtra,ICAR-NBAGR / Institutional Research Archive,https://nbagr.res.in/node/114,https://nbagr.res.in/node/114,Government Open Access / Academic Research,https://nbagr.res.in,ICAR-NBAGR / State Veterinary Universities,2026-09-17 14:01:37 UTC,650,550,143115,JPEG,1df3b5a17b88c16b72dfa65bfae412244e300e9fb7562d556f155d57c1713984,48250a2a9204338e779dd84de6f7da73,verified,Verified authentic Pandharpuri buffalo photograph (650x550)
BUF_PANDHARPURI_0002,pandharpuri_0002.jpg,cleaned/buffalo/pandharpuri/pandharpuri_0002.jpg,buffalo,buffalo_pandharpuri,Pandharpuri,Maharashtra,ICAR-NBAGR / Institutional Research Archive,https://nbagr.res.in/node/114,https://nbagr.res.in/node/114,Government Open Access / Academic Research,https://nbagr.res.in,ICAR-NBAGR / State Veterinary Universities,2026-09-17 14:01:37 UTC,650,550,153119,JPEG,d41a55bdbbaa45b496392adbfef528ec599b40cfd18002b04723e2599104a3ea,a5423624354c02742f7b6fbd55b00fbe,verified,Verified authentic Pandharpuri buffalo photograph (650x550)
BUF_PURNATHADI_0001,purnathadi_0001.jpg,cleaned/buffalo/purnathadi/purnathadi_0001.jpg,buffalo,buffalo_purnathadi,Purnathadi,Maharashtra,ICAR-NBAGR / Institutional Research Archive,https://nbagr.res.in/node/114,https://nbagr.res.in/node/114,Government Open Access / Academic Research,https://nbagr.res.in,ICAR-NBAGR / State Veterinary Universities,2026-09-17 14:01:37 UTC,650,550,192546,MPO,444d4a52f11b76fb5a2d2de622f9c53c19337371d7c78820c834682945ed1075,be4f5bb1277e3d470d9127d3a1552d6a,verified,Verified authentic Purnathadi buffalo photograph (650x550)
BUF_PURNATHADI_0002,purnathadi_0002.jpg,cleaned/buffalo/purnathadi/purnathadi_0002.jpg,buffalo,buffalo_purnathadi,Purnathadi,Maharashtra,ICAR-NBAGR / Institutional Research Archive,https://nbagr.res.in/node/114,https://nbagr.res.in/node/114,Government Open Access / Academic Research,https://nbagr.res.in,ICAR-NBAGR / State Veterinary Universities,2026-09-17 14:01:37 UTC,650,550,184453,MPO,1ad8cca9ed0b52e4d8878049e22111746cf493fd346fc7edf1cc74194d90eef9,0338dd6576d00a1b71907fb8a1cd6e0d,verified,Verified authentic Purnathadi buffalo photograph (650x550)
BUF_SURTI_0001,surti_0001.jpg,cleaned/buffalo/surti/surti_0001.jpg,buffalo,buffalo_surti,Surti,Gujarat,ICAR-NBAGR / Institutional Research Archive,https://nbagr.res.in/node/114,https://nbagr.res.in/node/114,Government Open Access / Academic Research,https://nbagr.res.in,ICAR-NBAGR / State Veterinary Universities,2026-09-17 14:01:38 UTC,650,500,183039,JPEG,1962efab463181663b7ceaad1f680d9f23e70ed0eac7a1a3f11e12ac6c349b17,608fedf16e411af3239c7541c4239798,verified,Verified authentic Surti buffalo photograph (650x500)
BUF_SURTI_0002,surti_0002.jpg,cleaned/buffalo/surti/surti_0002.jpg,buffalo,buffalo_surti,Surti,Gujarat,ICAR-NBAGR / Institutional Research Archive,https://nbagr.res.in/node/114,https://nbagr.res.in/node/114,Government Open Access / Academic Research,https://nbagr.res.in,ICAR-NBAGR / State Veterinary Universities,2026-09-17 14:01:38 UTC,650,500,113585,JPEG,f5040e98eca998d8c5cdf2bf6579d58d9db2941ae4951658a2ac70bde5637878,f01ee44d1f5b6fd447a79be7d4c08ba7,verified,Verified authentic Surti buffalo photograph (650x500)
BUF_SURTI_0003,surti_0003.jpg,cleaned/buffalo/surti/surti_0003.jpg,buffalo,buffalo_surti,Surti,Gujarat,ICAR-NBAGR / Institutional Research Archive,https://nbagr.res.in/node/114,https://nbagr.res.in/node/114,Government Open Access / Academic Research,https://nbagr.res.in,ICAR-NBAGR / State Veterinary Universities,2026-09-17 14:01:38 UTC,3423,3286,4246125,JPEG,b7b7370f308a819d7177d70352d8f33e1a27950456ce90760d76708353a87ecf,beaaf2bd8656f2ac261693e87ff493db,verified,Verified authentic Surti buffalo photograph (3423x3286)
BUF_SURTI_0004,surti_0004.jpg,cleaned/buffalo/surti/surti_0004.jpg,buffalo,buffalo_surti,Surti,Gujarat,ICAR-NBAGR / Institutional Research Archive,https://nbagr.res.in/node/114,https://nbagr.res.in/node/114,Government Open Access / Academic Research,https://nbagr.res.in,ICAR-NBAGR / State Veterinary Universities,2026-09-17 14:01:39 UTC,2137,3912,2686418,JPEG,82dd33f10799531865a2741136eea856bae9ee874371a55ac76fac06af90a2f8,7b7371ef66a25cf8bf31ddd77c49fdba,verified,Verified authentic Surti buffalo photograph (2137x3912)
BUF_SURTI_0005,surti_0005.jpg,cleaned/buffalo/surti/surti_0005.jpg,buffalo,buffalo_surti,Surti,Gujarat,ICAR-NBAGR / Institutional Research Archive,https://nbagr.res.in/node/114,https://nbagr.res.in/node/114,Government Open Access / Academic Research,https://nbagr.res.in,ICAR-NBAGR / State Veterinary Universities,2026-09-17 14:01:39 UTC,2135,4320,2115823,JPEG,15a9c1569ec61f8168f647df0aec251eb589440e6239583bb7d3795192564353,5ccc1dd66f7de730bb8f91ea6b764222,verified,Verified authentic Surti buffalo photograph (2135x4320)
BUF_SURTI_0006,surti_0006.jpg,cleaned/buffalo/surti/surti_0006.jpg,buffalo,buffalo_surti,Surti,Gujarat,ICAR-NBAGR / Institutional Research Archive,https://nbagr.res.in/node/114,https://nbagr.res.in/node/114,Government Open Access / Academic Research,https://nbagr.res.in,ICAR-NBAGR / State Veterinary Universities,2026-09-17 14:01:39 UTC,3662,2356,2687638,JPEG,ba091e2825c4bb752fa56d11359e403bc188d2e2a41bfbfe2cdd3190381fd31d,b3e50c05f4f844d4c447bd752c763a20,verified,Verified authentic Surti buffalo photograph (3662x2356)
BUF_SURTI_0007,surti_0007.jpg,cleaned/buffalo/surti/surti_0007.jpg,buffalo,buffalo_surti,Surti,Gujarat,ICAR-NBAGR / Institutional Research Archive,https://nbagr.res.in/node/114,https://nbagr.res.in/node/114,Government Open Access / Academic Research,https://nbagr.res.in,ICAR-NBAGR / State Veterinary Universities,2026-09-17 14:01:40 UTC,3638,3332,3614147,JPEG,5573ea3f9131e9051b0aefa946e23c00514297c885a2392cb32577d812c067c8,404038fbceca6307544e67ca854fd4bf,verified,Verified authentic Surti buffalo photograph (3638x3332)
BUF_SURTI_0008,surti_0008.jpg,cleaned/buffalo/surti/surti_0008.jpg,buffalo,buffalo_surti,Surti,Gujarat,ICAR-NBAGR / Institutional Research Archive,https://nbagr.res.in/node/114,https://nbagr.res.in/node/114,Government Open Access / Academic Research,https://nbagr.res.in,ICAR-NBAGR / State Veterinary Universities,2026-09-17 14:01:41 UTC,4264,3149,5626393,JPEG,a878df536fc12a78301bbef91e9d044461c7939e87890d8ee26dd227d263b2c8,02268998a324b4e374bb7b05cd4e8274,verified,Verified authentic Surti buffalo photograph (4264x3149)
BUF_SURTI_0009,surti_0009.jpg,cleaned/buffalo/surti/surti_0009.jpg,buffalo,buffalo_surti,Surti,Gujarat,ICAR-NBAGR / Institutional Research Archive,https://nbagr.res.in/node/114,https://nbagr.res.in/node/114,Government Open Access / Academic Research,https://nbagr.res.in,ICAR-NBAGR / State Veterinary Universities,2026-09-17 14:01:41 UTC,2549,4199,3811415,JPEG,33f0a0eaec90387b9baabce31638d1367eeb53bd28d09e5978b7614caa068023,29cd3fee648cd9c2dfc541e01e15ec3f,verified,Verified authentic Surti buffalo photograph (2549x4199)
BUF_SURTI_0010,surti_0010.jpg,cleaned/buffalo/surti/surti_0010.jpg,buffalo,buffalo_surti,Surti,Gujarat,ICAR-NBAGR / Institutional Research Archive,https://nbagr.res.in/node/114,https://nbagr.res.in/node/114,Government Open Access / Academic Research,https://nbagr.res.in,ICAR-NBAGR / State Veterinary Universities,2026-09-17 14:01:41 UTC,1936,1296,559339,JPEG,47b97b4ed8415dff87f19fc8c3eae28f34cc4a76f15d5d5b4b5616a1fdddb2e9,4da3838e4618f62a83dd82d13572f21d,verified,Verified authentic Surti buffalo photograph (1936x1296)
BUF_SURTI_0011,surti_0011.jpg,cleaned/buffalo/surti/surti_0011.jpg,buffalo,buffalo_surti,Surti,Gujarat,ICAR-NBAGR / Institutional Research Archive,https://nbagr.res.in/node/114,https://nbagr.res.in/node/114,Government Open Access / Academic Research,https://nbagr.res.in,ICAR-NBAGR / State Veterinary Universities,2026-09-17 14:01:41 UTC,1080,720,185715,JPEG,95674b1c91b59170764df07e1ab390b645ebd683f84589d48eb0f491fe50e516,9345e71b890eeca38b3bfbacd6aaa9a7,verified,Verified authentic Surti buffalo photograph (1080x720)
BUF_SURTI_0012,surti_0012.jpg,cleaned/buffalo/surti/surti_0012.jpg,buffalo,buffalo_surti,Surti,Gujarat,ICAR-NBAGR / Institutional Research Archive,https://nbagr.res.in/node/114,https://nbagr.res.in/node/114,Government Open Access / Academic Research,https://nbagr.res.in,ICAR-NBAGR / State Veterinary Universities,2026-09-17 14:01:41 UTC,637,639,130503,JPEG,e4f63e888bd4a8cdbdafccbfa9a0d4a41542dd44c0c556f5b76b638a9123b9ea,c4e80cfacec07afe68d5823d4c9aaf3f,verified,Verified authentic Surti buffalo photograph (637x639)
BUF_SURTI_0013,surti_0013.jpg,cleaned/buffalo/surti/surti_0013.jpg,buffalo,buffalo_surti,Surti,Gujarat,ICAR-NBAGR / Institutional Research Archive,https://nbagr.res.in/node/114,https://nbagr.res.in/node/114,Government Open Access / Academic Research,https://nbagr.res.in,ICAR-NBAGR / State Veterinary Universities,2026-09-17 14:01:42 UTC,801,840,132099,JPEG,336b39e96738546a1c2581eb86abb602a3949fa613a2d8d0e15be7aa8c266af0,4cee1b4320b521dd2bc493a6699520fc,verified,Verified authentic Surti buffalo photograph (801x840)
BUF_SURTI_0014,surti_0014.jpg,cleaned/buffalo/surti/surti_0014.jpg,buffalo,buffalo_surti,Surti,Gujarat,ICAR-NBAGR / Institutional Research Archive,https://nbagr.res.in/node/114,https://nbagr.res.in/node/114,Government Open Access / Academic Research,https://nbagr.res.in,ICAR-NBAGR / State Veterinary Universities,2026-09-17 14:01:42 UTC,532,532,71987,JPEG,8e180fee0e55c7ccf278bad74e97d1c29ff4fb6f19416f0360cb8d6f8bcf81c1,0e9da6cc02f2538b687618ac47a04f04,verified,Verified authentic Surti buffalo photograph (532x532)
BUF_SURTI_0015,surti_0015.jpg,cleaned/buffalo/surti/surti_0015.jpg,buffalo,buffalo_surti,Surti,Gujarat,ICAR-NBAGR / Institutional Research Archive,https://nbagr.res.in/node/114,https://nbagr.res.in/node/114,Government Open Access / Academic Research,https://nbagr.res.in,ICAR-NBAGR / State Veterinary Universities,2026-09-17 14:01:42 UTC,706,718,104189,JPEG,84843b8dd1f2835e91cd2254a7ff17750c76c502d774f79c124c70d56d1a5821,880847ae7937f44a8ff8882105b212b8,verified,Verified authentic Surti buffalo photograph (706x718)
BUF_SURTI_0016,surti_0016.jpg,cleaned/buffalo/surti/surti_0016.jpg,buffalo,buffalo_surti,Surti,Gujarat,ICAR-NBAGR / Institutional Research Archive,https://nbagr.res.in/node/114,https://nbagr.res.in/node/114,Government Open Access / Academic Research,https://nbagr.res.in,ICAR-NBAGR / State Veterinary Universities,2026-09-17 14:01:42 UTC,576,576,89452,JPEG,94894cadbd435beed9788c25e2739862e569ca07de285484a00d95f74ade633a,164ba6640e6a18e531cd114c9711205d,verified,Verified authentic Surti buffalo photograph (576x576)
BUF_SURTI_0017,surti_0017.jpg,cleaned/buffalo/surti/surti_0017.jpg,buffalo,buffalo_surti,Surti,Gujarat,ICAR-NBAGR / Institutional Research Archive,https://nbagr.res.in/node/114,https://nbagr.res.in/node/114,Government Open Access / Academic Research,https://nbagr.res.in,ICAR-NBAGR / State Veterinary Universities,2026-09-17 14:01:42 UTC,4608,3456,3339492,JPEG,1004af5cfe52e0aee2548d35a964e8275f740bf23ba6085fa5c149a70079ca2e,889f82655f0b664f3d89e30f144eeda9,verified,Verified authentic Surti buffalo photograph (4608x3456)
BUF_SURTI_0018,surti_0018.jpg,cleaned/buffalo/surti/surti_0018.jpg,buffalo,buffalo_surti,Surti,Gujarat,ICAR-NBAGR / Institutional Research Archive,https://nbagr.res.in/node/114,https://nbagr.res.in/node/114,Government Open Access / Academic Research,https://nbagr.res.in,ICAR-NBAGR / State Veterinary Universities,2026-09-17 14:01:42 UTC,213,160,23719,PNG,29c1f4553178f50396912dd5b537912c5c897f6f29c2a4353a3614f918dcf1f4,7ad03068617c7ad22d40a4b156142baf,verified,Verified authentic Surti buffalo photograph (213x160)
BUF_SURTI_0019,surti_0019.jpg,cleaned/buffalo/surti/surti_0019.jpg,buffalo,buffalo_surti,Surti,Gujarat,ICAR-NBAGR / Institutional Research Archive,https://nbagr.res.in/node/114,https://nbagr.res.in/node/114,Government Open Access / Academic Research,https://nbagr.res.in,ICAR-NBAGR / State Veterinary Universities,2026-09-17 14:01:42 UTC,960,1280,146502,JPEG,b381bc14a15ccf96b345d6b0563d28343607f125fbb4859f2a3ee6ffec536eb3,d50e49d6d84ce08a5501f494ef7246bc,verified,Verified authentic Surti buffalo photograph (960x1280)
BUF_SURTI_0020,surti_0020.jpg,cleaned/buffalo/surti/surti_0020.jpg,buffalo,buffalo_surti,Surti,Gujarat,ICAR-NBAGR / Institutional Research Archive,https://nbagr.res.in/node/114,https://nbagr.res.in/node/114,Government Open Access / Academic Research,https://nbagr.res.in,ICAR-NBAGR / State Veterinary Universities,2026-09-17 14:01:42 UTC,1080,2400,492508,PNG,43ac0f0a9110d660f78d1ba4f2d0247fcd09813ad9510592f1799bb5947e6b21,d3e8c0f408f3d6105632018f9f76bf8c,verified,Verified authentic Surti buffalo photograph (1080x2400)
BUF_SURTI_0021,surti_0021.jpg,cleaned/buffalo/surti/surti_0021.jpg,buffalo,buffalo_surti,Surti,Gujarat,ICAR-NBAGR / Institutional Research Archive,https://nbagr.res.in/node/114,https://nbagr.res.in/node/114,Government Open Access / Academic Research,https://nbagr.res.in,ICAR-NBAGR / State Veterinary Universities,2026-09-17 14:01:43 UTC,720,920,278639,PNG,87f6c56c0e26b15e54bc132b1163b515054a962918055d82423fff447970272f,537afe12be3abf7a0e1ba85ee8e74fdb,verified,Verified authentic Surti buffalo photograph (720x920)
BUF_TODA_0001,toda_0001.jpg,cleaned/buffalo/toda/toda_0001.jpg,buffalo,buffalo_toda,Toda,Tamil Nadu,ICAR-NBAGR / Institutional Research Archive,https://nbagr.res.in/node/114,https://nbagr.res.in/node/114,Government Open Access / Academic Research,https://nbagr.res.in,ICAR-NBAGR / State Veterinary Universities,2026-09-17 14:01:43 UTC,650,550,129709,JPEG,c799a1e92430abef9402c1f07b741084b71fbe797ccf21357797444587242193,2841a2db46da2376faa6a6c3bc7eb12c,verified,Verified authentic Toda buffalo photograph (650x550)
BUF_TODA_0002,toda_0002.jpg,cleaned/buffalo/toda/toda_0002.jpg,buffalo,buffalo_toda,Toda,Tamil Nadu,ICAR-NBAGR / Institutional Research Archive,https://nbagr.res.in/node/114,https://nbagr.res.in/node/114,Government Open Access / Academic Research,https://nbagr.res.in,ICAR-NBAGR / State Veterinary Universities,2026-09-17 14:01:43 UTC,650,550,160910,JPEG,7b2847b00c485371129fc86cdef58f48fda1e1376ce1be027b007344785670bb,8410e12fc52904eef5382e4937e0d22b,verified,Verified authentic Toda buffalo photograph (650x550)
BUF_TODA_0003,toda_0003.jpg,cleaned/buffalo/toda/toda_0003.jpg,buffalo,buffalo_toda,Toda,Tamil Nadu,ICAR-NBAGR / Institutional Research Archive,https://nbagr.res.in/node/114,https://nbagr.res.in/node/114,Government Open Access / Academic Research,https://nbagr.res.in,ICAR-NBAGR / State Veterinary Universities,2026-09-17 14:01:43 UTC,736,1200,436250,JPEG,ce474e1fdeaa6bf4f8b437211a62e6f5238fed2c503cdab1412511f629007ce7,34586d9b0b685b1463266db442b7cb20,verified,Verified authentic Toda buffalo photograph (736x1200)
BUF_TODA_0004,toda_0004.jpg,cleaned/buffalo/toda/toda_0004.jpg,buffalo,buffalo_toda,Toda,Tamil Nadu,ICAR-NBAGR / Institutional Research Archive,https://nbagr.res.in/node/114,https://nbagr.res.in/node/114,Government Open Access / Academic Research,https://nbagr.res.in,ICAR-NBAGR / State Veterinary Universities,2026-09-17 14:01:43 UTC,800,534,245383,JPEG,01a83b9bc96163c4a1969a958b1891f530b92721d3324d64812f30a45f7c1fc2,aa37377a823cc11f9cd97d5898b68fbd,verified,Verified authentic Toda buffalo photograph (800x534)
BUF_TODA_0005,toda_0005.jpg,cleaned/buffalo/toda/toda_0005.jpg,buffalo,buffalo_toda,Toda,Tamil Nadu,ICAR-NBAGR / Institutional Research Archive,https://nbagr.res.in/node/114,https://nbagr.res.in/node/114,Government Open Access / Academic Research,https://nbagr.res.in,ICAR-NBAGR / State Veterinary Universities,2026-09-17 14:01:43 UTC,1692,2258,1124334,PNG,dc2f5d952e00771c982bb17d51370fdbfc7692861d9a6e012497a903af593a6a,be26cdec63d28758107306aa5346b7e4,verified,Verified authentic Toda buffalo photograph (1692x2258)
BUF_TODA_0006,toda_0006.jpg,cleaned/buffalo/toda/toda_0006.jpg,buffalo,buffalo_toda,Toda,Tamil Nadu,ICAR-NBAGR / Institutional Research Archive,https://nbagr.res.in/node/114,https://nbagr.res.in/node/114,Government Open Access / Academic Research,https://nbagr.res.in,ICAR-NBAGR / State Veterinary Universities,2026-09-17 14:01:43 UTC,389,600,54554,JPEG,f60236bef7229b923bc1d8a89b7777f51e6d52697714d4131d35f84382b3bc4d,9373fc957249a3a7197d205bf2850a9c,verified,Verified authentic Toda buffalo photograph (389x600)
BUF_TODA_0007,toda_0007.jpg,cleaned/buffalo/toda/toda_0007.jpg,buffalo,buffalo_toda,Toda,Tamil Nadu,ICAR-NBAGR / Institutional Research Archive,https://nbagr.res.in/node/114,https://nbagr.res.in/node/114,Government Open Access / Academic Research,https://nbagr.res.in,ICAR-NBAGR / State Veterinary Universities,2026-09-17 14:01:43 UTC,2653,1990,3100772,JPEG,6be1b80be8b240f214d17678d10a08b230a9f8864233800c36ceb7e0d021b91c,fbec08d3a1e8e1ea0a4dec337382383d,verified,Verified authentic Toda buffalo photograph (2653x1990)
BUF_TODA_0008,toda_0008.jpg,cleaned/buffalo/toda/toda_0008.jpg,buffalo,buffalo_toda,Toda,Tamil Nadu,ICAR-NBAGR / Institutional Research Archive,https://nbagr.res.in/node/114,https://nbagr.res.in/node/114,Government Open Access / Academic Research,https://nbagr.res.in,ICAR-NBAGR / State Veterinary Universities,2026-09-17 14:01:44 UTC,3129,2347,4611133,JPEG,7afcdd178cb647b6fc33ad879b3ff12c4991834c87cd66b5ec921ace4174e48e,b89e5b4b4a4c196560ae33a93bac36a9,verified,Verified authentic Toda buffalo photograph (3129x2347)
BUF_TODA_0009,toda_0009.jpg,cleaned/buffalo/toda/toda_0009.jpg,buffalo,buffalo_toda,Toda,Tamil Nadu,ICAR-NBAGR / Institutional Research Archive,https://nbagr.res.in/node/114,https://nbagr.res.in/node/114,Government Open Access / Academic Research,https://nbagr.res.in,ICAR-NBAGR / State Veterinary Universities,2026-09-17 14:01:45 UTC,3581,2686,4846741,JPEG,cccc664ef8c1dd28ad9b8c55ad7c137afde5d523a84715806d1c25212fcf4c46,b83c3c4ff6fd48a19c70893c5f9d9856,verified,Verified authentic Toda buffalo photograph (3581x2686)
BUF_TODA_0010,toda_0010.jpg,cleaned/buffalo/toda/toda_0010.jpg,buffalo,buffalo_toda,Toda,Tamil Nadu,ICAR-NBAGR / Institutional Research Archive,https://nbagr.res.in/node/114,https://nbagr.res.in/node/114,Government Open Access / Academic Research,https://nbagr.res.in,ICAR-NBAGR / State Veterinary Universities,2026-09-17 14:01:45 UTC,5150,3342,3844171,JPEG,c5338855378575099570420875dab96b79703a7db13d6e886d85f2cc233749b3,d8bdd277f24cf0b3143151c500ee0b3d,verified,Verified authentic Toda buffalo photograph (5150x3342)
BUF_TODA_0011,toda_0011.jpg,cleaned/buffalo/toda/toda_0011.jpg,buffalo,buffalo_toda,Toda,Tamil Nadu,ICAR-NBAGR / Institutional Research Archive,https://nbagr.res.in/node/114,https://nbagr.res.in/node/114,Government Open Access / Academic Research,https://nbagr.res.in,ICAR-NBAGR / State Veterinary Universities,2026-09-17 14:01:46 UTC,4000,3034,3497026,JPEG,781dfe8a52debc08e9c3aa4b8d89d7fb0cb77f8556cb78c5965a50c413535b1d,c4fda4ceedf1905b793d5a9b27a2ba07,verified,Verified authentic Toda buffalo photograph (4000x3034)
BUF_TODA_0013,toda_0013.jpg,cleaned/buffalo/toda/toda_0013.jpg,buffalo,buffalo_toda,Toda,Tamil Nadu,ICAR-NBAGR / Institutional Research Archive,https://nbagr.res.in/node/114,https://nbagr.res.in/node/114,Government Open Access / Academic Research,https://nbagr.res.in,ICAR-NBAGR / State Veterinary Universities,2026-09-17 14:01:46 UTC,181,250,15253,JPEG,bfb551942eca9f7ea5d2d14b4a01eaa313f953de9e7538f1f0aab553e08f5f79,b574cb08e34d8209228f9122cafe6554,verified,Verified authentic Toda buffalo photograph (181x250)
BUF_TODA_0014,toda_0014.jpg,cleaned/buffalo/toda/toda_0014.jpg,buffalo,buffalo_toda,Toda,Tamil Nadu,ICAR-NBAGR / Institutional Research Archive,https://nbagr.res.in/node/114,https://nbagr.res.in/node/114,Government Open Access / Academic Research,https://nbagr.res.in,ICAR-NBAGR / State Veterinary Universities,2026-09-17 14:01:46 UTC,3272,4000,3239163,JPEG,b9e66c773ba390192484f554e7b1ff5799bda556cb9e0b5863b75ee2c1ddf581,0f86819e2f2fe998d8527ce7475c5683,verified,Verified authentic Toda buffalo photograph (3272x4000)
BUF_TODA_0015,toda_0015.jpg,cleaned/buffalo/toda/toda_0015.jpg,buffalo,buffalo_toda,Toda,Tamil Nadu,ICAR-NBAGR / Institutional Research Archive,https://nbagr.res.in/node/114,https://nbagr.res.in/node/114,Government Open Access / Academic Research,https://nbagr.res.in,ICAR-NBAGR / State Veterinary Universities,2026-09-17 14:01:47 UTC,1200,800,246931,JPEG,67bca53aff454471ace05d75b5264b1655c7fdfe47362b5517b9626ce19f3aa1,2587adad670d73523ba71dfbfff802ce,verified,Verified authentic Toda buffalo photograph (1200x800)
BUF_TODA_0016,toda_0016.jpg,cleaned/buffalo/toda/toda_0016.jpg,buffalo,buffalo_toda,Toda,Tamil Nadu,ICAR-NBAGR / Institutional Research Archive,https://nbagr.res.in/node/114,https://nbagr.res.in/node/114,Government Open Access / Academic Research,https://nbagr.res.in,ICAR-NBAGR / State Veterinary Universities,2026-09-17 14:01:47 UTC,588,720,115883,JPEG,f3a2b04f5201e52c0e2f46d2415609ae53dbdbf813391eec35e30e544f715678,bf332db78295c7bc60763375f3eb6514,verified,Verified authentic Toda buffalo photograph (588x720)
BUF_TODA_0017,toda_0017.jpg,cleaned/buffalo/toda/toda_0017.jpg,buffalo,buffalo_toda,Toda,Tamil Nadu,ICAR-NBAGR / Institutional Research Archive,https://nbagr.res.in/node/114,https://nbagr.res.in/node/114,Government Open Access / Academic Research,https://nbagr.res.in,ICAR-NBAGR / State Veterinary Universities,2026-09-17 14:01:47 UTC,201,200,22079,PNG,4843618420cca7392e9f218d51b3371ce354aab557638aaa8625ca7f5a473f29,32934340c7164c757b780fe2357b881b,verified,Verified authentic Toda buffalo photograph (201x200)
BUF_TODA_0018,toda_0018.jpg,cleaned/buffalo/toda/toda_0018.jpg,buffalo,buffalo_toda,Toda,Tamil Nadu,ICAR-NBAGR / Institutional Research Archive,https://nbagr.res.in/node/114,https://nbagr.res.in/node/114,Government Open Access / Academic Research,https://nbagr.res.in,ICAR-NBAGR / State Veterinary Universities,2026-09-17 14:01:47 UTC,298,400,50223,JPEG,b64b822b545bd086f9347fc5515b55e1c19c460a2d923669ffaeec4476c8de2a,303797a5c282dec776b349074f38b09b,verified,Verified authentic Toda buffalo photograph (298x400)
