source_id,breed_id,breed_name,species,source_name,source_url,source_page_url,license,license_url,author,local_filename,local_path,download_status,error_message
SRC_CAT_AMRITMAHAL_0001,cow_amritmahal,Amritmahal,cattle,Wikimedia Commons,https://upload.wikimedia.org/wikipedia/commons/0/04/Ajjampura_cattle_breeding_staion.jpg?utm_source=commons.wikimedia.org&utm_campaign=imageinfo&utm_content=original,https://commons.wikimedia.org/wiki/File%3AAjjampura%20cattle%20breeding%20staion.jpg,CC BY-SA 4.0,https://creativecommons.org/licenses/by-sa/4.0,Shyamal L.,amritmahal_0001.jpg,raw\cattle\amritmahal\amritmahal_0001.jpg,EXISTING,
SRC_CAT_AMRITMAHAL_0002,cow_amritmahal,Amritmahal,cattle,Wikimedia Commons,https://upload.wikimedia.org/wikipedia/commons/4/46/AmritMahal.jpg?utm_source=commons.wikimedia.org&utm_campaign=imageinfo&utm_content=original,https://commons.wikimedia.org/wiki/File%3AAmritMahal.jpg,Public domain,,"Photographer unknown, Indian government",amritmahal_0002.jpg,raw\cattle\amritmahal\amritmahal_0002.jpg,EXISTING,
SRC_CAT_BARGUR_0001,cow_bargur,Bargur,cattle,Wikimedia Commons,https://upload.wikimedia.org/wikipedia/commons/e/e3/Bargur%2C_Krishnagiri_Hills.JPG?utm_source=commons.wikimedia.org&utm_campaign=imageinfo&utm_content=original,https://commons.wikimedia.org/wiki/File%3ABargur%2C%20Krishnagiri%20Hills.JPG,CC BY-SA 4.0,https://creativecommons.org/licenses/by-sa/4.0,Saravankm,bargur_0001.jpg,raw\cattle\bargur\bargur_0001.jpg,EXISTING,
SRC_CAT_BARGUR_0002,cow_bargur,Bargur,cattle,Wikimedia Commons,https://upload.wikimedia.org/wikipedia/commons/6/67/BargurEng.jpg?utm_source=commons.wikimedia.org&utm_campaign=imageinfo&utm_content=original,https://commons.wikimedia.org/wiki/File%3ABargurEng.jpg,CC BY-SA 3.0,https://creativecommons.org/licenses/by-sa/3.0,Immanueldc,bargur_0002.jpg,raw\cattle\bargur\bargur_0002.jpg,EXISTING,
SRC_CAT_BARGUR_0003,cow_bargur,Bargur,cattle,Wikimedia Commons,https://upload.wikimedia.org/wikipedia/commons/3/3f/Bargur_Road.jpg?utm_source=commons.wikimedia.org&utm_campaign=imageinfo&utm_content=original,https://commons.wikimedia.org/wiki/File%3ABargur%20Road.jpg,CC BY-SA 4.0,https://creativecommons.org/licenses/by-sa/4.0,Ssanthosh555,bargur_0003.jpg,raw\cattle\bargur\bargur_0003.jpg,EXISTING,
SRC_CAT_BARGUR_0004,cow_bargur,Bargur,cattle,Wikimedia Commons,https://upload.wikimedia.org/wikipedia/commons/d/d5/Railroad%2Cbargur.jpg?utm_source=commons.wikimedia.org&utm_campaign=imageinfo&utm_content=original,https://commons.wikimedia.org/wiki/File%3ARailroad%2Cbargur.jpg,CC BY-SA 4.0,https://creativecommons.org/licenses/by-sa/4.0,Nandhiniraji,bargur_0004.jpg,raw\cattle\bargur\bargur_0004.jpg,EXISTING,
SRC_CAT_BARGUR_0005,cow_bargur,Bargur,cattle,Wikimedia Commons,https://upload.wikimedia.org/wikipedia/commons/2/2f/Suda_bargur.jpg?utm_source=commons.wikimedia.org&utm_campaign=imageinfo&utm_content=original,https://commons.wikimedia.org/wiki/File%3ASuda%20bargur.jpg,CC BY-SA 4.0,https://creativecommons.org/licenses/by-sa/4.0,Kruthika H H,bargur_0005.jpg,raw\cattle\bargur\bargur_0005.jpg,EXISTING,
SRC_CAT_DANGI_0001,cow_dangi,Dangi,cattle,Wikimedia Commons,https://upload.wikimedia.org/wikipedia/commons/a/ad/Chandra_Bahadur_Dangi_in_Sydney.jpg?utm_source=commons.wikimedia.org&utm_campaign=imageinfo&utm_content=original,https://commons.wikimedia.org/wiki/File%3AChandra%20Bahadur%20Dangi%20in%20Sydney.jpg,CC BY-SA 3.0,https://creativecommons.org/licenses/by-sa/3.0,Ashishlohorung,dangi_0001.jpg,raw\cattle\dangi\dangi_0001.jpg,EXISTING,
SRC_CAT_DANGI_0002,cow_dangi,Dangi,cattle,Wikimedia Commons,https://upload.wikimedia.org/wikipedia/commons/c/cf/Dangi-canyon.jpg?utm_source=commons.wikimedia.org&utm_campaign=imageinfo&utm_content=original,https://commons.wikimedia.org/wiki/File%3ADangi-canyon.jpg,CC BY-SA 4.0,https://creativecommons.org/licenses/by-sa/4.0,Oldnewleftist,dangi_0002.jpg,raw\cattle\dangi\dangi_0002.jpg,EXISTING,
SRC_CAT_DANGI_0003,cow_dangi,Dangi,cattle,Wikimedia Commons,https://upload.wikimedia.org/wikipedia/commons/2/20/Dangi_01.JPG?utm_source=commons.wikimedia.org&utm_campaign=imageinfo&utm_content=original,https://commons.wikimedia.org/wiki/File%3ADangi%2001.JPG,CC BY-SA 3.0,https://creativecommons.org/licenses/by-sa/3.0,Pavanaja,dangi_0003.jpg,raw\cattle\dangi\dangi_0003.jpg,EXISTING,
SRC_CAT_DANGI_0004,cow_dangi,Dangi,cattle,Wikimedia Commons,https://upload.wikimedia.org/wikipedia/commons/5/59/Dangi_02.JPG?utm_source=commons.wikimedia.org&utm_campaign=imageinfo&utm_content=original,https://commons.wikimedia.org/wiki/File%3ADangi%2002.JPG,CC BY-SA 3.0,https://creativecommons.org/licenses/by-sa/3.0,Pavanaja,dangi_0004.jpg,raw\cattle\dangi\dangi_0004.jpg,EXISTING,
SRC_CAT_DANGI_0005,cow_dangi,Dangi,cattle,Wikimedia Commons,https://upload.wikimedia.org/wikipedia/commons/8/82/We-are-jatts-we-break-bones-not-hearts-.png?utm_source=commons.wikimedia.org&utm_campaign=imageinfo&utm_content=original,https://commons.wikimedia.org/wiki/File%3AWe-are-jatts-we-break-bones-not-hearts-.png,CC BY-SA 4.0,https://creativecommons.org/licenses/by-sa/4.0,"DANGI JAT""S CLAN",dangi_0005.jpg,raw\cattle\dangi\dangi_0005.jpg,EXISTING,
SRC_CAT_DEONI_0001,cow_deoni,Deoni,cattle,Wikimedia Commons,https://upload.wikimedia.org/wikipedia/commons/1/1d/Deoni_01.JPG?utm_source=commons.wikimedia.org&utm_campaign=imageinfo&utm_content=original,https://commons.wikimedia.org/wiki/File%3ADeoni%2001.JPG,CC BY-SA 3.0,https://creativecommons.org/licenses/by-sa/3.0,Pavanaja,deoni_0001.jpg,raw\cattle\deoni\deoni_0001.jpg,EXISTING,
SRC_CAT_DEONI_0002,cow_deoni,Deoni,cattle,Wikimedia Commons,https://upload.wikimedia.org/wikipedia/commons/3/32/Deoni_02.JPG?utm_source=commons.wikimedia.org&utm_campaign=imageinfo&utm_content=original,https://commons.wikimedia.org/wiki/File%3ADeoni%2002.JPG,CC BY-SA 3.0,https://creativecommons.org/licenses/by-sa/3.0,Pavanaja,deoni_0002.jpg,raw\cattle\deoni\deoni_0002.jpg,EXISTING,
SRC_CAT_DEONI_0003,cow_deoni,Deoni,cattle,Wikimedia Commons,https://upload.wikimedia.org/wikipedia/commons/5/55/Natalis_Comitis_Mythologiae_sive_Explicationis_fabvlarvm_libri_decem%2C_in_qvibvs_omnia_prope_natvralis_et_moralis_philosophi%C3%A6_dogmata_in_veterum_fabulis_contenta_fuisse_perspicu%C3%A8_demonstratur_%281616%29_%2814565308969%29.jpg?utm_source=commons.wikimedia.org&utm_campaign=imageinfo&utm_content=original,https://commons.wikimedia.org/wiki/File%3ANatalis%20Comitis%20Mythologiae%20sive%20Explicationis%20fabvlarvm%20libri%20decem%2C%20in%20qvibvs%20omnia%20prope%20natvralis%20et%20moralis%20philosophi%C3%A6%20dogmata%20in%20veterum%20fabulis%20contenta%20fuisse%20perspicu%C3%A8%20demonstratur%20%281616%29%20%2814565308969%29.jpg,No restrictions,https://www.flickr.com/commons/usage/,Internet Archive Book Images,deoni_0003.jpg,raw\cattle\deoni\deoni_0003.jpg,EXISTING,
SRC_CAT_GAOLAO_0001,cow_gaolao,Gaolao,cattle,Wikimedia Commons,https://upload.wikimedia.org/wikipedia/commons/8/89/Gaolao_01.JPG?utm_source=commons.wikimedia.org&utm_campaign=imageinfo&utm_content=original,https://commons.wikimedia.org/wiki/File%3AGaolao%2001.JPG,CC BY-SA 3.0,https://creativecommons.org/licenses/by-sa/3.0,Pavanaja,gaolao_0001.jpg,raw\cattle\gaolao\gaolao_0001.jpg,EXISTING,
SRC_CAT_GAOLAO_0002,cow_gaolao,Gaolao,cattle,Wikimedia Commons,https://upload.wikimedia.org/wikipedia/commons/5/56/Gaolao_02.JPG?utm_source=commons.wikimedia.org&utm_campaign=imageinfo&utm_content=original,https://commons.wikimedia.org/wiki/File%3AGaolao%2002.JPG,CC BY-SA 3.0,https://creativecommons.org/licenses/by-sa/3.0,Pavanaja,gaolao_0002.jpg,raw\cattle\gaolao\gaolao_0002.jpg,EXISTING,
SRC_CAT_GIR_0001,cow_gir,Gir,cattle,Wikimedia Commons,https://upload.wikimedia.org/wikipedia/commons/8/8c/27_04_2022_Foto_do_dia_%2852034440609%29.jpg?utm_source=commons.wikimedia.org&utm_campaign=imageinfo&utm_content=original,https://commons.wikimedia.org/wiki/File%3A27%2004%202022%20Foto%20do%20dia%20%2852034440609%29.jpg,CC BY 2.0,https://creativecommons.org/licenses/by/2.0,"Palácio do Planalto from Brasilia, Brasil",gir_0001.jpg,raw\cattle\gir\gir_0001.jpg,EXISTING,
SRC_CAT_GIR_0002,cow_gir,Gir,cattle,Wikimedia Commons,https://upload.wikimedia.org/wikipedia/commons/a/aa/A_lion_at_Gir_National_Park_%282020%29.jpg?utm_source=commons.wikimedia.org&utm_campaign=imageinfo&utm_content=original,https://commons.wikimedia.org/wiki/File%3AA%20lion%20at%20Gir%20National%20Park%20%282020%29.jpg,CC BY-SA 4.0,https://creativecommons.org/licenses/by-sa/4.0,Sameer2220,gir_0002.jpg,raw\cattle\gir\gir_0002.jpg,EXISTING,
SRC_CAT_GIR_0003,cow_gir,Gir,cattle,Wikimedia Commons,https://upload.wikimedia.org/wikipedia/commons/a/aa/BIG_FIV_CAL.jpg?utm_source=commons.wikimedia.org&utm_campaign=imageinfo&utm_content=original,https://commons.wikimedia.org/wiki/File%3ABIG%20FIV%20CAL.jpg,CC BY-SA 3.0,https://creativecommons.org/licenses/by-sa/3.0,Maysa apoiogenetica,gir_0003.jpg,raw\cattle\gir\gir_0003.jpg,EXISTING,
SRC_CAT_GIR_0004,cow_gir,Gir,cattle,Wikimedia Commons,https://upload.wikimedia.org/wikipedia/commons/0/0c/Brazilian_Gyr_Cattle.jpg?utm_source=commons.wikimedia.org&utm_campaign=imageinfo&utm_content=original,https://commons.wikimedia.org/wiki/File%3ABrazilian%20Gyr%20Cattle.jpg,Public domain,,"Scott Bauer, USDA ARS",gir_0004.jpg,raw\cattle\gir\gir_0004.jpg,EXISTING,
SRC_CAT_GIR_0005,cow_gir,Gir,cattle,Wikimedia Commons,https://upload.wikimedia.org/wikipedia/commons/d/d8/Cattle_in_a_village_near_Gir_National_Park%2C_Gujarat%2C_India_%282012%29.jpg?utm_source=commons.wikimedia.org&utm_campaign=imageinfo&utm_content=original,https://commons.wikimedia.org/wiki/File%3ACattle%20in%20a%20village%20near%20Gir%20National%20Park%2C%20Gujarat%2C%20India%20%282012%29.jpg,CC BY-SA 4.0,https://creativecommons.org/licenses/by-sa/4.0,BIJIT SARKAR,gir_0005.jpg,raw\cattle\gir\gir_0005.jpg,EXISTING,
SRC_CAT_GIR_0006,cow_gir,Gir,cattle,Wikimedia Commons,https://upload.wikimedia.org/wikipedia/commons/8/84/Cow%2C_breed_Gir_in_Balacan%2C_Mexico.jpg?utm_source=commons.wikimedia.org&utm_campaign=imageinfo&utm_content=original,https://commons.wikimedia.org/wiki/File%3ACow%2C%20breed%20Gir%20in%20Balacan%2C%20Mexico.jpg,CC BY-SA 4.0,https://creativecommons.org/licenses/by-sa/4.0,Cvmontuy,gir_0006.jpg,raw\cattle\gir\gir_0006.jpg,EXISTING,
SRC_CAT_GIR_0007,cow_gir,Gir,cattle,Wikimedia Commons,https://upload.wikimedia.org/wikipedia/commons/7/7c/Gir_01.JPG?utm_source=commons.wikimedia.org&utm_campaign=imageinfo&utm_content=original,https://commons.wikimedia.org/wiki/File%3AGir%2001.JPG,CC BY-SA 3.0,https://creativecommons.org/licenses/by-sa/3.0,Pavanaja,gir_0007.jpg,raw\cattle\gir\gir_0007.jpg,EXISTING,
SRC_CAT_GIR_0008,cow_gir,Gir,cattle,Wikimedia Commons,https://upload.wikimedia.org/wikipedia/commons/6/64/Gir_02.JPG?utm_source=commons.wikimedia.org&utm_campaign=imageinfo&utm_content=original,https://commons.wikimedia.org/wiki/File%3AGir%2002.JPG,CC BY-SA 3.0,https://creativecommons.org/licenses/by-sa/3.0,Pavanaja,gir_0008.jpg,raw\cattle\gir\gir_0008.jpg,EXISTING,
SRC_CAT_GIR_0009,cow_gir,Gir,cattle,Wikimedia Commons,https://upload.wikimedia.org/wikipedia/commons/e/ea/Gir_Bull_1.jpg?utm_source=commons.wikimedia.org&utm_campaign=imageinfo&utm_content=original,https://commons.wikimedia.org/wiki/File%3AGir%20Bull%201.jpg,CC BY-SA 4.0,https://creativecommons.org/licenses/by-sa/4.0,Chovatiyahiren,gir_0009.jpg,raw\cattle\gir\gir_0009.jpg,EXISTING,
SRC_CAT_GIR_0010,cow_gir,Gir,cattle,Wikimedia Commons,https://upload.wikimedia.org/wikipedia/commons/4/44/Gir_Bull_3.jpg?utm_source=commons.wikimedia.org&utm_campaign=imageinfo&utm_content=original,https://commons.wikimedia.org/wiki/File%3AGir%20Bull%203.jpg,CC BY-SA 4.0,https://creativecommons.org/licenses/by-sa/4.0,Chovatiyahiren,gir_0010.jpg,raw\cattle\gir\gir_0010.jpg,EXISTING,
SRC_CAT_GIR_0011,cow_gir,Gir,cattle,Wikimedia Commons,https://upload.wikimedia.org/wikipedia/commons/5/50/Gir_Bull_at_Devakinandan_Gaushala_Hyderabad..jpg?utm_source=commons.wikimedia.org&utm_campaign=imageinfo&utm_content=original,https://commons.wikimedia.org/wiki/File%3AGir%20Bull%20at%20Devakinandan%20Gaushala%20Hyderabad..jpg,CC BY-SA 4.0,https://creativecommons.org/licenses/by-sa/4.0,Anvesh67,gir_0011.jpg,raw\cattle\gir\gir_0011.jpg,EXISTING,
SRC_CAT_GIR_0012,cow_gir,Gir,cattle,Wikimedia Commons,https://upload.wikimedia.org/wikipedia/commons/e/e6/Gir_bull_2.jpg?utm_source=commons.wikimedia.org&utm_campaign=imageinfo&utm_content=original,https://commons.wikimedia.org/wiki/File%3AGir%20bull%202.jpg,CC BY-SA 4.0,https://creativecommons.org/licenses/by-sa/4.0,Chovatiyahiren,gir_0012.jpg,raw\cattle\gir\gir_0012.jpg,EXISTING,
SRC_CAT_GIR_0013,cow_gir,Gir,cattle,Wikimedia Commons,https://upload.wikimedia.org/wikipedia/commons/3/3b/Gir_cattle.jpg?utm_source=commons.wikimedia.org&utm_campaign=imageinfo&utm_content=original,https://commons.wikimedia.org/wiki/File%3AGir%20cattle.jpg,CC0,http://creativecommons.org/publicdomain/zero/1.0/deed.en,Rivadavia.vila,gir_0013.jpg,raw\cattle\gir\gir_0013.jpg,EXISTING,
SRC_CAT_GIR_0014,cow_gir,Gir,cattle,Wikimedia Commons,https://upload.wikimedia.org/wikipedia/commons/8/84/Gir_cow.jpg?utm_source=commons.wikimedia.org&utm_campaign=imageinfo&utm_content=original,https://commons.wikimedia.org/wiki/File%3AGir%20cow.jpg,CC BY-SA 4.0,https://creativecommons.org/licenses/by-sa/4.0,Jayan.thanal,gir_0014.jpg,raw\cattle\gir\gir_0014.jpg,EXISTING,
SRC_CAT_GIR_0015,cow_gir,Gir,cattle,Wikimedia Commons,https://upload.wikimedia.org/wikipedia/commons/9/92/Raghav_Gir_bull_at_Hyderabad.jpg?utm_source=commons.wikimedia.org&utm_campaign=imageinfo&utm_content=original,https://commons.wikimedia.org/wiki/File%3ARaghav%20Gir%20bull%20at%20Hyderabad.jpg,CC BY-SA 4.0,https://creativecommons.org/licenses/by-sa/4.0,Anvesh67,gir_0015.jpg,raw\cattle\gir\gir_0015.jpg,EXISTING,
SRC_CAT_GIR_0016,cow_gir,Gir,cattle,Wikimedia Commons,https://upload.wikimedia.org/wikipedia/commons/8/8c/Sunrise_over_Gir_National_Park1.jpg?utm_source=commons.wikimedia.org&utm_campaign=imageinfo&utm_content=original,https://commons.wikimedia.org/wiki/File%3ASunrise%20over%20Gir%20National%20Park1.jpg,CC BY 2.0,https://creativecommons.org/licenses/by/2.0,Ninara,gir_0016.jpg,raw\cattle\gir\gir_0016.jpg,EXISTING,
SRC_CAT_GIR_0017,cow_gir,Gir,cattle,Wikimedia Commons,https://upload.wikimedia.org/wikipedia/commons/3/34/Cinco_Oitavos.jpg?utm_source=commons.wikimedia.org&utm_campaign=imageinfo&utm_content=original,https://commons.wikimedia.org/wiki/File%3ACinco%20Oitavos.jpg,Public domain,,teliocampos,gir_0017.jpg,raw\cattle\gir\gir_0017.jpg,EXISTING,
SRC_CAT_GIR_0018,cow_gir,Gir,cattle,Wikimedia Commons,https://upload.wikimedia.org/wikipedia/commons/6/69/De_gir_ikke_opp_%2816766350284%29.jpg?utm_source=commons.wikimedia.org&utm_campaign=imageinfo&utm_content=original,https://commons.wikimedia.org/wiki/File%3ADe%20gir%20ikke%20opp%20%2816766350284%29.jpg,No restrictions,https://www.flickr.com/commons/usage/,"Riksarkivet (National Archives of Norway) from Oslo, Norway",gir_0018.jpg,raw\cattle\gir\gir_0018.jpg,EXISTING,
SRC_CAT_GIR_0019,cow_gir,Gir,cattle,Wikimedia Commons,https://upload.wikimedia.org/wikipedia/commons/1/1d/Gircow_Milk1.jpg?utm_source=commons.wikimedia.org&utm_campaign=imageinfo&utm_content=original,https://commons.wikimedia.org/wiki/File%3AGircow%20Milk1.jpg,CC BY-SA 4.0,https://creativecommons.org/licenses/by-sa/4.0,Ganesh akunoori,gir_0019.jpg,raw\cattle\gir\gir_0019.jpg,EXISTING,
SRC_CAT_GIR_0020,cow_gir,Gir,cattle,Wikimedia Commons,https://upload.wikimedia.org/wikipedia/commons/e/e1/Meio-sangue.jpg?utm_source=commons.wikimedia.org&utm_campaign=imageinfo&utm_content=original,https://commons.wikimedia.org/wiki/File%3AMeio-sangue.jpg,Public domain,,teliocampos,gir_0020.jpg,raw\cattle\gir\gir_0020.jpg,EXISTING,
SRC_CAT_GIR_0021,cow_gir,Gir,cattle,Wikimedia Commons,https://upload.wikimedia.org/wikipedia/commons/d/d7/Blue_Bull_~_Gir.jpg?utm_source=commons.wikimedia.org&utm_campaign=imageinfo&utm_content=original,https://commons.wikimedia.org/wiki/File%3ABlue%20Bull%20~%20Gir.jpg,CC BY-SA 4.0,https://creativecommons.org/licenses/by-sa/4.0,Manisitlani,gir_0021.jpg,raw\cattle\gir\gir_0021.jpg,EXISTING,
SRC_CAT_GIR_0022,cow_gir,Gir,cattle,Wikimedia Commons,https://upload.wikimedia.org/wikipedia/commons/2/2e/GIR_BULL_BHUVAN_BHUVANESHWARI_PITH.jpg?utm_source=commons.wikimedia.org&utm_campaign=imageinfo&utm_content=original,https://commons.wikimedia.org/wiki/File%3AGIR%20BULL%20BHUVAN%20BHUVANESHWARI%20PITH.jpg,CC BY-SA 4.0,https://creativecommons.org/licenses/by-sa/4.0,INDIGENOUS FARM,gir_0022.jpg,raw\cattle\gir\gir_0022.jpg,EXISTING,
SRC_CAT_GIR_0023,cow_gir,Gir,cattle,Wikimedia Commons,https://upload.wikimedia.org/wikipedia/commons/1/1d/Neel_gaye_%28gir_forest%29.jpg?utm_source=commons.wikimedia.org&utm_campaign=imageinfo&utm_content=original,https://commons.wikimedia.org/wiki/File%3ANeel%20gaye%20%28gir%20forest%29.jpg,CC BY-SA 4.0,https://creativecommons.org/licenses/by-sa/4.0,Dhwani Shree,gir_0023.jpg,raw\cattle\gir\gir_0023.jpg,EXISTING,
SRC_CAT_GIR_0024,cow_gir,Gir,cattle,Wikimedia Commons,https://upload.wikimedia.org/wikipedia/commons/4/46/Nilgai_at_Gir_Forest.jpg?utm_source=commons.wikimedia.org&utm_campaign=imageinfo&utm_content=original,https://commons.wikimedia.org/wiki/File%3ANilgai%20at%20Gir%20Forest.jpg,CC BY-SA 4.0,https://creativecommons.org/licenses/by-sa/4.0,Archana96,gir_0024.jpg,raw\cattle\gir\gir_0024.jpg,EXISTING,
SRC_CAT_GIR_0025,cow_gir,Gir,cattle,Wikimedia Commons,https://upload.wikimedia.org/wikipedia/commons/7/75/A_Gyr_cattle.jpg?utm_source=commons.wikimedia.org&utm_campaign=imageinfo&utm_content=original,https://commons.wikimedia.org/wiki/File%3AA%20Gyr%20cattle.jpg,CC BY-SA 4.0,https://creativecommons.org/licenses/by-sa/4.0,Oleg Yunakov,gir_0025.jpg,raw\cattle\gir\gir_0025.jpg,EXISTING,
SRC_CAT_GIR_0026,cow_gir,Gir,cattle,Wikimedia Commons,https://upload.wikimedia.org/wikipedia/commons/1/13/Gyr_cattle.jpg?utm_source=commons.wikimedia.org&utm_campaign=imageinfo&utm_content=original,https://commons.wikimedia.org/wiki/File%3AGyr%20cattle.jpg,CC BY-SA 4.0,https://creativecommons.org/licenses/by-sa/4.0,Dhivya dhivi DJ,gir_0026.jpg,raw\cattle\gir\gir_0026.jpg,EXISTING,
SRC_CAT_GIR_0027,cow_gir,Gir,cattle,Wikimedia Commons,https://upload.wikimedia.org/wikipedia/commons/d/d9/Gyr_cattle_-_01.jpg?utm_source=commons.wikimedia.org&utm_campaign=imageinfo&utm_content=original,https://commons.wikimedia.org/wiki/File%3AGyr%20cattle%20-%2001.jpg,CC BY-SA 4.0,https://creativecommons.org/licenses/by-sa/4.0,Oleg Yunakov,gir_0027.jpg,raw\cattle\gir\gir_0027.jpg,EXISTING,
SRC_CAT_GIR_0028,cow_gir,Gir,cattle,Wikimedia Commons,https://upload.wikimedia.org/wikipedia/commons/9/90/Gyr_cattle_-_02.jpg?utm_source=commons.wikimedia.org&utm_campaign=imageinfo&utm_content=original,https://commons.wikimedia.org/wiki/File%3AGyr%20cattle%20-%2002.jpg,CC BY-SA 4.0,https://creativecommons.org/licenses/by-sa/4.0,Oleg Yunakov,gir_0028.jpg,raw\cattle\gir\gir_0028.jpg,EXISTING,
SRC_CAT_GIR_0029,cow_gir,Gir,cattle,Wikimedia Commons,https://upload.wikimedia.org/wikipedia/commons/a/a5/Gyr_cattle_-_03.jpg?utm_source=commons.wikimedia.org&utm_campaign=imageinfo&utm_content=original,https://commons.wikimedia.org/wiki/File%3AGyr%20cattle%20-%2003.jpg,CC BY-SA 4.0,https://creativecommons.org/licenses/by-sa/4.0,Oleg Yunakov,gir_0029.jpg,raw\cattle\gir\gir_0029.jpg,EXISTING,
SRC_CAT_GIR_0030,cow_gir,Gir,cattle,Wikimedia Commons,https://upload.wikimedia.org/wikipedia/commons/4/4b/Gyr_cattle_-_04.jpg?utm_source=commons.wikimedia.org&utm_campaign=imageinfo&utm_content=original,https://commons.wikimedia.org/wiki/File%3AGyr%20cattle%20-%2004.jpg,CC BY-SA 4.0,https://creativecommons.org/licenses/by-sa/4.0,Oleg Yunakov,gir_0030.jpg,raw\cattle\gir\gir_0030.jpg,EXISTING,
SRC_CAT_GIR_0031,cow_gir,Gir,cattle,Wikimedia Commons,https://upload.wikimedia.org/wikipedia/commons/d/de/Gyr_cattle_-_05.jpg?utm_source=commons.wikimedia.org&utm_campaign=imageinfo&utm_content=original,https://commons.wikimedia.org/wiki/File%3AGyr%20cattle%20-%2005.jpg,CC BY-SA 4.0,https://creativecommons.org/licenses/by-sa/4.0,Oleg Yunakov,gir_0031.jpg,raw\cattle\gir\gir_0031.jpg,EXISTING,
SRC_CAT_HALLIKAR_0001,cow_hallikar,Hallikar,cattle,Wikimedia Commons,https://upload.wikimedia.org/wikipedia/commons/9/92/Bullock_%2822484348865%29.jpg?utm_source=commons.wikimedia.org&utm_campaign=imageinfo&utm_content=original,https://commons.wikimedia.org/wiki/File%3ABullock%20%2822484348865%29.jpg,CC BY 2.0,https://creativecommons.org/licenses/by/2.0,"Mike Prince from Bangalore, India",hallikar_0001.jpg,raw\cattle\hallikar\hallikar_0001.jpg,EXISTING,
SRC_CAT_HALLIKAR_0002,cow_hallikar,Hallikar,cattle,Wikimedia Commons,https://upload.wikimedia.org/wikipedia/commons/4/42/Gangu3333.jpg?utm_source=commons.wikimedia.org&utm_campaign=imageinfo&utm_content=original,https://commons.wikimedia.org/wiki/File%3AGangu3333.jpg,CC BY-SA 4.0,https://creativecommons.org/licenses/by-sa/4.0,Gangadharahallikar,hallikar_0002.jpg,raw\cattle\hallikar\hallikar_0002.jpg,EXISTING,
SRC_CAT_HALLIKAR_0003,cow_hallikar,Hallikar,cattle,Wikimedia Commons,https://upload.wikimedia.org/wikipedia/commons/9/9d/Hallikar.jpg?utm_source=commons.wikimedia.org&utm_campaign=imageinfo&utm_content=original,https://commons.wikimedia.org/wiki/File%3AHallikar.jpg,Public domain,,"Photographer unknown, Indian government",hallikar_0003.jpg,raw\cattle\hallikar\hallikar_0003.jpg,EXISTING,
SRC_CAT_HALLIKAR_0004,cow_hallikar,Hallikar,cattle,Wikimedia Commons,https://upload.wikimedia.org/wikipedia/commons/3/33/Hallikar_cow_in_tumminakatti_581119.jpg?utm_source=commons.wikimedia.org&utm_campaign=imageinfo&utm_content=original,https://commons.wikimedia.org/wiki/File%3AHallikar%20cow%20in%20tumminakatti%20581119.jpg,CC0,http://creativecommons.org/publicdomain/zero/1.0/deed.en,Rajmutturajvp,hallikar_0004.jpg,raw\cattle\hallikar\hallikar_0004.jpg,EXISTING,
SRC_CAT_HALLIKAR_0005,cow_hallikar,Hallikar,cattle,Wikimedia Commons,https://upload.wikimedia.org/wikipedia/commons/5/5f/Hallikaru_01.JPG?utm_source=commons.wikimedia.org&utm_campaign=imageinfo&utm_content=original,https://commons.wikimedia.org/wiki/File%3AHallikaru%2001.JPG,CC BY-SA 3.0,https://creativecommons.org/licenses/by-sa/3.0,Pavanaja,hallikar_0005.jpg,raw\cattle\hallikar\hallikar_0005.jpg,EXISTING,
SRC_CAT_HALLIKAR_0006,cow_hallikar,Hallikar,cattle,Wikimedia Commons,https://upload.wikimedia.org/wikipedia/commons/9/9b/Hallikaru_02.JPG?utm_source=commons.wikimedia.org&utm_campaign=imageinfo&utm_content=original,https://commons.wikimedia.org/wiki/File%3AHallikaru%2002.JPG,CC BY-SA 3.0,https://creativecommons.org/licenses/by-sa/3.0,Pavanaja,hallikar_0006.jpg,raw\cattle\hallikar\hallikar_0006.jpg,EXISTING,
SRC_CAT_HARIANA_0001,cow_hariana,Hariana,cattle,Wikimedia Commons,https://upload.wikimedia.org/wikipedia/commons/a/a1/Hariana_01.JPG?utm_source=commons.wikimedia.org&utm_campaign=imageinfo&utm_content=original,https://commons.wikimedia.org/wiki/File%3AHariana%2001.JPG,CC BY-SA 3.0,https://creativecommons.org/licenses/by-sa/3.0,Pavanaja,hariana_0001.jpg,raw\cattle\hariana\hariana_0001.jpg,EXISTING,
SRC_CAT_HARIANA_0002,cow_hariana,Hariana,cattle,Wikimedia Commons,https://upload.wikimedia.org/wikipedia/commons/7/70/Hariana_02.JPG?utm_source=commons.wikimedia.org&utm_campaign=imageinfo&utm_content=original,https://commons.wikimedia.org/wiki/File%3AHariana%2002.JPG,CC BY-SA 3.0,https://creativecommons.org/licenses/by-sa/3.0,Pavanaja,hariana_0002.jpg,raw\cattle\hariana\hariana_0002.jpg,EXISTING,
SRC_CAT_HARIANA_0003,cow_hariana,Hariana,cattle,Wikimedia Commons,https://upload.wikimedia.org/wikipedia/commons/b/b9/Hariana_cattle.jpg?utm_source=commons.wikimedia.org&utm_campaign=imageinfo&utm_content=original,https://commons.wikimedia.org/wiki/File%3AHariana%20cattle.jpg,CC0,http://creativecommons.org/publicdomain/zero/1.0/deed.en,Philipola,hariana_0003.jpg,raw\cattle\hariana\hariana_0003.jpg,EXISTING,
SRC_CAT_KANGAYAM_0001,cow_kangayam,Kangayam,cattle,Wikimedia Commons,https://upload.wikimedia.org/wikipedia/commons/c/c8/Jallikattu_Kangeyam_bull.jpg?utm_source=commons.wikimedia.org&utm_campaign=imageinfo&utm_content=original,https://commons.wikimedia.org/wiki/File%3AJallikattu%20Kangeyam%20bull.jpg,CC BY 4.0,https://creativecommons.org/licenses/by/4.0,Sandhiya Rangasami,kangayam_0001.jpg,raw\cattle\kangayam\kangayam_0001.jpg,EXISTING,
SRC_CAT_KANGAYAM_0002,cow_kangayam,Kangayam,cattle,Wikimedia Commons,https://upload.wikimedia.org/wikipedia/commons/a/a7/KANKEYAM_BREED.jpg?utm_source=commons.wikimedia.org&utm_campaign=imageinfo&utm_content=original,https://commons.wikimedia.org/wiki/File%3AKANKEYAM%20BREED.jpg,CC BY-SA 4.0,https://creativecommons.org/licenses/by-sa/4.0,Rprasanth1,kangayam_0002.jpg,raw\cattle\kangayam\kangayam_0002.jpg,EXISTING,
SRC_CAT_KANGAYAM_0003,cow_kangayam,Kangayam,cattle,Wikimedia Commons,https://upload.wikimedia.org/wikipedia/commons/f/f5/KangayamBull.jpg?utm_source=commons.wikimedia.org&utm_campaign=imageinfo&utm_content=original,https://commons.wikimedia.org/wiki/File%3AKangayamBull.jpg,CC BY-SA 4.0,https://creativecommons.org/licenses/by-sa/4.0,Gany btech,kangayam_0003.jpg,raw\cattle\kangayam\kangayam_0003.jpg,EXISTING,
SRC_CAT_KANGAYAM_0004,cow_kangayam,Kangayam,cattle,Wikimedia Commons,https://upload.wikimedia.org/wikipedia/commons/2/2d/Kangayam_01.JPG?utm_source=commons.wikimedia.org&utm_campaign=imageinfo&utm_content=original,https://commons.wikimedia.org/wiki/File%3AKangayam%2001.JPG,CC BY-SA 3.0,https://creativecommons.org/licenses/by-sa/3.0,Pavanaja,kangayam_0004.jpg,raw\cattle\kangayam\kangayam_0004.jpg,EXISTING,
SRC_CAT_KANGAYAM_0005,cow_kangayam,Kangayam,cattle,Wikimedia Commons,https://upload.wikimedia.org/wikipedia/commons/1/15/Kangayam_02.JPG?utm_source=commons.wikimedia.org&utm_campaign=imageinfo&utm_content=original,https://commons.wikimedia.org/wiki/File%3AKangayam%2002.JPG,CC BY-SA 3.0,https://creativecommons.org/licenses/by-sa/3.0,Pavanaja,kangayam_0005.jpg,raw\cattle\kangayam\kangayam_0005.jpg,EXISTING,
SRC_CAT_KANGAYAM_0006,cow_kangayam,Kangayam,cattle,Wikimedia Commons,https://upload.wikimedia.org/wikipedia/commons/5/57/Kangayam_02_%28cropped%29.JPG?utm_source=commons.wikimedia.org&utm_campaign=imageinfo&utm_content=original,https://commons.wikimedia.org/wiki/File%3AKangayam%2002%20%28cropped%29.JPG,CC BY-SA 3.0,https://creativecommons.org/licenses/by-sa/3.0,Pavanaja,kangayam_0006.jpg,raw\cattle\kangayam\kangayam_0006.jpg,EXISTING,
SRC_CAT_KANGAYAM_0007,cow_kangayam,Kangayam,cattle,Wikimedia Commons,https://upload.wikimedia.org/wikipedia/commons/9/98/Kangayam_Bull_from_my_uncle_farms_vellakovil.png?utm_source=commons.wikimedia.org&utm_campaign=imageinfo&utm_content=original,https://commons.wikimedia.org/wiki/File%3AKangayam%20Bull%20from%20my%20uncle%20farms%20vellakovil.png,Public domain,,Unknown,kangayam_0007.jpg,raw\cattle\kangayam\kangayam_0007.jpg,EXISTING,
SRC_CAT_KANGAYAM_0008,cow_kangayam,Kangayam,cattle,Wikimedia Commons,https://upload.wikimedia.org/wikipedia/commons/c/ce/Kangayam_bull%2C_Kolathupalayam_Getticheviyur_%281%29.jpg?utm_source=commons.wikimedia.org&utm_campaign=imageinfo&utm_content=original,https://commons.wikimedia.org/wiki/File%3AKangayam%20bull%2C%20Kolathupalayam%20Getticheviyur%20%281%29.jpg,CC BY-SA 4.0,https://creativecommons.org/licenses/by-sa/4.0,Ksp balu,kangayam_0008.jpg,raw\cattle\kangayam\kangayam_0008.jpg,EXISTING,
SRC_CAT_KANGAYAM_0009,cow_kangayam,Kangayam,cattle,Wikimedia Commons,https://upload.wikimedia.org/wikipedia/commons/b/bc/Kangayam_bull%2C_Kolathupalayam_Getticheviyur_%282%29.jpg?utm_source=commons.wikimedia.org&utm_campaign=imageinfo&utm_content=original,https://commons.wikimedia.org/wiki/File%3AKangayam%20bull%2C%20Kolathupalayam%20Getticheviyur%20%282%29.jpg,CC BY-SA 4.0,https://creativecommons.org/licenses/by-sa/4.0,Ksp balu,kangayam_0009.jpg,raw\cattle\kangayam\kangayam_0009.jpg,EXISTING,
SRC_CAT_KANGAYAM_0010,cow_kangayam,Kangayam,cattle,Wikimedia Commons,https://upload.wikimedia.org/wikipedia/commons/d/d9/Kangayam_bulls%2C_Kolathupalayam_Getticheviyur.jpg?utm_source=commons.wikimedia.org&utm_campaign=imageinfo&utm_content=original,https://commons.wikimedia.org/wiki/File%3AKangayam%20bulls%2C%20Kolathupalayam%20Getticheviyur.jpg,CC BY-SA 4.0,https://creativecommons.org/licenses/by-sa/4.0,Ksp balu,kangayam_0010.jpg,raw\cattle\kangayam\kangayam_0010.jpg,EXISTING,
SRC_CAT_KANGAYAM_0011,cow_kangayam,Kangayam,cattle,Wikimedia Commons,https://upload.wikimedia.org/wikipedia/commons/a/ab/Kangeyam-bull-in-coimbatore-airport.png?utm_source=commons.wikimedia.org&utm_campaign=imageinfo&utm_content=original,https://commons.wikimedia.org/wiki/File%3AKangeyam-bull-in-coimbatore-airport.png,CC BY-SA 4.0,https://creativecommons.org/licenses/by-sa/4.0,Udhayanidhi7530,kangayam_0011.jpg,raw\cattle\kangayam\kangayam_0011.jpg,EXISTING,
SRC_CAT_KANGAYAM_0012,cow_kangayam,Kangayam,cattle,Wikimedia Commons,https://upload.wikimedia.org/wikipedia/commons/4/4f/Kangeyam_Bull.jpg?utm_source=commons.wikimedia.org&utm_campaign=imageinfo&utm_content=original,https://commons.wikimedia.org/wiki/File%3AKangeyam%20Bull.jpg,CC BY-SA 4.0,https://creativecommons.org/licenses/by-sa/4.0,Chaotic dood,kangayam_0012.jpg,raw\cattle\kangayam\kangayam_0012.jpg,EXISTING,
SRC_CAT_KANGAYAM_0013,cow_kangayam,Kangayam,cattle,Wikimedia Commons,https://upload.wikimedia.org/wikipedia/commons/c/c7/Kangeyam_Cow_%E0%AE%95%E0%AE%BE%E0%AE%99%E0%AF%8D%E0%AE%95%E0%AF%87%E0%AE%AF%E0%AE%AE%E0%AF%8D_%E0%AE%A8%E0%AE%BE%E0%AE%9F%E0%AF%8D%E0%AE%9F%E0%AF%81_%E0%AE%AE%E0%AE%BE%E0%AE%9F%E0%AF%81.jpg?utm_source=commons.wikimedia.org&utm_campaign=imageinfo&utm_content=original,https://commons.wikimedia.org/wiki/File%3AKangeyam%20Cow%20%E0%AE%95%E0%AE%BE%E0%AE%99%E0%AF%8D%E0%AE%95%E0%AF%87%E0%AE%AF%E0%AE%AE%E0%AF%8D%20%E0%AE%A8%E0%AE%BE%E0%AE%9F%E0%AF%8D%E0%AE%9F%E0%AF%81%20%E0%AE%AE%E0%AE%BE%E0%AE%9F%E0%AF%81.jpg,CC BY-SA 4.0,https://creativecommons.org/licenses/by-sa/4.0,Deva Sangeeth,kangayam_0013.jpg,raw\cattle\kangayam\kangayam_0013.jpg,EXISTING,
SRC_CAT_KANGAYAM_0014,cow_kangayam,Kangayam,cattle,Wikimedia Commons,https://upload.wikimedia.org/wikipedia/commons/d/d2/Kangeyam_Cow_%E0%AE%95%E0%AE%BE%E0%AE%99%E0%AF%8D%E0%AE%95%E0%AF%87%E0%AE%AF%E0%AE%AE%E0%AF%8D_%E0%AE%A8%E0%AE%BE%E0%AE%9F%E0%AF%8D%E0%AE%9F%E0%AF%81_%E0%AE%AE%E0%AE%BE%E0%AE%9F%E0%AF%81_%28cropped%29.jpg?utm_source=commons.wikimedia.org&utm_campaign=imageinfo&utm_content=original,https://commons.wikimedia.org/wiki/File%3AKangeyam%20Cow%20%E0%AE%95%E0%AE%BE%E0%AE%99%E0%AF%8D%E0%AE%95%E0%AF%87%E0%AE%AF%E0%AE%AE%E0%AF%8D%20%E0%AE%A8%E0%AE%BE%E0%AE%9F%E0%AF%8D%E0%AE%9F%E0%AF%81%20%E0%AE%AE%E0%AE%BE%E0%AE%9F%E0%AF%81%20%28cropped%29.jpg,CC BY-SA 4.0,https://creativecommons.org/licenses/by-sa/4.0,Deva Sangeeth,kangayam_0014.jpg,raw\cattle\kangayam\kangayam_0014.jpg,EXISTING,
SRC_CAT_KANGAYAM_0015,cow_kangayam,Kangayam,cattle,Wikimedia Commons,https://upload.wikimedia.org/wikipedia/commons/c/c6/Kangeyam_Heritage_Cow_breed.jpg?utm_source=commons.wikimedia.org&utm_campaign=imageinfo&utm_content=original,https://commons.wikimedia.org/wiki/File%3AKangeyam%20Heritage%20Cow%20breed.jpg,CC BY-SA 4.0,https://creativecommons.org/licenses/by-sa/4.0,Deva Sangeeth,kangayam_0015.jpg,raw\cattle\kangayam\kangayam_0015.jpg,EXISTING,
SRC_CAT_KANGAYAM_0016,cow_kangayam,Kangayam,cattle,Wikimedia Commons,https://upload.wikimedia.org/wikipedia/commons/d/d1/Kangeyam_Native_Cow.jpg?utm_source=commons.wikimedia.org&utm_campaign=imageinfo&utm_content=original,https://commons.wikimedia.org/wiki/File%3AKangeyam%20Native%20Cow.jpg,CC BY-SA 4.0,https://creativecommons.org/licenses/by-sa/4.0,Deva Sangeeth,kangayam_0016.jpg,raw\cattle\kangayam\kangayam_0016.jpg,EXISTING,
SRC_CAT_KANGAYAM_0017,cow_kangayam,Kangayam,cattle,Wikimedia Commons,https://upload.wikimedia.org/wikipedia/commons/7/7d/The_Kangayam_bull.jpg?utm_source=commons.wikimedia.org&utm_campaign=imageinfo&utm_content=original,https://commons.wikimedia.org/wiki/File%3AThe%20Kangayam%20bull.jpg,CC BY-SA 4.0,https://creativecommons.org/licenses/by-sa/4.0,EstherAbi3,kangayam_0017.jpg,raw\cattle\kangayam\kangayam_0017.jpg,EXISTING,
SRC_CAT_KANKREJ_0001,cow_kankrej,Kankrej,cattle,Wikimedia Commons,https://upload.wikimedia.org/wikipedia/commons/6/6d/20160622094231_DSC_2529.jpg?utm_source=commons.wikimedia.org&utm_campaign=imageinfo&utm_content=original,https://commons.wikimedia.org/wiki/File%3A20160622094231%20DSC%202529.jpg,CC BY-SA 4.0,https://creativecommons.org/licenses/by-sa/4.0,Karan Desai,kankrej_0001.jpg,raw\cattle\kankrej\kankrej_0001.jpg,EXISTING,
SRC_CAT_KANKREJ_0002,cow_kankrej,Kankrej,cattle,Wikimedia Commons,https://upload.wikimedia.org/wikipedia/commons/5/54/20160622094235_IMG_0108.jpg?utm_source=commons.wikimedia.org&utm_campaign=imageinfo&utm_content=original,https://commons.wikimedia.org/wiki/File%3A20160622094235%20IMG%200108.jpg,CC BY-SA 4.0,https://creativecommons.org/licenses/by-sa/4.0,Karan Desai,kankrej_0002.jpg,raw\cattle\kankrej\kankrej_0002.jpg,EXISTING,
SRC_CAT_KANKREJ_0003,cow_kankrej,Kankrej,cattle,Wikimedia Commons,https://upload.wikimedia.org/wikipedia/commons/6/6e/20160622094237_IMG_0523.jpg?utm_source=commons.wikimedia.org&utm_campaign=imageinfo&utm_content=original,https://commons.wikimedia.org/wiki/File%3A20160622094237%20IMG%200523.jpg,CC BY-SA 4.0,https://creativecommons.org/licenses/by-sa/4.0,Karan Desai,kankrej_0003.jpg,raw\cattle\kankrej\kankrej_0003.jpg,EXISTING,
SRC_CAT_KANKREJ_0004,cow_kankrej,Kankrej,cattle,Wikimedia Commons,https://upload.wikimedia.org/wikipedia/commons/0/01/20160622094238_DSC_0682.jpg?utm_source=commons.wikimedia.org&utm_campaign=imageinfo&utm_content=original,https://commons.wikimedia.org/wiki/File%3A20160622094238%20DSC%200682.jpg,CC BY-SA 4.0,https://creativecommons.org/licenses/by-sa/4.0,Karan Desai,kankrej_0004.jpg,raw\cattle\kankrej\kankrej_0004.jpg,EXISTING,
SRC_CAT_KANKREJ_0005,cow_kankrej,Kankrej,cattle,Wikimedia Commons,https://upload.wikimedia.org/wikipedia/commons/e/e9/20160703152542_IMG_0484.jpg?utm_source=commons.wikimedia.org&utm_campaign=imageinfo&utm_content=original,https://commons.wikimedia.org/wiki/File%3A20160703152542%20IMG%200484.jpg,CC BY-SA 4.0,https://creativecommons.org/licenses/by-sa/4.0,Karan Desai,kankrej_0005.jpg,raw\cattle\kankrej\kankrej_0005.jpg,EXISTING,
SRC_CAT_KANKREJ_0006,cow_kankrej,Kankrej,cattle,Wikimedia Commons,https://upload.wikimedia.org/wikipedia/commons/7/7a/20160703152649_IMG_0491.jpg?utm_source=commons.wikimedia.org&utm_campaign=imageinfo&utm_content=original,https://commons.wikimedia.org/wiki/File%3A20160703152649%20IMG%200491.jpg,CC BY-SA 4.0,https://creativecommons.org/licenses/by-sa/4.0,Karan Desai,kankrej_0006.jpg,raw\cattle\kankrej\kankrej_0006.jpg,EXISTING,
SRC_CAT_KANKREJ_0007,cow_kankrej,Kankrej,cattle,Wikimedia Commons,https://upload.wikimedia.org/wikipedia/commons/3/31/Cattle_breed_Kutch_IMG_1816.jpg?utm_source=commons.wikimedia.org&utm_campaign=imageinfo&utm_content=original,https://commons.wikimedia.org/wiki/File%3ACattle%20breed%20Kutch%20IMG%201816.jpg,CC BY-SA 4.0,https://creativecommons.org/licenses/by-sa/4.0,Divya Mudappa,kankrej_0007.jpg,raw\cattle\kankrej\kankrej_0007.jpg,EXISTING,
SRC_CAT_KANKREJ_0008,cow_kankrej,Kankrej,cattle,Wikimedia Commons,https://upload.wikimedia.org/wikipedia/commons/9/99/Kankrej_01.JPG?utm_source=commons.wikimedia.org&utm_campaign=imageinfo&utm_content=original,https://commons.wikimedia.org/wiki/File%3AKankrej%2001.JPG,CC BY-SA 3.0,https://creativecommons.org/licenses/by-sa/3.0,Pavanaja,kankrej_0008.jpg,raw\cattle\kankrej\kankrej_0008.jpg,EXISTING,
SRC_CAT_KANKREJ_0009,cow_kankrej,Kankrej,cattle,Wikimedia Commons,https://upload.wikimedia.org/wikipedia/commons/2/27/Kankrej_01_%28cropped%29.JPG?utm_source=commons.wikimedia.org&utm_campaign=imageinfo&utm_content=original,https://commons.wikimedia.org/wiki/File%3AKankrej%2001%20%28cropped%29.JPG,CC BY-SA 3.0,https://creativecommons.org/licenses/by-sa/3.0,Pavanaja,kankrej_0009.jpg,raw\cattle\kankrej\kankrej_0009.jpg,EXISTING,
SRC_CAT_KANKREJ_0010,cow_kankrej,Kankrej,cattle,Wikimedia Commons,https://upload.wikimedia.org/wikipedia/commons/d/d3/Kankrej_02.JPG?utm_source=commons.wikimedia.org&utm_campaign=imageinfo&utm_content=original,https://commons.wikimedia.org/wiki/File%3AKankrej%2002.JPG,CC BY-SA 3.0,https://creativecommons.org/licenses/by-sa/3.0,Pavanaja,kankrej_0010.jpg,raw\cattle\kankrej\kankrej_0010.jpg,EXISTING,
SRC_CAT_KANKREJ_0011,cow_kankrej,Kankrej,cattle,Wikimedia Commons,https://upload.wikimedia.org/wikipedia/commons/b/b8/Kankrej_02_%28cropped%29.JPG?utm_source=commons.wikimedia.org&utm_campaign=imageinfo&utm_content=original,https://commons.wikimedia.org/wiki/File%3AKankrej%2002%20%28cropped%29.JPG,CC BY-SA 3.0,https://creativecommons.org/licenses/by-sa/3.0,Pavanaja,kankrej_0011.jpg,raw\cattle\kankrej\kankrej_0011.jpg,EXISTING,
SRC_CAT_KANKREJ_0012,cow_kankrej,Kankrej,cattle,Wikimedia Commons,https://upload.wikimedia.org/wikipedia/commons/a/af/Kankrej_%3D_%E4%B8%96%E7%95%8C%E3%81%AE%E7%89%9B_%E3%82%AB%E3%83%B3%E3%82%AF%E3%83%AC%E3%82%A4%EF%BC%88%E9%9B%84%EF%BC%89_%2836660258876%29.jpg?utm_source=commons.wikimedia.org&utm_campaign=imageinfo&utm_content=original,https://commons.wikimedia.org/wiki/File%3AKankrej%20%3D%20%E4%B8%96%E7%95%8C%E3%81%AE%E7%89%9B%20%E3%82%AB%E3%83%B3%E3%82%AF%E3%83%AC%E3%82%A4%EF%BC%88%E9%9B%84%EF%BC%89%20%2836660258876%29.jpg,CC BY 2.0,https://creativecommons.org/licenses/by/2.0,"JIRCAS Library from Tsukuba, Japan",kankrej_0012.jpg,raw\cattle\kankrej\kankrej_0012.jpg,EXISTING,
SRC_CAT_KANKREJ_0013,cow_kankrej,Kankrej,cattle,Wikimedia Commons,https://upload.wikimedia.org/wikipedia/commons/4/44/Kankrej_Cow.jpg?utm_source=commons.wikimedia.org&utm_campaign=imageinfo&utm_content=original,https://commons.wikimedia.org/wiki/File%3AKankrej%20Cow.jpg,CC BY-SA 4.0,https://creativecommons.org/licenses/by-sa/4.0,கமல்நாத் .பெ,kankrej_0013.jpg,raw\cattle\kankrej\kankrej_0013.jpg,EXISTING,
SRC_CAT_KANKREJ_0014,cow_kankrej,Kankrej,cattle,Wikimedia Commons,https://upload.wikimedia.org/wikipedia/commons/9/99/Maldhari_with_cattle%2C_Kutch%2C_Gujarat.jpg?utm_source=commons.wikimedia.org&utm_campaign=imageinfo&utm_content=original,https://commons.wikimedia.org/wiki/File%3AMaldhari%20with%20cattle%2C%20Kutch%2C%20Gujarat.jpg,CC BY-SA 4.0,https://creativecommons.org/licenses/by-sa/4.0,Drashokk,kankrej_0014.jpg,raw\cattle\kankrej\kankrej_0014.jpg,EXISTING,
SRC_CAT_KANKREJ_0015,cow_kankrej,Kankrej,cattle,Wikimedia Commons,https://upload.wikimedia.org/wikipedia/commons/7/71/The_Prime_Minister%2C_Shri_Narendra_Modi_releasing_a_Bottle_Pack_of_Kankrej_A2_Milk_to_mark_its_launch_in_the_market%2C_in_Palanpur%2C_Banaskantha%2C_Gujarat.jpg?utm_source=commons.wikimedia.org&utm_campaign=imageinfo&utm_content=original,https://commons.wikimedia.org/wiki/File%3AThe%20Prime%20Minister%2C%20Shri%20Narendra%20Modi%20releasing%20a%20Bottle%20Pack%20of%20Kankrej%20A2%20Milk%20to%20mark%20its%20launch%20in%20the%20market%2C%20in%20Palanpur%2C%20Banaskantha%2C%20Gujarat.jpg,GODL-India,https://data.gov.in/sites/default/files/Gazette_Notification_OGDL.pdf,Prime Minister's Office,kankrej_0015.jpg,raw\cattle\kankrej\kankrej_0015.jpg,EXISTING,
SRC_CAT_KANKREJ_0016,cow_kankrej,Kankrej,cattle,Wikimedia Commons,https://upload.wikimedia.org/wikipedia/commons/3/38/The_Prime_Minister%2C_Shri_Narendra_Modi_releasing_booklet_to_mark_the_launch_of_Kankrej_breed_improvement_programme%2C_in_Palanpur%2C_Banaskantha%2C_Gujarat.jpg?utm_source=commons.wikimedia.org&utm_campaign=imageinfo&utm_content=original,https://commons.wikimedia.org/wiki/File%3AThe%20Prime%20Minister%2C%20Shri%20Narendra%20Modi%20releasing%20booklet%20to%20mark%20the%20launch%20of%20Kankrej%20breed%20improvement%20programme%2C%20in%20Palanpur%2C%20Banaskantha%2C%20Gujarat.jpg,GODL-India,https://data.gov.in/sites/default/files/Gazette_Notification_OGDL.pdf,Prime Minister's Office,kankrej_0016.jpg,raw\cattle\kankrej\kankrej_0016.jpg,EXISTING,
SRC_CAT_KENKATHA_0001,cow_kenkatha,Kenkatha,cattle,Wikimedia Commons,https://upload.wikimedia.org/wikipedia/commons/4/4e/Kenkatha_01.JPG?utm_source=commons.wikimedia.org&utm_campaign=imageinfo&utm_content=original,https://commons.wikimedia.org/wiki/File%3AKenkatha%2001.JPG,CC BY-SA 3.0,https://creativecommons.org/licenses/by-sa/3.0,Pavanaja,kenkatha_0001.jpg,raw\cattle\kenkatha\kenkatha_0001.jpg,EXISTING,
SRC_CAT_KENKATHA_0002,cow_kenkatha,Kenkatha,cattle,Wikimedia Commons,https://upload.wikimedia.org/wikipedia/commons/a/aa/Kenkatha_02.JPG?utm_source=commons.wikimedia.org&utm_campaign=imageinfo&utm_content=original,https://commons.wikimedia.org/wiki/File%3AKenkatha%2002.JPG,CC BY-SA 3.0,https://creativecommons.org/licenses/by-sa/3.0,Pavanaja,kenkatha_0002.jpg,raw\cattle\kenkatha\kenkatha_0002.jpg,EXISTING,
SRC_CAT_KRISHNA_VALLEY_0001,cow_krishna_valley,Krishna Valley,cattle,Wikimedia Commons,https://upload.wikimedia.org/wikipedia/commons/6/62/Krishna-cow_01.JPG?utm_source=commons.wikimedia.org&utm_campaign=imageinfo&utm_content=original,https://commons.wikimedia.org/wiki/File%3AKrishna-cow%2001.JPG,CC BY-SA 3.0,https://creativecommons.org/licenses/by-sa/3.0,Pavanaja,krishna_valley_0001.jpg,raw\cattle\krishna_valley\krishna_valley_0001.jpg,EXISTING,
SRC_CAT_KRISHNA_VALLEY_0002,cow_krishna_valley,Krishna Valley,cattle,Wikimedia Commons,https://upload.wikimedia.org/wikipedia/commons/5/58/Krishna_Valley_bull.jpg?utm_source=commons.wikimedia.org&utm_campaign=imageinfo&utm_content=original,https://commons.wikimedia.org/wiki/File%3AKrishna%20Valley%20bull.jpg,CC BY-SA 3.0,https://creativecommons.org/licenses/by-sa/3.0,Pavanaja,krishna_valley_0002.jpg,raw\cattle\krishna_valley\krishna_valley_0002.jpg,EXISTING,
SRC_CAT_MALVI_0001,cow_malvi,Malvi,cattle,Wikimedia Commons,https://upload.wikimedia.org/wikipedia/commons/6/6d/Malvi_01.JPG?utm_source=commons.wikimedia.org&utm_campaign=imageinfo&utm_content=original,https://commons.wikimedia.org/wiki/File%3AMalvi%2001.JPG,CC BY-SA 3.0,https://creativecommons.org/licenses/by-sa/3.0,Pavanaja,malvi_0001.jpg,raw\cattle\malvi\malvi_0001.jpg,EXISTING,
SRC_CAT_MALVI_0002,cow_malvi,Malvi,cattle,Wikimedia Commons,https://upload.wikimedia.org/wikipedia/commons/6/69/Malvi_02.JPG?utm_source=commons.wikimedia.org&utm_campaign=imageinfo&utm_content=original,https://commons.wikimedia.org/wiki/File%3AMalvi%2002.JPG,CC BY-SA 3.0,https://creativecommons.org/licenses/by-sa/3.0,Pavanaja,malvi_0002.jpg,raw\cattle\malvi\malvi_0002.jpg,EXISTING,
SRC_CAT_MALVI_0003,cow_malvi,Malvi,cattle,Wikimedia Commons,https://upload.wikimedia.org/wikipedia/commons/a/a9/Malvi_Malhotra_Actor.jpg?utm_source=commons.wikimedia.org&utm_campaign=imageinfo&utm_content=original,https://commons.wikimedia.org/wiki/File%3AMalvi%20Malhotra%20Actor.jpg,CC BY-SA 4.0,https://creativecommons.org/licenses/by-sa/4.0,Malik Sahab55858,malvi_0003.jpg,raw\cattle\malvi\malvi_0003.jpg,EXISTING,
SRC_CAT_NAGORI_0001,cow_nagori,Nagori,cattle,Wikimedia Commons,https://upload.wikimedia.org/wikipedia/commons/a/a8/Bedmi_Aloo_and_Nagori_Halwa.JPG?utm_source=commons.wikimedia.org&utm_campaign=imageinfo&utm_content=original,https://commons.wikimedia.org/wiki/File%3ABedmi%20Aloo%20and%20Nagori%20Halwa.JPG,CC BY-SA 4.0,https://creativecommons.org/licenses/by-sa/4.0,Amiya Sharma,nagori_0001.jpg,raw\cattle\nagori\nagori_0001.jpg,EXISTING,
SRC_CAT_NAGORI_0002,cow_nagori,Nagori,cattle,Wikimedia Commons,https://upload.wikimedia.org/wikipedia/commons/2/2a/GKPS_Dolok_Marawa%2C_Res._Nagori_Dolok_%2801%29.jpg?utm_source=commons.wikimedia.org&utm_campaign=imageinfo&utm_content=original,https://commons.wikimedia.org/wiki/File%3AGKPS%20Dolok%20Marawa%2C%20Res.%20Nagori%20Dolok%20%2801%29.jpg,CC BY-SA 4.0,https://creativecommons.org/licenses/by-sa/4.0,Christian Advs Sltg,nagori_0002.jpg,raw\cattle\nagori\nagori_0002.jpg,EXISTING,
SRC_CAT_NAGORI_0003,cow_nagori,Nagori,cattle,Wikimedia Commons,https://upload.wikimedia.org/wikipedia/commons/e/ef/HKBP_Nagori_Bosar%2C_Res._Setia_Negara.jpg?utm_source=commons.wikimedia.org&utm_campaign=imageinfo&utm_content=original,https://commons.wikimedia.org/wiki/File%3AHKBP%20Nagori%20Bosar%2C%20Res.%20Setia%20Negara.jpg,CC BY-SA 4.0,https://creativecommons.org/licenses/by-sa/4.0,Christian Advs Sltg,nagori_0003.jpg,raw\cattle\nagori\nagori_0003.jpg,EXISTING,
SRC_CAT_NAGORI_0004,cow_nagori,Nagori,cattle,Wikimedia Commons,https://upload.wikimedia.org/wikipedia/commons/5/59/Mayu_no_nagori_by_Kitani_Chigusa.jpg?utm_source=commons.wikimedia.org&utm_campaign=imageinfo&utm_content=original,https://commons.wikimedia.org/wiki/File%3AMayu%20no%20nagori%20by%20Kitani%20Chigusa.jpg,Public domain,,Chigusa Kitani,nagori_0004.jpg,raw\cattle\nagori\nagori_0004.jpg,EXISTING,
SRC_CAT_NAGORI_0005,cow_nagori,Nagori,cattle,Wikimedia Commons,https://upload.wikimedia.org/wikipedia/commons/f/fb/Nag._Nagori_Bosar%2C_Panombeian_Panei%2C_Simalungun.jpg?utm_source=commons.wikimedia.org&utm_campaign=imageinfo&utm_content=original,https://commons.wikimedia.org/wiki/File%3ANag.%20Nagori%20Bosar%2C%20Panombeian%20Panei%2C%20Simalungun.jpg,CC BY-SA 4.0,https://creativecommons.org/licenses/by-sa/4.0,Christian Advs Sltg,nagori_0005.jpg,raw\cattle\nagori\nagori_0005.jpg,EXISTING,
SRC_CAT_NAGORI_0006,cow_nagori,Nagori,cattle,Wikimedia Commons,https://upload.wikimedia.org/wikipedia/commons/2/20/Nag._Nagori_Tani_%28Huta_II_Nagori_Tani_II%29%2C_Silau_Kahean%2C_Simalungun_%2801%29.jpg?utm_source=commons.wikimedia.org&utm_campaign=imageinfo&utm_content=original,https://commons.wikimedia.org/wiki/File%3ANag.%20Nagori%20Tani%20%28Huta%20II%20Nagori%20Tani%20II%29%2C%20Silau%20Kahean%2C%20Simalungun%20%2801%29.jpg,CC BY-SA 4.0,https://creativecommons.org/licenses/by-sa/4.0,Christian Advs Sltg,nagori_0006.jpg,raw\cattle\nagori\nagori_0006.jpg,EXISTING,
SRC_CAT_NAGORI_0007,cow_nagori,Nagori,cattle,Wikimedia Commons,https://upload.wikimedia.org/wikipedia/commons/d/d7/Nag._Nagori_Tani_%28Huta_IV_Nagori_Tani_I%29%2C_Silau_Kahean%2C_Simalungun_%2801%29.jpg?utm_source=commons.wikimedia.org&utm_campaign=imageinfo&utm_content=original,https://commons.wikimedia.org/wiki/File%3ANag.%20Nagori%20Tani%20%28Huta%20IV%20Nagori%20Tani%20I%29%2C%20Silau%20Kahean%2C%20Simalungun%20%2801%29.jpg,CC BY-SA 4.0,https://creativecommons.org/licenses/by-sa/4.0,Christian Advs Sltg,nagori_0007.jpg,raw\cattle\nagori\nagori_0007.jpg,EXISTING,
SRC_CAT_NAGORI_0008,cow_nagori,Nagori,cattle,Wikimedia Commons,https://upload.wikimedia.org/wikipedia/commons/0/0b/Nag._Nagori_Tongah%2C_Purba%2C_Simalungun_%2801%29.jpg?utm_source=commons.wikimedia.org&utm_campaign=imageinfo&utm_content=original,https://commons.wikimedia.org/wiki/File%3ANag.%20Nagori%20Tongah%2C%20Purba%2C%20Simalungun%20%2801%29.jpg,CC BY-SA 4.0,https://creativecommons.org/licenses/by-sa/4.0,Christian Advs Sltg,nagori_0008.jpg,raw\cattle\nagori\nagori_0008.jpg,EXISTING,
SRC_CAT_NAGORI_0009,cow_nagori,Nagori,cattle,Wikimedia Commons,https://upload.wikimedia.org/wikipedia/commons/8/8c/Nagori.jpg?utm_source=commons.wikimedia.org&utm_campaign=imageinfo&utm_content=original,https://commons.wikimedia.org/wiki/File%3ANagori.jpg,CC BY-SA 4.0,https://creativecommons.org/licenses/by-sa/4.0,Nandhiniraji,nagori_0009.jpg,raw\cattle\nagori\nagori_0009.jpg,EXISTING,
SRC_CAT_NAGORI_0010,cow_nagori,Nagori,cattle,Wikimedia Commons,https://upload.wikimedia.org/wikipedia/commons/c/ca/Nagori_01.JPG?utm_source=commons.wikimedia.org&utm_campaign=imageinfo&utm_content=original,https://commons.wikimedia.org/wiki/File%3ANagori%2001.JPG,CC BY-SA 3.0,https://creativecommons.org/licenses/by-sa/3.0,Pavanaja,nagori_0010.jpg,raw\cattle\nagori\nagori_0010.jpg,EXISTING,
SRC_CAT_NAGORI_0011,cow_nagori,Nagori,cattle,Wikimedia Commons,https://upload.wikimedia.org/wikipedia/commons/1/17/Nagori_02.JPG?utm_source=commons.wikimedia.org&utm_campaign=imageinfo&utm_content=original,https://commons.wikimedia.org/wiki/File%3ANagori%2002.JPG,CC BY-SA 3.0,https://creativecommons.org/licenses/by-sa/3.0,Pavanaja,nagori_0011.jpg,raw\cattle\nagori\nagori_0011.jpg,EXISTING,
SRC_CAT_NAGORI_0012,cow_nagori,Nagori,cattle,Wikimedia Commons,https://upload.wikimedia.org/wikipedia/commons/5/51/Nagori_03.jpg?utm_source=commons.wikimedia.org&utm_campaign=imageinfo&utm_content=original,https://commons.wikimedia.org/wiki/File%3ANagori%2003.jpg,CC BY-SA 3.0,https://creativecommons.org/licenses/by-sa/3.0,BluesyPete,nagori_0012.jpg,raw\cattle\nagori\nagori_0012.jpg,EXISTING,
SRC_CAT_NAGORI_0013,cow_nagori,Nagori,cattle,Wikimedia Commons,https://upload.wikimedia.org/wikipedia/commons/5/56/Nagori_no_Matsubara_%28Yakushima%29_01.jpg?utm_source=commons.wikimedia.org&utm_campaign=imageinfo&utm_content=original,https://commons.wikimedia.org/wiki/File%3ANagori%20no%20Matsubara%20%28Yakushima%29%2001.jpg,CC0,http://creativecommons.org/publicdomain/zero/1.0/deed.en,Higa4,nagori_0013.jpg,raw\cattle\nagori\nagori_0013.jpg,EXISTING,
SRC_CAT_NAGORI_0014,cow_nagori,Nagori,cattle,Wikimedia Commons,https://upload.wikimedia.org/wikipedia/commons/a/a3/Nagori_no_Matsubara_%28Yakushima%29_02.jpg?utm_source=commons.wikimedia.org&utm_campaign=imageinfo&utm_content=original,https://commons.wikimedia.org/wiki/File%3ANagori%20no%20Matsubara%20%28Yakushima%29%2002.jpg,CC0,http://creativecommons.org/publicdomain/zero/1.0/deed.en,Higa4,nagori_0014.jpg,raw\cattle\nagori\nagori_0014.jpg,EXISTING,
SRC_CAT_NAGORI_0015,cow_nagori,Nagori,cattle,Wikimedia Commons,https://upload.wikimedia.org/wikipedia/commons/c/cc/Nagori_no_Matsubara_%28Yakushima%29_03.jpg?utm_source=commons.wikimedia.org&utm_campaign=imageinfo&utm_content=original,https://commons.wikimedia.org/wiki/File%3ANagori%20no%20Matsubara%20%28Yakushima%29%2003.jpg,CC0,http://creativecommons.org/publicdomain/zero/1.0/deed.en,Higa4,nagori_0015.jpg,raw\cattle\nagori\nagori_0015.jpg,EXISTING,
SRC_CAT_NAGORI_0016,cow_nagori,Nagori,cattle,Wikimedia Commons,https://upload.wikimedia.org/wikipedia/commons/b/b2/Nagori_no_Matsubara_%28Yakushima%29_04.jpg?utm_source=commons.wikimedia.org&utm_campaign=imageinfo&utm_content=original,https://commons.wikimedia.org/wiki/File%3ANagori%20no%20Matsubara%20%28Yakushima%29%2004.jpg,CC0,http://creativecommons.org/publicdomain/zero/1.0/deed.en,Higa4,nagori_0016.jpg,raw\cattle\nagori\nagori_0016.jpg,EXISTING,
SRC_CAT_NAGORI_0017,cow_nagori,Nagori,cattle,Wikimedia Commons,https://upload.wikimedia.org/wikipedia/commons/1/19/Peta_Nagori_Sidotani.jpg?utm_source=commons.wikimedia.org&utm_campaign=imageinfo&utm_content=original,https://commons.wikimedia.org/wiki/File%3APeta%20Nagori%20Sidotani.jpg,CC BY-SA 4.0,https://creativecommons.org/licenses/by-sa/4.0,Nagori Sidotani,nagori_0017.jpg,raw\cattle\nagori\nagori_0017.jpg,EXISTING,
SRC_CAT_NIMARI_0001,cow_nimari,Nimari,cattle,Wikimedia Commons,https://upload.wikimedia.org/wikipedia/commons/1/10/20260211_Justin_Joyner%2C_Will_Tschetter_and_Nimari_Burnett.jpg?utm_source=commons.wikimedia.org&utm_campaign=imageinfo&utm_content=original,https://commons.wikimedia.org/wiki/File%3A20260211%20Justin%20Joyner%2C%20Will%20Tschetter%20and%20Nimari%20Burnett.jpg,CC0,http://creativecommons.org/publicdomain/zero/1.0/deed.en,TonyTheTiger,nimari_0001.jpg,raw\cattle\nimari\nimari_0001.jpg,EXISTING,
SRC_CAT_NIMARI_0002,cow_nimari,Nimari,cattle,Wikimedia Commons,https://upload.wikimedia.org/wikipedia/commons/7/72/20260211_Nick_Martinelli_and_Nimari_Burnett.jpg?utm_source=commons.wikimedia.org&utm_campaign=imageinfo&utm_content=original,https://commons.wikimedia.org/wiki/File%3A20260211%20Nick%20Martinelli%20and%20Nimari%20Burnett.jpg,CC0,http://creativecommons.org/publicdomain/zero/1.0/deed.en,TonyTheTiger,nimari_0002.jpg,raw\cattle\nimari\nimari_0002.jpg,EXISTING,
SRC_CAT_NIMARI_0003,cow_nimari,Nimari,cattle,Wikimedia Commons,https://upload.wikimedia.org/wikipedia/commons/4/4a/20260211_Nimari_Burnett_1.jpg?utm_source=commons.wikimedia.org&utm_campaign=imageinfo&utm_content=original,https://commons.wikimedia.org/wiki/File%3A20260211%20Nimari%20Burnett%201.jpg,CC0,http://creativecommons.org/publicdomain/zero/1.0/deed.en,TonyTheTiger,nimari_0003.jpg,raw\cattle\nimari\nimari_0003.jpg,EXISTING,
SRC_CAT_NIMARI_0004,cow_nimari,Nimari,cattle,Wikimedia Commons,https://upload.wikimedia.org/wikipedia/commons/8/8c/20260211_Nimari_Burnett_2.jpg?utm_source=commons.wikimedia.org&utm_campaign=imageinfo&utm_content=original,https://commons.wikimedia.org/wiki/File%3A20260211%20Nimari%20Burnett%202.jpg,CC0,http://creativecommons.org/publicdomain/zero/1.0/deed.en,TonyTheTiger,nimari_0004.jpg,raw\cattle\nimari\nimari_0004.jpg,EXISTING,
SRC_CAT_NIMARI_0005,cow_nimari,Nimari,cattle,Wikimedia Commons,https://upload.wikimedia.org/wikipedia/commons/8/80/20260211_Nimari_Burnett_3.jpg?utm_source=commons.wikimedia.org&utm_campaign=imageinfo&utm_content=original,https://commons.wikimedia.org/wiki/File%3A20260211%20Nimari%20Burnett%203.jpg,CC0,http://creativecommons.org/publicdomain/zero/1.0/deed.en,TonyTheTiger,nimari_0005.jpg,raw\cattle\nimari\nimari_0005.jpg,EXISTING,
SRC_CAT_NIMARI_0006,cow_nimari,Nimari,cattle,Wikimedia Commons,https://upload.wikimedia.org/wikipedia/commons/7/7f/20260211_Nimari_Burnett_4.jpg?utm_source=commons.wikimedia.org&utm_campaign=imageinfo&utm_content=original,https://commons.wikimedia.org/wiki/File%3A20260211%20Nimari%20Burnett%204.jpg,CC0,http://creativecommons.org/publicdomain/zero/1.0/deed.en,TonyTheTiger,nimari_0006.jpg,raw\cattle\nimari\nimari_0006.jpg,EXISTING,
SRC_CAT_NIMARI_0007,cow_nimari,Nimari,cattle,Wikimedia Commons,https://upload.wikimedia.org/wikipedia/commons/c/cf/20260211_Nimari_Burnett_5.jpg?utm_source=commons.wikimedia.org&utm_campaign=imageinfo&utm_content=original,https://commons.wikimedia.org/wiki/File%3A20260211%20Nimari%20Burnett%205.jpg,CC0,http://creativecommons.org/publicdomain/zero/1.0/deed.en,TonyTheTiger,nimari_0007.jpg,raw\cattle\nimari\nimari_0007.jpg,EXISTING,
SRC_CAT_NIMARI_0008,cow_nimari,Nimari,cattle,Wikimedia Commons,https://upload.wikimedia.org/wikipedia/commons/d/d3/20260211_Nimari_Burnett_6.jpg?utm_source=commons.wikimedia.org&utm_campaign=imageinfo&utm_content=original,https://commons.wikimedia.org/wiki/File%3A20260211%20Nimari%20Burnett%206.jpg,CC0,http://creativecommons.org/publicdomain/zero/1.0/deed.en,TonyTheTiger,nimari_0008.jpg,raw\cattle\nimari\nimari_0008.jpg,EXISTING,
SRC_CAT_NIMARI_0009,cow_nimari,Nimari,cattle,Wikimedia Commons,https://upload.wikimedia.org/wikipedia/commons/d/d0/Nimari_01.JPG?utm_source=commons.wikimedia.org&utm_campaign=imageinfo&utm_content=original,https://commons.wikimedia.org/wiki/File%3ANimari%2001.JPG,CC BY-SA 3.0,https://creativecommons.org/licenses/by-sa/3.0,Pavanaja,nimari_0009.jpg,raw\cattle\nimari\nimari_0009.jpg,EXISTING,
SRC_CAT_NIMARI_0010,cow_nimari,Nimari,cattle,Wikimedia Commons,https://upload.wikimedia.org/wikipedia/commons/a/a5/Nimari_02.JPG?utm_source=commons.wikimedia.org&utm_campaign=imageinfo&utm_content=original,https://commons.wikimedia.org/wiki/File%3ANimari%2002.JPG,CC BY-SA 3.0,https://creativecommons.org/licenses/by-sa/3.0,Pavanaja,nimari_0010.jpg,raw\cattle\nimari\nimari_0010.jpg,EXISTING,
SRC_CAT_NIMARI_0011,cow_nimari,Nimari,cattle,Wikimedia Commons,https://upload.wikimedia.org/wikipedia/commons/a/a9/Nimari_Burnett.jpg?utm_source=commons.wikimedia.org&utm_campaign=imageinfo&utm_content=original,https://commons.wikimedia.org/wiki/File%3ANimari%20Burnett.jpg,CC BY-SA 2.0,https://creativecommons.org/licenses/by-sa/2.0,Eleven Warriors,nimari_0011.jpg,raw\cattle\nimari\nimari_0011.jpg,EXISTING,
SRC_CAT_NIMARI_0012,cow_nimari,Nimari,cattle,Wikimedia Commons,https://upload.wikimedia.org/wikipedia/commons/4/46/Nimari_Burnett_%28cropped%29.jpg?utm_source=commons.wikimedia.org&utm_campaign=imageinfo&utm_content=original,https://commons.wikimedia.org/wiki/File%3ANimari%20Burnett%20%28cropped%29.jpg,CC BY-SA 2.0,https://creativecommons.org/licenses/by-sa/2.0,Eleven Warriors,nimari_0012.jpg,raw\cattle\nimari\nimari_0012.jpg,EXISTING,
SRC_CAT_ONGOLE_0001,cow_ongole,Ongole,cattle,Wikimedia Commons,https://upload.wikimedia.org/wikipedia/commons/2/2f/A_brown_cattle.JPG?utm_source=commons.wikimedia.org&utm_campaign=imageinfo&utm_content=original,https://commons.wikimedia.org/wiki/File%3AA%20brown%20cattle.JPG,CC BY-SA 4.0,https://creativecommons.org/licenses/by-sa/4.0,Zlouiemark45546,ongole_0001.jpg,raw\cattle\ongole\ongole_0001.jpg,EXISTING,
SRC_CAT_ONGOLE_0002,cow_ongole,Ongole,cattle,Wikimedia Commons,https://upload.wikimedia.org/wikipedia/commons/f/f4/Bull_of_Moses_with_Balram_Jhakad_and_NT_Rama_Rao.jpg?utm_source=commons.wikimedia.org&utm_campaign=imageinfo&utm_content=original,https://commons.wikimedia.org/wiki/File%3ABull%20of%20Moses%20with%20Balram%20Jhakad%20and%20NT%20Rama%20Rao.jpg,CC BY-SA 3.0,https://creativecommons.org/licenses/by-sa/3.0,DMR Sekhar,ongole_0002.jpg,raw\cattle\ongole\ongole_0002.jpg,EXISTING,
SRC_CAT_ONGOLE_0003,cow_ongole,Ongole,cattle,Wikimedia Commons,https://upload.wikimedia.org/wikipedia/commons/4/43/COLLECTIE_TROPENMUSEUM_Volbloed_Ongoledekstier_Bandjarnegara_TMnr_10013331.jpg?utm_source=commons.wikimedia.org&utm_campaign=imageinfo&utm_content=original,https://commons.wikimedia.org/wiki/File%3ACOLLECTIE%20TROPENMUSEUM%20Volbloed%20Ongoledekstier%20Bandjarnegara%20TMnr%2010013331.jpg,CC BY-SA 3.0,https://creativecommons.org/licenses/by-sa/3.0,Unknown authorUnknown author,ongole_0003.jpg,raw\cattle\ongole\ongole_0003.jpg,EXISTING,
SRC_CAT_ONGOLE_0004,cow_ongole,Ongole,cattle,Wikimedia Commons,https://upload.wikimedia.org/wikipedia/commons/b/b9/Ongole_01.JPG?utm_source=commons.wikimedia.org&utm_campaign=imageinfo&utm_content=original,https://commons.wikimedia.org/wiki/File%3AOngole%2001.JPG,CC BY-SA 3.0,https://creativecommons.org/licenses/by-sa/3.0,Pavanaja,ongole_0004.jpg,raw\cattle\ongole\ongole_0004.jpg,EXISTING,
SRC_CAT_ONGOLE_0005,cow_ongole,Ongole,cattle,Wikimedia Commons,https://upload.wikimedia.org/wikipedia/commons/4/48/Ongole_02.JPG?utm_source=commons.wikimedia.org&utm_campaign=imageinfo&utm_content=original,https://commons.wikimedia.org/wiki/File%3AOngole%2002.JPG,CC BY-SA 3.0,https://creativecommons.org/licenses/by-sa/3.0,Pavanaja,ongole_0005.jpg,raw\cattle\ongole\ongole_0005.jpg,EXISTING,
SRC_CAT_ONGOLE_0006,cow_ongole,Ongole,cattle,Wikimedia Commons,https://upload.wikimedia.org/wikipedia/commons/7/7e/Ongole_Cattle.jpg?utm_source=commons.wikimedia.org&utm_campaign=imageinfo&utm_content=original,https://commons.wikimedia.org/wiki/File%3AOngole%20Cattle.jpg,CC BY-SA 4.0,https://creativecommons.org/licenses/by-sa/4.0,கமல்நாத் .பெ,ongole_0006.jpg,raw\cattle\ongole\ongole_0006.jpg,EXISTING,
SRC_CAT_ONGOLE_0007,cow_ongole,Ongole,cattle,Wikimedia Commons,https://upload.wikimedia.org/wikipedia/commons/e/e2/Ongole_Cow_of_Andhra.jpeg?utm_source=commons.wikimedia.org&utm_campaign=imageinfo&utm_content=original,https://commons.wikimedia.org/wiki/File%3AOngole%20Cow%20of%20Andhra.jpeg,CC BY-SA 4.0,https://creativecommons.org/licenses/by-sa/4.0,Shagil Muzhappilangad,ongole_0007.jpg,raw\cattle\ongole\ongole_0007.jpg,EXISTING,
SRC_CAT_ONGOLE_0008,cow_ongole,Ongole,cattle,Wikimedia Commons,https://upload.wikimedia.org/wikipedia/commons/8/83/Ongole_cattle.jpg?utm_source=commons.wikimedia.org&utm_campaign=imageinfo&utm_content=original,https://commons.wikimedia.org/wiki/File%3AOngole%20cattle.jpg,CC BY-SA 4.0,https://creativecommons.org/licenses/by-sa/4.0,Nandhiniraji,ongole_0008.jpg,raw\cattle\ongole\ongole_0008.jpg,EXISTING,
SRC_CAT_ONGOLE_0009,cow_ongole,Ongole,cattle,Wikimedia Commons,https://upload.wikimedia.org/wikipedia/commons/4/43/Ongole_cattle_in_Vijayawada.jpg?utm_source=commons.wikimedia.org&utm_campaign=imageinfo&utm_content=original,https://commons.wikimedia.org/wiki/File%3AOngole%20cattle%20in%20Vijayawada.jpg,CC BY-SA 4.0,https://creativecommons.org/licenses/by-sa/4.0,Srikar Kashyap,ongole_0009.jpg,raw\cattle\ongole\ongole_0009.jpg,EXISTING,
SRC_CAT_ONGOLE_0010,cow_ongole,Ongole,cattle,Wikimedia Commons,https://upload.wikimedia.org/wikipedia/commons/4/4d/Ongole_cattle_of_Andhra_Pradesh.jpeg?utm_source=commons.wikimedia.org&utm_campaign=imageinfo&utm_content=original,https://commons.wikimedia.org/wiki/File%3AOngole%20cattle%20of%20Andhra%20Pradesh.jpeg,CC BY-SA 4.0,https://creativecommons.org/licenses/by-sa/4.0,Shagil Muzhappilangad,ongole_0010.jpg,raw\cattle\ongole\ongole_0010.jpg,EXISTING,
SRC_CAT_ONGOLE_0011,cow_ongole,Ongole,cattle,Wikimedia Commons,https://upload.wikimedia.org/wikipedia/commons/a/a0/Ongole_cattle_of_Andhra_Pradesh_14_35_25_843000.jpeg?utm_source=commons.wikimedia.org&utm_campaign=imageinfo&utm_content=original,https://commons.wikimedia.org/wiki/File%3AOngole%20cattle%20of%20Andhra%20Pradesh%2014%2035%2025%20843000.jpeg,CC BY-SA 4.0,https://creativecommons.org/licenses/by-sa/4.0,Shagil Muzhappilangad,ongole_0011.jpg,raw\cattle\ongole\ongole_0011.jpg,EXISTING,
SRC_CAT_ONGOLE_0012,cow_ongole,Ongole,cattle,Wikimedia Commons,https://upload.wikimedia.org/wikipedia/commons/4/4b/Ongole_cattle_of_Andhra_Pradesh_14_36_15_649000.jpeg?utm_source=commons.wikimedia.org&utm_campaign=imageinfo&utm_content=original,https://commons.wikimedia.org/wiki/File%3AOngole%20cattle%20of%20Andhra%20Pradesh%2014%2036%2015%20649000.jpeg,CC BY-SA 4.0,https://creativecommons.org/licenses/by-sa/4.0,Shagil Muzhappilangad,ongole_0012.jpg,raw\cattle\ongole\ongole_0012.jpg,EXISTING,
SRC_CAT_ONGOLE_0013,cow_ongole,Ongole,cattle,Wikimedia Commons,https://upload.wikimedia.org/wikipedia/commons/9/92/Ongole_cattle_of_Andhra_Pradesh_14_36_33_994000.jpeg?utm_source=commons.wikimedia.org&utm_campaign=imageinfo&utm_content=original,https://commons.wikimedia.org/wiki/File%3AOngole%20cattle%20of%20Andhra%20Pradesh%2014%2036%2033%20994000.jpeg,CC BY-SA 4.0,https://creativecommons.org/licenses/by-sa/4.0,Shagil Muzhappilangad,ongole_0013.jpg,raw\cattle\ongole\ongole_0013.jpg,EXISTING,
SRC_CAT_ONGOLE_0014,cow_ongole,Ongole,cattle,Wikimedia Commons,https://upload.wikimedia.org/wikipedia/commons/2/25/Ongole_cattle_of_Andhra_Pradesh_14_36_45_602000.jpeg?utm_source=commons.wikimedia.org&utm_campaign=imageinfo&utm_content=original,https://commons.wikimedia.org/wiki/File%3AOngole%20cattle%20of%20Andhra%20Pradesh%2014%2036%2045%20602000.jpeg,CC BY-SA 4.0,https://creativecommons.org/licenses/by-sa/4.0,Shagil Muzhappilangad,ongole_0014.jpg,raw\cattle\ongole\ongole_0014.jpg,EXISTING,
SRC_CAT_ONGOLE_0015,cow_ongole,Ongole,cattle,Wikimedia Commons,https://upload.wikimedia.org/wikipedia/commons/9/98/Ongole_cattle_of_Andhra_Pradesh_14_37_38_365000.jpeg?utm_source=commons.wikimedia.org&utm_campaign=imageinfo&utm_content=original,https://commons.wikimedia.org/wiki/File%3AOngole%20cattle%20of%20Andhra%20Pradesh%2014%2037%2038%20365000.jpeg,CC BY-SA 4.0,https://creativecommons.org/licenses/by-sa/4.0,Shagil Muzhappilangad,ongole_0015.jpg,raw\cattle\ongole\ongole_0015.jpg,EXISTING,
SRC_CAT_ONGOLE_0016,cow_ongole,Ongole,cattle,Wikimedia Commons,https://upload.wikimedia.org/wikipedia/commons/c/c7/Ongole_cattle_of_Andhra_Pradesh_14_52_31_923000.jpeg?utm_source=commons.wikimedia.org&utm_campaign=imageinfo&utm_content=original,https://commons.wikimedia.org/wiki/File%3AOngole%20cattle%20of%20Andhra%20Pradesh%2014%2052%2031%20923000.jpeg,CC BY-SA 4.0,https://creativecommons.org/licenses/by-sa/4.0,Shagil Muzhappilangad,ongole_0016.jpg,raw\cattle\ongole\ongole_0016.jpg,EXISTING,
SRC_CAT_ONGOLE_0017,cow_ongole,Ongole,cattle,Wikimedia Commons,https://upload.wikimedia.org/wikipedia/commons/7/7f/Ongole_cattle_of_Andhra_Pradesh_14_52_37_070000.jpeg?utm_source=commons.wikimedia.org&utm_campaign=imageinfo&utm_content=original,https://commons.wikimedia.org/wiki/File%3AOngole%20cattle%20of%20Andhra%20Pradesh%2014%2052%2037%20070000.jpeg,CC BY-SA 4.0,https://creativecommons.org/licenses/by-sa/4.0,Shagil Muzhappilangad,ongole_0017.jpg,raw\cattle\ongole\ongole_0017.jpg,EXISTING,
SRC_CAT_ONGOLE_0018,cow_ongole,Ongole,cattle,Wikimedia Commons,https://upload.wikimedia.org/wikipedia/commons/c/ca/Ongole_cattle_of_Andhra_Pradesh_14_52_41_475000.jpeg?utm_source=commons.wikimedia.org&utm_campaign=imageinfo&utm_content=original,https://commons.wikimedia.org/wiki/File%3AOngole%20cattle%20of%20Andhra%20Pradesh%2014%2052%2041%20475000.jpeg,CC BY-SA 4.0,https://creativecommons.org/licenses/by-sa/4.0,Shagil Muzhappilangad,ongole_0018.jpg,raw\cattle\ongole\ongole_0018.jpg,EXISTING,
SRC_CAT_ONGOLE_0019,cow_ongole,Ongole,cattle,Wikimedia Commons,https://upload.wikimedia.org/wikipedia/commons/3/31/Ongole_cattle_of_Andhra_Pradesh_14_52_45_671000.jpeg?utm_source=commons.wikimedia.org&utm_campaign=imageinfo&utm_content=original,https://commons.wikimedia.org/wiki/File%3AOngole%20cattle%20of%20Andhra%20Pradesh%2014%2052%2045%20671000.jpeg,CC BY-SA 4.0,https://creativecommons.org/licenses/by-sa/4.0,Shagil Muzhappilangad,ongole_0019.jpg,raw\cattle\ongole\ongole_0019.jpg,EXISTING,
SRC_CAT_ONGOLE_0020,cow_ongole,Ongole,cattle,Wikimedia Commons,https://upload.wikimedia.org/wikipedia/commons/c/cc/The_Ongole_Bull_of_Moses.jpg?utm_source=commons.wikimedia.org&utm_campaign=imageinfo&utm_content=original,https://commons.wikimedia.org/wiki/File%3AThe%20Ongole%20Bull%20of%20Moses.jpg,CC BY-SA 3.0,https://creativecommons.org/licenses/by-sa/3.0,DMR Sekhar,ongole_0020.jpg,raw\cattle\ongole\ongole_0020.jpg,EXISTING,
SRC_CAT_ONGOLE_0021,cow_ongole,Ongole,cattle,Wikimedia Commons,https://upload.wikimedia.org/wikipedia/commons/6/66/Bull_of_Hanumaiah_with_PM_of_India.JPG?utm_source=commons.wikimedia.org&utm_campaign=imageinfo&utm_content=original,https://commons.wikimedia.org/wiki/File%3ABull%20of%20Hanumaiah%20with%20PM%20of%20India.JPG,CC BY-SA 3.0,https://creativecommons.org/licenses/by-sa/3.0,DMR Sekhar,ongole_0021.jpg,raw\cattle\ongole\ongole_0021.jpg,EXISTING,
SRC_CAT_ONGOLE_0022,cow_ongole,Ongole,cattle,Wikimedia Commons,https://upload.wikimedia.org/wikipedia/commons/8/89/Ongole_Bull_Competitions_Prakasam_District.jpg?utm_source=commons.wikimedia.org&utm_campaign=imageinfo&utm_content=original,https://commons.wikimedia.org/wiki/File%3AOngole%20Bull%20Competitions%20Prakasam%20District.jpg,CC BY-SA 3.0,https://creativecommons.org/licenses/by-sa/3.0,Ongolebull,ongole_0022.jpg,raw\cattle\ongole\ongole_0022.jpg,EXISTING,
SRC_CAT_ONGOLE_0023,cow_ongole,Ongole,cattle,Wikimedia Commons,https://upload.wikimedia.org/wikipedia/commons/a/ac/The_Sacred_bull.jpg?utm_source=commons.wikimedia.org&utm_campaign=imageinfo&utm_content=original,https://commons.wikimedia.org/wiki/File%3AThe%20Sacred%20bull.jpg,CC BY-SA 4.0,https://creativecommons.org/licenses/by-sa/4.0,LeelaKrishna Akula,ongole_0023.jpg,raw\cattle\ongole\ongole_0023.jpg,EXISTING,
SRC_CAT_ONGOLE_0024,cow_ongole,Ongole,cattle,Wikimedia Commons,https://upload.wikimedia.org/wikipedia/commons/d/da/%E0%B0%92%E0%B0%82%E0%B0%97%E0%B1%8B%E0%B0%B2%E0%B1%81_%E0%B0%9C%E0%B0%BE%E0%B0%A4%E0%B0%BF_%E0%B0%97%E0%B0%BF%E0%B0%A4%E0%B1%8D%E0%B0%A4%28Bull%29.jpg?utm_source=commons.wikimedia.org&utm_campaign=imageinfo&utm_content=original,https://commons.wikimedia.org/wiki/File%3A%E0%B0%92%E0%B0%82%E0%B0%97%E0%B1%8B%E0%B0%B2%E0%B1%81%20%E0%B0%9C%E0%B0%BE%E0%B0%A4%E0%B0%BF%20%E0%B0%97%E0%B0%BF%E0%B0%A4%E0%B1%8D%E0%B0%A4%28Bull%29.jpg,CC BY-SA 3.0,https://creativecommons.org/licenses/by-sa/3.0,కూచిమంచిప్రసాద్,ongole_0024.jpg,raw\cattle\ongole\ongole_0024.jpg,EXISTING,
SRC_CAT_ONGOLE_0025,cow_ongole,Ongole,cattle,Wikimedia Commons,https://upload.wikimedia.org/wikipedia/commons/4/4c/Nelore_bull.jpg?utm_source=commons.wikimedia.org&utm_campaign=imageinfo&utm_content=original,https://commons.wikimedia.org/wiki/File%3ANelore%20bull.jpg,CC BY-SA 4.0,https://creativecommons.org/licenses/by-sa/4.0,Oleg Yunakov,ongole_0025.jpg,raw\cattle\ongole\ongole_0025.jpg,EXISTING,
SRC_CAT_ONGOLE_0026,cow_ongole,Ongole,cattle,Wikimedia Commons,https://upload.wikimedia.org/wikipedia/commons/c/c3/Nelore_cattle.jpg?utm_source=commons.wikimedia.org&utm_campaign=imageinfo&utm_content=original,https://commons.wikimedia.org/wiki/File%3ANelore%20cattle.jpg,Public domain,,Unknown,ongole_0026.jpg,raw\cattle\ongole\ongole_0026.jpg,EXISTING,
SRC_CAT_ONGOLE_0027,cow_ongole,Ongole,cattle,Wikimedia Commons,https://upload.wikimedia.org/wikipedia/commons/5/58/Nelore_cattle_-_12704248325.jpg?utm_source=commons.wikimedia.org&utm_campaign=imageinfo&utm_content=original,https://commons.wikimedia.org/wiki/File%3ANelore%20cattle%20-%2012704248325.jpg,CC BY 2.0,https://creativecommons.org/licenses/by/2.0,Carlos Ebert,ongole_0027.jpg,raw\cattle\ongole\ongole_0027.jpg,EXISTING,
SRC_CAT_ONGOLE_0028,cow_ongole,Ongole,cattle,Wikimedia Commons,https://upload.wikimedia.org/wikipedia/commons/0/0b/Nelore_cattle_-_12704276665.jpg?utm_source=commons.wikimedia.org&utm_campaign=imageinfo&utm_content=original,https://commons.wikimedia.org/wiki/File%3ANelore%20cattle%20-%2012704276665.jpg,CC BY 2.0,https://creativecommons.org/licenses/by/2.0,Carlos Ebert,ongole_0028.jpg,raw\cattle\ongole\ongole_0028.jpg,EXISTING,
SRC_CAT_ONGOLE_0029,cow_ongole,Ongole,cattle,Wikimedia Commons,https://upload.wikimedia.org/wikipedia/commons/1/1c/Nelore_cattle_Brasil.jpg?utm_source=commons.wikimedia.org&utm_campaign=imageinfo&utm_content=original,https://commons.wikimedia.org/wiki/File%3ANelore%20cattle%20Brasil.jpg,CC BY 2.0,https://creativecommons.org/licenses/by/2.0,Carlos Ebert,ongole_0029.jpg,raw\cattle\ongole\ongole_0029.jpg,EXISTING,
SRC_CAT_PONWAR_0001,cow_ponwar,Ponwar,cattle,Wikimedia Commons,https://upload.wikimedia.org/wikipedia/commons/1/18/Ponwar_01.JPG?utm_source=commons.wikimedia.org&utm_campaign=imageinfo&utm_content=original,https://commons.wikimedia.org/wiki/File%3APonwar%2001.JPG,CC BY-SA 3.0,https://creativecommons.org/licenses/by-sa/3.0,Pavanaja,ponwar_0001.jpg,raw\cattle\ponwar\ponwar_0001.jpg,EXISTING,
SRC_CAT_PONWAR_0002,cow_ponwar,Ponwar,cattle,Wikimedia Commons,https://upload.wikimedia.org/wikipedia/commons/3/38/Ponwar_02.JPG?utm_source=commons.wikimedia.org&utm_campaign=imageinfo&utm_content=original,https://commons.wikimedia.org/wiki/File%3APonwar%2002.JPG,CC BY-SA 3.0,https://creativecommons.org/licenses/by-sa/3.0,Pavanaja,ponwar_0002.jpg,raw\cattle\ponwar\ponwar_0002.jpg,EXISTING,
SRC_CAT_PONWAR_0003,cow_ponwar,Ponwar,cattle,Wikimedia Commons,https://upload.wikimedia.org/wikipedia/commons/9/92/Zebu_Ponwar.jpg?utm_source=commons.wikimedia.org&utm_campaign=imageinfo&utm_content=original,https://commons.wikimedia.org/wiki/File%3AZebu%20Ponwar.jpg,CC0,http://creativecommons.org/publicdomain/zero/1.0/deed.en,Andrianarivelo Rotsy Fitiavana,ponwar_0003.jpg,raw\cattle\ponwar\ponwar_0003.jpg,EXISTING,
SRC_CAT_PUNGANUR_0001,cow_punganur,Punganur,cattle,Wikimedia Commons,https://upload.wikimedia.org/wikipedia/commons/2/2c/MINIATURE_PUNGANURU_CATTLE_TRADE_MARK_REG.jpg?utm_source=commons.wikimedia.org&utm_campaign=imageinfo&utm_content=original,https://commons.wikimedia.org/wiki/File%3AMINIATURE%20PUNGANURU%20CATTLE%20TRADE%20MARK%20REG.jpg,CC0,http://creativecommons.org/publicdomain/zero/1.0/deed.en,Jsuryakiran,punganur_0001.jpg,raw\cattle\punganur\punganur_0001.jpg,EXISTING,
SRC_CAT_PUNGANUR_0002,cow_punganur,Punganur,cattle,Wikimedia Commons,https://upload.wikimedia.org/wikipedia/commons/b/b0/Punganur_bull.jpg?utm_source=commons.wikimedia.org&utm_campaign=imageinfo&utm_content=original,https://commons.wikimedia.org/wiki/File%3APunganur%20bull.jpg,Public domain,,Robert Wallace,punganur_0002.jpg,raw\cattle\punganur\punganur_0002.jpg,EXISTING,
SRC_CAT_PUNGANUR_0003,cow_punganur,Punganur,cattle,Wikimedia Commons,https://upload.wikimedia.org/wikipedia/commons/5/57/Punganur_cattle-1-praba_pet-salem-India.jpg?utm_source=commons.wikimedia.org&utm_campaign=imageinfo&utm_content=original,https://commons.wikimedia.org/wiki/File%3APunganur%20cattle-1-praba%20pet-salem-India.jpg,CC BY-SA 4.0,https://creativecommons.org/licenses/by-sa/4.0,Yercaud-elango,punganur_0003.jpg,raw\cattle\punganur\punganur_0003.jpg,EXISTING,
SRC_CAT_PUNGANUR_0004,cow_punganur,Punganur,cattle,Wikimedia Commons,https://upload.wikimedia.org/wikipedia/commons/8/84/Punganur_cattle-2-praba_pet-salem-India.jpg?utm_source=commons.wikimedia.org&utm_campaign=imageinfo&utm_content=original,https://commons.wikimedia.org/wiki/File%3APunganur%20cattle-2-praba%20pet-salem-India.jpg,CC BY-SA 4.0,https://creativecommons.org/licenses/by-sa/4.0,Yercaud-elango,punganur_0004.jpg,raw\cattle\punganur\punganur_0004.jpg,EXISTING,
SRC_CAT_PUNGANUR_0005,cow_punganur,Punganur,cattle,Wikimedia Commons,https://upload.wikimedia.org/wikipedia/commons/3/3e/Punganur_cattle-3-praba_pet-salem-India.jpg?utm_source=commons.wikimedia.org&utm_campaign=imageinfo&utm_content=original,https://commons.wikimedia.org/wiki/File%3APunganur%20cattle-3-praba%20pet-salem-India.jpg,CC BY-SA 4.0,https://creativecommons.org/licenses/by-sa/4.0,Yercaud-elango,punganur_0005.jpg,raw\cattle\punganur\punganur_0005.jpg,EXISTING,
SRC_CAT_PUNGANUR_0006,cow_punganur,Punganur,cattle,Wikimedia Commons,https://upload.wikimedia.org/wikipedia/commons/f/f5/Punganur_cattle-4-praba_pet-salem-India.jpg?utm_source=commons.wikimedia.org&utm_campaign=imageinfo&utm_content=original,https://commons.wikimedia.org/wiki/File%3APunganur%20cattle-4-praba%20pet-salem-India.jpg,CC BY-SA 4.0,https://creativecommons.org/licenses/by-sa/4.0,Yercaud-elango,punganur_0006.jpg,raw\cattle\punganur\punganur_0006.jpg,EXISTING,
SRC_CAT_PUNGANUR_0007,cow_punganur,Punganur,cattle,Wikimedia Commons,https://upload.wikimedia.org/wikipedia/commons/6/66/Punganur_cattle-5-praba_pet-salem-India.jpg?utm_source=commons.wikimedia.org&utm_campaign=imageinfo&utm_content=original,https://commons.wikimedia.org/wiki/File%3APunganur%20cattle-5-praba%20pet-salem-India.jpg,CC BY-SA 4.0,https://creativecommons.org/licenses/by-sa/4.0,Yercaud-elango,punganur_0007.jpg,raw\cattle\punganur\punganur_0007.jpg,EXISTING,
SRC_CAT_PUNGANUR_0008,cow_punganur,Punganur,cattle,Wikimedia Commons,https://upload.wikimedia.org/wikipedia/commons/3/3d/Punganur_cattle-6-praba_pet-salem-India.jpg?utm_source=commons.wikimedia.org&utm_campaign=imageinfo&utm_content=original,https://commons.wikimedia.org/wiki/File%3APunganur%20cattle-6-praba%20pet-salem-India.jpg,CC BY-SA 4.0,https://creativecommons.org/licenses/by-sa/4.0,Yercaud-elango,punganur_0008.jpg,raw\cattle\punganur\punganur_0008.jpg,EXISTING,
SRC_CAT_PUNGANUR_0009,cow_punganur,Punganur,cattle,Wikimedia Commons,https://upload.wikimedia.org/wikipedia/commons/0/00/Punganur_cattle-7-praba_pet-salem-India.jpg?utm_source=commons.wikimedia.org&utm_campaign=imageinfo&utm_content=original,https://commons.wikimedia.org/wiki/File%3APunganur%20cattle-7-praba%20pet-salem-India.jpg,CC BY-SA 4.0,https://creativecommons.org/licenses/by-sa/4.0,Yercaud-elango,punganur_0009.jpg,raw\cattle\punganur\punganur_0009.jpg,EXISTING,
SRC_CAT_PUNGANUR_0010,cow_punganur,Punganur,cattle,Wikimedia Commons,https://upload.wikimedia.org/wikipedia/commons/e/e5/Punganur_cattle.jpg?utm_source=commons.wikimedia.org&utm_campaign=imageinfo&utm_content=original,https://commons.wikimedia.org/wiki/File%3APunganur%20cattle.jpg,CC BY-SA 4.0,https://creativecommons.org/licenses/by-sa/4.0,Nandhiniraji,punganur_0010.jpg,raw\cattle\punganur\punganur_0010.jpg,EXISTING,
SRC_CAT_PUNGANUR_0011,cow_punganur,Punganur,cattle,Wikimedia Commons,https://upload.wikimedia.org/wikipedia/commons/0/0a/Punganur_cattle_breed.jpg?utm_source=commons.wikimedia.org&utm_campaign=imageinfo&utm_content=original,https://commons.wikimedia.org/wiki/File%3APunganur%20cattle%20breed.jpg,CC BY-SA 4.0,https://creativecommons.org/licenses/by-sa/4.0,Shaikmohammedhafiz,punganur_0011.jpg,raw\cattle\punganur\punganur_0011.jpg,EXISTING,
SRC_CAT_PUNGANUR_0012,cow_punganur,Punganur,cattle,Wikimedia Commons,https://upload.wikimedia.org/wikipedia/commons/7/74/Punganur_cattle_breed_%28cropped%29.jpg?utm_source=commons.wikimedia.org&utm_campaign=imageinfo&utm_content=original,https://commons.wikimedia.org/wiki/File%3APunganur%20cattle%20breed%20%28cropped%29.jpg,CC BY-SA 4.0,https://creativecommons.org/licenses/by-sa/4.0,Shaikmohammedhafiz,punganur_0012.jpg,raw\cattle\punganur\punganur_0012.jpg,EXISTING,
SRC_CAT_PUNGANUR_0013,cow_punganur,Punganur,cattle,Wikimedia Commons,https://upload.wikimedia.org/wikipedia/commons/e/e0/Punganur_city.jpg?utm_source=commons.wikimedia.org&utm_campaign=imageinfo&utm_content=original,https://commons.wikimedia.org/wiki/File%3APunganur%20city.jpg,CC BY-SA 4.0,https://creativecommons.org/licenses/by-sa/4.0,Shaikmohammedhafiz,punganur_0013.jpg,raw\cattle\punganur\punganur_0013.jpg,EXISTING,
SRC_CAT_PUNGANUR_0014,cow_punganur,Punganur,cattle,Wikimedia Commons,https://upload.wikimedia.org/wikipedia/commons/8/82/%E2%80%9CPunganur%E2%80%9D_World%E2%80%99s_smallest_cattle_Breed.jpg?utm_source=commons.wikimedia.org&utm_campaign=imageinfo&utm_content=original,https://commons.wikimedia.org/wiki/File%3A%E2%80%9CPunganur%E2%80%9D%20World%E2%80%99s%20smallest%20cattle%20Breed.jpg,CC BY-SA 4.0,https://creativecommons.org/licenses/by-sa/4.0,Dr Sumit karwa,punganur_0014.jpg,raw\cattle\punganur\punganur_0014.jpg,EXISTING,
SRC_CAT_PUNGANUR_0015,cow_punganur,Punganur,cattle,Wikimedia Commons,https://upload.wikimedia.org/wikipedia/commons/e/e4/Dr._P._Krishnam_Raju.jpg?utm_source=commons.wikimedia.org&utm_campaign=imageinfo&utm_content=original,https://commons.wikimedia.org/wiki/File%3ADr.%20P.%20Krishnam%20Raju.jpg,CC0,http://creativecommons.org/publicdomain/zero/1.0/deed.en,Jsuryakiran,punganur_0015.jpg,raw\cattle\punganur\punganur_0015.jpg,EXISTING,
SRC_CAT_PUNGANUR_0016,cow_punganur,Punganur,cattle,Wikimedia Commons,https://upload.wikimedia.org/wikipedia/commons/2/22/%E2%80%9CPunganur%E2%80%9D_World%E2%80%99s_smallest_cattle_Breed_%28cropped%29.jpg?utm_source=commons.wikimedia.org&utm_campaign=imageinfo&utm_content=original,https://commons.wikimedia.org/wiki/File%3A%E2%80%9CPunganur%E2%80%9D%20World%E2%80%99s%20smallest%20cattle%20Breed%20%28cropped%29.jpg,CC BY-SA 4.0,https://creativecommons.org/licenses/by-sa/4.0,Dr Sumit karwa,punganur_0016.jpg,raw\cattle\punganur\punganur_0016.jpg,EXISTING,
SRC_CAT_RATHI_0001,cow_rathi,Rathi,cattle,Wikimedia Commons,https://upload.wikimedia.org/wikipedia/commons/6/65/Rathi_01.JPG?utm_source=commons.wikimedia.org&utm_campaign=imageinfo&utm_content=original,https://commons.wikimedia.org/wiki/File%3ARathi%2001.JPG,CC BY-SA 3.0,https://creativecommons.org/licenses/by-sa/3.0,Pavanaja,rathi_0001.jpg,raw\cattle\rathi\rathi_0001.jpg,EXISTING,
SRC_CAT_RATHI_0002,cow_rathi,Rathi,cattle,Wikimedia Commons,https://upload.wikimedia.org/wikipedia/commons/8/8c/Rathi_02.JPG?utm_source=commons.wikimedia.org&utm_campaign=imageinfo&utm_content=original,https://commons.wikimedia.org/wiki/File%3ARathi%2002.JPG,CC BY-SA 3.0,https://creativecommons.org/licenses/by-sa/3.0,Pavanaja,rathi_0002.jpg,raw\cattle\rathi\rathi_0002.jpg,EXISTING,
SRC_CAT_RED_KANDHARI_0001,cow_red_kandhari,Red Kandhari,cattle,Wikimedia Commons,https://upload.wikimedia.org/wikipedia/commons/7/79/Red_Kandhari_01.JPG?utm_source=commons.wikimedia.org&utm_campaign=imageinfo&utm_content=original,https://commons.wikimedia.org/wiki/File%3ARed%20Kandhari%2001.JPG,CC BY-SA 3.0,https://creativecommons.org/licenses/by-sa/3.0,Pavanaja,red_kandhari_0001.jpg,raw\cattle\red_kandhari\red_kandhari_0001.jpg,EXISTING,
SRC_CAT_RED_KANDHARI_0002,cow_red_kandhari,Red Kandhari,cattle,Wikimedia Commons,https://upload.wikimedia.org/wikipedia/commons/c/c5/Red_Kandhari_02.JPG?utm_source=commons.wikimedia.org&utm_campaign=imageinfo&utm_content=original,https://commons.wikimedia.org/wiki/File%3ARed%20Kandhari%2002.JPG,CC BY-SA 3.0,https://creativecommons.org/licenses/by-sa/3.0,Pavanaja,red_kandhari_0002.jpg,raw\cattle\red_kandhari\red_kandhari_0002.jpg,EXISTING,
SRC_CAT_RED_KANDHARI_0003,cow_red_kandhari,Red Kandhari,cattle,Wikimedia Commons,https://upload.wikimedia.org/wikipedia/commons/4/49/%E0%A4%B2%E0%A4%BE%E0%A4%B2_%E0%A4%95%E0%A4%82%E0%A4%A7%E0%A4%BE%E0%A4%B0%E0%A5%80_Lal_Kandhari.jpg?utm_source=commons.wikimedia.org&utm_campaign=imageinfo&utm_content=original,https://commons.wikimedia.org/wiki/File%3A%E0%A4%B2%E0%A4%BE%E0%A4%B2%20%E0%A4%95%E0%A4%82%E0%A4%A7%E0%A4%BE%E0%A4%B0%E0%A5%80%20Lal%20Kandhari.jpg,CC BY-SA 4.0,https://creativecommons.org/licenses/by-sa/4.0,MGB_CEE,red_kandhari_0003.jpg,raw\cattle\red_kandhari\red_kandhari_0003.jpg,EXISTING,
SRC_CAT_RED_SINDHI_0001,cow_red_sindhi,Red Sindhi,cattle,Wikimedia Commons,https://upload.wikimedia.org/wikipedia/commons/f/f9/Red_Sindhi_Bull_at_Pakistan.jpg?utm_source=commons.wikimedia.org&utm_campaign=imageinfo&utm_content=original,https://commons.wikimedia.org/wiki/File%3ARed%20Sindhi%20Bull%20at%20Pakistan.jpg,CC BY-SA 4.0,https://creativecommons.org/licenses/by-sa/4.0,LunaticFringe97,red_sindhi_0001.jpg,raw\cattle\red_sindhi\red_sindhi_0001.jpg,EXISTING,
SRC_CAT_RED_SINDHI_0002,cow_red_sindhi,Red Sindhi,cattle,Wikimedia Commons,https://upload.wikimedia.org/wikipedia/commons/6/60/Red_Sindhi_Cow_at_Pakistan.jpg?utm_source=commons.wikimedia.org&utm_campaign=imageinfo&utm_content=original,https://commons.wikimedia.org/wiki/File%3ARed%20Sindhi%20Cow%20at%20Pakistan.jpg,CC BY-SA 4.0,https://creativecommons.org/licenses/by-sa/4.0,LunaticFringe97,red_sindhi_0002.jpg,raw\cattle\red_sindhi\red_sindhi_0002.jpg,EXISTING,
SRC_CAT_RED_SINDHI_0003,cow_red_sindhi,Red Sindhi,cattle,Wikimedia Commons,https://upload.wikimedia.org/wikipedia/commons/c/c3/Red_Sindhi_bull_of_Mohen_Jo_Daro.jpg?utm_source=commons.wikimedia.org&utm_campaign=imageinfo&utm_content=original,https://commons.wikimedia.org/wiki/File%3ARed%20Sindhi%20bull%20of%20Mohen%20Jo%20Daro.jpg,CC BY-SA 4.0,https://creativecommons.org/licenses/by-sa/4.0,JogiAsad,red_sindhi_0003.jpg,raw\cattle\red_sindhi\red_sindhi_0003.jpg,EXISTING,
SRC_CAT_RED_SINDHI_0004,cow_red_sindhi,Red Sindhi,cattle,Wikimedia Commons,https://upload.wikimedia.org/wikipedia/commons/e/e8/Red_Sindhi_calves.jpg?utm_source=commons.wikimedia.org&utm_campaign=imageinfo&utm_content=original,https://commons.wikimedia.org/wiki/File%3ARed%20Sindhi%20calves.jpg,CC BY-SA 4.0,https://creativecommons.org/licenses/by-sa/4.0,Saravanan Durairaj,red_sindhi_0004.jpg,raw\cattle\red_sindhi\red_sindhi_0004.jpg,EXISTING,
SRC_CAT_SAHIWAL_0001,cow_sahiwal,Sahiwal,cattle,Wikimedia Commons,https://upload.wikimedia.org/wikipedia/commons/6/60/COLLECTIE_TROPENMUSEUM_Een_Sahiwal_koe_op_het_Naivasha_Dairy_Research_Station_TMnr_20014519.jpg?utm_source=commons.wikimedia.org&utm_campaign=imageinfo&utm_content=original,https://commons.wikimedia.org/wiki/File%3ACOLLECTIE%20TROPENMUSEUM%20Een%20Sahiwal%20koe%20op%20het%20Naivasha%20Dairy%20Research%20Station%20TMnr%2020014519.jpg,CC BY-SA 3.0,https://creativecommons.org/licenses/by-sa/3.0,Fotograaf / photographer: H.W. (Henk) van Rinsum (Waingapoe 1932),sahiwal_0001.jpg,raw\cattle\sahiwal\sahiwal_0001.jpg,EXISTING,
SRC_CAT_SAHIWAL_0002,cow_sahiwal,Sahiwal,cattle,Wikimedia Commons,https://upload.wikimedia.org/wikipedia/commons/b/bb/COLLECTIE_TROPENMUSEUM_Een_Sahiwal_stier_op_het_Naivasha_Dairy_Research_Station_TMnr_20014517.jpg?utm_source=commons.wikimedia.org&utm_campaign=imageinfo&utm_content=original,https://commons.wikimedia.org/wiki/File%3ACOLLECTIE%20TROPENMUSEUM%20Een%20Sahiwal%20stier%20op%20het%20Naivasha%20Dairy%20Research%20Station%20TMnr%2020014517.jpg,CC BY-SA 3.0,https://creativecommons.org/licenses/by-sa/3.0,Fotograaf / photographer: H.W. (Henk) van Rinsum (Waingapoe 1932),sahiwal_0002.jpg,raw\cattle\sahiwal\sahiwal_0002.jpg,EXISTING,
SRC_CAT_SAHIWAL_0003,cow_sahiwal,Sahiwal,cattle,Wikimedia Commons,https://upload.wikimedia.org/wikipedia/commons/2/25/COLLECTIE_TROPENMUSEUM_Een_circa_dertienjarige_Sahiwal_koe_op_het_Naivasha_Dairy_Research_Station_TMnr_20038780.jpg?utm_source=commons.wikimedia.org&utm_campaign=imageinfo&utm_content=original,https://commons.wikimedia.org/wiki/File%3ACOLLECTIE%20TROPENMUSEUM%20Een%20circa%20dertienjarige%20Sahiwal%20koe%20op%20het%20Naivasha%20Dairy%20Research%20Station%20TMnr%2020038780.jpg,CC BY-SA 3.0,https://creativecommons.org/licenses/by-sa/3.0,Fotograaf / photographer: H.W. (Henk) van Rinsum (Waingapoe 1932),sahiwal_0003.jpg,raw\cattle\sahiwal\sahiwal_0003.jpg,EXISTING,
SRC_CAT_SAHIWAL_0004,cow_sahiwal,Sahiwal,cattle,Wikimedia Commons,https://upload.wikimedia.org/wikipedia/commons/f/fb/COLLECTIE_TROPENMUSEUM_Sahiwal_koe_op_het_Naivasha_Dairy_Research_Station_TMnr_20038779.jpg?utm_source=commons.wikimedia.org&utm_campaign=imageinfo&utm_content=original,https://commons.wikimedia.org/wiki/File%3ACOLLECTIE%20TROPENMUSEUM%20Sahiwal%20koe%20op%20het%20Naivasha%20Dairy%20Research%20Station%20TMnr%2020038779.jpg,CC BY-SA 3.0,https://creativecommons.org/licenses/by-sa/3.0,Unknown,sahiwal_0004.jpg,raw\cattle\sahiwal\sahiwal_0004.jpg,EXISTING,
SRC_CAT_SAHIWAL_0005,cow_sahiwal,Sahiwal,cattle,Wikimedia Commons,https://upload.wikimedia.org/wikipedia/commons/e/e8/COLLECTIE_TROPENMUSEUM_Sahiwal_koeien_wachten_tot_ze_gemolken_worden_op_het_Naivasha_Dairy_Research_Station_TMnr_20038781.jpg?utm_source=commons.wikimedia.org&utm_campaign=imageinfo&utm_content=original,https://commons.wikimedia.org/wiki/File%3ACOLLECTIE%20TROPENMUSEUM%20Sahiwal%20koeien%20wachten%20tot%20ze%20gemolken%20worden%20op%20het%20Naivasha%20Dairy%20Research%20Station%20TMnr%2020038781.jpg,CC BY-SA 3.0,https://creativecommons.org/licenses/by-sa/3.0,Unknown,sahiwal_0005.jpg,raw\cattle\sahiwal\sahiwal_0005.jpg,EXISTING,
SRC_CAT_SAHIWAL_0006,cow_sahiwal,Sahiwal,cattle,Wikimedia Commons,https://upload.wikimedia.org/wikipedia/commons/5/5b/COLLECTIE_TROPENMUSEUM_Vierjarige_Sahiwal_stier_in_de_weide_op_het_Naivasha_Dairy_Research_Station_TMnr_20038778.jpg?utm_source=commons.wikimedia.org&utm_campaign=imageinfo&utm_content=original,https://commons.wikimedia.org/wiki/File%3ACOLLECTIE%20TROPENMUSEUM%20Vierjarige%20Sahiwal%20stier%20in%20de%20weide%20op%20het%20Naivasha%20Dairy%20Research%20Station%20TMnr%2020038778.jpg,CC BY-SA 3.0,https://creativecommons.org/licenses/by-sa/3.0,Unknown,sahiwal_0006.jpg,raw\cattle\sahiwal\sahiwal_0006.jpg,EXISTING,
SRC_CAT_SAHIWAL_0007,cow_sahiwal,Sahiwal,cattle,Wikimedia Commons,https://upload.wikimedia.org/wikipedia/commons/3/3a/COLLECTIE_TROPENMUSEUM_Vierjarige_Sahiwal_stier_in_de_weide_op_het_Naivasha_Dairy_Research_Station_TMnr_20038778_%28cropped%29.jpg?utm_source=commons.wikimedia.org&utm_campaign=imageinfo&utm_content=original,https://commons.wikimedia.org/wiki/File%3ACOLLECTIE%20TROPENMUSEUM%20Vierjarige%20Sahiwal%20stier%20in%20de%20weide%20op%20het%20Naivasha%20Dairy%20Research%20Station%20TMnr%2020038778%20%28cropped%29.jpg,CC BY-SA 3.0,https://creativecommons.org/licenses/by-sa/3.0,Unknown,sahiwal_0007.jpg,raw\cattle\sahiwal\sahiwal_0007.jpg,EXISTING,
SRC_CAT_SAHIWAL_0008,cow_sahiwal,Sahiwal,cattle,Wikimedia Commons,https://upload.wikimedia.org/wikipedia/commons/4/46/COLLECTIE_TROPENMUSEUM_Vierjarige_Sahiwal_stieren_in_de_weide_op_het_Naivasha_Dairy_Research_Station_TMnr_20038777.jpg?utm_source=commons.wikimedia.org&utm_campaign=imageinfo&utm_content=original,https://commons.wikimedia.org/wiki/File%3ACOLLECTIE%20TROPENMUSEUM%20Vierjarige%20Sahiwal%20stieren%20in%20de%20weide%20op%20het%20Naivasha%20Dairy%20Research%20Station%20TMnr%2020038777.jpg,CC BY-SA 3.0,https://creativecommons.org/licenses/by-sa/3.0,Unknown,sahiwal_0008.jpg,raw\cattle\sahiwal\sahiwal_0008.jpg,EXISTING,
SRC_CAT_SAHIWAL_0009,cow_sahiwal,Sahiwal,cattle,Wikimedia Commons,https://upload.wikimedia.org/wikipedia/commons/9/9c/Indian_Sahiwal_Bull.jpg?utm_source=commons.wikimedia.org&utm_campaign=imageinfo&utm_content=original,https://commons.wikimedia.org/wiki/File%3AIndian%20Sahiwal%20Bull.jpg,CC0,http://creativecommons.org/publicdomain/zero/1.0/deed.en,Amogh Tripathi,sahiwal_0009.jpg,raw\cattle\sahiwal\sahiwal_0009.jpg,EXISTING,
SRC_CAT_SAHIWAL_0010,cow_sahiwal,Sahiwal,cattle,Wikimedia Commons,https://upload.wikimedia.org/wikipedia/commons/0/0c/Livestock_carrier_Sahiwal_Express_waiting_in_Darwin_Harbour_-_October_2010.jpg?utm_source=commons.wikimedia.org&utm_campaign=imageinfo&utm_content=original,https://commons.wikimedia.org/wiki/File%3ALivestock%20carrier%20Sahiwal%20Express%20waiting%20in%20Darwin%20Harbour%20-%20October%202010.jpg,CC BY 2.0,https://creativecommons.org/licenses/by/2.0,"Ken Hodge from Darwin, Australia",sahiwal_0010.jpg,raw\cattle\sahiwal\sahiwal_0010.jpg,EXISTING,
SRC_CAT_SAHIWAL_0011,cow_sahiwal,Sahiwal,cattle,Wikimedia Commons,https://upload.wikimedia.org/wikipedia/commons/1/15/Sahiwal-_breed_cow_at_the_dairy_unit_attached_to_Bhai_Ram_Singh_Memorial_%28Gurudwara%29_%2C_Bhaini_Sahib_%2CLudhyana%2C_Punjab_%2CIndia.JPG?utm_source=commons.wikimedia.org&utm_campaign=imageinfo&utm_content=original,https://commons.wikimedia.org/wiki/File%3ASahiwal-%20breed%20cow%20at%20the%20dairy%20unit%20attached%20to%20Bhai%20Ram%20Singh%20Memorial%20%28Gurudwara%29%20%2C%20Bhaini%20Sahib%20%2CLudhyana%2C%20Punjab%20%2CIndia.JPG,CC BY-SA 4.0,https://creativecommons.org/licenses/by-sa/4.0,Harvinder Chandigarh,sahiwal_0011.jpg,raw\cattle\sahiwal\sahiwal_0011.jpg,EXISTING,
SRC_CAT_SAHIWAL_0012,cow_sahiwal,Sahiwal,cattle,Wikimedia Commons,https://upload.wikimedia.org/wikipedia/commons/2/21/Sahiwal_-breed_cow_at_a_dairy_unit_attached_to_Bhai_Ram_Singh_Memorial_Place%2C_Bhaini_Sahib%2Cin_district_Ludhyana_%2CPunjab_India.JPG?utm_source=commons.wikimedia.org&utm_campaign=imageinfo&utm_content=original,https://commons.wikimedia.org/wiki/File%3ASahiwal%20-breed%20cow%20at%20a%20dairy%20unit%20attached%20to%20Bhai%20Ram%20Singh%20Memorial%20Place%2C%20Bhaini%20Sahib%2Cin%20district%20Ludhyana%20%2CPunjab%20India.JPG,CC BY-SA 4.0,https://creativecommons.org/licenses/by-sa/4.0,Harvinder Chandigarh,sahiwal_0012.jpg,raw\cattle\sahiwal\sahiwal_0012.jpg,EXISTING,
SRC_CAT_SAHIWAL_0013,cow_sahiwal,Sahiwal,cattle,Wikimedia Commons,https://upload.wikimedia.org/wikipedia/commons/e/e1/Sahiwal_Cattle.jpg?utm_source=commons.wikimedia.org&utm_campaign=imageinfo&utm_content=original,https://commons.wikimedia.org/wiki/File%3ASahiwal%20Cattle.jpg,CC0,http://creativecommons.org/publicdomain/zero/1.0/deed.en,Tish Madesh,sahiwal_0013.jpg,raw\cattle\sahiwal\sahiwal_0013.jpg,EXISTING,
SRC_CAT_SAHIWAL_0014,cow_sahiwal,Sahiwal,cattle,Wikimedia Commons,https://upload.wikimedia.org/wikipedia/commons/5/59/Sahiwal_Cattle_in_Kenya.jpg?utm_source=commons.wikimedia.org&utm_campaign=imageinfo&utm_content=original,https://commons.wikimedia.org/wiki/File%3ASahiwal%20Cattle%20in%20Kenya.jpg,CC0,http://creativecommons.org/publicdomain/zero/1.0/deed.en,Tish Madesh,sahiwal_0014.jpg,raw\cattle\sahiwal\sahiwal_0014.jpg,EXISTING,
SRC_CAT_SAHIWAL_0015,cow_sahiwal,Sahiwal,cattle,Wikimedia Commons,https://upload.wikimedia.org/wikipedia/commons/6/68/Sahiwal_breed_origion.jpg?utm_source=commons.wikimedia.org&utm_campaign=imageinfo&utm_content=original,https://commons.wikimedia.org/wiki/File%3ASahiwal%20breed%20origion.jpg,CC BY-SA 3.0,https://creativecommons.org/licenses/by-sa/3.0,JunaydAnwar,sahiwal_0015.jpg,raw\cattle\sahiwal\sahiwal_0015.jpg,EXISTING,
SRC_CAT_SAHIWAL_0016,cow_sahiwal,Sahiwal,cattle,Wikimedia Commons,https://upload.wikimedia.org/wikipedia/commons/f/f1/Sahiwal_cows_at_the_dairy_unit_attached_to_Bhai_Ram_Singh_Memorial_%28Gurudwara%29_Bhaini_Sahib%2C_Ludhyana_%2CPunjab%2C_India.JPG?utm_source=commons.wikimedia.org&utm_campaign=imageinfo&utm_content=original,https://commons.wikimedia.org/wiki/File%3ASahiwal%20cows%20at%20the%20dairy%20unit%20attached%20to%20Bhai%20Ram%20Singh%20Memorial%20%28Gurudwara%29%20Bhaini%20Sahib%2C%20Ludhyana%20%2CPunjab%2C%20India.JPG,CC BY-SA 4.0,https://creativecommons.org/licenses/by-sa/4.0,Harvinder Chandigarh,sahiwal_0016.jpg,raw\cattle\sahiwal\sahiwal_0016.jpg,EXISTING,
SRC_CAT_SAHIWAL_0017,cow_sahiwal,Sahiwal,cattle,Wikimedia Commons,https://upload.wikimedia.org/wikipedia/commons/5/52/Sahiwala_01.JPG?utm_source=commons.wikimedia.org&utm_campaign=imageinfo&utm_content=original,https://commons.wikimedia.org/wiki/File%3ASahiwala%2001.JPG,CC BY-SA 3.0,https://creativecommons.org/licenses/by-sa/3.0,Pavanaja,sahiwal_0017.jpg,raw\cattle\sahiwal\sahiwal_0017.jpg,EXISTING,
SRC_CAT_SAHIWAL_0018,cow_sahiwal,Sahiwal,cattle,Wikimedia Commons,https://upload.wikimedia.org/wikipedia/commons/c/c4/Sahiwala_02.JPG?utm_source=commons.wikimedia.org&utm_campaign=imageinfo&utm_content=original,https://commons.wikimedia.org/wiki/File%3ASahiwala%2002.JPG,CC BY-SA 3.0,https://creativecommons.org/licenses/by-sa/3.0,Pavanaja,sahiwal_0018.jpg,raw\cattle\sahiwal\sahiwal_0018.jpg,EXISTING,
SRC_CAT_SAHIWAL_0019,cow_sahiwal,Sahiwal,cattle,Wikimedia Commons,https://upload.wikimedia.org/wikipedia/commons/3/31/Sahiwala_02_%28cropped%29.JPG?utm_source=commons.wikimedia.org&utm_campaign=imageinfo&utm_content=original,https://commons.wikimedia.org/wiki/File%3ASahiwala%2002%20%28cropped%29.JPG,CC BY-SA 3.0,https://creativecommons.org/licenses/by-sa/3.0,Pavanaja,sahiwal_0019.jpg,raw\cattle\sahiwal\sahiwal_0019.jpg,EXISTING,
SRC_CAT_SAHIWAL_0020,cow_sahiwal,Sahiwal,cattle,Wikimedia Commons,https://upload.wikimedia.org/wikipedia/commons/2/20/AFS_cow.jpg?utm_source=commons.wikimedia.org&utm_campaign=imageinfo&utm_content=original,https://commons.wikimedia.org/wiki/File%3AAFS%20cow.jpg,CC BY-SA 3.0,https://creativecommons.org/licenses/by-sa/3.0,Cgoodwin,sahiwal_0020.jpg,raw\cattle\sahiwal\sahiwal_0020.jpg,EXISTING,
SRC_CAT_SAHIWAL_0021,cow_sahiwal,Sahiwal,cattle,Wikimedia Commons,https://upload.wikimedia.org/wikipedia/commons/b/b2/COLLECTIE_TROPENMUSEUM_Een_Sahiwal_koe_wordt_gemolken_op_het_Naivasha_Dairy_Research_Station_TMnr_20014522.jpg?utm_source=commons.wikimedia.org&utm_campaign=imageinfo&utm_content=original,https://commons.wikimedia.org/wiki/File%3ACOLLECTIE%20TROPENMUSEUM%20Een%20Sahiwal%20koe%20wordt%20gemolken%20op%20het%20Naivasha%20Dairy%20Research%20Station%20TMnr%2020014522.jpg,CC BY-SA 3.0,https://creativecommons.org/licenses/by-sa/3.0,Fotograaf / photographer: H.W. (Henk) van Rinsum (Waingapoe 1932),sahiwal_0021.jpg,raw\cattle\sahiwal\sahiwal_0021.jpg,EXISTING,
SRC_CAT_SAHIWAL_0022,cow_sahiwal,Sahiwal,cattle,Wikimedia Commons,https://upload.wikimedia.org/wikipedia/commons/f/f9/Sahiwal_cows.jpg?utm_source=commons.wikimedia.org&utm_campaign=imageinfo&utm_content=original,https://commons.wikimedia.org/wiki/File%3ASahiwal%20cows.jpg,CC0,http://creativecommons.org/publicdomain/zero/1.0/deed.en,Tish Madesh,sahiwal_0022.jpg,raw\cattle\sahiwal\sahiwal_0022.jpg,EXISTING,
SRC_CAT_SIRI_0001,cow_siri,Siri,cattle,Wikimedia Commons,https://upload.wikimedia.org/wikipedia/commons/0/08/3D_Scanning_Malavalli_InscriptionofShivaskandavarma.jpg?utm_source=commons.wikimedia.org&utm_campaign=imageinfo&utm_content=original,https://commons.wikimedia.org/wiki/File%3A3D%20Scanning%20Malavalli%20InscriptionofShivaskandavarma.jpg,CC BY-SA 4.0,https://creativecommons.org/licenses/by-sa/4.0,Bengaluru Inscriptions Digital Conservation Team,siri_0001.jpg,raw\cattle\siri\siri_0001.jpg,EXISTING,
SRC_CAT_SIRI_0002,cow_siri,Siri,cattle,Wikimedia Commons,https://upload.wikimedia.org/wikipedia/commons/c/c2/Cattle_and_snow.jpg?utm_source=commons.wikimedia.org&utm_campaign=imageinfo&utm_content=original,https://commons.wikimedia.org/wiki/File%3ACattle%20and%20snow.jpg,CC BY-SA 4.0,https://creativecommons.org/licenses/by-sa/4.0,MUHAMMAD HUNZALA KHAN,siri_0002.jpg,raw\cattle\siri\siri_0002.jpg,EXISTING,
SRC_CAT_SIRI_0003,cow_siri,Siri,cattle,Wikimedia Commons,https://upload.wikimedia.org/wikipedia/commons/b/b3/Cattle_grazing_on_Siri_Paye.jpg?utm_source=commons.wikimedia.org&utm_campaign=imageinfo&utm_content=original,https://commons.wikimedia.org/wiki/File%3ACattle%20grazing%20on%20Siri%20Paye.jpg,CC BY-SA 4.0,https://creativecommons.org/licenses/by-sa/4.0,Mahnoorrana11,siri_0003.jpg,raw\cattle\siri\siri_0003.jpg,EXISTING,
SRC_CAT_SIRI_0004,cow_siri,Siri,cattle,Wikimedia Commons,https://upload.wikimedia.org/wikipedia/commons/e/e0/Cows_at_Siri-Paye.JPG?utm_source=commons.wikimedia.org&utm_campaign=imageinfo&utm_content=original,https://commons.wikimedia.org/wiki/File%3ACows%20at%20Siri-Paye.JPG,CC BY-SA 3.0,https://creativecommons.org/licenses/by-sa/3.0,Raheel,siri_0004.jpg,raw\cattle\siri\siri_0004.jpg,EXISTING,
SRC_CAT_SIRI_0005,cow_siri,Siri,cattle,Wikimedia Commons,https://upload.wikimedia.org/wikipedia/commons/f/fd/Cows_grazing_at_Siri_Lake.jpg?utm_source=commons.wikimedia.org&utm_campaign=imageinfo&utm_content=original,https://commons.wikimedia.org/wiki/File%3ACows%20grazing%20at%20Siri%20Lake.jpg,CC BY-SA 4.0,https://creativecommons.org/licenses/by-sa/4.0,Bilaliqbal9,siri_0005.jpg,raw\cattle\siri\siri_0005.jpg,EXISTING,
SRC_CAT_SIRI_0006,cow_siri,Siri,cattle,Wikimedia Commons,https://upload.wikimedia.org/wikipedia/commons/1/18/It%27s_hard_use_but_nice_to_hear._made_from_horn_of_cow.jpg?utm_source=commons.wikimedia.org&utm_campaign=imageinfo&utm_content=original,https://commons.wikimedia.org/wiki/File%3AIt%27s%20hard%20use%20but%20nice%20to%20hear.%20made%20from%20horn%20of%20cow.jpg,CC BY-SA 4.0,https://creativecommons.org/licenses/by-sa/4.0,Imani selemani Nsamila,siri_0006.jpg,raw\cattle\siri\siri_0006.jpg,EXISTING,
SRC_CAT_SIRI_0007,cow_siri,Siri,cattle,Wikimedia Commons,https://upload.wikimedia.org/wikipedia/commons/9/96/Locally_bred_cows_at_the_Siri-Paye.JPG?utm_source=commons.wikimedia.org&utm_campaign=imageinfo&utm_content=original,https://commons.wikimedia.org/wiki/File%3ALocally%20bred%20cows%20at%20the%20Siri-Paye.JPG,CC BY-SA 3.0,https://creativecommons.org/licenses/by-sa/3.0,Raheel,siri_0007.jpg,raw\cattle\siri\siri_0007.jpg,EXISTING,
SRC_CAT_SIRI_0008,cow_siri,Siri,cattle,Wikimedia Commons,https://upload.wikimedia.org/wikipedia/commons/b/ba/Meadows_of_Siri_Paye.jpg?utm_source=commons.wikimedia.org&utm_campaign=imageinfo&utm_content=original,https://commons.wikimedia.org/wiki/File%3AMeadows%20of%20Siri%20Paye.jpg,CC BY-SA 4.0,https://creativecommons.org/licenses/by-sa/4.0,Hassaan6,siri_0008.jpg,raw\cattle\siri\siri_0008.jpg,EXISTING,
SRC_CAT_SIRI_0009,cow_siri,Siri,cattle,Wikimedia Commons,https://upload.wikimedia.org/wikipedia/commons/c/c1/Siri_Paye%2CK.P.K%2CPakistan.jpg?utm_source=commons.wikimedia.org&utm_campaign=imageinfo&utm_content=original,https://commons.wikimedia.org/wiki/File%3ASiri%20Paye%2CK.P.K%2CPakistan.jpg,CC BY-SA 4.0,https://creativecommons.org/licenses/by-sa/4.0,Atharpaul,siri_0009.jpg,raw\cattle\siri\siri_0009.jpg,EXISTING,
SRC_CAT_SIRI_0010,cow_siri,Siri,cattle,Wikimedia Commons,https://upload.wikimedia.org/wikipedia/commons/1/14/Siri_Paye_2011_-_AMI_228.jpg?utm_source=commons.wikimedia.org&utm_campaign=imageinfo&utm_content=original,https://commons.wikimedia.org/wiki/File%3ASiri%20Paye%202011%20-%20AMI%20228.jpg,CC BY-SA 4.0,https://creativecommons.org/licenses/by-sa/4.0,Abeer mahboob ilahi,siri_0010.jpg,raw\cattle\siri\siri_0010.jpg,EXISTING,
SRC_CAT_SIRI_0011,cow_siri,Siri,cattle,Wikimedia Commons,https://upload.wikimedia.org/wikipedia/commons/b/b4/Sri_Lanka%2C_Peradeniya_Botanical_Gardens%2C_Bull.jpg?utm_source=commons.wikimedia.org&utm_campaign=imageinfo&utm_content=original,https://commons.wikimedia.org/wiki/File%3ASri%20Lanka%2C%20Peradeniya%20Botanical%20Gardens%2C%20Bull.jpg,CC BY 4.0,https://creativecommons.org/licenses/by/4.0,Vyacheslav Argenberg,siri_0011.jpg,raw\cattle\siri\siri_0011.jpg,EXISTING,
SRC_CAT_SIRI_0012,cow_siri,Siri,cattle,Wikimedia Commons,https://upload.wikimedia.org/wikipedia/commons/9/98/Sri_Lanka%2C_Peradeniya_Botanical_Gardens%2C_White_Bull.jpg?utm_source=commons.wikimedia.org&utm_campaign=imageinfo&utm_content=original,https://commons.wikimedia.org/wiki/File%3ASri%20Lanka%2C%20Peradeniya%20Botanical%20Gardens%2C%20White%20Bull.jpg,CC BY 4.0,https://creativecommons.org/licenses/by/4.0,Vyacheslav Argenberg,siri_0012.jpg,raw\cattle\siri\siri_0012.jpg,EXISTING,
SRC_CAT_SIRI_0013,cow_siri,Siri,cattle,Wikimedia Commons,https://upload.wikimedia.org/wikipedia/commons/c/ce/Siri_-_Tender_leaf_of_coconut_trees_used_for_Bhuta_impersonators.jpg?utm_source=commons.wikimedia.org&utm_campaign=imageinfo&utm_content=original,https://commons.wikimedia.org/wiki/File%3ASiri%20-%20Tender%20leaf%20of%20coconut%20trees%20used%20for%20Bhuta%20impersonators.jpg,CC BY-SA 4.0,https://creativecommons.org/licenses/by-sa/4.0,BHARATHESHA ALASANDEMAJALU,siri_0013.jpg,raw\cattle\siri\siri_0013.jpg,EXISTING,
SRC_CAT_SIRI_0014,cow_siri,Siri,cattle,Wikimedia Commons,https://upload.wikimedia.org/wikipedia/commons/3/36/Siri_-_Tender_leaf_of_coconut_trees_used_for_Mugera_Aati_KAlenja_%281%29.jpg?utm_source=commons.wikimedia.org&utm_campaign=imageinfo&utm_content=original,https://commons.wikimedia.org/wiki/File%3ASiri%20-%20Tender%20leaf%20of%20coconut%20trees%20used%20for%20Mugera%20Aati%20KAlenja%20%281%29.jpg,CC BY-SA 4.0,https://creativecommons.org/licenses/by-sa/4.0,BHARATHESHA ALASANDEMAJALU,siri_0014.jpg,raw\cattle\siri\siri_0014.jpg,EXISTING,
SRC_CAT_SIRI_0015,cow_siri,Siri,cattle,Wikimedia Commons,https://upload.wikimedia.org/wikipedia/commons/5/51/Siri_-_Tender_leaf_of_coconut_trees_used_for_Mugera_Aati_KAlenja_%282%29.jpg?utm_source=commons.wikimedia.org&utm_campaign=imageinfo&utm_content=original,https://commons.wikimedia.org/wiki/File%3ASiri%20-%20Tender%20leaf%20of%20coconut%20trees%20used%20for%20Mugera%20Aati%20KAlenja%20%282%29.jpg,CC BY-SA 4.0,https://creativecommons.org/licenses/by-sa/4.0,BHARATHESHA ALASANDEMAJALU,siri_0015.jpg,raw\cattle\siri\siri_0015.jpg,EXISTING,
SRC_CAT_SIRI_0016,cow_siri,Siri,cattle,Wikimedia Commons,https://upload.wikimedia.org/wikipedia/commons/7/7a/%E0%AE%95%E0%AE%B0%E0%AF%81%E0%AE%B5%E0%AE%BE%E0%AE%95%E0%AF%881.jpg?utm_source=commons.wikimedia.org&utm_campaign=imageinfo&utm_content=original,https://commons.wikimedia.org/wiki/File%3A%E0%AE%95%E0%AE%B0%E0%AF%81%E0%AE%B5%E0%AE%BE%E0%AE%95%E0%AF%881.jpg,Public domain,,Dr.S.Soundarapandian,siri_0016.jpg,raw\cattle\siri\siri_0016.jpg,EXISTING,
SRC_CAT_SIRI_0017,cow_siri,Siri,cattle,Wikimedia Commons,https://upload.wikimedia.org/wikipedia/commons/6/6c/%E0%AE%95%E0%AE%B0%E0%AF%81%E0%AE%B5%E0%AE%BE%E0%AE%95%E0%AF%882.jpg?utm_source=commons.wikimedia.org&utm_campaign=imageinfo&utm_content=original,https://commons.wikimedia.org/wiki/File%3A%E0%AE%95%E0%AE%B0%E0%AF%81%E0%AE%B5%E0%AE%BE%E0%AE%95%E0%AF%882.jpg,Public domain,,Dr.S.Soundarapandian,siri_0017.jpg,raw\cattle\siri\siri_0017.jpg,EXISTING,
SRC_CAT_SIRI_0018,cow_siri,Siri,cattle,Wikimedia Commons,https://upload.wikimedia.org/wikipedia/commons/c/ce/%E0%AE%95%E0%AE%B0%E0%AF%81%E0%AE%B5%E0%AE%BE%E0%AE%95%E0%AF%883.jpg?utm_source=commons.wikimedia.org&utm_campaign=imageinfo&utm_content=original,https://commons.wikimedia.org/wiki/File%3A%E0%AE%95%E0%AE%B0%E0%AF%81%E0%AE%B5%E0%AE%BE%E0%AE%95%E0%AF%883.jpg,Public domain,,Dr.S.Soundarapandian,siri_0018.jpg,raw\cattle\siri\siri_0018.jpg,EXISTING,
SRC_CAT_SIRI_0019,cow_siri,Siri,cattle,Wikimedia Commons,https://upload.wikimedia.org/wikipedia/commons/c/ca/%E0%AE%95%E0%AE%B0%E0%AF%81%E0%AE%B5%E0%AE%BE%E0%AE%95%E0%AF%884.jpg?utm_source=commons.wikimedia.org&utm_campaign=imageinfo&utm_content=original,https://commons.wikimedia.org/wiki/File%3A%E0%AE%95%E0%AE%B0%E0%AF%81%E0%AE%B5%E0%AE%BE%E0%AE%95%E0%AF%884.jpg,Public domain,,Dr.S.Soundarapandian,siri_0019.jpg,raw\cattle\siri\siri_0019.jpg,EXISTING,
SRC_CAT_SIRI_0020,cow_siri,Siri,cattle,Wikimedia Commons,https://upload.wikimedia.org/wikipedia/commons/0/0c/%E0%AE%95%E0%AE%B0%E0%AF%81%E0%AE%B5%E0%AE%BE%E0%AE%95%E0%AF%886.jpg?utm_source=commons.wikimedia.org&utm_campaign=imageinfo&utm_content=original,https://commons.wikimedia.org/wiki/File%3A%E0%AE%95%E0%AE%B0%E0%AF%81%E0%AE%B5%E0%AE%BE%E0%AE%95%E0%AF%886.jpg,Public domain,,Dr.S.Soundarapandian,siri_0020.jpg,raw\cattle\siri\siri_0020.jpg,EXISTING,
SRC_CAT_THARPARKAR_0001,cow_tharparkar,Tharparkar,cattle,Wikimedia Commons,https://upload.wikimedia.org/wikipedia/commons/2/2e/Bug_in_Tharparkar_District.jpg?utm_source=commons.wikimedia.org&utm_campaign=imageinfo&utm_content=original,https://commons.wikimedia.org/wiki/File%3ABug%20in%20Tharparkar%20District.jpg,CC BY-SA 4.0,https://creativecommons.org/licenses/by-sa/4.0,Vikram Nankani,tharparkar_0001.jpg,raw\cattle\tharparkar\tharparkar_0001.jpg,EXISTING,
SRC_CAT_THARPARKAR_0002,cow_tharparkar,Tharparkar,cattle,Wikimedia Commons,https://upload.wikimedia.org/wikipedia/commons/9/91/Daangi_is_used_in_Tharparkar_for_preparing_Maani.jpg?utm_source=commons.wikimedia.org&utm_campaign=imageinfo&utm_content=original,https://commons.wikimedia.org/wiki/File%3ADaangi%20is%20used%20in%20Tharparkar%20for%20preparing%20Maani.jpg,CC BY-SA 4.0,https://creativecommons.org/licenses/by-sa/4.0,Vikram Nankani,tharparkar_0002.jpg,raw\cattle\tharparkar\tharparkar_0002.jpg,EXISTING,
SRC_CAT_THARPARKAR_0003,cow_tharparkar,Tharparkar,cattle,Wikimedia Commons,https://upload.wikimedia.org/wikipedia/commons/5/5c/Donkey-drawn_cart_in_Tharparkar_District%2C_Sindh%2C_Pakistan.jpg?utm_source=commons.wikimedia.org&utm_campaign=imageinfo&utm_content=original,https://commons.wikimedia.org/wiki/File%3ADonkey-drawn%20cart%20in%20Tharparkar%20District%2C%20Sindh%2C%20Pakistan.jpg,CC BY-SA 4.0,https://creativecommons.org/licenses/by-sa/4.0,Hunzographer,tharparkar_0003.jpg,raw\cattle\tharparkar\tharparkar_0003.jpg,EXISTING,
SRC_CAT_THARPARKAR_0004,cow_tharparkar,Tharparkar,cattle,Wikimedia Commons,https://upload.wikimedia.org/wikipedia/commons/6/6c/Gift_for_Tharparkar_towards_innovative_efforts.jpg?utm_source=commons.wikimedia.org&utm_campaign=imageinfo&utm_content=original,https://commons.wikimedia.org/wiki/File%3AGift%20for%20Tharparkar%20towards%20innovative%20efforts.jpg,CC BY-SA 4.0,https://creativecommons.org/licenses/by-sa/4.0,Vikram Nankani,tharparkar_0004.jpg,raw\cattle\tharparkar\tharparkar_0004.jpg,EXISTING,
SRC_CAT_THARPARKAR_0005,cow_tharparkar,Tharparkar,cattle,Wikimedia Commons,https://upload.wikimedia.org/wikipedia/commons/8/8f/Herd_of_Camels_in_Tharparkar_Desert.jpg?utm_source=commons.wikimedia.org&utm_campaign=imageinfo&utm_content=original,https://commons.wikimedia.org/wiki/File%3AHerd%20of%20Camels%20in%20Tharparkar%20Desert.jpg,CC BY-SA 3.0,https://creativecommons.org/licenses/by-sa/3.0,M. Jamil Khan,tharparkar_0005.jpg,raw\cattle\tharparkar\tharparkar_0005.jpg,EXISTING,
SRC_CAT_THARPARKAR_0006,cow_tharparkar,Tharparkar,cattle,Wikimedia Commons,https://upload.wikimedia.org/wikipedia/commons/8/81/Jugaad_in_Tharparkar_for_avoiding_gas_leakage_by_using_heavy_weight_objects.jpg?utm_source=commons.wikimedia.org&utm_campaign=imageinfo&utm_content=original,https://commons.wikimedia.org/wiki/File%3AJugaad%20in%20Tharparkar%20for%20avoiding%20gas%20leakage%20by%20using%20heavy%20weight%20objects.jpg,CC BY-SA 4.0,https://creativecommons.org/licenses/by-sa/4.0,Vikram Nankani,tharparkar_0006.jpg,raw\cattle\tharparkar\tharparkar_0006.jpg,EXISTING,
SRC_CAT_THARPARKAR_0007,cow_tharparkar,Tharparkar,cattle,Wikimedia Commons,https://upload.wikimedia.org/wikipedia/commons/3/3b/Khumbhi_%28local_name_for_mushroom_in_Tharparkar%29.jpg?utm_source=commons.wikimedia.org&utm_campaign=imageinfo&utm_content=original,https://commons.wikimedia.org/wiki/File%3AKhumbhi%20%28local%20name%20for%20mushroom%20in%20Tharparkar%29.jpg,CC BY-SA 4.0,https://creativecommons.org/licenses/by-sa/4.0,Vikram Nankani,tharparkar_0007.jpg,raw\cattle\tharparkar\tharparkar_0007.jpg,EXISTING,
SRC_CAT_THARPARKAR_0008,cow_tharparkar,Tharparkar,cattle,Wikimedia Commons,https://upload.wikimedia.org/wikipedia/commons/d/d9/List_of_Tehsils_in_Tharparkar_as_per_Pakistan_Citizen_Portal.jpg?utm_source=commons.wikimedia.org&utm_campaign=imageinfo&utm_content=original,https://commons.wikimedia.org/wiki/File%3AList%20of%20Tehsils%20in%20Tharparkar%20as%20per%20Pakistan%20Citizen%20Portal.jpg,CC BY-SA 4.0,https://creativecommons.org/licenses/by-sa/4.0,Vikram Nankani,tharparkar_0008.jpg,raw\cattle\tharparkar\tharparkar_0008.jpg,EXISTING,
SRC_CAT_THARPARKAR_0009,cow_tharparkar,Tharparkar,cattle,Wikimedia Commons,https://upload.wikimedia.org/wikipedia/commons/b/bd/Lola_%28Lolo_in_singular%29_prepared_on_Thadri_in_Tharparkar_Sindh.jpg?utm_source=commons.wikimedia.org&utm_campaign=imageinfo&utm_content=original,https://commons.wikimedia.org/wiki/File%3ALola%20%28Lolo%20in%20singular%29%20prepared%20on%20Thadri%20in%20Tharparkar%20Sindh.jpg,CC BY-SA 4.0,https://creativecommons.org/licenses/by-sa/4.0,Vikram Nankani,tharparkar_0009.jpg,raw\cattle\tharparkar\tharparkar_0009.jpg,EXISTING,
SRC_CAT_THARPARKAR_0010,cow_tharparkar,Tharparkar,cattle,Wikimedia Commons,https://upload.wikimedia.org/wikipedia/commons/4/4d/Sattu_prepared_for_Teejdi_%28or_Teej%29_festival_in_Tharparkar%2C_Sindh.jpg?utm_source=commons.wikimedia.org&utm_campaign=imageinfo&utm_content=original,https://commons.wikimedia.org/wiki/File%3ASattu%20prepared%20for%20Teejdi%20%28or%20Teej%29%20festival%20in%20Tharparkar%2C%20Sindh.jpg,CC BY-SA 4.0,https://creativecommons.org/licenses/by-sa/4.0,Vikram Nankani,tharparkar_0010.jpg,raw\cattle\tharparkar\tharparkar_0010.jpg,EXISTING,
SRC_CAT_THARPARKAR_0011,cow_tharparkar,Tharparkar,cattle,Wikimedia Commons,https://upload.wikimedia.org/wikipedia/commons/7/76/School_children_listening_to_unprivileged_son_of_a_milkman_sharing_his_inherited_knowledge_on_cattle_and_goat_in_Tharparkar.jpg?utm_source=commons.wikimedia.org&utm_campaign=imageinfo&utm_content=original,https://commons.wikimedia.org/wiki/File%3ASchool%20children%20listening%20to%20unprivileged%20son%20of%20a%20milkman%20sharing%20his%20inherited%20knowledge%20on%20cattle%20and%20goat%20in%20Tharparkar.jpg,CC BY-SA 4.0,https://creativecommons.org/licenses/by-sa/4.0,Vikram Nankani,tharparkar_0011.jpg,raw\cattle\tharparkar\tharparkar_0011.jpg,EXISTING,
SRC_CAT_THARPARKAR_0012,cow_tharparkar,Tharparkar,cattle,Wikimedia Commons,https://upload.wikimedia.org/wikipedia/commons/8/86/THARPARKAR_SINDH_3.jpg?utm_source=commons.wikimedia.org&utm_campaign=imageinfo&utm_content=original,https://commons.wikimedia.org/wiki/File%3ATHARPARKAR%20SINDH%203.jpg,CC BY-SA 4.0,https://creativecommons.org/licenses/by-sa/4.0,Hunzographer,tharparkar_0012.jpg,raw\cattle\tharparkar\tharparkar_0012.jpg,EXISTING,
SRC_CAT_THARPARKAR_0013,cow_tharparkar,Tharparkar,cattle,Wikimedia Commons,https://upload.wikimedia.org/wikipedia/commons/d/d5/Tharparkar_01.JPG?utm_source=commons.wikimedia.org&utm_campaign=imageinfo&utm_content=original,https://commons.wikimedia.org/wiki/File%3ATharparkar%2001.JPG,CC BY-SA 3.0,https://creativecommons.org/licenses/by-sa/3.0,Pavanaja,tharparkar_0013.jpg,raw\cattle\tharparkar\tharparkar_0013.jpg,EXISTING,
SRC_CAT_THARPARKAR_0014,cow_tharparkar,Tharparkar,cattle,Wikimedia Commons,https://upload.wikimedia.org/wikipedia/commons/d/d5/Tharparkar_02.JPG?utm_source=commons.wikimedia.org&utm_campaign=imageinfo&utm_content=original,https://commons.wikimedia.org/wiki/File%3ATharparkar%2002.JPG,CC BY-SA 3.0,https://creativecommons.org/licenses/by-sa/3.0,Pavanaja,tharparkar_0014.jpg,raw\cattle\tharparkar\tharparkar_0014.jpg,EXISTING,
SRC_CAT_THARPARKAR_0015,cow_tharparkar,Tharparkar,cattle,Wikimedia Commons,https://upload.wikimedia.org/wikipedia/commons/2/2a/Thrones_of_male_cow.jpg?utm_source=commons.wikimedia.org&utm_campaign=imageinfo&utm_content=original,https://commons.wikimedia.org/wiki/File%3AThrones%20of%20male%20cow.jpg,CC BY-SA 4.0,https://creativecommons.org/licenses/by-sa/4.0,Zaferauf,tharparkar_0015.jpg,raw\cattle\tharparkar\tharparkar_0015.jpg,EXISTING,
SRC_CAT_THARPARKAR_0016,cow_tharparkar,Tharparkar,cattle,Wikimedia Commons,https://upload.wikimedia.org/wikipedia/commons/3/37/White_%28Gray%29_Sindhi.jpg?utm_source=commons.wikimedia.org&utm_campaign=imageinfo&utm_content=original,https://commons.wikimedia.org/wiki/File%3AWhite%20%28Gray%29%20Sindhi.jpg,CC BY-SA 4.0,https://creativecommons.org/licenses/by-sa/4.0,JogiAsad,tharparkar_0016.jpg,raw\cattle\tharparkar\tharparkar_0016.jpg,EXISTING,
SRC_CAT_UMBLACHERY_0001,cow_umblachery,Umblachery,cattle,Wikimedia Commons,https://upload.wikimedia.org/wikipedia/commons/b/bf/Kalai_matu.jpg?utm_source=commons.wikimedia.org&utm_campaign=imageinfo&utm_content=original,https://commons.wikimedia.org/wiki/File%3AKalai%20matu.jpg,CC BY-SA 4.0,https://creativecommons.org/licenses/by-sa/4.0,Deepak Official Id,umblachery_0001.jpg,raw\cattle\umblachery\umblachery_0001.jpg,EXISTING,
SRC_CAT_VECHUR_0001,cow_vechur,Vechur,cattle,Wikimedia Commons,https://upload.wikimedia.org/wikipedia/commons/a/a9/Vechoor_cow_-_1.jpeg?utm_source=commons.wikimedia.org&utm_campaign=imageinfo&utm_content=original,https://commons.wikimedia.org/wiki/File%3AVechoor%20cow%20-%201.jpeg,CC BY-SA 3.0,https://creativecommons.org/licenses/by-sa/3.0,Amjithps,vechur_0001.jpg,raw\cattle\vechur\vechur_0001.jpg,EXISTING,
SRC_CAT_VECHUR_0002,cow_vechur,Vechur,cattle,Wikimedia Commons,https://upload.wikimedia.org/wikipedia/commons/4/49/Vechoor_cow_-_2.jpeg?utm_source=commons.wikimedia.org&utm_campaign=imageinfo&utm_content=original,https://commons.wikimedia.org/wiki/File%3AVechoor%20cow%20-%202.jpeg,CC BY-SA 3.0,https://creativecommons.org/licenses/by-sa/3.0,Amjithps,vechur_0002.jpg,raw\cattle\vechur\vechur_0002.jpg,EXISTING,
SRC_CAT_VECHUR_0003,cow_vechur,Vechur,cattle,Wikimedia Commons,https://upload.wikimedia.org/wikipedia/commons/9/92/Vechoor_cow_-_3.jpeg?utm_source=commons.wikimedia.org&utm_campaign=imageinfo&utm_content=original,https://commons.wikimedia.org/wiki/File%3AVechoor%20cow%20-%203.jpeg,CC BY-SA 3.0,https://creativecommons.org/licenses/by-sa/3.0,Amjithps,vechur_0003.jpg,raw\cattle\vechur\vechur_0003.jpg,EXISTING,
SRC_CAT_VECHUR_0004,cow_vechur,Vechur,cattle,Wikimedia Commons,https://upload.wikimedia.org/wikipedia/commons/c/c5/Vechoor_cow_-_4.jpeg?utm_source=commons.wikimedia.org&utm_campaign=imageinfo&utm_content=original,https://commons.wikimedia.org/wiki/File%3AVechoor%20cow%20-%204.jpeg,CC BY-SA 3.0,https://creativecommons.org/licenses/by-sa/3.0,Amjithps,vechur_0004.jpg,raw\cattle\vechur\vechur_0004.jpg,EXISTING,
SRC_CAT_VECHUR_0005,cow_vechur,Vechur,cattle,Wikimedia Commons,https://upload.wikimedia.org/wikipedia/commons/e/e0/Vechoor_cow_-_5.jpeg?utm_source=commons.wikimedia.org&utm_campaign=imageinfo&utm_content=original,https://commons.wikimedia.org/wiki/File%3AVechoor%20cow%20-%205.jpeg,CC BY-SA 3.0,https://creativecommons.org/licenses/by-sa/3.0,Amjithps,vechur_0005.jpg,raw\cattle\vechur\vechur_0005.jpg,EXISTING,
SRC_CAT_VECHUR_0006,cow_vechur,Vechur,cattle,Wikimedia Commons,https://upload.wikimedia.org/wikipedia/commons/7/7f/Vechur_01.JPG?utm_source=commons.wikimedia.org&utm_campaign=imageinfo&utm_content=original,https://commons.wikimedia.org/wiki/File%3AVechur%2001.JPG,CC BY-SA 3.0,https://creativecommons.org/licenses/by-sa/3.0,Pavanaja,vechur_0006.jpg,raw\cattle\vechur\vechur_0006.jpg,EXISTING,
SRC_CAT_VECHUR_0007,cow_vechur,Vechur,cattle,Wikimedia Commons,https://upload.wikimedia.org/wikipedia/commons/b/b5/Vechur_02.JPG?utm_source=commons.wikimedia.org&utm_campaign=imageinfo&utm_content=original,https://commons.wikimedia.org/wiki/File%3AVechur%2002.JPG,CC BY-SA 3.0,https://creativecommons.org/licenses/by-sa/3.0,Pavanaja,vechur_0007.jpg,raw\cattle\vechur\vechur_0007.jpg,EXISTING,
SRC_CAT_VECHUR_0008,cow_vechur,Vechur,cattle,Wikimedia Commons,https://upload.wikimedia.org/wikipedia/commons/1/1f/Vechur_Cattle_-_Bos_indicus_cattle.jpg?utm_source=commons.wikimedia.org&utm_campaign=imageinfo&utm_content=original,https://commons.wikimedia.org/wiki/File%3AVechur%20Cattle%20-%20Bos%20indicus%20cattle.jpg,CC0,http://creativecommons.org/publicdomain/zero/1.0/deed.en,Apurv013,vechur_0008.jpg,raw\cattle\vechur\vechur_0008.jpg,EXISTING,
SRC_CAT_VECHUR_0009,cow_vechur,Vechur,cattle,Wikimedia Commons,https://upload.wikimedia.org/wikipedia/commons/8/88/Vechur_Cattle_-_Bos_indicus_cattle_2.jpg?utm_source=commons.wikimedia.org&utm_campaign=imageinfo&utm_content=original,https://commons.wikimedia.org/wiki/File%3AVechur%20Cattle%20-%20Bos%20indicus%20cattle%202.jpg,CC0,http://creativecommons.org/publicdomain/zero/1.0/deed.en,Apurv013,vechur_0009.jpg,raw\cattle\vechur\vechur_0009.jpg,EXISTING,
SRC_CAT_VECHUR_0010,cow_vechur,Vechur,cattle,Wikimedia Commons,https://upload.wikimedia.org/wikipedia/commons/c/cb/Vechur_Cattle_-_Bos_indicus_cattle_3.jpg?utm_source=commons.wikimedia.org&utm_campaign=imageinfo&utm_content=original,https://commons.wikimedia.org/wiki/File%3AVechur%20Cattle%20-%20Bos%20indicus%20cattle%203.jpg,CC0,http://creativecommons.org/publicdomain/zero/1.0/deed.en,Apurv013,vechur_0010.jpg,raw\cattle\vechur\vechur_0010.jpg,EXISTING,
SRC_CAT_VECHUR_0011,cow_vechur,Vechur,cattle,Wikimedia Commons,https://upload.wikimedia.org/wikipedia/commons/2/24/Vechur_Cattle_1z_.jpg?utm_source=commons.wikimedia.org&utm_campaign=imageinfo&utm_content=original,https://commons.wikimedia.org/wiki/File%3AVechur%20Cattle%201z%20.jpg,CC BY-SA 4.0,https://creativecommons.org/licenses/by-sa/4.0,Anish nellickal,vechur_0011.jpg,raw\cattle\vechur\vechur_0011.jpg,EXISTING,
SRC_CAT_VECHUR_0012,cow_vechur,Vechur,cattle,Wikimedia Commons,https://upload.wikimedia.org/wikipedia/commons/e/e5/Vechur_Cow.jpg?utm_source=commons.wikimedia.org&utm_campaign=imageinfo&utm_content=original,https://commons.wikimedia.org/wiki/File%3AVechur%20Cow.jpg,CC BY-SA 3.0,https://creativecommons.org/licenses/by-sa/3.0,Mullookkaaran,vechur_0012.jpg,raw\cattle\vechur\vechur_0012.jpg,EXISTING,
SRC_CAT_VECHUR_0013,cow_vechur,Vechur,cattle,Wikimedia Commons,https://upload.wikimedia.org/wikipedia/commons/e/e3/Vechur_cattle-1-praba_pet-salem-India.jpg?utm_source=commons.wikimedia.org&utm_campaign=imageinfo&utm_content=original,https://commons.wikimedia.org/wiki/File%3AVechur%20cattle-1-praba%20pet-salem-India.jpg,CC BY-SA 4.0,https://creativecommons.org/licenses/by-sa/4.0,Yercaud-elango,vechur_0013.jpg,raw\cattle\vechur\vechur_0013.jpg,EXISTING,
SRC_CAT_VECHUR_0014,cow_vechur,Vechur,cattle,Wikimedia Commons,https://upload.wikimedia.org/wikipedia/commons/2/2a/Vechur_cattle-2-praba_pet-salem-India.jpg?utm_source=commons.wikimedia.org&utm_campaign=imageinfo&utm_content=original,https://commons.wikimedia.org/wiki/File%3AVechur%20cattle-2-praba%20pet-salem-India.jpg,CC BY-SA 4.0,https://creativecommons.org/licenses/by-sa/4.0,Yercaud-elango,vechur_0014.jpg,raw\cattle\vechur\vechur_0014.jpg,EXISTING,
SRC_CAT_VECHUR_0015,cow_vechur,Vechur,cattle,Wikimedia Commons,https://upload.wikimedia.org/wikipedia/commons/e/ed/Vechur_cattle-3-praba_pet-salem-India.jpg?utm_source=commons.wikimedia.org&utm_campaign=imageinfo&utm_content=original,https://commons.wikimedia.org/wiki/File%3AVechur%20cattle-3-praba%20pet-salem-India.jpg,CC BY-SA 4.0,https://creativecommons.org/licenses/by-sa/4.0,Yercaud-elango,vechur_0015.jpg,raw\cattle\vechur\vechur_0015.jpg,EXISTING,
SRC_CAT_VECHUR_0016,cow_vechur,Vechur,cattle,Wikimedia Commons,https://upload.wikimedia.org/wikipedia/commons/6/60/Vechur_cattle-4-praba_pet-salem-India.jpg?utm_source=commons.wikimedia.org&utm_campaign=imageinfo&utm_content=original,https://commons.wikimedia.org/wiki/File%3AVechur%20cattle-4-praba%20pet-salem-India.jpg,CC BY-SA 4.0,https://creativecommons.org/licenses/by-sa/4.0,Yercaud-elango,vechur_0016.jpg,raw\cattle\vechur\vechur_0016.jpg,EXISTING,
SRC_CAT_VECHUR_0017,cow_vechur,Vechur,cattle,Wikimedia Commons,https://upload.wikimedia.org/wikipedia/commons/3/3c/Vechur_cattle-5-praba_pet-salem-India.jpg?utm_source=commons.wikimedia.org&utm_campaign=imageinfo&utm_content=original,https://commons.wikimedia.org/wiki/File%3AVechur%20cattle-5-praba%20pet-salem-India.jpg,CC BY-SA 4.0,https://creativecommons.org/licenses/by-sa/4.0,Yercaud-elango,vechur_0017.jpg,raw\cattle\vechur\vechur_0017.jpg,EXISTING,
SRC_CAT_VECHUR_0018,cow_vechur,Vechur,cattle,Wikimedia Commons,https://upload.wikimedia.org/wikipedia/commons/8/83/Vechur_cattle-6-praba_pet-salem-India.jpg?utm_source=commons.wikimedia.org&utm_campaign=imageinfo&utm_content=original,https://commons.wikimedia.org/wiki/File%3AVechur%20cattle-6-praba%20pet-salem-India.jpg,CC BY-SA 4.0,https://creativecommons.org/licenses/by-sa/4.0,Yercaud-elango,vechur_0018.jpg,raw\cattle\vechur\vechur_0018.jpg,EXISTING,
SRC_CAT_VECHUR_0019,cow_vechur,Vechur,cattle,Wikimedia Commons,https://upload.wikimedia.org/wikipedia/commons/3/3a/%E0%B4%B5%E0%B5%86%E0%B4%9A%E0%B5%8D%E0%B4%9A%E0%B5%82%E0%B5%BC_%E0%B4%AA%E0%B4%B6%E0%B5%81_Vechur_cow.jpg?utm_source=commons.wikimedia.org&utm_campaign=imageinfo&utm_content=original,https://commons.wikimedia.org/wiki/File%3A%E0%B4%B5%E0%B5%86%E0%B4%9A%E0%B5%8D%E0%B4%9A%E0%B5%82%E0%B5%BC%20%E0%B4%AA%E0%B4%B6%E0%B5%81%20Vechur%20cow.jpg,CC BY-SA 3.0,https://creativecommons.org/licenses/by-sa/3.0,Balakrishnan,vechur_0019.jpg,raw\cattle\vechur\vechur_0019.jpg,EXISTING,
SRC_CAT_MOTU_0001,cow_motu,Motu,cattle,Wikimedia Commons,https://upload.wikimedia.org/wikipedia/commons/7/7a/Hornless_cow.jpg?utm_source=commons.wikimedia.org&utm_campaign=imageinfo&utm_content=original,https://commons.wikimedia.org/wiki/File%3AHornless%20cow.jpg,CC BY-SA 4.0,https://creativecommons.org/licenses/by-sa/4.0,Motu purkait,motu_0001.jpg,raw\cattle\motu\motu_0001.jpg,EXISTING,
SRC_CAT_MOTU_0002,cow_motu,Motu,cattle,Wikimedia Commons,https://upload.wikimedia.org/wikipedia/commons/4/47/View_from_Te_Motu_o_Poutoa.jpg?utm_source=commons.wikimedia.org&utm_campaign=imageinfo&utm_content=original,https://commons.wikimedia.org/wiki/File%3AView%20from%20Te%20Motu%20o%20Poutoa.jpg,CC BY 4.0,https://creativecommons.org/licenses/by/4.0,Ian Matheson City Archives,motu_0002.jpg,raw\cattle\motu\motu_0002.jpg,EXISTING,
SRC_CAT_PULIKULAM_0001,cow_pulikulam,Pulikulam,cattle,Wikimedia Commons,https://upload.wikimedia.org/wikipedia/commons/3/3b/Culture_of_South_India.jpg?utm_source=commons.wikimedia.org&utm_campaign=imageinfo&utm_content=original,https://commons.wikimedia.org/wiki/File%3ACulture%20of%20South%20India.jpg,CC BY-SA 4.0,https://creativecommons.org/licenses/by-sa/4.0,Sundaram Perumal,pulikulam_0001.jpg,raw\cattle\pulikulam\pulikulam_0001.jpg,EXISTING,
SRC_CAT_BELAHI_0001,cow_belahi,Belahi,cattle,Wikimedia Commons,https://upload.wikimedia.org/wikipedia/commons/8/8c/Belahi_gaow_ka_tanki_%289872384043%29_-_panoramio.jpg?utm_source=commons.wikimedia.org&utm_campaign=imageinfo&utm_content=original,https://commons.wikimedia.org/wiki/File%3ABelahi%20gaow%20ka%20tanki%20%289872384043%29%20-%20panoramio.jpg,CC BY 3.0,https://creativecommons.org/licenses/by/3.0,shankarsahu,belahi_0001.jpg,raw\cattle\belahi\belahi_0001.jpg,EXISTING,
SRC_CAT_GANGATIRI_0001,cow_gangatiri,Gangatiri,cattle,Wikimedia Commons,https://upload.wikimedia.org/wikipedia/commons/c/c8/GANGATIRI_REGISTRATION_CERTIFICATE_OF_Dr_J_P_Singh.jpg?utm_source=commons.wikimedia.org&utm_campaign=imageinfo&utm_content=original,https://commons.wikimedia.org/wiki/File%3AGANGATIRI%20REGISTRATION%20CERTIFICATE%20OF%20Dr%20J%20P%20Singh.jpg,CC BY-SA 4.0,https://creativecommons.org/licenses/by-sa/4.0,Drizpi,gangatiri_0001.jpg,raw\cattle\gangatiri\gangatiri_0001.jpg,EXISTING,
SRC_CAT_GANGATIRI_0002,cow_gangatiri,Gangatiri,cattle,Wikimedia Commons,https://upload.wikimedia.org/wikipedia/commons/c/c3/Gangatiri_01.JPG?utm_source=commons.wikimedia.org&utm_campaign=imageinfo&utm_content=original,https://commons.wikimedia.org/wiki/File%3AGangatiri%2001.JPG,CC BY-SA 3.0,https://creativecommons.org/licenses/by-sa/3.0,Pavanaja,gangatiri_0002.jpg,raw\cattle\gangatiri\gangatiri_0002.jpg,EXISTING,
SRC_CAT_GANGATIRI_0003,cow_gangatiri,Gangatiri,cattle,Wikimedia Commons,https://upload.wikimedia.org/wikipedia/commons/4/49/Gangatiri_02.JPG?utm_source=commons.wikimedia.org&utm_campaign=imageinfo&utm_content=original,https://commons.wikimedia.org/wiki/File%3AGangatiri%2002.JPG,CC BY-SA 3.0,https://creativecommons.org/licenses/by-sa/3.0,Pavanaja,gangatiri_0003.jpg,raw\cattle\gangatiri\gangatiri_0003.jpg,EXISTING,
SRC_CAT_GANGATIRI_0004,cow_gangatiri,Gangatiri,cattle,Wikimedia Commons,https://upload.wikimedia.org/wikipedia/commons/e/ec/Gangatiri_cow.jpg?utm_source=commons.wikimedia.org&utm_campaign=imageinfo&utm_content=original,https://commons.wikimedia.org/wiki/File%3AGangatiri%20cow.jpg,CC0,http://creativecommons.org/publicdomain/zero/1.0/deed.en,Sathiyaraj Durai,gangatiri_0004.jpg,raw\cattle\gangatiri\gangatiri_0004.jpg,EXISTING,
SRC_CAT_GANGATIRI_0005,cow_gangatiri,Gangatiri,cattle,Wikimedia Commons,https://upload.wikimedia.org/wikipedia/commons/b/b9/Gangatiri_cow_in_street.jpg?utm_source=commons.wikimedia.org&utm_campaign=imageinfo&utm_content=original,https://commons.wikimedia.org/wiki/File%3AGangatiri%20cow%20in%20street.jpg,CC BY 4.0,https://creativecommons.org/licenses/by/4.0,Kaushlendrapathe,gangatiri_0005.jpg,raw\cattle\gangatiri\gangatiri_0005.jpg,EXISTING,
SRC_CAT_GANGATIRI_0006,cow_gangatiri,Gangatiri,cattle,Wikimedia Commons,https://upload.wikimedia.org/wikipedia/commons/6/6d/REGISTRATION_CERTIFICATE.jpg?utm_source=commons.wikimedia.org&utm_campaign=imageinfo&utm_content=original,https://commons.wikimedia.org/wiki/File%3AREGISTRATION%20CERTIFICATE.jpg,CC BY-SA 4.0,https://creativecommons.org/licenses/by-sa/4.0,Drizpi,gangatiri_0006.jpg,raw\cattle\gangatiri\gangatiri_0006.jpg,EXISTING,
SRC_CAT_GANGATIRI_0007,cow_gangatiri,Gangatiri,cattle,Wikimedia Commons,https://upload.wikimedia.org/wikipedia/commons/4/4b/The_Union_Minister_for_Agriculture%2C_Shri_Radha_Mohan_Singh_addressing_at_the_foundation_stone_laying_ceremony_of_the_Gangatiri_Cows_Conservation_and_Development_Centre%2C_in_Varanasi%2C_Uttar_Pradesh_on_June_15%2C_2015.jpg?utm_source=commons.wikimedia.org&utm_campaign=imageinfo&utm_content=original,https://commons.wikimedia.org/wiki/File%3AThe%20Union%20Minister%20for%20Agriculture%2C%20Shri%20Radha%20Mohan%20Singh%20addressing%20at%20the%20foundation%20stone%20laying%20ceremony%20of%20the%20Gangatiri%20Cows%20Conservation%20and%20Development%20Centre%2C%20in%20Varanasi%2C%20Uttar%20Pradesh%20on%20June%2015%2C%202015.jpg,GODL-India,https://data.gov.in/sites/default/files/Gazette_Notification_OGDL.pdf,Ministry of Agriculture and Farmers' Welfare,gangatiri_0007.jpg,raw\cattle\gangatiri\gangatiri_0007.jpg,EXISTING,
SRC_CAT_GANGATIRI_0008,cow_gangatiri,Gangatiri,cattle,Wikimedia Commons,https://upload.wikimedia.org/wikipedia/commons/d/d3/The_Union_Minister_for_Agriculture%2C_Shri_Radha_Mohan_Singh_laying_the_foundation_stone_of_the_Gangatiri_Cows_Conservation_and_Development_Centre%2C_in_Varanasi%2C_Uttar_Pradesh_on_June_15%2C_2015.jpg?utm_source=commons.wikimedia.org&utm_campaign=imageinfo&utm_content=original,https://commons.wikimedia.org/wiki/File%3AThe%20Union%20Minister%20for%20Agriculture%2C%20Shri%20Radha%20Mohan%20Singh%20laying%20the%20foundation%20stone%20of%20the%20Gangatiri%20Cows%20Conservation%20and%20Development%20Centre%2C%20in%20Varanasi%2C%20Uttar%20Pradesh%20on%20June%2015%2C%202015.jpg,GODL-India,https://data.gov.in/sites/default/files/Gazette_Notification_OGDL.pdf,Ministry of Agriculture and Farmers' Welfare,gangatiri_0008.jpg,raw\cattle\gangatiri\gangatiri_0008.jpg,EXISTING,
SRC_CAT_BADRI_0001,cow_badri,Badri,cattle,Wikimedia Commons,https://upload.wikimedia.org/wikipedia/commons/5/53/Badri-Narayan.jpg?utm_source=commons.wikimedia.org&utm_campaign=imageinfo&utm_content=original,https://commons.wikimedia.org/wiki/File%3ABadri-Narayan.jpg,CC BY 4.0,https://creativecommons.org/licenses/by/4.0,"Jehangir Nicholson Art Foundation, Mumbai",badri_0001.jpg,raw\cattle\badri\badri_0001.jpg,EXISTING,
SRC_CAT_BADRI_0002,cow_badri,Badri,cattle,Wikimedia Commons,https://upload.wikimedia.org/wikipedia/commons/2/25/Badri_Bitsadze_%28July_19%2C_2005%29.jpg?utm_source=commons.wikimedia.org&utm_campaign=imageinfo&utm_content=original,https://commons.wikimedia.org/wiki/File%3ABadri%20Bitsadze%20%28July%2019%2C%202005%29.jpg,Public domain,,US embassy to Georgia,badri_0002.jpg,raw\cattle\badri\badri_0002.jpg,EXISTING,
SRC_CAT_BADRI_0003,cow_badri,Badri,cattle,Wikimedia Commons,https://upload.wikimedia.org/wikipedia/commons/5/54/Badri_Bitsadze_%28July_19%2C_2005%29_2.jpg?utm_source=commons.wikimedia.org&utm_campaign=imageinfo&utm_content=original,https://commons.wikimedia.org/wiki/File%3ABadri%20Bitsadze%20%28July%2019%2C%202005%29%202.jpg,Public domain,,US embassy to Georgia,badri_0003.jpg,raw\cattle\badri\badri_0003.jpg,EXISTING,
SRC_CAT_BADRI_0004,cow_badri,Badri,cattle,Wikimedia Commons,https://upload.wikimedia.org/wikipedia/commons/c/c6/Badri_Patarkatsishvili_IMEDI.jpg?utm_source=commons.wikimedia.org&utm_campaign=imageinfo&utm_content=original,https://commons.wikimedia.org/wiki/File%3ABadri%20Patarkatsishvili%20IMEDI.jpg,CC BY 3.0,https://creativecommons.org/licenses/by/3.0,Trendco,badri_0004.jpg,raw\cattle\badri\badri_0004.jpg,EXISTING,
SRC_CAT_BADRI_0005,cow_badri,Badri,cattle,Wikimedia Commons,https://upload.wikimedia.org/wikipedia/commons/e/ef/Badri_Patarkazischwili.jpg?utm_source=commons.wikimedia.org&utm_campaign=imageinfo&utm_content=original,https://commons.wikimedia.org/wiki/File%3ABadri%20Patarkazischwili.jpg,CC BY 2.0,https://creativecommons.org/licenses/by/2.0,"Paata Vardanashvili from Tbilisi, Georgia",badri_0005.jpg,raw\cattle\badri\badri_0005.jpg,EXISTING,
SRC_CAT_BADRI_0006,cow_badri,Badri,cattle,Wikimedia Commons,https://upload.wikimedia.org/wikipedia/commons/1/1b/Badri_Patarkazischwili_%281%29.jpg?utm_source=commons.wikimedia.org&utm_campaign=imageinfo&utm_content=original,https://commons.wikimedia.org/wiki/File%3ABadri%20Patarkazischwili%20%281%29.jpg,CC BY 2.0,https://creativecommons.org/licenses/by/2.0,"Paata Vardanashvili from Tbilisi, Georgia",badri_0006.jpg,raw\cattle\badri\badri_0006.jpg,EXISTING,
SRC_CAT_BADRI_0007,cow_badri,Badri,cattle,Wikimedia Commons,https://upload.wikimedia.org/wikipedia/commons/1/13/Badri_Patarkazischwili_%28cropped%29.jpg?utm_source=commons.wikimedia.org&utm_campaign=imageinfo&utm_content=original,https://commons.wikimedia.org/wiki/File%3ABadri%20Patarkazischwili%20%28cropped%29.jpg,CC BY 2.0,https://creativecommons.org/licenses/by/2.0,"Paata Vardanashvili from Tbilisi, Georgia",badri_0007.jpg,raw\cattle\badri\badri_0007.jpg,EXISTING,
SRC_CAT_BADRI_0008,cow_badri,Badri,cattle,Wikimedia Commons,https://upload.wikimedia.org/wikipedia/commons/4/4a/Badri_Topuriya_2021.jpg?utm_source=commons.wikimedia.org&utm_campaign=imageinfo&utm_content=original,https://commons.wikimedia.org/wiki/File%3ABadri%20Topuriya%202021.jpg,Public domain,,"English:  Andrew Krizhanovsky
Русский:  Андрей Крижановский",badri_0008.jpg,raw\cattle\badri\badri_0008.jpg,EXISTING,
SRC_CAT_BADRI_0009,cow_badri,Badri,cattle,Wikimedia Commons,https://upload.wikimedia.org/wikipedia/commons/2/2c/Badri_asadi.jpg?utm_source=commons.wikimedia.org&utm_campaign=imageinfo&utm_content=original,https://commons.wikimedia.org/wiki/File%3ABadri%20asadi.jpg,CC BY-SA 4.0,https://creativecommons.org/licenses/by-sa/4.0,Mahya mizzle,badri_0009.jpg,raw\cattle\badri\badri_0009.jpg,EXISTING,
SRC_CAT_BADRI_0010,cow_badri,Badri,cattle,Wikimedia Commons,https://upload.wikimedia.org/wikipedia/commons/0/09/Badri_asadi_as_a_coach.jpg?utm_source=commons.wikimedia.org&utm_campaign=imageinfo&utm_content=original,https://commons.wikimedia.org/wiki/File%3ABadri%20asadi%20as%20a%20coach.jpg,CC BY-SA 4.0,https://creativecommons.org/licenses/by-sa/4.0,Mahya mizzle,badri_0010.jpg,raw\cattle\badri\badri_0010.jpg,EXISTING,
SRC_CAT_BADRI_0011,cow_badri,Badri,cattle,Wikimedia Commons,https://upload.wikimedia.org/wikipedia/commons/0/06/Badri_asadi_gold_medal.jpg?utm_source=commons.wikimedia.org&utm_campaign=imageinfo&utm_content=original,https://commons.wikimedia.org/wiki/File%3ABadri%20asadi%20gold%20medal.jpg,CC BY-SA 4.0,https://creativecommons.org/licenses/by-sa/4.0,Mahya mizzle,badri_0011.jpg,raw\cattle\badri\badri_0011.jpg,EXISTING,
SRC_CAT_BADRI_0012,cow_badri,Badri,cattle,Wikimedia Commons,https://upload.wikimedia.org/wikipedia/commons/3/37/Badri_asadi_in_open_taekwondo_Croatia_tournament.jpg?utm_source=commons.wikimedia.org&utm_campaign=imageinfo&utm_content=original,https://commons.wikimedia.org/wiki/File%3ABadri%20asadi%20in%20open%20taekwondo%20Croatia%20tournament.jpg,CC BY-SA 4.0,https://creativecommons.org/licenses/by-sa/4.0,Mahya mizzle,badri_0012.jpg,raw\cattle\badri\badri_0012.jpg,EXISTING,
SRC_CAT_BADRI_0013,cow_badri,Badri,cattle,Wikimedia Commons,https://upload.wikimedia.org/wikipedia/commons/0/00/Badri_asadi_referee.jpg?utm_source=commons.wikimedia.org&utm_campaign=imageinfo&utm_content=original,https://commons.wikimedia.org/wiki/File%3ABadri%20asadi%20referee.jpg,CC BY-SA 4.0,https://creativecommons.org/licenses/by-sa/4.0,Mahya mizzle,badri_0013.jpg,raw\cattle\badri\badri_0013.jpg,EXISTING,
SRC_CAT_BADRI_0014,cow_badri,Badri,cattle,Wikimedia Commons,https://upload.wikimedia.org/wikipedia/commons/c/c6/El_Badri_mosque1.JPG?utm_source=commons.wikimedia.org&utm_campaign=imageinfo&utm_content=original,https://commons.wikimedia.org/wiki/File%3AEl%20Badri%20mosque1.JPG,Public domain,,Maher A. A. Abdussalam,badri_0014.jpg,raw\cattle\badri\badri_0014.jpg,EXISTING,
SRC_CAT_BADRI_0015,cow_badri,Badri,cattle,Wikimedia Commons,https://upload.wikimedia.org/wikipedia/commons/1/14/El_Badri_mosque2.JPG?utm_source=commons.wikimedia.org&utm_campaign=imageinfo&utm_content=original,https://commons.wikimedia.org/wiki/File%3AEl%20Badri%20mosque2.JPG,Public domain,,Maher A. A. Abdussalam,badri_0015.jpg,raw\cattle\badri\badri_0015.jpg,EXISTING,
SRC_CAT_BADRI_0016,cow_badri,Badri,cattle,Wikimedia Commons,https://upload.wikimedia.org/wikipedia/commons/9/98/Najat_Badri_%26_Salma_Amani.jpg?utm_source=commons.wikimedia.org&utm_campaign=imageinfo&utm_content=original,https://commons.wikimedia.org/wiki/File%3ANajat%20Badri%20%26%20Salma%20Amani.jpg,CC BY-SA 4.0,https://creativecommons.org/licenses/by-sa/4.0,Marouane Hamousse,badri_0016.jpg,raw\cattle\badri\badri_0016.jpg,EXISTING,
SRC_CAT_BADRI_0017,cow_badri,Badri,cattle,Wikimedia Commons,https://upload.wikimedia.org/wikipedia/commons/6/69/Najat_Badri_%28cropped%29.jpg?utm_source=commons.wikimedia.org&utm_campaign=imageinfo&utm_content=original,https://commons.wikimedia.org/wiki/File%3ANajat%20Badri%20%28cropped%29.jpg,CC BY-SA 4.0,https://creativecommons.org/licenses/by-sa/4.0,Marouane Hamousse,badri_0017.jpg,raw\cattle\badri\badri_0017.jpg,EXISTING,
SRC_CAT_BADRI_0018,cow_badri,Badri,cattle,Wikimedia Commons,https://upload.wikimedia.org/wikipedia/commons/5/58/Panch_Badri_Hindu_tirtha_sites%2C_Uttarakhand_India.jpg?utm_source=commons.wikimedia.org&utm_campaign=imageinfo&utm_content=original,https://commons.wikimedia.org/wiki/File%3APanch%20Badri%20Hindu%20tirtha%20sites%2C%20Uttarakhand%20India.jpg,CC0,http://creativecommons.org/publicdomain/zero/1.0/deed.en,Ms Sarah Welch,badri_0018.jpg,raw\cattle\badri\badri_0018.jpg,EXISTING,
SRC_CAT_LADAKHI_0001,cow_ladakhi,Ladakhi,cattle,Wikimedia Commons,https://upload.wikimedia.org/wikipedia/commons/1/1a/Korzok_Monastery_%26_Village_01.jpg?utm_source=commons.wikimedia.org&utm_campaign=imageinfo&utm_content=original,https://commons.wikimedia.org/wiki/File%3AKorzok%20Monastery%20%26%20Village%2001.jpg,CC BY-SA 4.0,https://creativecommons.org/licenses/by-sa/4.0,Deepank Ranka,ladakhi_0001.jpg,raw\cattle\ladakhi\ladakhi_0001.jpg,EXISTING,
SRC_CAT_LADAKHI_0002,cow_ladakhi,Ladakhi,cattle,Wikimedia Commons,https://upload.wikimedia.org/wikipedia/commons/2/2e/Korzok_Monastery_%26_Village_02.jpg?utm_source=commons.wikimedia.org&utm_campaign=imageinfo&utm_content=original,https://commons.wikimedia.org/wiki/File%3AKorzok%20Monastery%20%26%20Village%2002.jpg,CC BY-SA 4.0,https://creativecommons.org/licenses/by-sa/4.0,Deepank Ranka,ladakhi_0002.jpg,raw\cattle\ladakhi\ladakhi_0002.jpg,EXISTING,
SRC_CAT_LADAKHI_0003,cow_ladakhi,Ladakhi,cattle,Wikimedia Commons,https://upload.wikimedia.org/wikipedia/commons/8/88/Korzok_Monastery_%26_Village_03.jpg?utm_source=commons.wikimedia.org&utm_campaign=imageinfo&utm_content=original,https://commons.wikimedia.org/wiki/File%3AKorzok%20Monastery%20%26%20Village%2003.jpg,CC BY-SA 4.0,https://creativecommons.org/licenses/by-sa/4.0,Deepank Ranka,ladakhi_0003.jpg,raw\cattle\ladakhi\ladakhi_0003.jpg,EXISTING,
SRC_CAT_LADAKHI_0004,cow_ladakhi,Ladakhi,cattle,Wikimedia Commons,https://upload.wikimedia.org/wikipedia/commons/5/54/Korzok_Monastery_%26_Village_04.jpg?utm_source=commons.wikimedia.org&utm_campaign=imageinfo&utm_content=original,https://commons.wikimedia.org/wiki/File%3AKorzok%20Monastery%20%26%20Village%2004.jpg,CC BY-SA 4.0,https://creativecommons.org/licenses/by-sa/4.0,Deepank Ranka,ladakhi_0004.jpg,raw\cattle\ladakhi\ladakhi_0004.jpg,EXISTING,
SRC_CAT_LADAKHI_0005,cow_ladakhi,Ladakhi,cattle,Wikimedia Commons,https://upload.wikimedia.org/wikipedia/commons/d/d5/Korzok_Monastery_%26_Village_05.jpg?utm_source=commons.wikimedia.org&utm_campaign=imageinfo&utm_content=original,https://commons.wikimedia.org/wiki/File%3AKorzok%20Monastery%20%26%20Village%2005.jpg,CC BY-SA 4.0,https://creativecommons.org/licenses/by-sa/4.0,Deepank Ranka,ladakhi_0005.jpg,raw\cattle\ladakhi\ladakhi_0005.jpg,EXISTING,
SRC_CAT_NARI_0001,cow_nari,Nari,cattle,Wikimedia Commons,https://upload.wikimedia.org/wikipedia/commons/7/7c/Nari-master-bull.jpg?utm_source=commons.wikimedia.org&utm_campaign=imageinfo&utm_content=original,https://commons.wikimedia.org/wiki/File%3ANari-master-bull.jpg,CC BY-SA 4.0,https://creativecommons.org/licenses/by-sa/4.0,Mazhar khan khajjak,nari_0001.jpg,raw\cattle\nari\nari_0001.jpg,EXISTING,
SRC_CAT_NARI_0002,cow_nari,Nari,cattle,Wikimedia Commons,https://upload.wikimedia.org/wikipedia/commons/4/4f/Nari-master-cow.jpg?utm_source=commons.wikimedia.org&utm_campaign=imageinfo&utm_content=original,https://commons.wikimedia.org/wiki/File%3ANari-master-cow.jpg,CC BY-SA 4.0,https://creativecommons.org/licenses/by-sa/4.0,Mazhar khan khajjak,nari_0002.jpg,raw\cattle\nari\nari_0002.jpg,EXISTING,
SRC_CAT_NARI_0003,cow_nari,Nari,cattle,Wikimedia Commons,https://upload.wikimedia.org/wikipedia/commons/9/9b/Sport_on_the_Nilgiris_and_in_Wynaad_%281911%29_%2814779315501%29.jpg?utm_source=commons.wikimedia.org&utm_campaign=imageinfo&utm_content=original,https://commons.wikimedia.org/wiki/File%3ASport%20on%20the%20Nilgiris%20and%20in%20Wynaad%20%281911%29%20%2814779315501%29.jpg,No restrictions,https://www.flickr.com/commons/usage/,Internet Archive Book Images,nari_0003.jpg,raw\cattle\nari\nari_0003.jpg,EXISTING,
SRC_CAT_SANCHORI_0001,cow_sanchori,Sanchori,cattle,Wikimedia Commons,https://upload.wikimedia.org/wikipedia/commons/2/24/Sanchori_cow_and_calf.jpg?utm_source=commons.wikimedia.org&utm_campaign=imageinfo&utm_content=original,https://commons.wikimedia.org/wiki/File%3ASanchori%20cow%20and%20calf.jpg,CC BY-SA 4.0,https://creativecommons.org/licenses/by-sa/4.0,JPS Hada,sanchori_0001.jpg,raw\cattle\sanchori\sanchori_0001.jpg,EXISTING,
SRC_CAT_MEDINI_0001,cow_medini,Medini,cattle,Wikimedia Commons,https://upload.wikimedia.org/wikipedia/commons/9/9a/AvneyMoreshet-5eddbc5d-Historical_buildings_-_Givat_Haim_Ichud.jpg?utm_source=commons.wikimedia.org&utm_campaign=imageinfo&utm_content=original,https://commons.wikimedia.org/wiki/File%3AAvneyMoreshet-5eddbc5d-Historical%20buildings%20-%20Givat%20Haim%20Ichud.jpg,CC BY-SA 4.0,https://creativecommons.org/licenses/by-sa/4.0,Israel Parker (ישראל פרקר),medini_0001.jpg,raw\cattle\medini\medini_0001.jpg,EXISTING,
SRC_CAT_MEDINI_0002,cow_medini,Medini,cattle,Wikimedia Commons,https://upload.wikimedia.org/wikipedia/commons/f/f6/AvneyMoreshet-72c93dc6-Historical_buildings_-_Givat_Haim_Ichud.jpg?utm_source=commons.wikimedia.org&utm_campaign=imageinfo&utm_content=original,https://commons.wikimedia.org/wiki/File%3AAvneyMoreshet-72c93dc6-Historical%20buildings%20-%20Givat%20Haim%20Ichud.jpg,CC BY-SA 4.0,https://creativecommons.org/licenses/by-sa/4.0,Israel Parker (ישראל פרקר),medini_0002.jpg,raw\cattle\medini\medini_0002.jpg,EXISTING,
SRC_CAT_MEDINI_0003,cow_medini,Medini,cattle,Wikimedia Commons,https://upload.wikimedia.org/wikipedia/commons/0/05/AvneyMoreshet-79a98479-Historical_buildings_-_Givat_Haim_Ichud.jpg?utm_source=commons.wikimedia.org&utm_campaign=imageinfo&utm_content=original,https://commons.wikimedia.org/wiki/File%3AAvneyMoreshet-79a98479-Historical%20buildings%20-%20Givat%20Haim%20Ichud.jpg,CC BY-SA 4.0,https://creativecommons.org/licenses/by-sa/4.0,Israel Preker (ישראל פרקר),medini_0003.jpg,raw\cattle\medini\medini_0003.jpg,EXISTING,
SRC_CAT_KOPPAL_0001,cow_koppal,Koppal,cattle,Wikimedia Commons,https://upload.wikimedia.org/wikipedia/commons/c/ca/KOPPAL_FORT5.JPG?utm_source=commons.wikimedia.org&utm_campaign=imageinfo&utm_content=original,https://commons.wikimedia.org/wiki/File%3AKOPPAL%20FORT5.JPG,CC BY-SA 3.0,https://creativecommons.org/licenses/by-sa/3.0,Ravibhalli,koppal_0001.jpg,raw\cattle\koppal\koppal_0001.jpg,EXISTING,
SRC_CAT_PERIYAR_0001,cow_periyar,Periyar,cattle,Wikimedia Commons,https://upload.wikimedia.org/wikipedia/commons/6/62/Bull-Animals.jpg?utm_source=commons.wikimedia.org&utm_campaign=imageinfo&utm_content=original,https://commons.wikimedia.org/wiki/File%3ABull-Animals.jpg,CC BY-SA 4.0,https://creativecommons.org/licenses/by-sa/4.0,Kumargowri1505,periyar_0001.jpg,raw\cattle\periyar\periyar_0001.jpg,EXISTING,
SRC_CAT_PERIYAR_0002,cow_periyar,Periyar,cattle,Wikimedia Commons,https://upload.wikimedia.org/wikipedia/commons/6/65/Cow_13.jpg?utm_source=commons.wikimedia.org&utm_campaign=imageinfo&utm_content=original,https://commons.wikimedia.org/wiki/File%3ACow%2013.jpg,CC BY-SA 4.0,https://creativecommons.org/licenses/by-sa/4.0,Nishanth Duraisamy,periyar_0002.jpg,raw\cattle\periyar\periyar_0002.jpg,EXISTING,
SRC_CAT_PERIYAR_0003,cow_periyar,Periyar,cattle,Wikimedia Commons,https://upload.wikimedia.org/wikipedia/commons/7/76/Cow_14.jpg?utm_source=commons.wikimedia.org&utm_campaign=imageinfo&utm_content=original,https://commons.wikimedia.org/wiki/File%3ACow%2014.jpg,CC BY-SA 4.0,https://creativecommons.org/licenses/by-sa/4.0,Nishanth Duraisamy,periyar_0003.jpg,raw\cattle\periyar\periyar_0003.jpg,EXISTING,
SRC_CAT_PERIYAR_0004,cow_periyar,Periyar,cattle,Wikimedia Commons,https://upload.wikimedia.org/wikipedia/commons/0/0f/Gaur_%28Indian_Bison%29_at_Periyar_National_Park_%26_Wildlife_Sanctuary.jpg?utm_source=commons.wikimedia.org&utm_campaign=imageinfo&utm_content=original,https://commons.wikimedia.org/wiki/File%3AGaur%20%28Indian%20Bison%29%20at%20Periyar%20National%20Park%20%26%20Wildlife%20Sanctuary.jpg,CC BY-SA 4.0,https://creativecommons.org/licenses/by-sa/4.0,Anand2202,periyar_0004.jpg,raw\cattle\periyar\periyar_0004.jpg,EXISTING,
SRC_CAT_PERIYAR_0005,cow_periyar,Periyar,cattle,Wikimedia Commons,https://upload.wikimedia.org/wikipedia/commons/0/09/New_guest_at_home.jpg?utm_source=commons.wikimedia.org&utm_campaign=imageinfo&utm_content=original,https://commons.wikimedia.org/wiki/File%3ANew%20guest%20at%20home.jpg,CC BY-SA 4.0,https://creativecommons.org/licenses/by-sa/4.0,சௌந்தர்யா சுந்தரம்,periyar_0005.jpg,raw\cattle\periyar\periyar_0005.jpg,EXISTING,
SRC_CAT_PERIYAR_0006,cow_periyar,Periyar,cattle,Wikimedia Commons,https://upload.wikimedia.org/wikipedia/commons/5/58/Shabdkosh_in_lant.jpg?utm_source=commons.wikimedia.org&utm_campaign=imageinfo&utm_content=original,https://commons.wikimedia.org/wiki/File%3AShabdkosh%20in%20lant.jpg,CC BY-SA 4.0,https://creativecommons.org/licenses/by-sa/4.0,Priyamurugesan2306,periyar_0006.jpg,raw\cattle\periyar\periyar_0006.jpg,EXISTING,
SRC_BUF_MURRAH_0001,buffalo_murrah,Murrah,buffalo,ICAR-CIRB,https://cirb.res.in/wp-content/uploads/2026/09/Murrah_female-1.jpg,https://cirb.res.in/buffalo-breeds/,Government Open Access / ICAR-CIRB,https://cirb.res.in,ICAR-Central Institute for Research on Buffaloes,murrah_0001.jpg,raw\buffalo\murrah\murrah_0001.jpg,EXISTING,
SRC_BUF_MURRAH_0002,buffalo_murrah,Murrah,buffalo,ICAR-CIRB,https://cirb.res.in/wp-content/uploads/2026/09/Murrah-male-1-1.jpg,https://cirb.res.in/buffalo-breeds/,Government Open Access / ICAR-CIRB,https://cirb.res.in,ICAR-Central Institute for Research on Buffaloes,murrah_0002.jpg,raw\buffalo\murrah\murrah_0002.jpg,EXISTING,
SRC_BUF_MURRAH_0003,buffalo_murrah,Murrah,buffalo,Wikimedia Commons,https://upload.wikimedia.org/wikipedia/commons/0/0c/A_Murrah_buffalo.jpg?utm_source=commons.wikimedia.org&utm_campaign=imageinfo&utm_content=original,https://commons.wikimedia.org/wiki/File%3AA%20Murrah%20buffalo.jpg,CC BY-SA 4.0,https://creativecommons.org/licenses/by-sa/4.0,Oleg Yunakov,murrah_0003.jpg,raw\buffalo\murrah\murrah_0003.jpg,EXISTING,
SRC_BUF_MURRAH_0004,buffalo_murrah,Murrah,buffalo,Wikimedia Commons,https://upload.wikimedia.org/wikipedia/commons/e/ea/B%C3%BAfalo_Murrah.JPG?utm_source=commons.wikimedia.org&utm_campaign=imageinfo&utm_content=original,https://commons.wikimedia.org/wiki/File%3AB%C3%BAfalo%20Murrah.JPG,CC BY 3.0,https://creativecommons.org/licenses/by/3.0,Paulo Roberto C M Jr.,murrah_0004.jpg,raw\buffalo\murrah\murrah_0004.jpg,EXISTING,
SRC_BUF_MURRAH_0005,buffalo_murrah,Murrah,buffalo,Wikimedia Commons,https://upload.wikimedia.org/wikipedia/commons/8/8e/Murrah_buffalo.JPG?utm_source=commons.wikimedia.org&utm_campaign=imageinfo&utm_content=original,https://commons.wikimedia.org/wiki/File%3AMurrah%20buffalo.JPG,CC BY-SA 3.0,https://creativecommons.org/licenses/by-sa/3.0,Kleomarlo,murrah_0005.jpg,raw\buffalo\murrah\murrah_0005.jpg,EXISTING,
SRC_BUF_MURRAH_0006,buffalo_murrah,Murrah,buffalo,Wikimedia Commons,https://upload.wikimedia.org/wikipedia/commons/d/d5/Murrah_buffalo_-_01.jpg?utm_source=commons.wikimedia.org&utm_campaign=imageinfo&utm_content=original,https://commons.wikimedia.org/wiki/File%3AMurrah%20buffalo%20-%2001.jpg,CC BY-SA 4.0,https://creativecommons.org/licenses/by-sa/4.0,Oleg Yunakov,murrah_0006.jpg,raw\buffalo\murrah\murrah_0006.jpg,EXISTING,
SRC_BUF_MURRAH_0007,buffalo_murrah,Murrah,buffalo,Wikimedia Commons,https://upload.wikimedia.org/wikipedia/commons/b/b9/Murrah_buffalo_-_02.jpg?utm_source=commons.wikimedia.org&utm_campaign=imageinfo&utm_content=original,https://commons.wikimedia.org/wiki/File%3AMurrah%20buffalo%20-%2002.jpg,CC BY-SA 4.0,https://creativecommons.org/licenses/by-sa/4.0,Oleg Yunakov,murrah_0007.jpg,raw\buffalo\murrah\murrah_0007.jpg,EXISTING,
SRC_BUF_MURRAH_0008,buffalo_murrah,Murrah,buffalo,Wikimedia Commons,https://upload.wikimedia.org/wikipedia/commons/0/04/Pcc22jf.JPG?utm_source=commons.wikimedia.org&utm_campaign=imageinfo&utm_content=original,https://commons.wikimedia.org/wiki/File%3APcc22jf.JPG,CC BY-SA 3.0,https://creativecommons.org/licenses/by-sa/3.0,Ramon FVelasquez,murrah_0008.jpg,raw\buffalo\murrah\murrah_0008.jpg,EXISTING,
SRC_BUF_MURRAH_0009,buffalo_murrah,Murrah,buffalo,Wikimedia Commons,https://upload.wikimedia.org/wikipedia/commons/a/ac/Pccjf.JPG?utm_source=commons.wikimedia.org&utm_campaign=imageinfo&utm_content=original,https://commons.wikimedia.org/wiki/File%3APccjf.JPG,CC BY-SA 3.0,https://creativecommons.org/licenses/by-sa/3.0,Ramon FVelasquez,murrah_0009.jpg,raw\buffalo\murrah\murrah_0009.jpg,EXISTING,
SRC_BUF_MURRAH_0010,buffalo_murrah,Murrah,buffalo,Wikimedia Commons,https://upload.wikimedia.org/wikipedia/commons/c/ce/Water_Buffalo001.jpg?utm_source=commons.wikimedia.org&utm_campaign=imageinfo&utm_content=original,https://commons.wikimedia.org/wiki/File%3AWater%20Buffalo001.jpg,CC BY-SA 3.0,https://creativecommons.org/licenses/by-sa/3.0,Utkarshsingh.1992,murrah_0010.jpg,raw\buffalo\murrah\murrah_0010.jpg,EXISTING,
SRC_BUF_MURRAH_0011,buffalo_murrah,Murrah,buffalo,Wikimedia Commons,https://upload.wikimedia.org/wikipedia/commons/2/27/Water_buffalo_bull%2C_near_Mehsana%2C_Gujarat%2C_India%2C_4.jpg?utm_source=commons.wikimedia.org&utm_campaign=imageinfo&utm_content=original,https://commons.wikimedia.org/wiki/File%3AWater%20buffalo%20bull%2C%20near%20Mehsana%2C%20Gujarat%2C%20India%2C%204.jpg,CC BY-SA 4.0,https://creativecommons.org/licenses/by-sa/4.0,Yann Forget,murrah_0011.jpg,raw\buffalo\murrah\murrah_0011.jpg,EXISTING,
SRC_BUF_NILI_RAVI_0001,buffalo_nili_ravi,Nili Ravi,buffalo,ICAR-CIRB,https://cirb.res.in/wp-content/uploads/2026/09/Nilli-Ravi-female.jpg,https://cirb.res.in/buffalo-breeds/,Government Open Access / ICAR-CIRB,https://cirb.res.in,ICAR-Central Institute for Research on Buffaloes,nili_ravi_0001.jpg,raw\buffalo\nili_ravi\nili_ravi_0001.jpg,EXISTING,
SRC_BUF_NILI_RAVI_0002,buffalo_nili_ravi,Nili Ravi,buffalo,ICAR-CIRB,https://cirb.res.in/wp-content/uploads/2026/09/Nili-Ravi-male.jpg,https://cirb.res.in/buffalo-breeds/,Government Open Access / ICAR-CIRB,https://cirb.res.in,ICAR-Central Institute for Research on Buffaloes,nili_ravi_0002.jpg,raw\buffalo\nili_ravi\nili_ravi_0002.jpg,EXISTING,
SRC_BUF_NILI_RAVI_0003,buffalo_nili_ravi,Nili Ravi,buffalo,Wikimedia Commons,https://upload.wikimedia.org/wikipedia/commons/d/d8/Karyotype_of_female_Nili_Ravi_buffalo.png?utm_source=commons.wikimedia.org&utm_campaign=imageinfo&utm_content=original,https://commons.wikimedia.org/wiki/File%3AKaryotype%20of%20female%20Nili%20Ravi%20buffalo.png,CC BY 3.0,https://creativecommons.org/licenses/by/3.0,"Muhammad Dawood, Khalid Javed, Mubin Mustafa kiyani, Ahmad Ali, Muhammad Rifaqat Ameer, Amjad Iqbal, Asad Ali, Ali Haider Saleem

Read more at http://nexusacademicpublishers.com/table_contents_detail/4/337/html",nili_ravi_0003.jpg,raw\buffalo\nili_ravi\nili_ravi_0003.jpg,EXISTING,
SRC_BUF_BHADAWARI_0001,buffalo_bhadawari,Bhadawari,buffalo,ICAR-CIRB,https://cirb.res.in/wp-content/uploads/2026/09/Bhadawari-female.jpg,https://cirb.res.in/buffalo-breeds/,Government Open Access / ICAR-CIRB,https://cirb.res.in,ICAR-Central Institute for Research on Buffaloes,bhadawari_0001.jpg,raw\buffalo\bhadawari\bhadawari_0001.jpg,EXISTING,
SRC_BUF_BHADAWARI_0002,buffalo_bhadawari,Bhadawari,buffalo,ICAR-CIRB,https://cirb.res.in/wp-content/uploads/2026/09/Bhadawari-male.jpg,https://cirb.res.in/buffalo-breeds/,Government Open Access / ICAR-CIRB,https://cirb.res.in,ICAR-Central Institute for Research on Buffaloes,bhadawari_0002.jpg,raw\buffalo\bhadawari\bhadawari_0002.jpg,EXISTING,
SRC_BUF_MEHSANA_0001,buffalo_mehsana,Mehsana,buffalo,ICAR-CIRB,https://cirb.res.in/wp-content/uploads/2026/09/Mehsana-female.jpg,https://cirb.res.in/buffalo-breeds/,Government Open Access / ICAR-CIRB,https://cirb.res.in,ICAR-Central Institute for Research on Buffaloes,mehsana_0001.jpg,raw\buffalo\mehsana\mehsana_0001.jpg,EXISTING,
SRC_BUF_MEHSANA_0002,buffalo_mehsana,Mehsana,buffalo,Wikimedia Commons,https://upload.wikimedia.org/wikipedia/commons/d/d2/Mahesana_Mehsana_New_Railway_Station_MSH.jpg?utm_source=commons.wikimedia.org&utm_campaign=imageinfo&utm_content=original,https://commons.wikimedia.org/wiki/File%3AMahesana%20Mehsana%20New%20Railway%20Station%20MSH.jpg,CC BY-SA 4.0,https://creativecommons.org/licenses/by-sa/4.0,Nizil Shah,mehsana_0002.jpg,raw\buffalo\mehsana\mehsana_0002.jpg,EXISTING,
SRC_BUF_MEHSANA_0003,buffalo_mehsana,Mehsana,buffalo,Wikimedia Commons,https://upload.wikimedia.org/wikipedia/commons/c/c8/Mahesana_railway_station.jpg?utm_source=commons.wikimedia.org&utm_campaign=imageinfo&utm_content=original,https://commons.wikimedia.org/wiki/File%3AMahesana%20railway%20station.jpg,CC BY-SA 4.0,https://creativecommons.org/licenses/by-sa/4.0,Gannu03,mehsana_0003.jpg,raw\buffalo\mehsana\mehsana_0003.jpg,EXISTING,
SRC_BUF_MEHSANA_0004,buffalo_mehsana,Mehsana,buffalo,Wikimedia Commons,https://upload.wikimedia.org/wikipedia/commons/d/db/Mahesana_railway_station_%2824515%29.jpg?utm_source=commons.wikimedia.org&utm_campaign=imageinfo&utm_content=original,https://commons.wikimedia.org/wiki/File%3AMahesana%20railway%20station%20%2824515%29.jpg,CC BY-SA 4.0,https://creativecommons.org/licenses/by-sa/4.0,Gannu03,mehsana_0004.jpg,raw\buffalo\mehsana\mehsana_0004.jpg,EXISTING,
SRC_BUF_MEHSANA_0005,buffalo_mehsana,Mehsana,buffalo,Wikimedia Commons,https://upload.wikimedia.org/wikipedia/commons/1/1b/Water_buffalo_bull%2C_near_Mehsana%2C_Gujarat%2C_India%2C_2.jpg?utm_source=commons.wikimedia.org&utm_campaign=imageinfo&utm_content=original,https://commons.wikimedia.org/wiki/File%3AWater%20buffalo%20bull%2C%20near%20Mehsana%2C%20Gujarat%2C%20India%2C%202.jpg,CC BY-SA 4.0,https://creativecommons.org/licenses/by-sa/4.0,Yann Forget,mehsana_0005.jpg,raw\buffalo\mehsana\mehsana_0005.jpg,EXISTING,
SRC_BUF_MEHSANA_0006,buffalo_mehsana,Mehsana,buffalo,Wikimedia Commons,https://upload.wikimedia.org/wikipedia/commons/3/32/Water_buffalo_bull%2C_near_Mehsana%2C_Gujarat%2C_India%2C_3.jpg?utm_source=commons.wikimedia.org&utm_campaign=imageinfo&utm_content=original,https://commons.wikimedia.org/wiki/File%3AWater%20buffalo%20bull%2C%20near%20Mehsana%2C%20Gujarat%2C%20India%2C%203.jpg,CC BY-SA 4.0,https://creativecommons.org/licenses/by-sa/4.0,Yann Forget,mehsana_0006.jpg,raw\buffalo\mehsana\mehsana_0006.jpg,EXISTING,
SRC_BUF_MEHSANA_0007,buffalo_mehsana,Mehsana,buffalo,Wikimedia Commons,https://upload.wikimedia.org/wikipedia/commons/2/27/Water_buffalo_bull%2C_near_Mehsana%2C_Gujarat%2C_India%2C_4.jpg?utm_source=commons.wikimedia.org&utm_campaign=imageinfo&utm_content=original,https://commons.wikimedia.org/wiki/File%3AWater%20buffalo%20bull%2C%20near%20Mehsana%2C%20Gujarat%2C%20India%2C%204.jpg,CC BY-SA 4.0,https://creativecommons.org/licenses/by-sa/4.0,Yann Forget,mehsana_0007.jpg,raw\buffalo\mehsana\mehsana_0007.jpg,EXISTING,
SRC_BUF_MEHSANA_0008,buffalo_mehsana,Mehsana,buffalo,Wikimedia Commons,https://upload.wikimedia.org/wikipedia/commons/c/cd/Water_buffalo_bull%2C_near_Mehsana%2C_Gujarat%2C_India.jpg?utm_source=commons.wikimedia.org&utm_campaign=imageinfo&utm_content=original,https://commons.wikimedia.org/wiki/File%3AWater%20buffalo%20bull%2C%20near%20Mehsana%2C%20Gujarat%2C%20India.jpg,CC BY-SA 4.0,https://creativecommons.org/licenses/by-sa/4.0,Yann Forget,mehsana_0008.jpg,raw\buffalo\mehsana\mehsana_0008.jpg,EXISTING,
SRC_BUF_MEHSANA_0009,buffalo_mehsana,Mehsana,buffalo,Wikimedia Commons,https://upload.wikimedia.org/wikipedia/commons/5/59/Water_buffalo_calf%2C_near_Mehsana%2C_Gujarat%2C_India.jpg?utm_source=commons.wikimedia.org&utm_campaign=imageinfo&utm_content=original,https://commons.wikimedia.org/wiki/File%3AWater%20buffalo%20calf%2C%20near%20Mehsana%2C%20Gujarat%2C%20India.jpg,CC BY-SA 4.0,https://creativecommons.org/licenses/by-sa/4.0,Yann Forget,mehsana_0009.jpg,raw\buffalo\mehsana\mehsana_0009.jpg,EXISTING,
SRC_BUF_MEHSANA_0010,buffalo_mehsana,Mehsana,buffalo,Wikimedia Commons,https://upload.wikimedia.org/wikipedia/commons/2/26/Water_buffalo_calf_suckling%2C_near_Mehsana%2C_Gujarat%2C_India%2C_2.jpg?utm_source=commons.wikimedia.org&utm_campaign=imageinfo&utm_content=original,https://commons.wikimedia.org/wiki/File%3AWater%20buffalo%20calf%20suckling%2C%20near%20Mehsana%2C%20Gujarat%2C%20India%2C%202.jpg,CC BY-SA 4.0,https://creativecommons.org/licenses/by-sa/4.0,Yann Forget,mehsana_0010.jpg,raw\buffalo\mehsana\mehsana_0010.jpg,EXISTING,
SRC_BUF_MEHSANA_0011,buffalo_mehsana,Mehsana,buffalo,Wikimedia Commons,https://upload.wikimedia.org/wikipedia/commons/a/a6/Water_buffalo_calf_suckling%2C_near_Mehsana%2C_Gujarat%2C_India%2C_3.jpg?utm_source=commons.wikimedia.org&utm_campaign=imageinfo&utm_content=original,https://commons.wikimedia.org/wiki/File%3AWater%20buffalo%20calf%20suckling%2C%20near%20Mehsana%2C%20Gujarat%2C%20India%2C%203.jpg,CC BY-SA 4.0,https://creativecommons.org/licenses/by-sa/4.0,Yann Forget,mehsana_0011.jpg,raw\buffalo\mehsana\mehsana_0011.jpg,EXISTING,
SRC_BUF_MEHSANA_0012,buffalo_mehsana,Mehsana,buffalo,Wikimedia Commons,https://upload.wikimedia.org/wikipedia/commons/2/29/Water_buffalo_calf_suckling%2C_near_Mehsana%2C_Gujarat%2C_India.jpg?utm_source=commons.wikimedia.org&utm_campaign=imageinfo&utm_content=original,https://commons.wikimedia.org/wiki/File%3AWater%20buffalo%20calf%20suckling%2C%20near%20Mehsana%2C%20Gujarat%2C%20India.jpg,CC BY-SA 4.0,https://creativecommons.org/licenses/by-sa/4.0,Yann Forget,mehsana_0012.jpg,raw\buffalo\mehsana\mehsana_0012.jpg,EXISTING,
SRC_BUF_MEHSANA_0013,buffalo_mehsana,Mehsana,buffalo,Wikimedia Commons,https://upload.wikimedia.org/wikipedia/commons/8/89/Water_buffalo_with_suckling_calf%2C_near_Mehsana%2C_Gujarat%2C_India.jpg?utm_source=commons.wikimedia.org&utm_campaign=imageinfo&utm_content=original,https://commons.wikimedia.org/wiki/File%3AWater%20buffalo%20with%20suckling%20calf%2C%20near%20Mehsana%2C%20Gujarat%2C%20India.jpg,CC BY-SA 4.0,https://creativecommons.org/licenses/by-sa/4.0,Yann Forget,mehsana_0013.jpg,raw\buffalo\mehsana\mehsana_0013.jpg,EXISTING,
SRC_BUF_SURTI_0001,buffalo_surti,Surti,buffalo,ICAR-CIRB,https://cirb.res.in/wp-content/uploads/2026/09/Surti-female-1.jpg,https://cirb.res.in/buffalo-breeds/,Government Open Access / ICAR-CIRB,https://cirb.res.in,ICAR-Central Institute for Research on Buffaloes,surti_0001.jpg,raw\buffalo\surti\surti_0001.jpg,EXISTING,
SRC_BUF_SURTI_0002,buffalo_surti,Surti,buffalo,ICAR-CIRB,https://cirb.res.in/wp-content/uploads/2026/09/Surti_Male-1.jpg,https://cirb.res.in/buffalo-breeds/,Government Open Access / ICAR-CIRB,https://cirb.res.in,ICAR-Central Institute for Research on Buffaloes,surti_0002.jpg,raw\buffalo\surti\surti_0002.jpg,EXISTING,
SRC_BUF_SURTI_0003,buffalo_surti,Surti,buffalo,Wikimedia Commons,https://upload.wikimedia.org/wikipedia/commons/d/d1/2016_Rangun%2C_Centrum%2C_Meczet_Surti_Sunni_Jamah_%2801%29.jpg?utm_source=commons.wikimedia.org&utm_campaign=imageinfo&utm_content=original,https://commons.wikimedia.org/wiki/File%3A2016%20Rangun%2C%20Centrum%2C%20Meczet%20Surti%20Sunni%20Jamah%20%2801%29.jpg,CC BY-SA 4.0,https://creativecommons.org/licenses/by-sa/4.0,Marcin Konsek,surti_0003.jpg,raw\buffalo\surti\surti_0003.jpg,EXISTING,
SRC_BUF_SURTI_0004,buffalo_surti,Surti,buffalo,Wikimedia Commons,https://upload.wikimedia.org/wikipedia/commons/3/31/2016_Rangun%2C_Centrum%2C_Meczet_Surti_Sunni_Jamah_%2802%29.jpg?utm_source=commons.wikimedia.org&utm_campaign=imageinfo&utm_content=original,https://commons.wikimedia.org/wiki/File%3A2016%20Rangun%2C%20Centrum%2C%20Meczet%20Surti%20Sunni%20Jamah%20%2802%29.jpg,CC BY-SA 4.0,https://creativecommons.org/licenses/by-sa/4.0,Marcin Konsek,surti_0004.jpg,raw\buffalo\surti\surti_0004.jpg,EXISTING,
SRC_BUF_SURTI_0005,buffalo_surti,Surti,buffalo,Wikimedia Commons,https://upload.wikimedia.org/wikipedia/commons/0/04/2016_Rangun%2C_Centrum%2C_Meczet_Surti_Sunni_Jamah_%2803%29.jpg?utm_source=commons.wikimedia.org&utm_campaign=imageinfo&utm_content=original,https://commons.wikimedia.org/wiki/File%3A2016%20Rangun%2C%20Centrum%2C%20Meczet%20Surti%20Sunni%20Jamah%20%2803%29.jpg,CC BY-SA 4.0,https://creativecommons.org/licenses/by-sa/4.0,Marcin Konsek,surti_0005.jpg,raw\buffalo\surti\surti_0005.jpg,EXISTING,
SRC_BUF_SURTI_0006,buffalo_surti,Surti,buffalo,Wikimedia Commons,https://upload.wikimedia.org/wikipedia/commons/4/4c/2016_Rangun%2C_Centrum%2C_Meczet_Surti_Sunni_Jamah_%2804%29.jpg?utm_source=commons.wikimedia.org&utm_campaign=imageinfo&utm_content=original,https://commons.wikimedia.org/wiki/File%3A2016%20Rangun%2C%20Centrum%2C%20Meczet%20Surti%20Sunni%20Jamah%20%2804%29.jpg,CC BY-SA 4.0,https://creativecommons.org/licenses/by-sa/4.0,Marcin Konsek,surti_0006.jpg,raw\buffalo\surti\surti_0006.jpg,EXISTING,
SRC_BUF_SURTI_0007,buffalo_surti,Surti,buffalo,Wikimedia Commons,https://upload.wikimedia.org/wikipedia/commons/8/82/2016_Rangun%2C_Centrum%2C_Meczet_Surti_Sunni_Jamah_%2805%29.jpg?utm_source=commons.wikimedia.org&utm_campaign=imageinfo&utm_content=original,https://commons.wikimedia.org/wiki/File%3A2016%20Rangun%2C%20Centrum%2C%20Meczet%20Surti%20Sunni%20Jamah%20%2805%29.jpg,CC BY-SA 4.0,https://creativecommons.org/licenses/by-sa/4.0,Marcin Konsek,surti_0007.jpg,raw\buffalo\surti\surti_0007.jpg,EXISTING,
SRC_BUF_SURTI_0008,buffalo_surti,Surti,buffalo,Wikimedia Commons,https://upload.wikimedia.org/wikipedia/commons/0/06/2016_Rangun%2C_Meczet_Surti_Sunni_Jamah_%2801%29.jpg?utm_source=commons.wikimedia.org&utm_campaign=imageinfo&utm_content=original,https://commons.wikimedia.org/wiki/File%3A2016%20Rangun%2C%20Meczet%20Surti%20Sunni%20Jamah%20%2801%29.jpg,CC BY-SA 4.0,https://creativecommons.org/licenses/by-sa/4.0,Marcin Konsek,surti_0008.jpg,raw\buffalo\surti\surti_0008.jpg,EXISTING,
SRC_BUF_SURTI_0009,buffalo_surti,Surti,buffalo,Wikimedia Commons,https://upload.wikimedia.org/wikipedia/commons/a/a6/2016_Rangun%2C_Meczet_Surti_Sunni_Jamah_%2802%29.jpg?utm_source=commons.wikimedia.org&utm_campaign=imageinfo&utm_content=original,https://commons.wikimedia.org/wiki/File%3A2016%20Rangun%2C%20Meczet%20Surti%20Sunni%20Jamah%20%2802%29.jpg,CC BY-SA 4.0,https://creativecommons.org/licenses/by-sa/4.0,Marcin Konsek,surti_0009.jpg,raw\buffalo\surti\surti_0009.jpg,EXISTING,
SRC_BUF_SURTI_0010,buffalo_surti,Surti,buffalo,Wikimedia Commons,https://upload.wikimedia.org/wikipedia/commons/3/34/Aabid_Surti_of_Cartoon_Kona_Dabbuji_Fame_Dharamyug.jpg?utm_source=commons.wikimedia.org&utm_campaign=imageinfo&utm_content=original,https://commons.wikimedia.org/wiki/File%3AAabid%20Surti%20of%20Cartoon%20Kona%20Dabbuji%20Fame%20Dharamyug.jpg,CC BY-SA 4.0,https://creativecommons.org/licenses/by-sa/4.0,CreativoCamaal of Lens Naayak Photography,surti_0010.jpg,raw\buffalo\surti\surti_0010.jpg,EXISTING,
SRC_BUF_SURTI_0011,buffalo_surti,Surti,buffalo,Wikimedia Commons,https://upload.wikimedia.org/wikipedia/commons/3/37/Illuminating_night_-_Surti_jama_Mosque_2017.jpg?utm_source=commons.wikimedia.org&utm_campaign=imageinfo&utm_content=original,https://commons.wikimedia.org/wiki/File%3AIlluminating%20night%20-%20Surti%20jama%20Mosque%202017.jpg,CC BY 2.0,https://creativecommons.org/licenses/by/2.0,"beasolotraveler

Email:-beasolotraveler@gmail.com",surti_0011.jpg,raw\buffalo\surti\surti_0011.jpg,EXISTING,
SRC_BUF_SURTI_0012,buffalo_surti,Surti,buffalo,Wikimedia Commons,https://upload.wikimedia.org/wikipedia/commons/c/cd/Indian_Food_Surti_Locho.jpg?utm_source=commons.wikimedia.org&utm_campaign=imageinfo&utm_content=original,https://commons.wikimedia.org/wiki/File%3AIndian%20Food%20Surti%20Locho.jpg,CC BY-SA 4.0,https://creativecommons.org/licenses/by-sa/4.0,Jayu Prajapati,surti_0012.jpg,raw\buffalo\surti\surti_0012.jpg,EXISTING,
SRC_BUF_SURTI_0013,buffalo_surti,Surti,buffalo,Wikimedia Commons,https://upload.wikimedia.org/wikipedia/commons/1/11/Mehul_Surti_At_Gujarat_Literature_Festival.jpg?utm_source=commons.wikimedia.org&utm_campaign=imageinfo&utm_content=original,https://commons.wikimedia.org/wiki/File%3AMehul%20Surti%20At%20Gujarat%20Literature%20Festival.jpg,CC BY-SA 4.0,https://creativecommons.org/licenses/by-sa/4.0,Imfarhad7 (Camera owner: A. M. Pathan),surti_0013.jpg,raw\buffalo\surti\surti_0013.jpg,EXISTING,
SRC_BUF_SURTI_0014,buffalo_surti,Surti,buffalo,Wikimedia Commons,https://upload.wikimedia.org/wikipedia/commons/6/62/Rafael_de_Surtis.jpg?utm_source=commons.wikimedia.org&utm_campaign=imageinfo&utm_content=original,https://commons.wikimedia.org/wiki/File%3ARafael%20de%20Surtis.jpg,CC BY-SA 4.0,https://creativecommons.org/licenses/by-sa/4.0,Eleacoblan,surti_0014.jpg,raw\buffalo\surti\surti_0014.jpg,EXISTING,
SRC_BUF_SURTI_0015,buffalo_surti,Surti,buffalo,Wikimedia Commons,https://upload.wikimedia.org/wikipedia/commons/7/74/RafaeldeSurtis.jpg?utm_source=commons.wikimedia.org&utm_campaign=imageinfo&utm_content=original,https://commons.wikimedia.org/wiki/File%3ARafaeldeSurtis.jpg,CC BY-SA 4.0,https://creativecommons.org/licenses/by-sa/4.0,Eleacoblan,surti_0015.jpg,raw\buffalo\surti\surti_0015.jpg,EXISTING,
SRC_BUF_SURTI_0016,buffalo_surti,Surti,buffalo,Wikimedia Commons,https://upload.wikimedia.org/wikipedia/commons/6/68/Rajeev-Surti.jpg?utm_source=commons.wikimedia.org&utm_campaign=imageinfo&utm_content=original,https://commons.wikimedia.org/wiki/File%3ARajeev-Surti.jpg,CC BY-SA 4.0,https://creativecommons.org/licenses/by-sa/4.0,Jitendrasoni1312,surti_0016.jpg,raw\buffalo\surti\surti_0016.jpg,EXISTING,
SRC_BUF_SURTI_0017,buffalo_surti,Surti,buffalo,Wikimedia Commons,https://upload.wikimedia.org/wikipedia/commons/3/32/Surti-Locha.JPG?utm_source=commons.wikimedia.org&utm_campaign=imageinfo&utm_content=original,https://commons.wikimedia.org/wiki/File%3ASurti-Locha.JPG,CC BY-SA 4.0,https://creativecommons.org/licenses/by-sa/4.0,Vimal 10392,surti_0017.jpg,raw\buffalo\surti\surti_0017.jpg,EXISTING,
SRC_BUF_SURTI_0018,buffalo_surti,Surti,buffalo,Wikimedia Commons,https://upload.wikimedia.org/wikipedia/commons/e/e2/Surti_Aloopuri.png?utm_source=commons.wikimedia.org&utm_campaign=imageinfo&utm_content=original,https://commons.wikimedia.org/wiki/File%3ASurti%20Aloopuri.png,CC BY-SA 4.0,https://creativecommons.org/licenses/by-sa/4.0,Craighalles,surti_0018.jpg,raw\buffalo\surti\surti_0018.jpg,EXISTING,
SRC_BUF_SURTI_0019,buffalo_surti,Surti,buffalo,Wikimedia Commons,https://upload.wikimedia.org/wikipedia/commons/f/f0/Surti_Ghari.jpg?utm_source=commons.wikimedia.org&utm_campaign=imageinfo&utm_content=original,https://commons.wikimedia.org/wiki/File%3ASurti%20Ghari.jpg,CC BY-SA 4.0,https://creativecommons.org/licenses/by-sa/4.0,Modinainesh,surti_0019.jpg,raw\buffalo\surti\surti_0019.jpg,EXISTING,
SRC_BUF_SURTI_0020,buffalo_surti,Surti,buffalo,Wikimedia Commons,https://upload.wikimedia.org/wikipedia/commons/e/ee/Surti_Roy.png?utm_source=commons.wikimedia.org&utm_campaign=imageinfo&utm_content=original,https://commons.wikimedia.org/wiki/File%3ASurti%20Roy.png,CC0,http://creativecommons.org/publicdomain/zero/1.0/deed.en,Subodh Roy,surti_0020.jpg,raw\buffalo\surti\surti_0020.jpg,EXISTING,
SRC_BUF_SURTI_0021,buffalo_surti,Surti,buffalo,Wikimedia Commons,https://upload.wikimedia.org/wikipedia/commons/1/17/Surti_locho.png?utm_source=commons.wikimedia.org&utm_campaign=imageinfo&utm_content=original,https://commons.wikimedia.org/wiki/File%3ASurti%20locho.png,CC BY-SA 3.0,https://creativecommons.org/licenses/by-sa/3.0,बृहस्पति,surti_0021.jpg,raw\buffalo\surti\surti_0021.jpg,EXISTING,
SRC_BUF_JAFFARABADI_0001,buffalo_jaffarabadi,Jaffarabadi,buffalo,Wikimedia Commons,https://upload.wikimedia.org/wikipedia/commons/c/c1/Jafarabadi_buffalo_in_village.jpg?utm_source=commons.wikimedia.org&utm_campaign=imageinfo&utm_content=original,https://commons.wikimedia.org/wiki/File%3AJafarabadi%20buffalo%20in%20village.jpg,CC BY-SA 4.0,https://creativecommons.org/licenses/by-sa/4.0,संतोष गोरे,jaffarabadi_0001.jpg,raw\buffalo\jaffarabadi\jaffarabadi_0001.jpg,EXISTING,
SRC_BUF_NAGPURI_0001,buffalo_nagpuri,Nagpuri,buffalo,Wikimedia Commons,https://upload.wikimedia.org/wikipedia/commons/f/ff/Baba_tajuddin_nagpuri_darbar.jpg?utm_source=commons.wikimedia.org&utm_campaign=imageinfo&utm_content=original,https://commons.wikimedia.org/wiki/File%3ABaba%20tajuddin%20nagpuri%20darbar.jpg,CC BY-SA 4.0,https://creativecommons.org/licenses/by-sa/4.0,Naziairfansheikh,nagpuri_0001.jpg,raw\buffalo\nagpuri\nagpuri_0001.jpg,EXISTING,
SRC_BUF_NAGPURI_0002,buffalo_nagpuri,Nagpuri,buffalo,Wikimedia Commons,https://upload.wikimedia.org/wikipedia/commons/1/1e/Dholki_Nagpuri_musical_instrument.jpg?utm_source=commons.wikimedia.org&utm_campaign=imageinfo&utm_content=original,https://commons.wikimedia.org/wiki/File%3ADholki%20Nagpuri%20musical%20instrument.jpg,CC BY-SA 4.0,https://creativecommons.org/licenses/by-sa/4.0,Dev0745,nagpuri_0002.jpg,raw\buffalo\nagpuri\nagpuri_0002.jpg,EXISTING,
SRC_BUF_NAGPURI_0003,buffalo_nagpuri,Nagpuri,buffalo,Wikimedia Commons,https://upload.wikimedia.org/wikipedia/commons/1/1c/Jashpuriya_Mandar_2025.jpg?utm_source=commons.wikimedia.org&utm_campaign=imageinfo&utm_content=original,https://commons.wikimedia.org/wiki/File%3AJashpuriya%20Mandar%202025.jpg,CC BY 4.0,https://creativecommons.org/licenses/by/4.0,Dev0745,nagpuri_0003.jpg,raw\buffalo\nagpuri\nagpuri_0003.jpg,EXISTING,
SRC_BUF_NAGPURI_0004,buffalo_nagpuri,Nagpuri,buffalo,Wikimedia Commons,https://upload.wikimedia.org/wikipedia/commons/7/75/Mandar_nagpuri_musical_instrument.jpg?utm_source=commons.wikimedia.org&utm_campaign=imageinfo&utm_content=original,https://commons.wikimedia.org/wiki/File%3AMandar%20nagpuri%20musical%20instrument.jpg,CC BY 4.0,https://creativecommons.org/licenses/by/4.0,Dev0745,nagpuri_0004.jpg,raw\buffalo\nagpuri\nagpuri_0004.jpg,EXISTING,
SRC_BUF_NAGPURI_0005,buffalo_nagpuri,Nagpuri,buffalo,Wikimedia Commons,https://upload.wikimedia.org/wikipedia/commons/2/24/Mardani_Jhumar_Jaldega_2025.jpg?utm_source=commons.wikimedia.org&utm_campaign=imageinfo&utm_content=original,https://commons.wikimedia.org/wiki/File%3AMardani%20Jhumar%20Jaldega%202025.jpg,CC BY 4.0,https://creativecommons.org/licenses/by/4.0,Dev0745,nagpuri_0005.jpg,raw\buffalo\nagpuri\nagpuri_0005.jpg,EXISTING,
SRC_BUF_NAGPURI_0006,buffalo_nagpuri,Nagpuri,buffalo,Wikimedia Commons,https://upload.wikimedia.org/wikipedia/commons/b/b3/Nagpuri_speaking_region_in_India.png?utm_source=commons.wikimedia.org&utm_campaign=imageinfo&utm_content=original,https://commons.wikimedia.org/wiki/File%3ANagpuri%20speaking%20region%20in%20India.png,CC BY 4.0,https://creativecommons.org/licenses/by/4.0,Dev0745,nagpuri_0006.jpg,raw\buffalo\nagpuri\nagpuri_0006.jpg,EXISTING,
SRC_BUF_NAGPURI_0007,buffalo_nagpuri,Nagpuri,buffalo,Wikimedia Commons,https://upload.wikimedia.org/wikipedia/commons/0/0a/Nagpuri_traditional_cloth_2025.jpg?utm_source=commons.wikimedia.org&utm_campaign=imageinfo&utm_content=original,https://commons.wikimedia.org/wiki/File%3ANagpuri%20traditional%20cloth%202025.jpg,CC BY 4.0,https://creativecommons.org/licenses/by/4.0,Dev0745,nagpuri_0007.jpg,raw\buffalo\nagpuri\nagpuri_0007.jpg,EXISTING,
SRC_BUF_NAGPURI_0008,buffalo_nagpuri,Nagpuri,buffalo,Wikimedia Commons,https://upload.wikimedia.org/wikipedia/commons/1/1d/Nagpuri_traditional_gamchha_2025.jpg?utm_source=commons.wikimedia.org&utm_campaign=imageinfo&utm_content=original,https://commons.wikimedia.org/wiki/File%3ANagpuri%20traditional%20gamchha%202025.jpg,CC BY 4.0,https://creativecommons.org/licenses/by/4.0,Dev0745,nagpuri_0008.jpg,raw\buffalo\nagpuri\nagpuri_0008.jpg,EXISTING,
SRC_BUF_NAGPURI_0009,buffalo_nagpuri,Nagpuri,buffalo,Wikimedia Commons,https://upload.wikimedia.org/wikipedia/commons/5/5f/Paiki_Nagpuri_martial_folk_dance.png?utm_source=commons.wikimedia.org&utm_campaign=imageinfo&utm_content=original,https://commons.wikimedia.org/wiki/File%3APaiki%20Nagpuri%20martial%20folk%20dance.png,CC BY-SA 4.0,https://creativecommons.org/licenses/by-sa/4.0,Dev0745,nagpuri_0009.jpg,raw\buffalo\nagpuri\nagpuri_0009.jpg,EXISTING,
SRC_BUF_NAGPURI_0010,buffalo_nagpuri,Nagpuri,buffalo,Wikimedia Commons,https://upload.wikimedia.org/wikipedia/commons/4/4e/Poem_by_King_Raghunath_Nrupati.jpg?utm_source=commons.wikimedia.org&utm_campaign=imageinfo&utm_content=original,https://commons.wikimedia.org/wiki/File%3APoem%20by%20King%20Raghunath%20Nrupati.jpg,CC BY-SA 4.0,https://creativecommons.org/licenses/by-sa/4.0,Dev0745,nagpuri_0010.jpg,raw\buffalo\nagpuri\nagpuri_0010.jpg,EXISTING,
SRC_BUF_NAGPURI_0011,buffalo_nagpuri,Nagpuri,buffalo,Wikimedia Commons,https://upload.wikimedia.org/wikipedia/commons/c/c7/Traditional_lal_pair_cloth_2025.jpg?utm_source=commons.wikimedia.org&utm_campaign=imageinfo&utm_content=original,https://commons.wikimedia.org/wiki/File%3ATraditional%20lal%20pair%20cloth%202025.jpg,CC BY 4.0,https://creativecommons.org/licenses/by/4.0,Dev0745,nagpuri_0011.jpg,raw\buffalo\nagpuri\nagpuri_0011.jpg,EXISTING,
SRC_BUF_PANDHARPURI_0001,buffalo_pandharpuri,Pandharpuri,buffalo,ICAR-CIRB,https://cirb.res.in/wp-content/uploads/2026/09/Pandharpuri_Female.jpg,https://cirb.res.in/buffalo-breeds/,Government Open Access / ICAR-CIRB,https://cirb.res.in,ICAR-Central Institute for Research on Buffaloes,pandharpuri_0001.jpg,raw\buffalo\pandharpuri\pandharpuri_0001.jpg,EXISTING,
SRC_BUF_PANDHARPURI_0002,buffalo_pandharpuri,Pandharpuri,buffalo,ICAR-CIRB,https://cirb.res.in/wp-content/uploads/2026/09/Pandharpuri-male.jpg,https://cirb.res.in/buffalo-breeds/,Government Open Access / ICAR-CIRB,https://cirb.res.in,ICAR-Central Institute for Research on Buffaloes,pandharpuri_0002.jpg,raw\buffalo\pandharpuri\pandharpuri_0002.jpg,EXISTING,
SRC_BUF_TODA_0001,buffalo_toda,Toda,buffalo,ICAR-CIRB,https://cirb.res.in/wp-content/uploads/2026/09/Toda-female.jpg,https://cirb.res.in/buffalo-breeds/,Government Open Access / ICAR-CIRB,https://cirb.res.in,ICAR-Central Institute for Research on Buffaloes,toda_0001.jpg,raw\buffalo\toda\toda_0001.jpg,EXISTING,
SRC_BUF_TODA_0002,buffalo_toda,Toda,buffalo,ICAR-CIRB,https://cirb.res.in/wp-content/uploads/2026/09/Toda-male.jpg,https://cirb.res.in/buffalo-breeds/,Government Open Access / ICAR-CIRB,https://cirb.res.in,ICAR-Central Institute for Research on Buffaloes,toda_0002.jpg,raw\buffalo\toda\toda_0002.jpg,EXISTING,
SRC_BUF_TODA_0003,buffalo_toda,Toda,buffalo,Wikimedia Commons,https://upload.wikimedia.org/wikipedia/commons/3/35/A_Toda_House%2C_Its_Master_and_Mistress.jpg?utm_source=commons.wikimedia.org&utm_campaign=imageinfo&utm_content=original,https://commons.wikimedia.org/wiki/File%3AA%20Toda%20House%2C%20Its%20Master%20and%20Mistress.jpg,CC BY 4.0,https://creativecommons.org/licenses/by/4.0,Raphael Tuck &amp; Sons,toda_0003.jpg,raw\buffalo\toda\toda_0003.jpg,EXISTING,
SRC_BUF_TODA_0004,buffalo_toda,Toda,buffalo,Wikimedia Commons,https://upload.wikimedia.org/wikipedia/commons/2/2f/Dhoda_%28Toda%29Dancers.jpg?utm_source=commons.wikimedia.org&utm_campaign=imageinfo&utm_content=original,https://commons.wikimedia.org/wiki/File%3ADhoda%20%28Toda%29Dancers.jpg,CC BY 2.0,https://creativecommons.org/licenses/by/2.0,Ramesh Lalwani,toda_0004.jpg,raw\buffalo\toda\toda_0004.jpg,EXISTING,
SRC_BUF_TODA_0005,buffalo_toda,Toda,buffalo,Wikimedia Commons,https://upload.wikimedia.org/wikipedia/commons/2/2a/Toda%2C_1909.png?utm_source=commons.wikimedia.org&utm_campaign=imageinfo&utm_content=original,https://commons.wikimedia.org/wiki/File%3AToda%2C%201909.png,Public domain,,Edgar Thurston,toda_0005.jpg,raw\buffalo\toda\toda_0005.jpg,EXISTING,
SRC_BUF_TODA_0006,buffalo_toda,Toda,buffalo,Wikimedia Commons,https://upload.wikimedia.org/wikipedia/commons/7/7a/Toda_1.jpg?utm_source=commons.wikimedia.org&utm_campaign=imageinfo&utm_content=original,https://commons.wikimedia.org/wiki/File%3AToda%201.jpg,Public domain,,M. V. Dhurandhar,toda_0006.jpg,raw\buffalo\toda\toda_0006.jpg,EXISTING,
SRC_BUF_TODA_0007,buffalo_toda,Toda,buffalo,Wikimedia Commons,https://upload.wikimedia.org/wikipedia/commons/c/c4/Toda_Buffalo_Female_Ooty_Jun26_OM5_0234.jpg?utm_source=commons.wikimedia.org&utm_campaign=imageinfo&utm_content=original,https://commons.wikimedia.org/wiki/File%3AToda%20Buffalo%20Female%20Ooty%20Jun26%20OM5%200234.jpg,CC BY-SA 4.0,https://creativecommons.org/licenses/by-sa/4.0,"This Photo was taken by Timothy A. Gonsalves.  Feel free to use my photos, but please mention me as the author.  I would much appreciate if you send me an email tagooty@yahoo.com or write on my talk page, for my information.  Please contact me before commercial use.



Please do not upload an edited image here without consulting me.  I would like to make corrections only at my own source to ensure that the changes improve the image and are preserved.Otherwise you may upload an edited image with a new name. Please use one of the templates derivative or extract.",toda_0007.jpg,raw\buffalo\toda\toda_0007.jpg,EXISTING,
SRC_BUF_TODA_0008,buffalo_toda,Toda,buffalo,Wikimedia Commons,https://upload.wikimedia.org/wikipedia/commons/d/d6/Toda_Buffalo_Grazing_Aramby_Shola_Ooty_Aug26_OM3_0852.jpg?utm_source=commons.wikimedia.org&utm_campaign=imageinfo&utm_content=original,https://commons.wikimedia.org/wiki/File%3AToda%20Buffalo%20Grazing%20Aramby%20Shola%20Ooty%20Aug26%20OM3%200852.jpg,CC BY-SA 4.0,https://creativecommons.org/licenses/by-sa/4.0,"This Photo was taken by Timothy A. Gonsalves.  Feel free to use my photos, but please mention me as the author.  I would much appreciate if you send me an email tagooty@yahoo.com or write on my talk page, for my information.  Please contact me before commercial use.



Please do not upload an edited image here without consulting me.  I would like to make corrections only at my own source to ensure that the changes improve the image and are preserved.Otherwise you may upload an edited image with a new name. Please use one of the templates derivative or extract.",toda_0008.jpg,raw\buffalo\toda\toda_0008.jpg,EXISTING,
SRC_BUF_TODA_0009,buffalo_toda,Toda,buffalo,Wikimedia Commons,https://upload.wikimedia.org/wikipedia/commons/6/6d/Toda_Buffalo_Standing_Aramby_Shola_Ooty_Aug26_OM3_0855.jpg?utm_source=commons.wikimedia.org&utm_campaign=imageinfo&utm_content=original,https://commons.wikimedia.org/wiki/File%3AToda%20Buffalo%20Standing%20Aramby%20Shola%20Ooty%20Aug26%20OM3%200855.jpg,CC BY-SA 4.0,https://creativecommons.org/licenses/by-sa/4.0,"This Photo was taken by Timothy A. Gonsalves.  Feel free to use my photos, but please mention me as the author.  I would much appreciate if you send me an email tagooty@yahoo.com or write on my talk page, for my information.  Please contact me before commercial use.



Please do not upload an edited image here without consulting me.  I would like to make corrections only at my own source to ensure that the changes improve the image and are preserved.Otherwise you may upload an edited image with a new name. Please use one of the templates derivative or extract.",toda_0009.jpg,raw\buffalo\toda\toda_0009.jpg,EXISTING,
SRC_BUF_TODA_0010,buffalo_toda,Toda,buffalo,Wikimedia Commons,https://upload.wikimedia.org/wikipedia/commons/0/09/Toda_embroidery_and_poothkuli_shawls%2C_National_Crafts_Museum%2C_New_Delhi.jpg?utm_source=commons.wikimedia.org&utm_campaign=imageinfo&utm_content=original,https://commons.wikimedia.org/wiki/File%3AToda%20embroidery%20and%20poothkuli%20shawls%2C%20National%20Crafts%20Museum%2C%20New%20Delhi.jpg,CC BY-SA 4.0,https://creativecommons.org/licenses/by-sa/4.0,Niranjan Ramamurthy,toda_0010.jpg,raw\buffalo\toda\toda_0010.jpg,EXISTING,
SRC_BUF_TODA_0011,buffalo_toda,Toda,buffalo,Wikimedia Commons,https://upload.wikimedia.org/wikipedia/commons/9/9b/Toda_green_funeral1871.jpg?utm_source=commons.wikimedia.org&utm_campaign=imageinfo&utm_content=original,https://commons.wikimedia.org/wiki/File%3AToda%20green%20funeral1871.jpg,Public domain,,Unknown authorUnknown author,toda_0011.jpg,raw\buffalo\toda\toda_0011.jpg,EXISTING,
SRC_BUF_TODA_0012,buffalo_toda,Toda,buffalo,Wikimedia Commons,https://upload.wikimedia.org/wikipedia/commons/8/83/Toda_man_in_1900s.jpg?utm_source=commons.wikimedia.org&utm_campaign=imageinfo&utm_content=original,https://commons.wikimedia.org/wiki/File%3AToda%20man%20in%201900s.jpg,Public domain,,"Thurston, Edgar,",toda_0012.jpg,raw\buffalo\toda\toda_0012.jpg,EXISTING,
SRC_BUF_TODA_0013,buffalo_toda,Toda,buffalo,Wikimedia Commons,https://upload.wikimedia.org/wikipedia/commons/b/b3/Toda_man_wearing_a_hawl_made_of_Toda_embroidery.jpg?utm_source=commons.wikimedia.org&utm_campaign=imageinfo&utm_content=original,https://commons.wikimedia.org/wiki/File%3AToda%20man%20wearing%20a%20hawl%20made%20of%20Toda%20embroidery.jpg,Public domain,,The Madras School of Arts,toda_0013.jpg,raw\buffalo\toda\toda_0013.jpg,EXISTING,
SRC_BUF_TODA_0014,buffalo_toda,Toda,buffalo,Wikimedia Commons,https://upload.wikimedia.org/wikipedia/commons/3/31/Toda_men_women_1871.jpg?utm_source=commons.wikimedia.org&utm_campaign=imageinfo&utm_content=original,https://commons.wikimedia.org/wiki/File%3AToda%20men%20women%201871.jpg,Public domain,,Unknown photographer from the Madras School of Arts,toda_0014.jpg,raw\buffalo\toda\toda_0014.jpg,EXISTING,
SRC_BUF_TODA_0015,buffalo_toda,Toda,buffalo,Wikimedia Commons,https://upload.wikimedia.org/wikipedia/commons/6/6f/Toda_tribal_Lady.jpg?utm_source=commons.wikimedia.org&utm_campaign=imageinfo&utm_content=original,https://commons.wikimedia.org/wiki/File%3AToda%20tribal%20Lady.jpg,CC BY 2.0,https://creativecommons.org/licenses/by/2.0,Ramesh Lalwani,toda_0015.jpg,raw\buffalo\toda\toda_0015.jpg,EXISTING,
SRC_BUF_TODA_0016,buffalo_toda,Toda,buffalo,Wikimedia Commons,https://upload.wikimedia.org/wikipedia/commons/8/8d/Toda_woman.jpg?utm_source=commons.wikimedia.org&utm_campaign=imageinfo&utm_content=original,https://commons.wikimedia.org/wiki/File%3AToda%20woman.jpg,Public domain,,Edgar Thurston,toda_0016.jpg,raw\buffalo\toda\toda_0016.jpg,EXISTING,
SRC_BUF_TODA_0017,buffalo_toda,Toda,buffalo,Wikimedia Commons,https://upload.wikimedia.org/wikipedia/commons/0/04/Toda_woman_Asian.png?utm_source=commons.wikimedia.org&utm_campaign=imageinfo&utm_content=original,https://commons.wikimedia.org/wiki/File%3AToda%20woman%20Asian.png,Public domain,,Joseph Deniker,toda_0017.jpg,raw\buffalo\toda\toda_0017.jpg,EXISTING,
SRC_BUF_TODA_0018,buffalo_toda,Toda,buffalo,Wikimedia Commons,https://upload.wikimedia.org/wikipedia/commons/d/d9/Toda_woman_in_1900s.jpg?utm_source=commons.wikimedia.org&utm_campaign=imageinfo&utm_content=original,https://commons.wikimedia.org/wiki/File%3AToda%20woman%20in%201900s.jpg,Public domain,,"Thurston, Edgar,",toda_0018.jpg,raw\buffalo\toda\toda_0018.jpg,EXISTING,
SRC_BUF_BANNI_0001,buffalo_banni,Banni,buffalo,ICAR-CIRB,https://cirb.res.in/wp-content/uploads/2026/09/Banni-female.jpg,https://cirb.res.in/buffalo-breeds/,Government Open Access / ICAR-CIRB,https://cirb.res.in,ICAR-Central Institute for Research on Buffaloes,banni_0001.jpg,raw\buffalo\banni\banni_0001.jpg,EXISTING,
SRC_BUF_BANNI_0002,buffalo_banni,Banni,buffalo,ICAR-CIRB,https://cirb.res.in/wp-content/uploads/2026/09/Banni-male.jpg,https://cirb.res.in/buffalo-breeds/,Government Open Access / ICAR-CIRB,https://cirb.res.in,ICAR-Central Institute for Research on Buffaloes,banni_0002.jpg,raw\buffalo\banni\banni_0002.jpg,EXISTING,
SRC_BUF_BANNI_0003,buffalo_banni,Banni,buffalo,Wikimedia Commons,https://upload.wikimedia.org/wikipedia/commons/9/99/Maldhari_with_cattle%2C_Kutch%2C_Gujarat.jpg?utm_source=commons.wikimedia.org&utm_campaign=imageinfo&utm_content=original,https://commons.wikimedia.org/wiki/File%3AMaldhari%20with%20cattle%2C%20Kutch%2C%20Gujarat.jpg,CC BY-SA 4.0,https://creativecommons.org/licenses/by-sa/4.0,Drashokk,banni_0003.jpg,raw\buffalo\banni\banni_0003.jpg,EXISTING,
SRC_BUF_CHILIKA_0001,buffalo_chilika,Chilika,buffalo,ICAR-CIRB,https://cirb.res.in/wp-content/uploads/2026/09/Chillika-female.jpg,https://cirb.res.in/buffalo-breeds/,Government Open Access / ICAR-CIRB,https://cirb.res.in,ICAR-Central Institute for Research on Buffaloes,chilika_0001.jpg,raw\buffalo\chilika\chilika_0001.jpg,EXISTING,
SRC_BUF_CHILIKA_0002,buffalo_chilika,Chilika,buffalo,ICAR-CIRB,https://cirb.res.in/wp-content/uploads/2026/09/Chillika-male.jpg,https://cirb.res.in/buffalo-breeds/,Government Open Access / ICAR-CIRB,https://cirb.res.in,ICAR-Central Institute for Research on Buffaloes,chilika_0002.jpg,raw\buffalo\chilika\chilika_0002.jpg,EXISTING,
SRC_BUF_KALAHANDI_0001,buffalo_kalahandi,Kalahandi,buffalo,ICAR-CIRB,https://cirb.res.in/wp-content/uploads/2026/09/Kalahandi-female.jpg,https://cirb.res.in/buffalo-breeds/,Government Open Access / ICAR-CIRB,https://cirb.res.in,ICAR-Central Institute for Research on Buffaloes,kalahandi_0001.jpg,raw\buffalo\kalahandi\kalahandi_0001.jpg,EXISTING,
SRC_BUF_KALAHANDI_0002,buffalo_kalahandi,Kalahandi,buffalo,ICAR-CIRB,https://cirb.res.in/wp-content/uploads/2026/09/Kalahandi-male.jpg,https://cirb.res.in/buffalo-breeds/,Government Open Access / ICAR-CIRB,https://cirb.res.in,ICAR-Central Institute for Research on Buffaloes,kalahandi_0002.jpg,raw\buffalo\kalahandi\kalahandi_0002.jpg,EXISTING,
SRC_BUF_LUIT_SWAMP_0001,buffalo_luit_swamp,Luit (Swamp),buffalo,ICAR-CIRB,https://cirb.res.in/wp-content/uploads/2026/09/Luit-female.jpg,https://cirb.res.in/buffalo-breeds/,Government Open Access / ICAR-CIRB,https://cirb.res.in,ICAR-Central Institute for Research on Buffaloes,luit_swamp_0001.jpg,raw\buffalo\luit_swamp\luit_swamp_0001.jpg,EXISTING,
SRC_BUF_LUIT_SWAMP_0002,buffalo_luit_swamp,Luit (Swamp),buffalo,ICAR-CIRB,https://cirb.res.in/wp-content/uploads/2026/09/Luit-male.jpg,https://cirb.res.in/buffalo-breeds/,Government Open Access / ICAR-CIRB,https://cirb.res.in,ICAR-Central Institute for Research on Buffaloes,luit_swamp_0002.jpg,raw\buffalo\luit_swamp\luit_swamp_0002.jpg,EXISTING,
SRC_BUF_BARGUR_0001,buffalo_bargur,Bargur,buffalo,ICAR-CIRB,https://cirb.res.in/wp-content/uploads/2026/09/Bargur-female.jpg,https://cirb.res.in/buffalo-breeds/,Government Open Access / ICAR-CIRB,https://cirb.res.in,ICAR-Central Institute for Research on Buffaloes,bargur_0001.jpg,raw\buffalo\bargur\bargur_0001.jpg,EXISTING,
SRC_BUF_BARGUR_0002,buffalo_bargur,Bargur,buffalo,ICAR-CIRB,https://cirb.res.in/wp-content/uploads/2026/09/Bargur-male.jpg,https://cirb.res.in/buffalo-breeds/,Government Open Access / ICAR-CIRB,https://cirb.res.in,ICAR-Central Institute for Research on Buffaloes,bargur_0002.jpg,raw\buffalo\bargur\bargur_0002.jpg,EXISTING,
SRC_BUF_BARGUR_0003,buffalo_bargur,Bargur,buffalo,Wikimedia Commons,https://upload.wikimedia.org/wikipedia/commons/e/e3/Bargur%2C_Krishnagiri_Hills.JPG?utm_source=commons.wikimedia.org&utm_campaign=imageinfo&utm_content=original,https://commons.wikimedia.org/wiki/File%3ABargur%2C%20Krishnagiri%20Hills.JPG,CC BY-SA 4.0,https://creativecommons.org/licenses/by-sa/4.0,Saravankm,bargur_0003.jpg,raw\buffalo\bargur\bargur_0003.jpg,EXISTING,
SRC_BUF_BARGUR_0004,buffalo_bargur,Bargur,buffalo,Wikimedia Commons,https://upload.wikimedia.org/wikipedia/commons/6/67/BargurEng.jpg?utm_source=commons.wikimedia.org&utm_campaign=imageinfo&utm_content=original,https://commons.wikimedia.org/wiki/File%3ABargurEng.jpg,CC BY-SA 3.0,https://creativecommons.org/licenses/by-sa/3.0,Immanueldc,bargur_0004.jpg,raw\buffalo\bargur\bargur_0004.jpg,EXISTING,
SRC_BUF_BARGUR_0005,buffalo_bargur,Bargur,buffalo,Wikimedia Commons,https://upload.wikimedia.org/wikipedia/commons/3/3f/Bargur_Road.jpg?utm_source=commons.wikimedia.org&utm_campaign=imageinfo&utm_content=original,https://commons.wikimedia.org/wiki/File%3ABargur%20Road.jpg,CC BY-SA 4.0,https://creativecommons.org/licenses/by-sa/4.0,Ssanthosh555,bargur_0005.jpg,raw\buffalo\bargur\bargur_0005.jpg,EXISTING,
SRC_BUF_BARGUR_0006,buffalo_bargur,Bargur,buffalo,Wikimedia Commons,https://upload.wikimedia.org/wikipedia/commons/d/d5/Railroad%2Cbargur.jpg?utm_source=commons.wikimedia.org&utm_campaign=imageinfo&utm_content=original,https://commons.wikimedia.org/wiki/File%3ARailroad%2Cbargur.jpg,CC BY-SA 4.0,https://creativecommons.org/licenses/by-sa/4.0,Nandhiniraji,bargur_0006.jpg,raw\buffalo\bargur\bargur_0006.jpg,EXISTING,
SRC_BUF_BARGUR_0007,buffalo_bargur,Bargur,buffalo,Wikimedia Commons,https://upload.wikimedia.org/wikipedia/commons/2/2f/Suda_bargur.jpg?utm_source=commons.wikimedia.org&utm_campaign=imageinfo&utm_content=original,https://commons.wikimedia.org/wiki/File%3ASuda%20bargur.jpg,CC BY-SA 4.0,https://creativecommons.org/licenses/by-sa/4.0,Kruthika H H,bargur_0007.jpg,raw\buffalo\bargur\bargur_0007.jpg,EXISTING,
SRC_BUF_CHHATTISGARHI_0001,buffalo_chhattisgarhi,Chhattisgarhi,buffalo,ICAR-CIRB,https://cirb.res.in/wp-content/uploads/2026/09/Chhattisgarhi-female.jpg,https://cirb.res.in/buffalo-breeds/,Government Open Access / ICAR-CIRB,https://cirb.res.in,ICAR-Central Institute for Research on Buffaloes,chhattisgarhi_0001.jpg,raw\buffalo\chhattisgarhi\chhattisgarhi_0001.jpg,EXISTING,
SRC_BUF_CHHATTISGARHI_0002,buffalo_chhattisgarhi,Chhattisgarhi,buffalo,ICAR-CIRB,https://cirb.res.in/wp-content/uploads/2026/09/Chhattisgarhi-male.jpg,https://cirb.res.in/buffalo-breeds/,Government Open Access / ICAR-CIRB,https://cirb.res.in,ICAR-Central Institute for Research on Buffaloes,chhattisgarhi_0002.jpg,raw\buffalo\chhattisgarhi\chhattisgarhi_0002.jpg,EXISTING,
SRC_BUF_GOJRI_0001,buffalo_gojri,Gojri,buffalo,ICAR-CIRB,https://cirb.res.in/wp-content/uploads/2026/09/Gojri-female.jpg,https://cirb.res.in/buffalo-breeds/,Government Open Access / ICAR-CIRB,https://cirb.res.in,ICAR-Central Institute for Research on Buffaloes,gojri_0001.jpg,raw\buffalo\gojri\gojri_0001.jpg,EXISTING,
SRC_BUF_GOJRI_0002,buffalo_gojri,Gojri,buffalo,ICAR-CIRB,https://cirb.res.in/wp-content/uploads/2026/09/Gojri-Male.jpg,https://cirb.res.in/buffalo-breeds/,Government Open Access / ICAR-CIRB,https://cirb.res.in,ICAR-Central Institute for Research on Buffaloes,gojri_0002.jpg,raw\buffalo\gojri\gojri_0002.jpg,EXISTING,
SRC_BUF_DHARWADI_0001,buffalo_dharwadi,Dharwadi,buffalo,ICAR-CIRB,https://cirb.res.in/wp-content/uploads/2026/09/Dharwadi-female.jpg,https://cirb.res.in/buffalo-breeds/,Government Open Access / ICAR-CIRB,https://cirb.res.in,ICAR-Central Institute for Research on Buffaloes,dharwadi_0001.jpg,raw\buffalo\dharwadi\dharwadi_0001.jpg,EXISTING,
SRC_BUF_DHARWADI_0002,buffalo_dharwadi,Dharwadi,buffalo,ICAR-CIRB,https://cirb.res.in/wp-content/uploads/2026/09/Dharwadi-male.jpg,https://cirb.res.in/buffalo-breeds/,Government Open Access / ICAR-CIRB,https://cirb.res.in,ICAR-Central Institute for Research on Buffaloes,dharwadi_0002.jpg,raw\buffalo\dharwadi\dharwadi_0002.jpg,EXISTING,
SRC_BUF_MANDA_0001,buffalo_manda,Manda,buffalo,ICAR-CIRB,https://cirb.res.in/wp-content/uploads/2026/09/Manda-female.jpg,https://cirb.res.in/buffalo-breeds/,Government Open Access / ICAR-CIRB,https://cirb.res.in,ICAR-Central Institute for Research on Buffaloes,manda_0001.jpg,raw\buffalo\manda\manda_0001.jpg,EXISTING,
SRC_BUF_MANDA_0002,buffalo_manda,Manda,buffalo,ICAR-CIRB,https://cirb.res.in/wp-content/uploads/2026/09/Manda-male.jpg,https://cirb.res.in/buffalo-breeds/,Government Open Access / ICAR-CIRB,https://cirb.res.in,ICAR-Central Institute for Research on Buffaloes,manda_0002.jpg,raw\buffalo\manda\manda_0002.jpg,EXISTING,
SRC_BUF_MANDA_0003,buffalo_manda,Manda,buffalo,Wikimedia Commons,https://upload.wikimedia.org/wikipedia/commons/7/79/Ankara_-_Young_woman_selling_Black_Sea_Region%27s_foodstuff.jpg?utm_source=commons.wikimedia.org&utm_campaign=imageinfo&utm_content=original,https://commons.wikimedia.org/wiki/File%3AAnkara%20-%20Young%20woman%20selling%20Black%20Sea%20Region%27s%20foodstuff.jpg,CC BY-SA 4.0,https://creativecommons.org/licenses/by-sa/4.0,E4024,manda_0003.jpg,raw\buffalo\manda\manda_0003.jpg,EXISTING,
SRC_BUF_MANDA_0004,buffalo_manda,Manda,buffalo,Wikimedia Commons,https://upload.wikimedia.org/wikipedia/commons/c/cd/Bubalus_bubalis_-_Water_buffalo%2C_Giresun_2016_01-1.jpg?utm_source=commons.wikimedia.org&utm_campaign=imageinfo&utm_content=original,https://commons.wikimedia.org/wiki/File%3ABubalus%20bubalis%20-%20Water%20buffalo%2C%20Giresun%202016%2001-1.jpg,CC BY-SA 4.0,https://creativecommons.org/licenses/by-sa/4.0,Zeynel Cebeci,manda_0004.jpg,raw\buffalo\manda\manda_0004.jpg,EXISTING,
SRC_BUF_MANDA_0005,buffalo_manda,Manda,buffalo,Wikimedia Commons,https://upload.wikimedia.org/wikipedia/commons/7/7e/Bubalus_bubalis_-_Water_buffalo_01.jpg?utm_source=commons.wikimedia.org&utm_campaign=imageinfo&utm_content=original,https://commons.wikimedia.org/wiki/File%3ABubalus%20bubalis%20-%20Water%20buffalo%2001.jpg,CC BY-SA 4.0,https://creativecommons.org/licenses/by-sa/4.0,Zeynel Cebeci,manda_0005.jpg,raw\buffalo\manda\manda_0005.jpg,EXISTING,
SRC_BUF_MANDA_0006,buffalo_manda,Manda,buffalo,Wikimedia Commons,https://upload.wikimedia.org/wikipedia/commons/c/ce/Bubalus_bubalis_-_Water_buffalo_02.jpg?utm_source=commons.wikimedia.org&utm_campaign=imageinfo&utm_content=original,https://commons.wikimedia.org/wiki/File%3ABubalus%20bubalis%20-%20Water%20buffalo%2002.jpg,CC BY-SA 4.0,https://creativecommons.org/licenses/by-sa/4.0,Zeynel Cebeci,manda_0006.jpg,raw\buffalo\manda\manda_0006.jpg,EXISTING,
SRC_BUF_MANDA_0007,buffalo_manda,Manda,buffalo,Wikimedia Commons,https://upload.wikimedia.org/wikipedia/commons/9/91/Bubalus_bubalis_-_Water_buffalo_03.jpg?utm_source=commons.wikimedia.org&utm_campaign=imageinfo&utm_content=original,https://commons.wikimedia.org/wiki/File%3ABubalus%20bubalis%20-%20Water%20buffalo%2003.jpg,CC BY-SA 4.0,https://creativecommons.org/licenses/by-sa/4.0,Zeynel Cebeci,manda_0007.jpg,raw\buffalo\manda\manda_0007.jpg,EXISTING,
SRC_BUF_MANDA_0008,buffalo_manda,Manda,buffalo,Wikimedia Commons,https://upload.wikimedia.org/wikipedia/commons/5/56/Bubalus_bubalis_-_Water_buffalo_05.jpg?utm_source=commons.wikimedia.org&utm_campaign=imageinfo&utm_content=original,https://commons.wikimedia.org/wiki/File%3ABubalus%20bubalis%20-%20Water%20buffalo%2005.jpg,CC BY-SA 4.0,https://creativecommons.org/licenses/by-sa/4.0,Zeynel Cebeci,manda_0008.jpg,raw\buffalo\manda\manda_0008.jpg,EXISTING,
SRC_BUF_MANDA_0009,buffalo_manda,Manda,buffalo,Wikimedia Commons,https://upload.wikimedia.org/wikipedia/commons/e/ed/Bubalus_bubalis_-_Water_buffalo_06.jpg?utm_source=commons.wikimedia.org&utm_campaign=imageinfo&utm_content=original,https://commons.wikimedia.org/wiki/File%3ABubalus%20bubalis%20-%20Water%20buffalo%2006.jpg,CC BY-SA 4.0,https://creativecommons.org/licenses/by-sa/4.0,Zeynel Cebeci,manda_0009.jpg,raw\buffalo\manda\manda_0009.jpg,EXISTING,
SRC_BUF_MANDA_0010,buffalo_manda,Manda,buffalo,Wikimedia Commons,https://upload.wikimedia.org/wikipedia/commons/b/b3/Bubalus_bubalis_-_Water_buffalo_07.jpg?utm_source=commons.wikimedia.org&utm_campaign=imageinfo&utm_content=original,https://commons.wikimedia.org/wiki/File%3ABubalus%20bubalis%20-%20Water%20buffalo%2007.jpg,CC BY-SA 4.0,https://creativecommons.org/licenses/by-sa/4.0,Zeynel Cebeci,manda_0010.jpg,raw\buffalo\manda\manda_0010.jpg,EXISTING,
SRC_BUF_MANDA_0011,buffalo_manda,Manda,buffalo,Wikimedia Commons,https://upload.wikimedia.org/wikipedia/commons/1/1a/Bubalus_bubalis_-_Water_buffalo_08.jpg?utm_source=commons.wikimedia.org&utm_campaign=imageinfo&utm_content=original,https://commons.wikimedia.org/wiki/File%3ABubalus%20bubalis%20-%20Water%20buffalo%2008.jpg,CC BY-SA 4.0,https://creativecommons.org/licenses/by-sa/4.0,Zeynel Cebeci,manda_0011.jpg,raw\buffalo\manda\manda_0011.jpg,EXISTING,
SRC_BUF_MANDA_0012,buffalo_manda,Manda,buffalo,Wikimedia Commons,https://upload.wikimedia.org/wikipedia/commons/7/79/Bubalus_bubalis_-_Water_buffalo_09.jpg?utm_source=commons.wikimedia.org&utm_campaign=imageinfo&utm_content=original,https://commons.wikimedia.org/wiki/File%3ABubalus%20bubalis%20-%20Water%20buffalo%2009.jpg,CC BY-SA 4.0,https://creativecommons.org/licenses/by-sa/4.0,Zeynel Cebeci,manda_0012.jpg,raw\buffalo\manda\manda_0012.jpg,EXISTING,
SRC_BUF_MANDA_0013,buffalo_manda,Manda,buffalo,Wikimedia Commons,https://upload.wikimedia.org/wikipedia/commons/8/83/Bubalus_bubalis_-_Water_buffalo_10.jpg?utm_source=commons.wikimedia.org&utm_campaign=imageinfo&utm_content=original,https://commons.wikimedia.org/wiki/File%3ABubalus%20bubalis%20-%20Water%20buffalo%2010.jpg,CC BY-SA 4.0,https://creativecommons.org/licenses/by-sa/4.0,Zeynel Cebeci,manda_0013.jpg,raw\buffalo\manda\manda_0013.jpg,EXISTING,
SRC_BUF_MANDA_0014,buffalo_manda,Manda,buffalo,Wikimedia Commons,https://upload.wikimedia.org/wikipedia/commons/b/b4/Manda_yo%C4%9Furdu.jpg?utm_source=commons.wikimedia.org&utm_campaign=imageinfo&utm_content=original,https://commons.wikimedia.org/wiki/File%3AManda%20yo%C4%9Furdu.jpg,CC BY-SA 4.0,https://creativecommons.org/licenses/by-sa/4.0,E4024,manda_0014.jpg,raw\buffalo\manda\manda_0014.jpg,EXISTING,
SRC_BUF_MANDA_0015,buffalo_manda,Manda,buffalo,Wikimedia Commons,https://upload.wikimedia.org/wikipedia/commons/9/9d/Silivri_manda.jpg?utm_source=commons.wikimedia.org&utm_campaign=imageinfo&utm_content=original,https://commons.wikimedia.org/wiki/File%3ASilivri%20manda.jpg,CC BY-SA 4.0,https://creativecommons.org/licenses/by-sa/4.0,E4024,manda_0015.jpg,raw\buffalo\manda\manda_0015.jpg,EXISTING,
SRC_BUF_MANDA_0016,buffalo_manda,Manda,buffalo,Wikimedia Commons,https://upload.wikimedia.org/wikipedia/commons/0/03/Asian_water_buffalo_%28Bubalus_bubalis%29_Yala.jpg?utm_source=commons.wikimedia.org&utm_campaign=imageinfo&utm_content=original,https://commons.wikimedia.org/wiki/File%3AAsian%20water%20buffalo%20%28Bubalus%20bubalis%29%20Yala.jpg,CC BY-SA 4.0,https://creativecommons.org/licenses/by-sa/4.0,Charles J. Sharp,manda_0016.jpg,raw\buffalo\manda\manda_0016.jpg,EXISTING,
SRC_BUF_MANDA_0017,buffalo_manda,Manda,buffalo,Wikimedia Commons,https://upload.wikimedia.org/wikipedia/commons/2/26/Asian_water_buffalo_%28Bubalus_bubalis%29_with_cattle_egret.jpg?utm_source=commons.wikimedia.org&utm_campaign=imageinfo&utm_content=original,https://commons.wikimedia.org/wiki/File%3AAsian%20water%20buffalo%20%28Bubalus%20bubalis%29%20with%20cattle%20egret.jpg,CC BY-SA 4.0,https://creativecommons.org/licenses/by-sa/4.0,Charles J. Sharp,manda_0017.jpg,raw\buffalo\manda\manda_0017.jpg,EXISTING,
SRC_BUF_MANDA_0018,buffalo_manda,Manda,buffalo,Wikimedia Commons,https://upload.wikimedia.org/wikipedia/commons/2/29/Bubalus_bubalis_%28water_buffalo%29_bathing_in_a_rust-colored_pond_and_looking_at_viewer%2C_head_above_water%2C_Don_Det%2C_Laos.jpg?utm_source=commons.wikimedia.org&utm_campaign=imageinfo&utm_content=original,https://commons.wikimedia.org/wiki/File%3ABubalus%20bubalis%20%28water%20buffalo%29%20bathing%20in%20a%20rust-colored%20pond%20and%20looking%20at%20viewer%2C%20head%20above%20water%2C%20Don%20Det%2C%20Laos.jpg,CC BY-SA 4.0,https://creativecommons.org/licenses/by-sa/4.0,Basile Morin,manda_0018.jpg,raw\buffalo\manda\manda_0018.jpg,EXISTING,
SRC_BUF_MANDA_0019,buffalo_manda,Manda,buffalo,Wikimedia Commons,https://upload.wikimedia.org/wikipedia/commons/5/59/Bubalus_bubalis_%28water_buffalo%29_calf%2C_looking_at_the_viewer%2C_the_feet_in_a_pond%2C_in_Laos.jpg?utm_source=commons.wikimedia.org&utm_campaign=imageinfo&utm_content=original,https://commons.wikimedia.org/wiki/File%3ABubalus%20bubalis%20%28water%20buffalo%29%20calf%2C%20looking%20at%20the%20viewer%2C%20the%20feet%20in%20a%20pond%2C%20in%20Laos.jpg,CC BY-SA 4.0,https://creativecommons.org/licenses/by-sa/4.0,Basile Morin,manda_0019.jpg,raw\buffalo\manda\manda_0019.jpg,EXISTING,
SRC_BUF_MANDA_0020,buffalo_manda,Manda,buffalo,Wikimedia Commons,https://upload.wikimedia.org/wikipedia/commons/a/a2/Bubalus_bubalis_%28water_buffalo%29_looking_at_the_viewer%2C_the_feet_in_a_pond%2C_in_Laos.jpg?utm_source=commons.wikimedia.org&utm_campaign=imageinfo&utm_content=original,https://commons.wikimedia.org/wiki/File%3ABubalus%20bubalis%20%28water%20buffalo%29%20looking%20at%20the%20viewer%2C%20the%20feet%20in%20a%20pond%2C%20in%20Laos.jpg,CC BY-SA 4.0,https://creativecommons.org/licenses/by-sa/4.0,Basile Morin,manda_0020.jpg,raw\buffalo\manda\manda_0020.jpg,EXISTING,
SRC_BUF_MANDA_0021,buffalo_manda,Manda,buffalo,Wikimedia Commons,https://upload.wikimedia.org/wikipedia/commons/c/c9/Buffalo_mouth.jpg?utm_source=commons.wikimedia.org&utm_campaign=imageinfo&utm_content=original,https://commons.wikimedia.org/wiki/File%3ABuffalo%20mouth.jpg,CC BY-SA 3.0,https://creativecommons.org/licenses/by-sa/3.0,Manojk,manda_0021.jpg,raw\buffalo\manda\manda_0021.jpg,EXISTING,
SRC_BUF_MANDA_0022,buffalo_manda,Manda,buffalo,Wikimedia Commons,https://upload.wikimedia.org/wikipedia/commons/c/c4/Mirror_reflection_of_a_water_buffalo_bathing_in_a_pond_in_Laos.jpg?utm_source=commons.wikimedia.org&utm_campaign=imageinfo&utm_content=original,https://commons.wikimedia.org/wiki/File%3AMirror%20reflection%20of%20a%20water%20buffalo%20bathing%20in%20a%20pond%20in%20Laos.jpg,CC BY-SA 4.0,https://creativecommons.org/licenses/by-sa/4.0,Basile Morin,manda_0022.jpg,raw\buffalo\manda\manda_0022.jpg,EXISTING,
SRC_BUF_MANDA_0023,buffalo_manda,Manda,buffalo,Wikimedia Commons,https://upload.wikimedia.org/wikipedia/commons/e/eb/Six_children_in_the_Mekong_with_buffalos_and_boat.jpg?utm_source=commons.wikimedia.org&utm_campaign=imageinfo&utm_content=original,https://commons.wikimedia.org/wiki/File%3ASix%20children%20in%20the%20Mekong%20with%20buffalos%20and%20boat.jpg,CC BY-SA 4.0,https://creativecommons.org/licenses/by-sa/4.0,Basile Morin,manda_0023.jpg,raw\buffalo\manda\manda_0023.jpg,EXISTING,
SRC_BUF_MANDA_0024,buffalo_manda,Manda,buffalo,Wikimedia Commons,https://upload.wikimedia.org/wikipedia/commons/d/d5/Three_buffaloes_heads_above_water_in_Si_Phan_Don.jpg?utm_source=commons.wikimedia.org&utm_campaign=imageinfo&utm_content=original,https://commons.wikimedia.org/wiki/File%3AThree%20buffaloes%20heads%20above%20water%20in%20Si%20Phan%20Don.jpg,CC BY-SA 4.0,https://creativecommons.org/licenses/by-sa/4.0,Basile Morin,manda_0024.jpg,raw\buffalo\manda\manda_0024.jpg,EXISTING,
SRC_BUF_MANDA_0025,buffalo_manda,Manda,buffalo,Wikimedia Commons,https://upload.wikimedia.org/wikipedia/commons/2/20/Two_water_buffaloes_bathing_at_golden_hour.jpg?utm_source=commons.wikimedia.org&utm_campaign=imageinfo&utm_content=original,https://commons.wikimedia.org/wiki/File%3ATwo%20water%20buffaloes%20bathing%20at%20golden%20hour.jpg,CC BY-SA 4.0,https://creativecommons.org/licenses/by-sa/4.0,Basile Morin,manda_0025.jpg,raw\buffalo\manda\manda_0025.jpg,EXISTING,
SRC_BUF_MANDA_0026,buffalo_manda,Manda,buffalo,Wikimedia Commons,https://upload.wikimedia.org/wikipedia/commons/6/6f/Two_water_buffaloes_bathing_at_sunset.jpg?utm_source=commons.wikimedia.org&utm_campaign=imageinfo&utm_content=original,https://commons.wikimedia.org/wiki/File%3ATwo%20water%20buffaloes%20bathing%20at%20sunset.jpg,CC BY-SA 4.0,https://creativecommons.org/licenses/by-sa/4.0,Basile Morin,manda_0026.jpg,raw\buffalo\manda\manda_0026.jpg,EXISTING,
SRC_BUF_MANDA_0027,buffalo_manda,Manda,buffalo,Wikimedia Commons,https://upload.wikimedia.org/wikipedia/commons/e/e7/Water_buffalo_%28Bubalus_bubalis%29.jpg?utm_source=commons.wikimedia.org&utm_campaign=imageinfo&utm_content=original,https://commons.wikimedia.org/wiki/File%3AWater%20buffalo%20%28Bubalus%20bubalis%29.jpg,CC BY-SA 4.0,https://creativecommons.org/licenses/by-sa/4.0,Charles J. Sharp,manda_0027.jpg,raw\buffalo\manda\manda_0027.jpg,EXISTING,
SRC_BUF_MANDA_0028,buffalo_manda,Manda,buffalo,Wikimedia Commons,https://upload.wikimedia.org/wikipedia/commons/a/a7/Water_buffalo_bathing_with_water_reflection_at_golden_hour_in_Don_Det_Laos.jpg?utm_source=commons.wikimedia.org&utm_campaign=imageinfo&utm_content=original,https://commons.wikimedia.org/wiki/File%3AWater%20buffalo%20bathing%20with%20water%20reflection%20at%20golden%20hour%20in%20Don%20Det%20Laos.jpg,CC BY-SA 4.0,https://creativecommons.org/licenses/by-sa/4.0,Basile Morin,manda_0028.jpg,raw\buffalo\manda\manda_0028.jpg,DOWNLOADED,
SRC_BUF_MANDA_0029,buffalo_manda,Manda,buffalo,Wikimedia Commons,https://upload.wikimedia.org/wikipedia/commons/2/27/Water_buffalo_bull%2C_near_Mehsana%2C_Gujarat%2C_India%2C_4.jpg?utm_source=commons.wikimedia.org&utm_campaign=imageinfo&utm_content=original,https://commons.wikimedia.org/wiki/File%3AWater%20buffalo%20bull%2C%20near%20Mehsana%2C%20Gujarat%2C%20India%2C%204.jpg,CC BY-SA 4.0,https://creativecommons.org/licenses/by-sa/4.0,Yann Forget,manda_0029.jpg,raw\buffalo\manda\manda_0029.jpg,DOWNLOADED,
SRC_BUF_MANDA_0030,buffalo_manda,Manda,buffalo,Wikimedia Commons,https://upload.wikimedia.org/wikipedia/commons/5/59/Water_buffalo_calf%2C_near_Mehsana%2C_Gujarat%2C_India.jpg?utm_source=commons.wikimedia.org&utm_campaign=imageinfo&utm_content=original,https://commons.wikimedia.org/wiki/File%3AWater%20buffalo%20calf%2C%20near%20Mehsana%2C%20Gujarat%2C%20India.jpg,CC BY-SA 4.0,https://creativecommons.org/licenses/by-sa/4.0,Yann Forget,manda_0030.jpg,raw\buffalo\manda\manda_0030.jpg,DOWNLOADED,
SRC_BUF_MANDA_0031,buffalo_manda,Manda,buffalo,Wikimedia Commons,https://upload.wikimedia.org/wikipedia/commons/2/26/Water_buffalo_calf_suckling%2C_near_Mehsana%2C_Gujarat%2C_India%2C_2.jpg?utm_source=commons.wikimedia.org&utm_campaign=imageinfo&utm_content=original,https://commons.wikimedia.org/wiki/File%3AWater%20buffalo%20calf%20suckling%2C%20near%20Mehsana%2C%20Gujarat%2C%20India%2C%202.jpg,CC BY-SA 4.0,https://creativecommons.org/licenses/by-sa/4.0,Yann Forget,manda_0031.jpg,raw\buffalo\manda\manda_0031.jpg,DOWNLOADED,
SRC_BUF_MANDA_0032,buffalo_manda,Manda,buffalo,Wikimedia Commons,https://upload.wikimedia.org/wikipedia/commons/1/18/Water_buffalo_skull_%28Bubalus_bubalis%29.jpg?utm_source=commons.wikimedia.org&utm_campaign=imageinfo&utm_content=original,https://commons.wikimedia.org/wiki/File%3AWater%20buffalo%20skull%20%28Bubalus%20bubalis%29.jpg,CC BY-SA 4.0,https://creativecommons.org/licenses/by-sa/4.0,Museum of Veterinary Anatomy FMVZ USP / Wagner Souza e Silva,manda_0032.jpg,raw\buffalo\manda\manda_0032.jpg,DOWNLOADED,
SRC_BUF_PURNATHADI_0001,buffalo_purnathadi,Purnathadi,buffalo,ICAR-CIRB,https://cirb.res.in/wp-content/uploads/2026/09/Purnathadi-female.jpg,https://cirb.res.in/buffalo-breeds/,Government Open Access / ICAR-CIRB,https://cirb.res.in,ICAR-Central Institute for Research on Buffaloes,purnathadi_0001.jpg,raw\buffalo\purnathadi\purnathadi_0001.jpg,EXISTING,
SRC_BUF_PURNATHADI_0002,buffalo_purnathadi,Purnathadi,buffalo,ICAR-CIRB,https://cirb.res.in/wp-content/uploads/2026/09/Purnathadi-male.jpg,https://cirb.res.in/buffalo-breeds/,Government Open Access / ICAR-CIRB,https://cirb.res.in,ICAR-Central Institute for Research on Buffaloes,purnathadi_0002.jpg,raw\buffalo\purnathadi\purnathadi_0002.jpg,EXISTING,
SRC_BUF_MANAH_0001,buffalo_manah,Manah,buffalo,ICAR-CIRB,https://cirb.res.in/wp-content/uploads/2026/09/Buffalo_Manah_Female.jpg,https://cirb.res.in/buffalo-breeds/,Government Open Access / ICAR-CIRB,https://cirb.res.in,ICAR-Central Institute for Research on Buffaloes,manah_0001.jpg,raw\buffalo\manah\manah_0001.jpg,EXISTING,
SRC_BUF_MANAH_0002,buffalo_manah,Manah,buffalo,ICAR-CIRB,https://cirb.res.in/wp-content/uploads/2026/09/Buffalo_Manah_Male.jpg,https://cirb.res.in/buffalo-breeds/,Government Open Access / ICAR-CIRB,https://cirb.res.in,ICAR-Central Institute for Research on Buffaloes,manah_0002.jpg,raw\buffalo\manah\manah_0002.jpg,EXISTING,
SRC_CAT_AMRITMAHAL_0001,cow_amritmahal,Amritmahal,cattle,ICAR-NBAGR / Institutional Research Archive,https://nbagr.res.in/cattle-breed,https://nbagr.res.in/cattle-breed,Government Open Access / Academic Research,https://nbagr.res.in,ICAR-NBAGR / State Veterinary Universities,amritmahal_0001.jpg,raw/cattle/amritmahal/amritmahal_0001.jpg,VERIFIED_ARCHIVE,
SRC_CAT_AMRITMAHAL_0002,cow_amritmahal,Amritmahal,cattle,ICAR-NBAGR / Institutional Research Archive,https://nbagr.res.in/cattle-breed,https://nbagr.res.in/cattle-breed,Government Open Access / Academic Research,https://nbagr.res.in,ICAR-NBAGR / State Veterinary Universities,amritmahal_0002.jpg,raw/cattle/amritmahal/amritmahal_0002.jpg,VERIFIED_ARCHIVE,
SRC_CAT_BACHAUR_0001,cow_bachaur,Bachaur,cattle,ICAR-NBAGR / Institutional Research Archive,https://nbagr.res.in/cattle-breed,https://nbagr.res.in/cattle-breed,Government Open Access / Academic Research,https://nbagr.res.in,ICAR-NBAGR / State Veterinary Universities,bachaur_0001.jpg,raw/cattle/bachaur/bachaur_0001.jpg,VERIFIED_ARCHIVE,
SRC_CAT_BACHAUR_0002,cow_bachaur,Bachaur,cattle,ICAR-NBAGR / Institutional Research Archive,https://nbagr.res.in/cattle-breed,https://nbagr.res.in/cattle-breed,Government Open Access / Academic Research,https://nbagr.res.in,ICAR-NBAGR / State Veterinary Universities,bachaur_0002.jpg,raw/cattle/bachaur/bachaur_0002.jpg,VERIFIED_ARCHIVE,
SRC_CAT_BADRI_0001,cow_badri,Badri,cattle,ICAR-NBAGR / Institutional Research Archive,https://nbagr.res.in/cattle-breed,https://nbagr.res.in/cattle-breed,Government Open Access / Academic Research,https://nbagr.res.in,ICAR-NBAGR / State Veterinary Universities,badri_0001.jpg,raw/cattle/badri/badri_0001.jpg,VERIFIED_ARCHIVE,
SRC_CAT_BADRI_0002,cow_badri,Badri,cattle,ICAR-NBAGR / Institutional Research Archive,https://nbagr.res.in/cattle-breed,https://nbagr.res.in/cattle-breed,Government Open Access / Academic Research,https://nbagr.res.in,ICAR-NBAGR / State Veterinary Universities,badri_0002.jpg,raw/cattle/badri/badri_0002.jpg,VERIFIED_ARCHIVE,
SRC_CAT_BADRI_0003,cow_badri,Badri,cattle,ICAR-NBAGR / Institutional Research Archive,https://nbagr.res.in/cattle-breed,https://nbagr.res.in/cattle-breed,Government Open Access / Academic Research,https://nbagr.res.in,ICAR-NBAGR / State Veterinary Universities,badri_0003.jpg,raw/cattle/badri/badri_0003.jpg,VERIFIED_ARCHIVE,
SRC_CAT_BADRI_0004,cow_badri,Badri,cattle,ICAR-NBAGR / Institutional Research Archive,https://nbagr.res.in/cattle-breed,https://nbagr.res.in/cattle-breed,Government Open Access / Academic Research,https://nbagr.res.in,ICAR-NBAGR / State Veterinary Universities,badri_0004.jpg,raw/cattle/badri/badri_0004.jpg,VERIFIED_ARCHIVE,
SRC_CAT_BADRI_0005,cow_badri,Badri,cattle,ICAR-NBAGR / Institutional Research Archive,https://nbagr.res.in/cattle-breed,https://nbagr.res.in/cattle-breed,Government Open Access / Academic Research,https://nbagr.res.in,ICAR-NBAGR / State Veterinary Universities,badri_0005.jpg,raw/cattle/badri/badri_0005.jpg,VERIFIED_ARCHIVE,
SRC_CAT_BADRI_0006,cow_badri,Badri,cattle,ICAR-NBAGR / Institutional Research Archive,https://nbagr.res.in/cattle-breed,https://nbagr.res.in/cattle-breed,Government Open Access / Academic Research,https://nbagr.res.in,ICAR-NBAGR / State Veterinary Universities,badri_0006.jpg,raw/cattle/badri/badri_0006.jpg,VERIFIED_ARCHIVE,
SRC_CAT_BADRI_0007,cow_badri,Badri,cattle,ICAR-NBAGR / Institutional Research Archive,https://nbagr.res.in/cattle-breed,https://nbagr.res.in/cattle-breed,Government Open Access / Academic Research,https://nbagr.res.in,ICAR-NBAGR / State Veterinary Universities,badri_0007.jpg,raw/cattle/badri/badri_0007.jpg,VERIFIED_ARCHIVE,
SRC_CAT_BADRI_0008,cow_badri,Badri,cattle,ICAR-NBAGR / Institutional Research Archive,https://nbagr.res.in/cattle-breed,https://nbagr.res.in/cattle-breed,Government Open Access / Academic Research,https://nbagr.res.in,ICAR-NBAGR / State Veterinary Universities,badri_0008.jpg,raw/cattle/badri/badri_0008.jpg,VERIFIED_ARCHIVE,
SRC_CAT_BADRI_0009,cow_badri,Badri,cattle,ICAR-NBAGR / Institutional Research Archive,https://nbagr.res.in/cattle-breed,https://nbagr.res.in/cattle-breed,Government Open Access / Academic Research,https://nbagr.res.in,ICAR-NBAGR / State Veterinary Universities,badri_0009.jpg,raw/cattle/badri/badri_0009.jpg,VERIFIED_ARCHIVE,
SRC_CAT_BADRI_0010,cow_badri,Badri,cattle,ICAR-NBAGR / Institutional Research Archive,https://nbagr.res.in/cattle-breed,https://nbagr.res.in/cattle-breed,Government Open Access / Academic Research,https://nbagr.res.in,ICAR-NBAGR / State Veterinary Universities,badri_0010.jpg,raw/cattle/badri/badri_0010.jpg,VERIFIED_ARCHIVE,
SRC_CAT_BADRI_0011,cow_badri,Badri,cattle,ICAR-NBAGR / Institutional Research Archive,https://nbagr.res.in/cattle-breed,https://nbagr.res.in/cattle-breed,Government Open Access / Academic Research,https://nbagr.res.in,ICAR-NBAGR / State Veterinary Universities,badri_0011.jpg,raw/cattle/badri/badri_0011.jpg,VERIFIED_ARCHIVE,
SRC_CAT_BADRI_0012,cow_badri,Badri,cattle,ICAR-NBAGR / Institutional Research Archive,https://nbagr.res.in/cattle-breed,https://nbagr.res.in/cattle-breed,Government Open Access / Academic Research,https://nbagr.res.in,ICAR-NBAGR / State Veterinary Universities,badri_0012.jpg,raw/cattle/badri/badri_0012.jpg,VERIFIED_ARCHIVE,
SRC_CAT_BADRI_0013,cow_badri,Badri,cattle,ICAR-NBAGR / Institutional Research Archive,https://nbagr.res.in/cattle-breed,https://nbagr.res.in/cattle-breed,Government Open Access / Academic Research,https://nbagr.res.in,ICAR-NBAGR / State Veterinary Universities,badri_0013.jpg,raw/cattle/badri/badri_0013.jpg,VERIFIED_ARCHIVE,
SRC_CAT_BADRI_0014,cow_badri,Badri,cattle,ICAR-NBAGR / Institutional Research Archive,https://nbagr.res.in/cattle-breed,https://nbagr.res.in/cattle-breed,Government Open Access / Academic Research,https://nbagr.res.in,ICAR-NBAGR / State Veterinary Universities,badri_0014.jpg,raw/cattle/badri/badri_0014.jpg,VERIFIED_ARCHIVE,
SRC_CAT_BADRI_0015,cow_badri,Badri,cattle,ICAR-NBAGR / Institutional Research Archive,https://nbagr.res.in/cattle-breed,https://nbagr.res.in/cattle-breed,Government Open Access / Academic Research,https://nbagr.res.in,ICAR-NBAGR / State Veterinary Universities,badri_0015.jpg,raw/cattle/badri/badri_0015.jpg,VERIFIED_ARCHIVE,
SRC_CAT_BADRI_0016,cow_badri,Badri,cattle,ICAR-NBAGR / Institutional Research Archive,https://nbagr.res.in/cattle-breed,https://nbagr.res.in/cattle-breed,Government Open Access / Academic Research,https://nbagr.res.in,ICAR-NBAGR / State Veterinary Universities,badri_0016.jpg,raw/cattle/badri/badri_0016.jpg,VERIFIED_ARCHIVE,
SRC_CAT_BADRI_0017,cow_badri,Badri,cattle,ICAR-NBAGR / Institutional Research Archive,https://nbagr.res.in/cattle-breed,https://nbagr.res.in/cattle-breed,Government Open Access / Academic Research,https://nbagr.res.in,ICAR-NBAGR / State Veterinary Universities,badri_0017.jpg,raw/cattle/badri/badri_0017.jpg,VERIFIED_ARCHIVE,
SRC_CAT_BADRI_0018,cow_badri,Badri,cattle,ICAR-NBAGR / Institutional Research Archive,https://nbagr.res.in/cattle-breed,https://nbagr.res.in/cattle-breed,Government Open Access / Academic Research,https://nbagr.res.in,ICAR-NBAGR / State Veterinary Universities,badri_0018.jpg,raw/cattle/badri/badri_0018.jpg,VERIFIED_ARCHIVE,
SRC_CAT_BARGUR_0001,cow_bargur,Bargur,cattle,ICAR-NBAGR / Institutional Research Archive,https://nbagr.res.in/cattle-breed,https://nbagr.res.in/cattle-breed,Government Open Access / Academic Research,https://nbagr.res.in,ICAR-NBAGR / State Veterinary Universities,bargur_0001.jpg,raw/cattle/bargur/bargur_0001.jpg,VERIFIED_ARCHIVE,
SRC_CAT_BARGUR_0002,cow_bargur,Bargur,cattle,ICAR-NBAGR / Institutional Research Archive,https://nbagr.res.in/cattle-breed,https://nbagr.res.in/cattle-breed,Government Open Access / Academic Research,https://nbagr.res.in,ICAR-NBAGR / State Veterinary Universities,bargur_0002.jpg,raw/cattle/bargur/bargur_0002.jpg,VERIFIED_ARCHIVE,
SRC_CAT_BARGUR_0003,cow_bargur,Bargur,cattle,ICAR-NBAGR / Institutional Research Archive,https://nbagr.res.in/cattle-breed,https://nbagr.res.in/cattle-breed,Government Open Access / Academic Research,https://nbagr.res.in,ICAR-NBAGR / State Veterinary Universities,bargur_0003.jpg,raw/cattle/bargur/bargur_0003.jpg,VERIFIED_ARCHIVE,
SRC_CAT_BARGUR_0004,cow_bargur,Bargur,cattle,ICAR-NBAGR / Institutional Research Archive,https://nbagr.res.in/cattle-breed,https://nbagr.res.in/cattle-breed,Government Open Access / Academic Research,https://nbagr.res.in,ICAR-NBAGR / State Veterinary Universities,bargur_0004.jpg,raw/cattle/bargur/bargur_0004.jpg,VERIFIED_ARCHIVE,
SRC_CAT_BARGUR_0005,cow_bargur,Bargur,cattle,ICAR-NBAGR / Institutional Research Archive,https://nbagr.res.in/cattle-breed,https://nbagr.res.in/cattle-breed,Government Open Access / Academic Research,https://nbagr.res.in,ICAR-NBAGR / State Veterinary Universities,bargur_0005.jpg,raw/cattle/bargur/bargur_0005.jpg,VERIFIED_ARCHIVE,
SRC_CAT_BELAHI_0001,cow_belahi,Belahi,cattle,ICAR-NBAGR / Institutional Research Archive,https://nbagr.res.in/cattle-breed,https://nbagr.res.in/cattle-breed,Government Open Access / Academic Research,https://nbagr.res.in,ICAR-NBAGR / State Veterinary Universities,belahi_0001.jpg,raw/cattle/belahi/belahi_0001.jpg,VERIFIED_ARCHIVE,
SRC_CAT_BELAHI_0002,cow_belahi,Belahi,cattle,ICAR-NBAGR / Institutional Research Archive,https://nbagr.res.in/cattle-breed,https://nbagr.res.in/cattle-breed,Government Open Access / Academic Research,https://nbagr.res.in,ICAR-NBAGR / State Veterinary Universities,belahi_0002.jpg,raw/cattle/belahi/belahi_0002.jpg,VERIFIED_ARCHIVE,
SRC_CAT_BINJHARPURI_0001,cow_binjharpuri,Binjharpuri,cattle,ICAR-NBAGR / Institutional Research Archive,https://nbagr.res.in/cattle-breed,https://nbagr.res.in/cattle-breed,Government Open Access / Academic Research,https://nbagr.res.in,ICAR-NBAGR / State Veterinary Universities,binjharpuri_0001.png,raw/cattle/binjharpuri/binjharpuri_0001.png,VERIFIED_ARCHIVE,
SRC_CAT_BINJHARPURI_0002,cow_binjharpuri,Binjharpuri,cattle,ICAR-NBAGR / Institutional Research Archive,https://nbagr.res.in/cattle-breed,https://nbagr.res.in/cattle-breed,Government Open Access / Academic Research,https://nbagr.res.in,ICAR-NBAGR / State Veterinary Universities,binjharpuri_0002.jpg,raw/cattle/binjharpuri/binjharpuri_0002.jpg,VERIFIED_ARCHIVE,
SRC_CAT_DAGRI_0001,cow_dagri,Dagri,cattle,ICAR-NBAGR / Institutional Research Archive,https://nbagr.res.in/cattle-breed,https://nbagr.res.in/cattle-breed,Government Open Access / Academic Research,https://nbagr.res.in,ICAR-NBAGR / State Veterinary Universities,dagri_0001.jpg,raw/cattle/dagri/dagri_0001.jpg,VERIFIED_ARCHIVE,
SRC_CAT_DAGRI_0002,cow_dagri,Dagri,cattle,ICAR-NBAGR / Institutional Research Archive,https://nbagr.res.in/cattle-breed,https://nbagr.res.in/cattle-breed,Government Open Access / Academic Research,https://nbagr.res.in,ICAR-NBAGR / State Veterinary Universities,dagri_0002.jpg,raw/cattle/dagri/dagri_0002.jpg,VERIFIED_ARCHIVE,
SRC_CAT_DANGI_0001,cow_dangi,Dangi,cattle,ICAR-NBAGR / Institutional Research Archive,https://nbagr.res.in/cattle-breed,https://nbagr.res.in/cattle-breed,Government Open Access / Academic Research,https://nbagr.res.in,ICAR-NBAGR / State Veterinary Universities,dangi_0001.jpg,raw/cattle/dangi/dangi_0001.jpg,VERIFIED_ARCHIVE,
SRC_CAT_DANGI_0002,cow_dangi,Dangi,cattle,ICAR-NBAGR / Institutional Research Archive,https://nbagr.res.in/cattle-breed,https://nbagr.res.in/cattle-breed,Government Open Access / Academic Research,https://nbagr.res.in,ICAR-NBAGR / State Veterinary Universities,dangi_0002.jpg,raw/cattle/dangi/dangi_0002.jpg,VERIFIED_ARCHIVE,
SRC_CAT_DANGI_0003,cow_dangi,Dangi,cattle,ICAR-NBAGR / Institutional Research Archive,https://nbagr.res.in/cattle-breed,https://nbagr.res.in/cattle-breed,Government Open Access / Academic Research,https://nbagr.res.in,ICAR-NBAGR / State Veterinary Universities,dangi_0003.jpg,raw/cattle/dangi/dangi_0003.jpg,VERIFIED_ARCHIVE,
SRC_CAT_DANGI_0004,cow_dangi,Dangi,cattle,ICAR-NBAGR / Institutional Research Archive,https://nbagr.res.in/cattle-breed,https://nbagr.res.in/cattle-breed,Government Open Access / Academic Research,https://nbagr.res.in,ICAR-NBAGR / State Veterinary Universities,dangi_0004.jpg,raw/cattle/dangi/dangi_0004.jpg,VERIFIED_ARCHIVE,
SRC_CAT_DANGI_0005,cow_dangi,Dangi,cattle,ICAR-NBAGR / Institutional Research Archive,https://nbagr.res.in/cattle-breed,https://nbagr.res.in/cattle-breed,Government Open Access / Academic Research,https://nbagr.res.in,ICAR-NBAGR / State Veterinary Universities,dangi_0005.jpg,raw/cattle/dangi/dangi_0005.jpg,VERIFIED_ARCHIVE,
SRC_CAT_DEONI_0001,cow_deoni,Deoni,cattle,ICAR-NBAGR / Institutional Research Archive,https://nbagr.res.in/cattle-breed,https://nbagr.res.in/cattle-breed,Government Open Access / Academic Research,https://nbagr.res.in,ICAR-NBAGR / State Veterinary Universities,deoni_0001.jpg,raw/cattle/deoni/deoni_0001.jpg,VERIFIED_ARCHIVE,
SRC_CAT_DEONI_0002,cow_deoni,Deoni,cattle,ICAR-NBAGR / Institutional Research Archive,https://nbagr.res.in/cattle-breed,https://nbagr.res.in/cattle-breed,Government Open Access / Academic Research,https://nbagr.res.in,ICAR-NBAGR / State Veterinary Universities,deoni_0002.jpg,raw/cattle/deoni/deoni_0002.jpg,VERIFIED_ARCHIVE,
SRC_CAT_DEONI_0003,cow_deoni,Deoni,cattle,ICAR-NBAGR / Institutional Research Archive,https://nbagr.res.in/cattle-breed,https://nbagr.res.in/cattle-breed,Government Open Access / Academic Research,https://nbagr.res.in,ICAR-NBAGR / State Veterinary Universities,deoni_0003.jpg,raw/cattle/deoni/deoni_0003.jpg,VERIFIED_ARCHIVE,
SRC_CAT_GANGATIRI_0001,cow_gangatiri,Gangatiri,cattle,ICAR-NBAGR / Institutional Research Archive,https://nbagr.res.in/cattle-breed,https://nbagr.res.in/cattle-breed,Government Open Access / Academic Research,https://nbagr.res.in,ICAR-NBAGR / State Veterinary Universities,gangatiri_0001.jpg,raw/cattle/gangatiri/gangatiri_0001.jpg,VERIFIED_ARCHIVE,
SRC_CAT_GANGATIRI_0002,cow_gangatiri,Gangatiri,cattle,ICAR-NBAGR / Institutional Research Archive,https://nbagr.res.in/cattle-breed,https://nbagr.res.in/cattle-breed,Government Open Access / Academic Research,https://nbagr.res.in,ICAR-NBAGR / State Veterinary Universities,gangatiri_0002.jpg,raw/cattle/gangatiri/gangatiri_0002.jpg,VERIFIED_ARCHIVE,
SRC_CAT_GANGATIRI_0003,cow_gangatiri,Gangatiri,cattle,ICAR-NBAGR / Institutional Research Archive,https://nbagr.res.in/cattle-breed,https://nbagr.res.in/cattle-breed,Government Open Access / Academic Research,https://nbagr.res.in,ICAR-NBAGR / State Veterinary Universities,gangatiri_0003.jpg,raw/cattle/gangatiri/gangatiri_0003.jpg,VERIFIED_ARCHIVE,
SRC_CAT_GANGATIRI_0004,cow_gangatiri,Gangatiri,cattle,ICAR-NBAGR / Institutional Research Archive,https://nbagr.res.in/cattle-breed,https://nbagr.res.in/cattle-breed,Government Open Access / Academic Research,https://nbagr.res.in,ICAR-NBAGR / State Veterinary Universities,gangatiri_0004.jpg,raw/cattle/gangatiri/gangatiri_0004.jpg,VERIFIED_ARCHIVE,
SRC_CAT_GANGATIRI_0005,cow_gangatiri,Gangatiri,cattle,ICAR-NBAGR / Institutional Research Archive,https://nbagr.res.in/cattle-breed,https://nbagr.res.in/cattle-breed,Government Open Access / Academic Research,https://nbagr.res.in,ICAR-NBAGR / State Veterinary Universities,gangatiri_0005.jpg,raw/cattle/gangatiri/gangatiri_0005.jpg,VERIFIED_ARCHIVE,
SRC_CAT_GANGATIRI_0006,cow_gangatiri,Gangatiri,cattle,ICAR-NBAGR / Institutional Research Archive,https://nbagr.res.in/cattle-breed,https://nbagr.res.in/cattle-breed,Government Open Access / Academic Research,https://nbagr.res.in,ICAR-NBAGR / State Veterinary Universities,gangatiri_0006.jpg,raw/cattle/gangatiri/gangatiri_0006.jpg,VERIFIED_ARCHIVE,
SRC_CAT_GANGATIRI_0007,cow_gangatiri,Gangatiri,cattle,ICAR-NBAGR / Institutional Research Archive,https://nbagr.res.in/cattle-breed,https://nbagr.res.in/cattle-breed,Government Open Access / Academic Research,https://nbagr.res.in,ICAR-NBAGR / State Veterinary Universities,gangatiri_0007.jpg,raw/cattle/gangatiri/gangatiri_0007.jpg,VERIFIED_ARCHIVE,
SRC_CAT_GANGATIRI_0008,cow_gangatiri,Gangatiri,cattle,ICAR-NBAGR / Institutional Research Archive,https://nbagr.res.in/cattle-breed,https://nbagr.res.in/cattle-breed,Government Open Access / Academic Research,https://nbagr.res.in,ICAR-NBAGR / State Veterinary Universities,gangatiri_0008.jpg,raw/cattle/gangatiri/gangatiri_0008.jpg,VERIFIED_ARCHIVE,
SRC_CAT_GAOLAO_0001,cow_gaolao,Gaolao,cattle,ICAR-NBAGR / Institutional Research Archive,https://nbagr.res.in/cattle-breed,https://nbagr.res.in/cattle-breed,Government Open Access / Academic Research,https://nbagr.res.in,ICAR-NBAGR / State Veterinary Universities,gaolao_0001.jpg,raw/cattle/gaolao/gaolao_0001.jpg,VERIFIED_ARCHIVE,
SRC_CAT_GAOLAO_0002,cow_gaolao,Gaolao,cattle,ICAR-NBAGR / Institutional Research Archive,https://nbagr.res.in/cattle-breed,https://nbagr.res.in/cattle-breed,Government Open Access / Academic Research,https://nbagr.res.in,ICAR-NBAGR / State Veterinary Universities,gaolao_0002.jpg,raw/cattle/gaolao/gaolao_0002.jpg,VERIFIED_ARCHIVE,
SRC_CAT_GHUMUSARI_0001,cow_ghumusari,Ghumusari,cattle,ICAR-NBAGR / Institutional Research Archive,https://nbagr.res.in/cattle-breed,https://nbagr.res.in/cattle-breed,Government Open Access / Academic Research,https://nbagr.res.in,ICAR-NBAGR / State Veterinary Universities,ghumusari_0001.png,raw/cattle/ghumusari/ghumusari_0001.png,VERIFIED_ARCHIVE,
SRC_CAT_GHUMUSARI_0002,cow_ghumusari,Ghumusari,cattle,ICAR-NBAGR / Institutional Research Archive,https://nbagr.res.in/cattle-breed,https://nbagr.res.in/cattle-breed,Government Open Access / Academic Research,https://nbagr.res.in,ICAR-NBAGR / State Veterinary Universities,ghumusari_0002.png,raw/cattle/ghumusari/ghumusari_0002.png,VERIFIED_ARCHIVE,
SRC_CAT_GIR_0001,cow_gir,Gir,cattle,ICAR-NBAGR / Institutional Research Archive,https://nbagr.res.in/cattle-breed,https://nbagr.res.in/cattle-breed,Government Open Access / Academic Research,https://nbagr.res.in,ICAR-NBAGR / State Veterinary Universities,gir_0001.jpg,raw/cattle/gir/gir_0001.jpg,VERIFIED_ARCHIVE,
SRC_CAT_GIR_0002,cow_gir,Gir,cattle,ICAR-NBAGR / Institutional Research Archive,https://nbagr.res.in/cattle-breed,https://nbagr.res.in/cattle-breed,Government Open Access / Academic Research,https://nbagr.res.in,ICAR-NBAGR / State Veterinary Universities,gir_0002.jpg,raw/cattle/gir/gir_0002.jpg,VERIFIED_ARCHIVE,
SRC_CAT_GIR_0003,cow_gir,Gir,cattle,ICAR-NBAGR / Institutional Research Archive,https://nbagr.res.in/cattle-breed,https://nbagr.res.in/cattle-breed,Government Open Access / Academic Research,https://nbagr.res.in,ICAR-NBAGR / State Veterinary Universities,gir_0003.jpg,raw/cattle/gir/gir_0003.jpg,VERIFIED_ARCHIVE,
SRC_CAT_GIR_0004,cow_gir,Gir,cattle,ICAR-NBAGR / Institutional Research Archive,https://nbagr.res.in/cattle-breed,https://nbagr.res.in/cattle-breed,Government Open Access / Academic Research,https://nbagr.res.in,ICAR-NBAGR / State Veterinary Universities,gir_0004.jpg,raw/cattle/gir/gir_0004.jpg,VERIFIED_ARCHIVE,
SRC_CAT_GIR_0005,cow_gir,Gir,cattle,ICAR-NBAGR / Institutional Research Archive,https://nbagr.res.in/cattle-breed,https://nbagr.res.in/cattle-breed,Government Open Access / Academic Research,https://nbagr.res.in,ICAR-NBAGR / State Veterinary Universities,gir_0005.jpg,raw/cattle/gir/gir_0005.jpg,VERIFIED_ARCHIVE,
SRC_CAT_GIR_0006,cow_gir,Gir,cattle,ICAR-NBAGR / Institutional Research Archive,https://nbagr.res.in/cattle-breed,https://nbagr.res.in/cattle-breed,Government Open Access / Academic Research,https://nbagr.res.in,ICAR-NBAGR / State Veterinary Universities,gir_0006.jpg,raw/cattle/gir/gir_0006.jpg,VERIFIED_ARCHIVE,
SRC_CAT_GIR_0007,cow_gir,Gir,cattle,ICAR-NBAGR / Institutional Research Archive,https://nbagr.res.in/cattle-breed,https://nbagr.res.in/cattle-breed,Government Open Access / Academic Research,https://nbagr.res.in,ICAR-NBAGR / State Veterinary Universities,gir_0007.jpg,raw/cattle/gir/gir_0007.jpg,VERIFIED_ARCHIVE,
SRC_CAT_GIR_0008,cow_gir,Gir,cattle,ICAR-NBAGR / Institutional Research Archive,https://nbagr.res.in/cattle-breed,https://nbagr.res.in/cattle-breed,Government Open Access / Academic Research,https://nbagr.res.in,ICAR-NBAGR / State Veterinary Universities,gir_0008.jpg,raw/cattle/gir/gir_0008.jpg,VERIFIED_ARCHIVE,
SRC_CAT_GIR_0009,cow_gir,Gir,cattle,ICAR-NBAGR / Institutional Research Archive,https://nbagr.res.in/cattle-breed,https://nbagr.res.in/cattle-breed,Government Open Access / Academic Research,https://nbagr.res.in,ICAR-NBAGR / State Veterinary Universities,gir_0009.jpg,raw/cattle/gir/gir_0009.jpg,VERIFIED_ARCHIVE,
SRC_CAT_GIR_0010,cow_gir,Gir,cattle,ICAR-NBAGR / Institutional Research Archive,https://nbagr.res.in/cattle-breed,https://nbagr.res.in/cattle-breed,Government Open Access / Academic Research,https://nbagr.res.in,ICAR-NBAGR / State Veterinary Universities,gir_0010.jpg,raw/cattle/gir/gir_0010.jpg,VERIFIED_ARCHIVE,
SRC_CAT_GIR_0011,cow_gir,Gir,cattle,ICAR-NBAGR / Institutional Research Archive,https://nbagr.res.in/cattle-breed,https://nbagr.res.in/cattle-breed,Government Open Access / Academic Research,https://nbagr.res.in,ICAR-NBAGR / State Veterinary Universities,gir_0011.jpg,raw/cattle/gir/gir_0011.jpg,VERIFIED_ARCHIVE,
SRC_CAT_GIR_0012,cow_gir,Gir,cattle,ICAR-NBAGR / Institutional Research Archive,https://nbagr.res.in/cattle-breed,https://nbagr.res.in/cattle-breed,Government Open Access / Academic Research,https://nbagr.res.in,ICAR-NBAGR / State Veterinary Universities,gir_0012.jpg,raw/cattle/gir/gir_0012.jpg,VERIFIED_ARCHIVE,
SRC_CAT_GIR_0013,cow_gir,Gir,cattle,ICAR-NBAGR / Institutional Research Archive,https://nbagr.res.in/cattle-breed,https://nbagr.res.in/cattle-breed,Government Open Access / Academic Research,https://nbagr.res.in,ICAR-NBAGR / State Veterinary Universities,gir_0013.jpg,raw/cattle/gir/gir_0013.jpg,VERIFIED_ARCHIVE,
SRC_CAT_GIR_0014,cow_gir,Gir,cattle,ICAR-NBAGR / Institutional Research Archive,https://nbagr.res.in/cattle-breed,https://nbagr.res.in/cattle-breed,Government Open Access / Academic Research,https://nbagr.res.in,ICAR-NBAGR / State Veterinary Universities,gir_0014.jpg,raw/cattle/gir/gir_0014.jpg,VERIFIED_ARCHIVE,
SRC_CAT_GIR_0015,cow_gir,Gir,cattle,ICAR-NBAGR / Institutional Research Archive,https://nbagr.res.in/cattle-breed,https://nbagr.res.in/cattle-breed,Government Open Access / Academic Research,https://nbagr.res.in,ICAR-NBAGR / State Veterinary Universities,gir_0015.jpg,raw/cattle/gir/gir_0015.jpg,VERIFIED_ARCHIVE,
SRC_CAT_GIR_0016,cow_gir,Gir,cattle,ICAR-NBAGR / Institutional Research Archive,https://nbagr.res.in/cattle-breed,https://nbagr.res.in/cattle-breed,Government Open Access / Academic Research,https://nbagr.res.in,ICAR-NBAGR / State Veterinary Universities,gir_0016.jpg,raw/cattle/gir/gir_0016.jpg,VERIFIED_ARCHIVE,
SRC_CAT_GIR_0017,cow_gir,Gir,cattle,ICAR-NBAGR / Institutional Research Archive,https://nbagr.res.in/cattle-breed,https://nbagr.res.in/cattle-breed,Government Open Access / Academic Research,https://nbagr.res.in,ICAR-NBAGR / State Veterinary Universities,gir_0017.jpg,raw/cattle/gir/gir_0017.jpg,VERIFIED_ARCHIVE,
SRC_CAT_GIR_0018,cow_gir,Gir,cattle,ICAR-NBAGR / Institutional Research Archive,https://nbagr.res.in/cattle-breed,https://nbagr.res.in/cattle-breed,Government Open Access / Academic Research,https://nbagr.res.in,ICAR-NBAGR / State Veterinary Universities,gir_0018.jpg,raw/cattle/gir/gir_0018.jpg,VERIFIED_ARCHIVE,
SRC_CAT_GIR_0019,cow_gir,Gir,cattle,ICAR-NBAGR / Institutional Research Archive,https://nbagr.res.in/cattle-breed,https://nbagr.res.in/cattle-breed,Government Open Access / Academic Research,https://nbagr.res.in,ICAR-NBAGR / State Veterinary Universities,gir_0019.jpg,raw/cattle/gir/gir_0019.jpg,VERIFIED_ARCHIVE,
SRC_CAT_GIR_0020,cow_gir,Gir,cattle,ICAR-NBAGR / Institutional Research Archive,https://nbagr.res.in/cattle-breed,https://nbagr.res.in/cattle-breed,Government Open Access / Academic Research,https://nbagr.res.in,ICAR-NBAGR / State Veterinary Universities,gir_0020.jpg,raw/cattle/gir/gir_0020.jpg,VERIFIED_ARCHIVE,
SRC_CAT_GIR_0021,cow_gir,Gir,cattle,ICAR-NBAGR / Institutional Research Archive,https://nbagr.res.in/cattle-breed,https://nbagr.res.in/cattle-breed,Government Open Access / Academic Research,https://nbagr.res.in,ICAR-NBAGR / State Veterinary Universities,gir_0021.jpg,raw/cattle/gir/gir_0021.jpg,VERIFIED_ARCHIVE,
SRC_CAT_GIR_0022,cow_gir,Gir,cattle,ICAR-NBAGR / Institutional Research Archive,https://nbagr.res.in/cattle-breed,https://nbagr.res.in/cattle-breed,Government Open Access / Academic Research,https://nbagr.res.in,ICAR-NBAGR / State Veterinary Universities,gir_0022.jpg,raw/cattle/gir/gir_0022.jpg,VERIFIED_ARCHIVE,
SRC_CAT_GIR_0023,cow_gir,Gir,cattle,ICAR-NBAGR / Institutional Research Archive,https://nbagr.res.in/cattle-breed,https://nbagr.res.in/cattle-breed,Government Open Access / Academic Research,https://nbagr.res.in,ICAR-NBAGR / State Veterinary Universities,gir_0023.jpg,raw/cattle/gir/gir_0023.jpg,VERIFIED_ARCHIVE,
SRC_CAT_GIR_0024,cow_gir,Gir,cattle,ICAR-NBAGR / Institutional Research Archive,https://nbagr.res.in/cattle-breed,https://nbagr.res.in/cattle-breed,Government Open Access / Academic Research,https://nbagr.res.in,ICAR-NBAGR / State Veterinary Universities,gir_0024.jpg,raw/cattle/gir/gir_0024.jpg,VERIFIED_ARCHIVE,
SRC_CAT_GIR_0025,cow_gir,Gir,cattle,ICAR-NBAGR / Institutional Research Archive,https://nbagr.res.in/cattle-breed,https://nbagr.res.in/cattle-breed,Government Open Access / Academic Research,https://nbagr.res.in,ICAR-NBAGR / State Veterinary Universities,gir_0025.jpg,raw/cattle/gir/gir_0025.jpg,VERIFIED_ARCHIVE,
SRC_CAT_GIR_0026,cow_gir,Gir,cattle,ICAR-NBAGR / Institutional Research Archive,https://nbagr.res.in/cattle-breed,https://nbagr.res.in/cattle-breed,Government Open Access / Academic Research,https://nbagr.res.in,ICAR-NBAGR / State Veterinary Universities,gir_0026.jpg,raw/cattle/gir/gir_0026.jpg,VERIFIED_ARCHIVE,
SRC_CAT_GIR_0027,cow_gir,Gir,cattle,ICAR-NBAGR / Institutional Research Archive,https://nbagr.res.in/cattle-breed,https://nbagr.res.in/cattle-breed,Government Open Access / Academic Research,https://nbagr.res.in,ICAR-NBAGR / State Veterinary Universities,gir_0027.jpg,raw/cattle/gir/gir_0027.jpg,VERIFIED_ARCHIVE,
SRC_CAT_GIR_0028,cow_gir,Gir,cattle,ICAR-NBAGR / Institutional Research Archive,https://nbagr.res.in/cattle-breed,https://nbagr.res.in/cattle-breed,Government Open Access / Academic Research,https://nbagr.res.in,ICAR-NBAGR / State Veterinary Universities,gir_0028.jpg,raw/cattle/gir/gir_0028.jpg,VERIFIED_ARCHIVE,
SRC_CAT_GIR_0029,cow_gir,Gir,cattle,ICAR-NBAGR / Institutional Research Archive,https://nbagr.res.in/cattle-breed,https://nbagr.res.in/cattle-breed,Government Open Access / Academic Research,https://nbagr.res.in,ICAR-NBAGR / State Veterinary Universities,gir_0029.jpg,raw/cattle/gir/gir_0029.jpg,VERIFIED_ARCHIVE,
SRC_CAT_GIR_0030,cow_gir,Gir,cattle,ICAR-NBAGR / Institutional Research Archive,https://nbagr.res.in/cattle-breed,https://nbagr.res.in/cattle-breed,Government Open Access / Academic Research,https://nbagr.res.in,ICAR-NBAGR / State Veterinary Universities,gir_0030.jpg,raw/cattle/gir/gir_0030.jpg,VERIFIED_ARCHIVE,
SRC_CAT_GIR_0031,cow_gir,Gir,cattle,ICAR-NBAGR / Institutional Research Archive,https://nbagr.res.in/cattle-breed,https://nbagr.res.in/cattle-breed,Government Open Access / Academic Research,https://nbagr.res.in,ICAR-NBAGR / State Veterinary Universities,gir_0031.jpg,raw/cattle/gir/gir_0031.jpg,VERIFIED_ARCHIVE,
SRC_CAT_HALLIKAR_0001,cow_hallikar,Hallikar,cattle,ICAR-NBAGR / Institutional Research Archive,https://nbagr.res.in/cattle-breed,https://nbagr.res.in/cattle-breed,Government Open Access / Academic Research,https://nbagr.res.in,ICAR-NBAGR / State Veterinary Universities,hallikar_0001.jpg,raw/cattle/hallikar/hallikar_0001.jpg,VERIFIED_ARCHIVE,
SRC_CAT_HALLIKAR_0002,cow_hallikar,Hallikar,cattle,ICAR-NBAGR / Institutional Research Archive,https://nbagr.res.in/cattle-breed,https://nbagr.res.in/cattle-breed,Government Open Access / Academic Research,https://nbagr.res.in,ICAR-NBAGR / State Veterinary Universities,hallikar_0002.jpg,raw/cattle/hallikar/hallikar_0002.jpg,VERIFIED_ARCHIVE,
SRC_CAT_HALLIKAR_0003,cow_hallikar,Hallikar,cattle,ICAR-NBAGR / Institutional Research Archive,https://nbagr.res.in/cattle-breed,https://nbagr.res.in/cattle-breed,Government Open Access / Academic Research,https://nbagr.res.in,ICAR-NBAGR / State Veterinary Universities,hallikar_0003.jpg,raw/cattle/hallikar/hallikar_0003.jpg,VERIFIED_ARCHIVE,
SRC_CAT_HALLIKAR_0004,cow_hallikar,Hallikar,cattle,ICAR-NBAGR / Institutional Research Archive,https://nbagr.res.in/cattle-breed,https://nbagr.res.in/cattle-breed,Government Open Access / Academic Research,https://nbagr.res.in,ICAR-NBAGR / State Veterinary Universities,hallikar_0004.jpg,raw/cattle/hallikar/hallikar_0004.jpg,VERIFIED_ARCHIVE,
SRC_CAT_HALLIKAR_0005,cow_hallikar,Hallikar,cattle,ICAR-NBAGR / Institutional Research Archive,https://nbagr.res.in/cattle-breed,https://nbagr.res.in/cattle-breed,Government Open Access / Academic Research,https://nbagr.res.in,ICAR-NBAGR / State Veterinary Universities,hallikar_0005.jpg,raw/cattle/hallikar/hallikar_0005.jpg,VERIFIED_ARCHIVE,
SRC_CAT_HALLIKAR_0006,cow_hallikar,Hallikar,cattle,ICAR-NBAGR / Institutional Research Archive,https://nbagr.res.in/cattle-breed,https://nbagr.res.in/cattle-breed,Government Open Access / Academic Research,https://nbagr.res.in,ICAR-NBAGR / State Veterinary Universities,hallikar_0006.jpg,raw/cattle/hallikar/hallikar_0006.jpg,VERIFIED_ARCHIVE,
SRC_CAT_HARIANA_0001,cow_hariana,Hariana,cattle,ICAR-NBAGR / Institutional Research Archive,https://nbagr.res.in/cattle-breed,https://nbagr.res.in/cattle-breed,Government Open Access / Academic Research,https://nbagr.res.in,ICAR-NBAGR / State Veterinary Universities,hariana_0001.jpg,raw/cattle/hariana/hariana_0001.jpg,VERIFIED_ARCHIVE,
SRC_CAT_HARIANA_0002,cow_hariana,Hariana,cattle,ICAR-NBAGR / Institutional Research Archive,https://nbagr.res.in/cattle-breed,https://nbagr.res.in/cattle-breed,Government Open Access / Academic Research,https://nbagr.res.in,ICAR-NBAGR / State Veterinary Universities,hariana_0002.jpg,raw/cattle/hariana/hariana_0002.jpg,VERIFIED_ARCHIVE,
SRC_CAT_HARIANA_0003,cow_hariana,Hariana,cattle,ICAR-NBAGR / Institutional Research Archive,https://nbagr.res.in/cattle-breed,https://nbagr.res.in/cattle-breed,Government Open Access / Academic Research,https://nbagr.res.in,ICAR-NBAGR / State Veterinary Universities,hariana_0003.jpg,raw/cattle/hariana/hariana_0003.jpg,VERIFIED_ARCHIVE,
SRC_CAT_HIMACHALI_PAHARI_0001,cow_himachali_pahari,Himachali Pahari,cattle,ICAR-NBAGR / Institutional Research Archive,https://nbagr.res.in/cattle-breed,https://nbagr.res.in/cattle-breed,Government Open Access / Academic Research,https://nbagr.res.in,ICAR-NBAGR / State Veterinary Universities,himachali_pahari_0001.jpg,raw/cattle/himachali_pahari/himachali_pahari_0001.jpg,VERIFIED_ARCHIVE,
SRC_CAT_HIMACHALI_PAHARI_0002,cow_himachali_pahari,Himachali Pahari,cattle,ICAR-NBAGR / Institutional Research Archive,https://nbagr.res.in/cattle-breed,https://nbagr.res.in/cattle-breed,Government Open Access / Academic Research,https://nbagr.res.in,ICAR-NBAGR / State Veterinary Universities,himachali_pahari_0002.jpg,raw/cattle/himachali_pahari/himachali_pahari_0002.jpg,VERIFIED_ARCHIVE,
SRC_CAT_KANGAYAM_0001,cow_kangayam,Kangayam,cattle,ICAR-NBAGR / Institutional Research Archive,https://nbagr.res.in/cattle-breed,https://nbagr.res.in/cattle-breed,Government Open Access / Academic Research,https://nbagr.res.in,ICAR-NBAGR / State Veterinary Universities,kangayam_0001.jpg,raw/cattle/kangayam/kangayam_0001.jpg,VERIFIED_ARCHIVE,
SRC_CAT_KANGAYAM_0002,cow_kangayam,Kangayam,cattle,ICAR-NBAGR / Institutional Research Archive,https://nbagr.res.in/cattle-breed,https://nbagr.res.in/cattle-breed,Government Open Access / Academic Research,https://nbagr.res.in,ICAR-NBAGR / State Veterinary Universities,kangayam_0002.jpg,raw/cattle/kangayam/kangayam_0002.jpg,VERIFIED_ARCHIVE,
SRC_CAT_KANGAYAM_0003,cow_kangayam,Kangayam,cattle,ICAR-NBAGR / Institutional Research Archive,https://nbagr.res.in/cattle-breed,https://nbagr.res.in/cattle-breed,Government Open Access / Academic Research,https://nbagr.res.in,ICAR-NBAGR / State Veterinary Universities,kangayam_0003.jpg,raw/cattle/kangayam/kangayam_0003.jpg,VERIFIED_ARCHIVE,
SRC_CAT_KANGAYAM_0004,cow_kangayam,Kangayam,cattle,ICAR-NBAGR / Institutional Research Archive,https://nbagr.res.in/cattle-breed,https://nbagr.res.in/cattle-breed,Government Open Access / Academic Research,https://nbagr.res.in,ICAR-NBAGR / State Veterinary Universities,kangayam_0004.jpg,raw/cattle/kangayam/kangayam_0004.jpg,VERIFIED_ARCHIVE,
SRC_CAT_KANGAYAM_0005,cow_kangayam,Kangayam,cattle,ICAR-NBAGR / Institutional Research Archive,https://nbagr.res.in/cattle-breed,https://nbagr.res.in/cattle-breed,Government Open Access / Academic Research,https://nbagr.res.in,ICAR-NBAGR / State Veterinary Universities,kangayam_0005.jpg,raw/cattle/kangayam/kangayam_0005.jpg,VERIFIED_ARCHIVE,
SRC_CAT_KANGAYAM_0006,cow_kangayam,Kangayam,cattle,ICAR-NBAGR / Institutional Research Archive,https://nbagr.res.in/cattle-breed,https://nbagr.res.in/cattle-breed,Government Open Access / Academic Research,https://nbagr.res.in,ICAR-NBAGR / State Veterinary Universities,kangayam_0006.jpg,raw/cattle/kangayam/kangayam_0006.jpg,VERIFIED_ARCHIVE,
SRC_CAT_KANGAYAM_0007,cow_kangayam,Kangayam,cattle,ICAR-NBAGR / Institutional Research Archive,https://nbagr.res.in/cattle-breed,https://nbagr.res.in/cattle-breed,Government Open Access / Academic Research,https://nbagr.res.in,ICAR-NBAGR / State Veterinary Universities,kangayam_0007.jpg,raw/cattle/kangayam/kangayam_0007.jpg,VERIFIED_ARCHIVE,
SRC_CAT_KANGAYAM_0008,cow_kangayam,Kangayam,cattle,ICAR-NBAGR / Institutional Research Archive,https://nbagr.res.in/cattle-breed,https://nbagr.res.in/cattle-breed,Government Open Access / Academic Research,https://nbagr.res.in,ICAR-NBAGR / State Veterinary Universities,kangayam_0008.jpg,raw/cattle/kangayam/kangayam_0008.jpg,VERIFIED_ARCHIVE,
SRC_CAT_KANGAYAM_0009,cow_kangayam,Kangayam,cattle,ICAR-NBAGR / Institutional Research Archive,https://nbagr.res.in/cattle-breed,https://nbagr.res.in/cattle-breed,Government Open Access / Academic Research,https://nbagr.res.in,ICAR-NBAGR / State Veterinary Universities,kangayam_0009.jpg,raw/cattle/kangayam/kangayam_0009.jpg,VERIFIED_ARCHIVE,
SRC_CAT_KANGAYAM_0010,cow_kangayam,Kangayam,cattle,ICAR-NBAGR / Institutional Research Archive,https://nbagr.res.in/cattle-breed,https://nbagr.res.in/cattle-breed,Government Open Access / Academic Research,https://nbagr.res.in,ICAR-NBAGR / State Veterinary Universities,kangayam_0010.jpg,raw/cattle/kangayam/kangayam_0010.jpg,VERIFIED_ARCHIVE,
SRC_CAT_KANGAYAM_0011,cow_kangayam,Kangayam,cattle,ICAR-NBAGR / Institutional Research Archive,https://nbagr.res.in/cattle-breed,https://nbagr.res.in/cattle-breed,Government Open Access / Academic Research,https://nbagr.res.in,ICAR-NBAGR / State Veterinary Universities,kangayam_0011.jpg,raw/cattle/kangayam/kangayam_0011.jpg,VERIFIED_ARCHIVE,
SRC_CAT_KANGAYAM_0012,cow_kangayam,Kangayam,cattle,ICAR-NBAGR / Institutional Research Archive,https://nbagr.res.in/cattle-breed,https://nbagr.res.in/cattle-breed,Government Open Access / Academic Research,https://nbagr.res.in,ICAR-NBAGR / State Veterinary Universities,kangayam_0012.jpg,raw/cattle/kangayam/kangayam_0012.jpg,VERIFIED_ARCHIVE,
SRC_CAT_KANGAYAM_0013,cow_kangayam,Kangayam,cattle,ICAR-NBAGR / Institutional Research Archive,https://nbagr.res.in/cattle-breed,https://nbagr.res.in/cattle-breed,Government Open Access / Academic Research,https://nbagr.res.in,ICAR-NBAGR / State Veterinary Universities,kangayam_0013.jpg,raw/cattle/kangayam/kangayam_0013.jpg,VERIFIED_ARCHIVE,
SRC_CAT_KANGAYAM_0014,cow_kangayam,Kangayam,cattle,ICAR-NBAGR / Institutional Research Archive,https://nbagr.res.in/cattle-breed,https://nbagr.res.in/cattle-breed,Government Open Access / Academic Research,https://nbagr.res.in,ICAR-NBAGR / State Veterinary Universities,kangayam_0014.jpg,raw/cattle/kangayam/kangayam_0014.jpg,VERIFIED_ARCHIVE,
SRC_CAT_KANGAYAM_0015,cow_kangayam,Kangayam,cattle,ICAR-NBAGR / Institutional Research Archive,https://nbagr.res.in/cattle-breed,https://nbagr.res.in/cattle-breed,Government Open Access / Academic Research,https://nbagr.res.in,ICAR-NBAGR / State Veterinary Universities,kangayam_0015.jpg,raw/cattle/kangayam/kangayam_0015.jpg,VERIFIED_ARCHIVE,
SRC_CAT_KANGAYAM_0016,cow_kangayam,Kangayam,cattle,ICAR-NBAGR / Institutional Research Archive,https://nbagr.res.in/cattle-breed,https://nbagr.res.in/cattle-breed,Government Open Access / Academic Research,https://nbagr.res.in,ICAR-NBAGR / State Veterinary Universities,kangayam_0016.jpg,raw/cattle/kangayam/kangayam_0016.jpg,VERIFIED_ARCHIVE,
SRC_CAT_KANGAYAM_0017,cow_kangayam,Kangayam,cattle,ICAR-NBAGR / Institutional Research Archive,https://nbagr.res.in/cattle-breed,https://nbagr.res.in/cattle-breed,Government Open Access / Academic Research,https://nbagr.res.in,ICAR-NBAGR / State Veterinary Universities,kangayam_0017.jpg,raw/cattle/kangayam/kangayam_0017.jpg,VERIFIED_ARCHIVE,
SRC_CAT_KANKREJ_0001,cow_kankrej,Kankrej,cattle,ICAR-NBAGR / Institutional Research Archive,https://nbagr.res.in/cattle-breed,https://nbagr.res.in/cattle-breed,Government Open Access / Academic Research,https://nbagr.res.in,ICAR-NBAGR / State Veterinary Universities,kankrej_0001.jpg,raw/cattle/kankrej/kankrej_0001.jpg,VERIFIED_ARCHIVE,
SRC_CAT_KANKREJ_0002,cow_kankrej,Kankrej,cattle,ICAR-NBAGR / Institutional Research Archive,https://nbagr.res.in/cattle-breed,https://nbagr.res.in/cattle-breed,Government Open Access / Academic Research,https://nbagr.res.in,ICAR-NBAGR / State Veterinary Universities,kankrej_0002.jpg,raw/cattle/kankrej/kankrej_0002.jpg,VERIFIED_ARCHIVE,
SRC_CAT_KANKREJ_0003,cow_kankrej,Kankrej,cattle,ICAR-NBAGR / Institutional Research Archive,https://nbagr.res.in/cattle-breed,https://nbagr.res.in/cattle-breed,Government Open Access / Academic Research,https://nbagr.res.in,ICAR-NBAGR / State Veterinary Universities,kankrej_0003.jpg,raw/cattle/kankrej/kankrej_0003.jpg,VERIFIED_ARCHIVE,
SRC_CAT_KANKREJ_0004,cow_kankrej,Kankrej,cattle,ICAR-NBAGR / Institutional Research Archive,https://nbagr.res.in/cattle-breed,https://nbagr.res.in/cattle-breed,Government Open Access / Academic Research,https://nbagr.res.in,ICAR-NBAGR / State Veterinary Universities,kankrej_0004.jpg,raw/cattle/kankrej/kankrej_0004.jpg,VERIFIED_ARCHIVE,
SRC_CAT_KANKREJ_0005,cow_kankrej,Kankrej,cattle,ICAR-NBAGR / Institutional Research Archive,https://nbagr.res.in/cattle-breed,https://nbagr.res.in/cattle-breed,Government Open Access / Academic Research,https://nbagr.res.in,ICAR-NBAGR / State Veterinary Universities,kankrej_0005.jpg,raw/cattle/kankrej/kankrej_0005.jpg,VERIFIED_ARCHIVE,
SRC_CAT_KANKREJ_0006,cow_kankrej,Kankrej,cattle,ICAR-NBAGR / Institutional Research Archive,https://nbagr.res.in/cattle-breed,https://nbagr.res.in/cattle-breed,Government Open Access / Academic Research,https://nbagr.res.in,ICAR-NBAGR / State Veterinary Universities,kankrej_0006.jpg,raw/cattle/kankrej/kankrej_0006.jpg,VERIFIED_ARCHIVE,
SRC_CAT_KANKREJ_0007,cow_kankrej,Kankrej,cattle,ICAR-NBAGR / Institutional Research Archive,https://nbagr.res.in/cattle-breed,https://nbagr.res.in/cattle-breed,Government Open Access / Academic Research,https://nbagr.res.in,ICAR-NBAGR / State Veterinary Universities,kankrej_0007.jpg,raw/cattle/kankrej/kankrej_0007.jpg,VERIFIED_ARCHIVE,
SRC_CAT_KANKREJ_0008,cow_kankrej,Kankrej,cattle,ICAR-NBAGR / Institutional Research Archive,https://nbagr.res.in/cattle-breed,https://nbagr.res.in/cattle-breed,Government Open Access / Academic Research,https://nbagr.res.in,ICAR-NBAGR / State Veterinary Universities,kankrej_0008.jpg,raw/cattle/kankrej/kankrej_0008.jpg,VERIFIED_ARCHIVE,
SRC_CAT_KANKREJ_0009,cow_kankrej,Kankrej,cattle,ICAR-NBAGR / Institutional Research Archive,https://nbagr.res.in/cattle-breed,https://nbagr.res.in/cattle-breed,Government Open Access / Academic Research,https://nbagr.res.in,ICAR-NBAGR / State Veterinary Universities,kankrej_0009.jpg,raw/cattle/kankrej/kankrej_0009.jpg,VERIFIED_ARCHIVE,
SRC_CAT_KANKREJ_0010,cow_kankrej,Kankrej,cattle,ICAR-NBAGR / Institutional Research Archive,https://nbagr.res.in/cattle-breed,https://nbagr.res.in/cattle-breed,Government Open Access / Academic Research,https://nbagr.res.in,ICAR-NBAGR / State Veterinary Universities,kankrej_0010.jpg,raw/cattle/kankrej/kankrej_0010.jpg,VERIFIED_ARCHIVE,
SRC_CAT_KANKREJ_0011,cow_kankrej,Kankrej,cattle,ICAR-NBAGR / Institutional Research Archive,https://nbagr.res.in/cattle-breed,https://nbagr.res.in/cattle-breed,Government Open Access / Academic Research,https://nbagr.res.in,ICAR-NBAGR / State Veterinary Universities,kankrej_0011.jpg,raw/cattle/kankrej/kankrej_0011.jpg,VERIFIED_ARCHIVE,
SRC_CAT_KANKREJ_0012,cow_kankrej,Kankrej,cattle,ICAR-NBAGR / Institutional Research Archive,https://nbagr.res.in/cattle-breed,https://nbagr.res.in/cattle-breed,Government Open Access / Academic Research,https://nbagr.res.in,ICAR-NBAGR / State Veterinary Universities,kankrej_0012.jpg,raw/cattle/kankrej/kankrej_0012.jpg,VERIFIED_ARCHIVE,
SRC_CAT_KANKREJ_0013,cow_kankrej,Kankrej,cattle,ICAR-NBAGR / Institutional Research Archive,https://nbagr.res.in/cattle-breed,https://nbagr.res.in/cattle-breed,Government Open Access / Academic Research,https://nbagr.res.in,ICAR-NBAGR / State Veterinary Universities,kankrej_0013.jpg,raw/cattle/kankrej/kankrej_0013.jpg,VERIFIED_ARCHIVE,
SRC_CAT_KANKREJ_0014,cow_kankrej,Kankrej,cattle,ICAR-NBAGR / Institutional Research Archive,https://nbagr.res.in/cattle-breed,https://nbagr.res.in/cattle-breed,Government Open Access / Academic Research,https://nbagr.res.in,ICAR-NBAGR / State Veterinary Universities,kankrej_0014.jpg,raw/cattle/kankrej/kankrej_0014.jpg,VERIFIED_ARCHIVE,
SRC_CAT_KANKREJ_0015,cow_kankrej,Kankrej,cattle,ICAR-NBAGR / Institutional Research Archive,https://nbagr.res.in/cattle-breed,https://nbagr.res.in/cattle-breed,Government Open Access / Academic Research,https://nbagr.res.in,ICAR-NBAGR / State Veterinary Universities,kankrej_0015.jpg,raw/cattle/kankrej/kankrej_0015.jpg,VERIFIED_ARCHIVE,
SRC_CAT_KANKREJ_0016,cow_kankrej,Kankrej,cattle,ICAR-NBAGR / Institutional Research Archive,https://nbagr.res.in/cattle-breed,https://nbagr.res.in/cattle-breed,Government Open Access / Academic Research,https://nbagr.res.in,ICAR-NBAGR / State Veterinary Universities,kankrej_0016.jpg,raw/cattle/kankrej/kankrej_0016.jpg,VERIFIED_ARCHIVE,
SRC_CAT_KATHANI_0001,cow_kathani,Kathani,cattle,ICAR-NBAGR / Institutional Research Archive,https://nbagr.res.in/cattle-breed,https://nbagr.res.in/cattle-breed,Government Open Access / Academic Research,https://nbagr.res.in,ICAR-NBAGR / State Veterinary Universities,kathani_0001.jpg,raw/cattle/kathani/kathani_0001.jpg,VERIFIED_ARCHIVE,
SRC_CAT_KATHANI_0002,cow_kathani,Kathani,cattle,ICAR-NBAGR / Institutional Research Archive,https://nbagr.res.in/cattle-breed,https://nbagr.res.in/cattle-breed,Government Open Access / Academic Research,https://nbagr.res.in,ICAR-NBAGR / State Veterinary Universities,kathani_0002.jpg,raw/cattle/kathani/kathani_0002.jpg,VERIFIED_ARCHIVE,
SRC_CAT_KENKATHA_0001,cow_kenkatha,Kenkatha,cattle,ICAR-NBAGR / Institutional Research Archive,https://nbagr.res.in/cattle-breed,https://nbagr.res.in/cattle-breed,Government Open Access / Academic Research,https://nbagr.res.in,ICAR-NBAGR / State Veterinary Universities,kenkatha_0001.jpg,raw/cattle/kenkatha/kenkatha_0001.jpg,VERIFIED_ARCHIVE,
SRC_CAT_KENKATHA_0002,cow_kenkatha,Kenkatha,cattle,ICAR-NBAGR / Institutional Research Archive,https://nbagr.res.in/cattle-breed,https://nbagr.res.in/cattle-breed,Government Open Access / Academic Research,https://nbagr.res.in,ICAR-NBAGR / State Veterinary Universities,kenkatha_0002.jpg,raw/cattle/kenkatha/kenkatha_0002.jpg,VERIFIED_ARCHIVE,
SRC_CAT_KHARIAR_0001,cow_khariar,Khariar,cattle,ICAR-NBAGR / Institutional Research Archive,https://nbagr.res.in/cattle-breed,https://nbagr.res.in/cattle-breed,Government Open Access / Academic Research,https://nbagr.res.in,ICAR-NBAGR / State Veterinary Universities,khariar_0001.jpg,raw/cattle/khariar/khariar_0001.jpg,VERIFIED_ARCHIVE,
SRC_CAT_KHARIAR_0002,cow_khariar,Khariar,cattle,ICAR-NBAGR / Institutional Research Archive,https://nbagr.res.in/cattle-breed,https://nbagr.res.in/cattle-breed,Government Open Access / Academic Research,https://nbagr.res.in,ICAR-NBAGR / State Veterinary Universities,khariar_0002.jpg,raw/cattle/khariar/khariar_0002.jpg,VERIFIED_ARCHIVE,
SRC_CAT_KHERIGARH_0001,cow_kherigarh,Kherigarh,cattle,ICAR-NBAGR / Institutional Research Archive,https://nbagr.res.in/cattle-breed,https://nbagr.res.in/cattle-breed,Government Open Access / Academic Research,https://nbagr.res.in,ICAR-NBAGR / State Veterinary Universities,kherigarh_0001.jpg,raw/cattle/kherigarh/kherigarh_0001.jpg,VERIFIED_ARCHIVE,
SRC_CAT_KHERIGARH_0002,cow_kherigarh,Kherigarh,cattle,ICAR-NBAGR / Institutional Research Archive,https://nbagr.res.in/cattle-breed,https://nbagr.res.in/cattle-breed,Government Open Access / Academic Research,https://nbagr.res.in,ICAR-NBAGR / State Veterinary Universities,kherigarh_0002.jpg,raw/cattle/kherigarh/kherigarh_0002.jpg,VERIFIED_ARCHIVE,
SRC_CAT_KHILLAR_0001,cow_khillar,Khillar,cattle,ICAR-NBAGR / Institutional Research Archive,https://nbagr.res.in/cattle-breed,https://nbagr.res.in/cattle-breed,Government Open Access / Academic Research,https://nbagr.res.in,ICAR-NBAGR / State Veterinary Universities,khillar_0001.jpg,raw/cattle/khillar/khillar_0001.jpg,VERIFIED_ARCHIVE,
SRC_CAT_KHILLAR_0002,cow_khillar,Khillar,cattle,ICAR-NBAGR / Institutional Research Archive,https://nbagr.res.in/cattle-breed,https://nbagr.res.in/cattle-breed,Government Open Access / Academic Research,https://nbagr.res.in,ICAR-NBAGR / State Veterinary Universities,khillar_0002.jpg,raw/cattle/khillar/khillar_0002.jpg,VERIFIED_ARCHIVE,
SRC_CAT_KONKAN_KAPILA_0001,cow_konkan_kapila,Konkan Kapila,cattle,ICAR-NBAGR / Institutional Research Archive,https://nbagr.res.in/cattle-breed,https://nbagr.res.in/cattle-breed,Government Open Access / Academic Research,https://nbagr.res.in,ICAR-NBAGR / State Veterinary Universities,konkan_kapila_0001.jpg,raw/cattle/konkan_kapila/konkan_kapila_0001.jpg,VERIFIED_ARCHIVE,
SRC_CAT_KONKAN_KAPILA_0002,cow_konkan_kapila,Konkan Kapila,cattle,ICAR-NBAGR / Institutional Research Archive,https://nbagr.res.in/cattle-breed,https://nbagr.res.in/cattle-breed,Government Open Access / Academic Research,https://nbagr.res.in,ICAR-NBAGR / State Veterinary Universities,konkan_kapila_0002.jpg,raw/cattle/konkan_kapila/konkan_kapila_0002.jpg,VERIFIED_ARCHIVE,
SRC_CAT_KOPPAL_0001,cow_koppal,Koppal,cattle,ICAR-NBAGR / Institutional Research Archive,https://nbagr.res.in/cattle-breed,https://nbagr.res.in/cattle-breed,Government Open Access / Academic Research,https://nbagr.res.in,ICAR-NBAGR / State Veterinary Universities,koppal_0001.jpg,raw/cattle/koppal/koppal_0001.jpg,VERIFIED_ARCHIVE,
SRC_CAT_KOPPAL_0002,cow_koppal,Koppal,cattle,ICAR-NBAGR / Institutional Research Archive,https://nbagr.res.in/cattle-breed,https://nbagr.res.in/cattle-breed,Government Open Access / Academic Research,https://nbagr.res.in,ICAR-NBAGR / State Veterinary Universities,koppal_0002.jpg,raw/cattle/koppal/koppal_0002.jpg,VERIFIED_ARCHIVE,
SRC_CAT_KOPPAL_0003,cow_koppal,Koppal,cattle,ICAR-NBAGR / Institutional Research Archive,https://nbagr.res.in/cattle-breed,https://nbagr.res.in/cattle-breed,Government Open Access / Academic Research,https://nbagr.res.in,ICAR-NBAGR / State Veterinary Universities,koppal_0003.jpg,raw/cattle/koppal/koppal_0003.jpg,VERIFIED_ARCHIVE,
SRC_CAT_KOPPAL_0004,cow_koppal,Koppal,cattle,ICAR-NBAGR / Institutional Research Archive,https://nbagr.res.in/cattle-breed,https://nbagr.res.in/cattle-breed,Government Open Access / Academic Research,https://nbagr.res.in,ICAR-NBAGR / State Veterinary Universities,koppal_0004.jpg,raw/cattle/koppal/koppal_0004.jpg,VERIFIED_ARCHIVE,
SRC_CAT_KOSALI_0001,cow_kosali,Kosali,cattle,ICAR-NBAGR / Institutional Research Archive,https://nbagr.res.in/cattle-breed,https://nbagr.res.in/cattle-breed,Government Open Access / Academic Research,https://nbagr.res.in,ICAR-NBAGR / State Veterinary Universities,kosali_0001.jpg,raw/cattle/kosali/kosali_0001.jpg,VERIFIED_ARCHIVE,
SRC_CAT_KOSALI_0002,cow_kosali,Kosali,cattle,ICAR-NBAGR / Institutional Research Archive,https://nbagr.res.in/cattle-breed,https://nbagr.res.in/cattle-breed,Government Open Access / Academic Research,https://nbagr.res.in,ICAR-NBAGR / State Veterinary Universities,kosali_0002.jpg,raw/cattle/kosali/kosali_0002.jpg,VERIFIED_ARCHIVE,
SRC_CAT_KRISHNA_VALLEY_0001,cow_krishna_valley,Krishna Valley,cattle,ICAR-NBAGR / Institutional Research Archive,https://nbagr.res.in/cattle-breed,https://nbagr.res.in/cattle-breed,Government Open Access / Academic Research,https://nbagr.res.in,ICAR-NBAGR / State Veterinary Universities,krishna_valley_0001.jpg,raw/cattle/krishna_valley/krishna_valley_0001.jpg,VERIFIED_ARCHIVE,
SRC_CAT_KRISHNA_VALLEY_0002,cow_krishna_valley,Krishna Valley,cattle,ICAR-NBAGR / Institutional Research Archive,https://nbagr.res.in/cattle-breed,https://nbagr.res.in/cattle-breed,Government Open Access / Academic Research,https://nbagr.res.in,ICAR-NBAGR / State Veterinary Universities,krishna_valley_0002.jpg,raw/cattle/krishna_valley/krishna_valley_0002.jpg,VERIFIED_ARCHIVE,
SRC_CAT_LADAKHI_0001,cow_ladakhi,Ladakhi,cattle,ICAR-NBAGR / Institutional Research Archive,https://nbagr.res.in/cattle-breed,https://nbagr.res.in/cattle-breed,Government Open Access / Academic Research,https://nbagr.res.in,ICAR-NBAGR / State Veterinary Universities,ladakhi_0001.jpg,raw/cattle/ladakhi/ladakhi_0001.jpg,VERIFIED_ARCHIVE,
SRC_CAT_LADAKHI_0002,cow_ladakhi,Ladakhi,cattle,ICAR-NBAGR / Institutional Research Archive,https://nbagr.res.in/cattle-breed,https://nbagr.res.in/cattle-breed,Government Open Access / Academic Research,https://nbagr.res.in,ICAR-NBAGR / State Veterinary Universities,ladakhi_0002.jpg,raw/cattle/ladakhi/ladakhi_0002.jpg,VERIFIED_ARCHIVE,
SRC_CAT_LADAKHI_0003,cow_ladakhi,Ladakhi,cattle,ICAR-NBAGR / Institutional Research Archive,https://nbagr.res.in/cattle-breed,https://nbagr.res.in/cattle-breed,Government Open Access / Academic Research,https://nbagr.res.in,ICAR-NBAGR / State Veterinary Universities,ladakhi_0003.jpg,raw/cattle/ladakhi/ladakhi_0003.jpg,VERIFIED_ARCHIVE,
SRC_CAT_LADAKHI_0004,cow_ladakhi,Ladakhi,cattle,ICAR-NBAGR / Institutional Research Archive,https://nbagr.res.in/cattle-breed,https://nbagr.res.in/cattle-breed,Government Open Access / Academic Research,https://nbagr.res.in,ICAR-NBAGR / State Veterinary Universities,ladakhi_0004.jpg,raw/cattle/ladakhi/ladakhi_0004.jpg,VERIFIED_ARCHIVE,
SRC_CAT_LADAKHI_0005,cow_ladakhi,Ladakhi,cattle,ICAR-NBAGR / Institutional Research Archive,https://nbagr.res.in/cattle-breed,https://nbagr.res.in/cattle-breed,Government Open Access / Academic Research,https://nbagr.res.in,ICAR-NBAGR / State Veterinary Universities,ladakhi_0005.jpg,raw/cattle/ladakhi/ladakhi_0005.jpg,VERIFIED_ARCHIVE,
SRC_CAT_LAKHIMI_0001,cow_lakhimi,Lakhimi,cattle,ICAR-NBAGR / Institutional Research Archive,https://nbagr.res.in/cattle-breed,https://nbagr.res.in/cattle-breed,Government Open Access / Academic Research,https://nbagr.res.in,ICAR-NBAGR / State Veterinary Universities,lakhimi_0001.jpg,raw/cattle/lakhimi/lakhimi_0001.jpg,VERIFIED_ARCHIVE,
SRC_CAT_LAKHIMI_0002,cow_lakhimi,Lakhimi,cattle,ICAR-NBAGR / Institutional Research Archive,https://nbagr.res.in/cattle-breed,https://nbagr.res.in/cattle-breed,Government Open Access / Academic Research,https://nbagr.res.in,ICAR-NBAGR / State Veterinary Universities,lakhimi_0002.jpg,raw/cattle/lakhimi/lakhimi_0002.jpg,VERIFIED_ARCHIVE,
SRC_CAT_MAHAKAUSHALI_0001,cow_mahakaushali,Mahakaushali,cattle,ICAR-NBAGR / Institutional Research Archive,https://nbagr.res.in/cattle-breed,https://nbagr.res.in/cattle-breed,Government Open Access / Academic Research,https://nbagr.res.in,ICAR-NBAGR / State Veterinary Universities,mahakaushali_0001.png,raw/cattle/mahakaushali/mahakaushali_0001.png,VERIFIED_ARCHIVE,
SRC_CAT_MAHAKAUSHALI_0002,cow_mahakaushali,Mahakaushali,cattle,ICAR-NBAGR / Institutional Research Archive,https://nbagr.res.in/cattle-breed,https://nbagr.res.in/cattle-breed,Government Open Access / Academic Research,https://nbagr.res.in,ICAR-NBAGR / State Veterinary Universities,mahakaushali_0002.jpg,raw/cattle/mahakaushali/mahakaushali_0002.jpg,VERIFIED_ARCHIVE,
SRC_CAT_MALNAD_GIDDA_0001,cow_malnad_gidda,Malnad Gidda,cattle,ICAR-NBAGR / Institutional Research Archive,https://nbagr.res.in/cattle-breed,https://nbagr.res.in/cattle-breed,Government Open Access / Academic Research,https://nbagr.res.in,ICAR-NBAGR / State Veterinary Universities,malnad_gidda_0001.jpg,raw/cattle/malnad_gidda/malnad_gidda_0001.jpg,VERIFIED_ARCHIVE,
SRC_CAT_MALNAD_GIDDA_0002,cow_malnad_gidda,Malnad Gidda,cattle,ICAR-NBAGR / Institutional Research Archive,https://nbagr.res.in/cattle-breed,https://nbagr.res.in/cattle-breed,Government Open Access / Academic Research,https://nbagr.res.in,ICAR-NBAGR / State Veterinary Universities,malnad_gidda_0002.jpg,raw/cattle/malnad_gidda/malnad_gidda_0002.jpg,VERIFIED_ARCHIVE,
SRC_CAT_MALVI_0001,cow_malvi,Malvi,cattle,ICAR-NBAGR / Institutional Research Archive,https://nbagr.res.in/cattle-breed,https://nbagr.res.in/cattle-breed,Government Open Access / Academic Research,https://nbagr.res.in,ICAR-NBAGR / State Veterinary Universities,malvi_0001.jpg,raw/cattle/malvi/malvi_0001.jpg,VERIFIED_ARCHIVE,
SRC_CAT_MALVI_0002,cow_malvi,Malvi,cattle,ICAR-NBAGR / Institutional Research Archive,https://nbagr.res.in/cattle-breed,https://nbagr.res.in/cattle-breed,Government Open Access / Academic Research,https://nbagr.res.in,ICAR-NBAGR / State Veterinary Universities,malvi_0002.jpg,raw/cattle/malvi/malvi_0002.jpg,VERIFIED_ARCHIVE,
SRC_CAT_MALVI_0003,cow_malvi,Malvi,cattle,ICAR-NBAGR / Institutional Research Archive,https://nbagr.res.in/cattle-breed,https://nbagr.res.in/cattle-breed,Government Open Access / Academic Research,https://nbagr.res.in,ICAR-NBAGR / State Veterinary Universities,malvi_0003.jpg,raw/cattle/malvi/malvi_0003.jpg,VERIFIED_ARCHIVE,
SRC_CAT_MASILUM_0001,cow_masilum,Masilum,cattle,ICAR-NBAGR / Institutional Research Archive,https://nbagr.res.in/cattle-breed,https://nbagr.res.in/cattle-breed,Government Open Access / Academic Research,https://nbagr.res.in,ICAR-NBAGR / State Veterinary Universities,masilum_0001.jpg,raw/cattle/masilum/masilum_0001.jpg,VERIFIED_ARCHIVE,
SRC_CAT_MASILUM_0002,cow_masilum,Masilum,cattle,ICAR-NBAGR / Institutional Research Archive,https://nbagr.res.in/cattle-breed,https://nbagr.res.in/cattle-breed,Government Open Access / Academic Research,https://nbagr.res.in,ICAR-NBAGR / State Veterinary Universities,masilum_0002.jpg,raw/cattle/masilum/masilum_0002.jpg,VERIFIED_ARCHIVE,
SRC_CAT_MEDINI_0001,cow_medini,Medini,cattle,ICAR-NBAGR / Institutional Research Archive,https://nbagr.res.in/cattle-breed,https://nbagr.res.in/cattle-breed,Government Open Access / Academic Research,https://nbagr.res.in,ICAR-NBAGR / State Veterinary Universities,medini_0001.jpg,raw/cattle/medini/medini_0001.jpg,VERIFIED_ARCHIVE,
SRC_CAT_MEDINI_0002,cow_medini,Medini,cattle,ICAR-NBAGR / Institutional Research Archive,https://nbagr.res.in/cattle-breed,https://nbagr.res.in/cattle-breed,Government Open Access / Academic Research,https://nbagr.res.in,ICAR-NBAGR / State Veterinary Universities,medini_0002.jpg,raw/cattle/medini/medini_0002.jpg,VERIFIED_ARCHIVE,
SRC_CAT_MEDINI_0003,cow_medini,Medini,cattle,ICAR-NBAGR / Institutional Research Archive,https://nbagr.res.in/cattle-breed,https://nbagr.res.in/cattle-breed,Government Open Access / Academic Research,https://nbagr.res.in,ICAR-NBAGR / State Veterinary Universities,medini_0003.jpg,raw/cattle/medini/medini_0003.jpg,VERIFIED_ARCHIVE,
SRC_CAT_MEWATI_0001,cow_mewati,Mewati,cattle,ICAR-NBAGR / Institutional Research Archive,https://nbagr.res.in/cattle-breed,https://nbagr.res.in/cattle-breed,Government Open Access / Academic Research,https://nbagr.res.in,ICAR-NBAGR / State Veterinary Universities,mewati_0001.jpg,raw/cattle/mewati/mewati_0001.jpg,VERIFIED_ARCHIVE,
SRC_CAT_MEWATI_0002,cow_mewati,Mewati,cattle,ICAR-NBAGR / Institutional Research Archive,https://nbagr.res.in/cattle-breed,https://nbagr.res.in/cattle-breed,Government Open Access / Academic Research,https://nbagr.res.in,ICAR-NBAGR / State Veterinary Universities,mewati_0002.jpg,raw/cattle/mewati/mewati_0002.jpg,VERIFIED_ARCHIVE,
SRC_CAT_MOTU_0001,cow_motu,Motu,cattle,ICAR-NBAGR / Institutional Research Archive,https://nbagr.res.in/cattle-breed,https://nbagr.res.in/cattle-breed,Government Open Access / Academic Research,https://nbagr.res.in,ICAR-NBAGR / State Veterinary Universities,motu_0001.jpg,raw/cattle/motu/motu_0001.jpg,VERIFIED_ARCHIVE,
SRC_CAT_MOTU_0002,cow_motu,Motu,cattle,ICAR-NBAGR / Institutional Research Archive,https://nbagr.res.in/cattle-breed,https://nbagr.res.in/cattle-breed,Government Open Access / Academic Research,https://nbagr.res.in,ICAR-NBAGR / State Veterinary Universities,motu_0002.jpg,raw/cattle/motu/motu_0002.jpg,VERIFIED_ARCHIVE,
SRC_CAT_NAGORI_0001,cow_nagori,Nagori,cattle,ICAR-NBAGR / Institutional Research Archive,https://nbagr.res.in/cattle-breed,https://nbagr.res.in/cattle-breed,Government Open Access / Academic Research,https://nbagr.res.in,ICAR-NBAGR / State Veterinary Universities,nagori_0001.jpg,raw/cattle/nagori/nagori_0001.jpg,VERIFIED_ARCHIVE,
SRC_CAT_NAGORI_0002,cow_nagori,Nagori,cattle,ICAR-NBAGR / Institutional Research Archive,https://nbagr.res.in/cattle-breed,https://nbagr.res.in/cattle-breed,Government Open Access / Academic Research,https://nbagr.res.in,ICAR-NBAGR / State Veterinary Universities,nagori_0002.jpg,raw/cattle/nagori/nagori_0002.jpg,VERIFIED_ARCHIVE,
SRC_CAT_NAGORI_0003,cow_nagori,Nagori,cattle,ICAR-NBAGR / Institutional Research Archive,https://nbagr.res.in/cattle-breed,https://nbagr.res.in/cattle-breed,Government Open Access / Academic Research,https://nbagr.res.in,ICAR-NBAGR / State Veterinary Universities,nagori_0003.jpg,raw/cattle/nagori/nagori_0003.jpg,VERIFIED_ARCHIVE,
SRC_CAT_NAGORI_0004,cow_nagori,Nagori,cattle,ICAR-NBAGR / Institutional Research Archive,https://nbagr.res.in/cattle-breed,https://nbagr.res.in/cattle-breed,Government Open Access / Academic Research,https://nbagr.res.in,ICAR-NBAGR / State Veterinary Universities,nagori_0004.jpg,raw/cattle/nagori/nagori_0004.jpg,VERIFIED_ARCHIVE,
SRC_CAT_NAGORI_0005,cow_nagori,Nagori,cattle,ICAR-NBAGR / Institutional Research Archive,https://nbagr.res.in/cattle-breed,https://nbagr.res.in/cattle-breed,Government Open Access / Academic Research,https://nbagr.res.in,ICAR-NBAGR / State Veterinary Universities,nagori_0005.jpg,raw/cattle/nagori/nagori_0005.jpg,VERIFIED_ARCHIVE,
SRC_CAT_NAGORI_0006,cow_nagori,Nagori,cattle,ICAR-NBAGR / Institutional Research Archive,https://nbagr.res.in/cattle-breed,https://nbagr.res.in/cattle-breed,Government Open Access / Academic Research,https://nbagr.res.in,ICAR-NBAGR / State Veterinary Universities,nagori_0006.jpg,raw/cattle/nagori/nagori_0006.jpg,VERIFIED_ARCHIVE,
SRC_CAT_NAGORI_0007,cow_nagori,Nagori,cattle,ICAR-NBAGR / Institutional Research Archive,https://nbagr.res.in/cattle-breed,https://nbagr.res.in/cattle-breed,Government Open Access / Academic Research,https://nbagr.res.in,ICAR-NBAGR / State Veterinary Universities,nagori_0007.jpg,raw/cattle/nagori/nagori_0007.jpg,VERIFIED_ARCHIVE,
SRC_CAT_NAGORI_0008,cow_nagori,Nagori,cattle,ICAR-NBAGR / Institutional Research Archive,https://nbagr.res.in/cattle-breed,https://nbagr.res.in/cattle-breed,Government Open Access / Academic Research,https://nbagr.res.in,ICAR-NBAGR / State Veterinary Universities,nagori_0008.jpg,raw/cattle/nagori/nagori_0008.jpg,VERIFIED_ARCHIVE,
SRC_CAT_NAGORI_0009,cow_nagori,Nagori,cattle,ICAR-NBAGR / Institutional Research Archive,https://nbagr.res.in/cattle-breed,https://nbagr.res.in/cattle-breed,Government Open Access / Academic Research,https://nbagr.res.in,ICAR-NBAGR / State Veterinary Universities,nagori_0009.jpg,raw/cattle/nagori/nagori_0009.jpg,VERIFIED_ARCHIVE,
SRC_CAT_NAGORI_0010,cow_nagori,Nagori,cattle,ICAR-NBAGR / Institutional Research Archive,https://nbagr.res.in/cattle-breed,https://nbagr.res.in/cattle-breed,Government Open Access / Academic Research,https://nbagr.res.in,ICAR-NBAGR / State Veterinary Universities,nagori_0010.jpg,raw/cattle/nagori/nagori_0010.jpg,VERIFIED_ARCHIVE,
SRC_CAT_NAGORI_0011,cow_nagori,Nagori,cattle,ICAR-NBAGR / Institutional Research Archive,https://nbagr.res.in/cattle-breed,https://nbagr.res.in/cattle-breed,Government Open Access / Academic Research,https://nbagr.res.in,ICAR-NBAGR / State Veterinary Universities,nagori_0011.jpg,raw/cattle/nagori/nagori_0011.jpg,VERIFIED_ARCHIVE,
SRC_CAT_NAGORI_0012,cow_nagori,Nagori,cattle,ICAR-NBAGR / Institutional Research Archive,https://nbagr.res.in/cattle-breed,https://nbagr.res.in/cattle-breed,Government Open Access / Academic Research,https://nbagr.res.in,ICAR-NBAGR / State Veterinary Universities,nagori_0012.jpg,raw/cattle/nagori/nagori_0012.jpg,VERIFIED_ARCHIVE,
SRC_CAT_NAGORI_0013,cow_nagori,Nagori,cattle,ICAR-NBAGR / Institutional Research Archive,https://nbagr.res.in/cattle-breed,https://nbagr.res.in/cattle-breed,Government Open Access / Academic Research,https://nbagr.res.in,ICAR-NBAGR / State Veterinary Universities,nagori_0013.jpg,raw/cattle/nagori/nagori_0013.jpg,VERIFIED_ARCHIVE,
SRC_CAT_NAGORI_0014,cow_nagori,Nagori,cattle,ICAR-NBAGR / Institutional Research Archive,https://nbagr.res.in/cattle-breed,https://nbagr.res.in/cattle-breed,Government Open Access / Academic Research,https://nbagr.res.in,ICAR-NBAGR / State Veterinary Universities,nagori_0014.jpg,raw/cattle/nagori/nagori_0014.jpg,VERIFIED_ARCHIVE,
SRC_CAT_NAGORI_0015,cow_nagori,Nagori,cattle,ICAR-NBAGR / Institutional Research Archive,https://nbagr.res.in/cattle-breed,https://nbagr.res.in/cattle-breed,Government Open Access / Academic Research,https://nbagr.res.in,ICAR-NBAGR / State Veterinary Universities,nagori_0015.jpg,raw/cattle/nagori/nagori_0015.jpg,VERIFIED_ARCHIVE,
SRC_CAT_NAGORI_0016,cow_nagori,Nagori,cattle,ICAR-NBAGR / Institutional Research Archive,https://nbagr.res.in/cattle-breed,https://nbagr.res.in/cattle-breed,Government Open Access / Academic Research,https://nbagr.res.in,ICAR-NBAGR / State Veterinary Universities,nagori_0016.jpg,raw/cattle/nagori/nagori_0016.jpg,VERIFIED_ARCHIVE,
SRC_CAT_NAGORI_0017,cow_nagori,Nagori,cattle,ICAR-NBAGR / Institutional Research Archive,https://nbagr.res.in/cattle-breed,https://nbagr.res.in/cattle-breed,Government Open Access / Academic Research,https://nbagr.res.in,ICAR-NBAGR / State Veterinary Universities,nagori_0017.jpg,raw/cattle/nagori/nagori_0017.jpg,VERIFIED_ARCHIVE,
SRC_CAT_NARI_0001,cow_nari,Nari,cattle,ICAR-NBAGR / Institutional Research Archive,https://nbagr.res.in/cattle-breed,https://nbagr.res.in/cattle-breed,Government Open Access / Academic Research,https://nbagr.res.in,ICAR-NBAGR / State Veterinary Universities,nari_0001.jpg,raw/cattle/nari/nari_0001.jpg,VERIFIED_ARCHIVE,
SRC_CAT_NARI_0002,cow_nari,Nari,cattle,ICAR-NBAGR / Institutional Research Archive,https://nbagr.res.in/cattle-breed,https://nbagr.res.in/cattle-breed,Government Open Access / Academic Research,https://nbagr.res.in,ICAR-NBAGR / State Veterinary Universities,nari_0002.jpg,raw/cattle/nari/nari_0002.jpg,VERIFIED_ARCHIVE,
SRC_CAT_NARI_0003,cow_nari,Nari,cattle,ICAR-NBAGR / Institutional Research Archive,https://nbagr.res.in/cattle-breed,https://nbagr.res.in/cattle-breed,Government Open Access / Academic Research,https://nbagr.res.in,ICAR-NBAGR / State Veterinary Universities,nari_0003.jpg,raw/cattle/nari/nari_0003.jpg,VERIFIED_ARCHIVE,
SRC_CAT_NIMARI_0001,cow_nimari,Nimari,cattle,ICAR-NBAGR / Institutional Research Archive,https://nbagr.res.in/cattle-breed,https://nbagr.res.in/cattle-breed,Government Open Access / Academic Research,https://nbagr.res.in,ICAR-NBAGR / State Veterinary Universities,nimari_0001.jpg,raw/cattle/nimari/nimari_0001.jpg,VERIFIED_ARCHIVE,
SRC_CAT_NIMARI_0002,cow_nimari,Nimari,cattle,ICAR-NBAGR / Institutional Research Archive,https://nbagr.res.in/cattle-breed,https://nbagr.res.in/cattle-breed,Government Open Access / Academic Research,https://nbagr.res.in,ICAR-NBAGR / State Veterinary Universities,nimari_0002.jpg,raw/cattle/nimari/nimari_0002.jpg,VERIFIED_ARCHIVE,
SRC_CAT_NIMARI_0003,cow_nimari,Nimari,cattle,ICAR-NBAGR / Institutional Research Archive,https://nbagr.res.in/cattle-breed,https://nbagr.res.in/cattle-breed,Government Open Access / Academic Research,https://nbagr.res.in,ICAR-NBAGR / State Veterinary Universities,nimari_0003.jpg,raw/cattle/nimari/nimari_0003.jpg,VERIFIED_ARCHIVE,
SRC_CAT_NIMARI_0004,cow_nimari,Nimari,cattle,ICAR-NBAGR / Institutional Research Archive,https://nbagr.res.in/cattle-breed,https://nbagr.res.in/cattle-breed,Government Open Access / Academic Research,https://nbagr.res.in,ICAR-NBAGR / State Veterinary Universities,nimari_0004.jpg,raw/cattle/nimari/nimari_0004.jpg,VERIFIED_ARCHIVE,
SRC_CAT_NIMARI_0005,cow_nimari,Nimari,cattle,ICAR-NBAGR / Institutional Research Archive,https://nbagr.res.in/cattle-breed,https://nbagr.res.in/cattle-breed,Government Open Access / Academic Research,https://nbagr.res.in,ICAR-NBAGR / State Veterinary Universities,nimari_0005.jpg,raw/cattle/nimari/nimari_0005.jpg,VERIFIED_ARCHIVE,
SRC_CAT_NIMARI_0006,cow_nimari,Nimari,cattle,ICAR-NBAGR / Institutional Research Archive,https://nbagr.res.in/cattle-breed,https://nbagr.res.in/cattle-breed,Government Open Access / Academic Research,https://nbagr.res.in,ICAR-NBAGR / State Veterinary Universities,nimari_0006.jpg,raw/cattle/nimari/nimari_0006.jpg,VERIFIED_ARCHIVE,
SRC_CAT_NIMARI_0007,cow_nimari,Nimari,cattle,ICAR-NBAGR / Institutional Research Archive,https://nbagr.res.in/cattle-breed,https://nbagr.res.in/cattle-breed,Government Open Access / Academic Research,https://nbagr.res.in,ICAR-NBAGR / State Veterinary Universities,nimari_0007.jpg,raw/cattle/nimari/nimari_0007.jpg,VERIFIED_ARCHIVE,
SRC_CAT_NIMARI_0008,cow_nimari,Nimari,cattle,ICAR-NBAGR / Institutional Research Archive,https://nbagr.res.in/cattle-breed,https://nbagr.res.in/cattle-breed,Government Open Access / Academic Research,https://nbagr.res.in,ICAR-NBAGR / State Veterinary Universities,nimari_0008.jpg,raw/cattle/nimari/nimari_0008.jpg,VERIFIED_ARCHIVE,
SRC_CAT_NIMARI_0009,cow_nimari,Nimari,cattle,ICAR-NBAGR / Institutional Research Archive,https://nbagr.res.in/cattle-breed,https://nbagr.res.in/cattle-breed,Government Open Access / Academic Research,https://nbagr.res.in,ICAR-NBAGR / State Veterinary Universities,nimari_0009.jpg,raw/cattle/nimari/nimari_0009.jpg,VERIFIED_ARCHIVE,
SRC_CAT_NIMARI_0010,cow_nimari,Nimari,cattle,ICAR-NBAGR / Institutional Research Archive,https://nbagr.res.in/cattle-breed,https://nbagr.res.in/cattle-breed,Government Open Access / Academic Research,https://nbagr.res.in,ICAR-NBAGR / State Veterinary Universities,nimari_0010.jpg,raw/cattle/nimari/nimari_0010.jpg,VERIFIED_ARCHIVE,
SRC_CAT_NIMARI_0011,cow_nimari,Nimari,cattle,ICAR-NBAGR / Institutional Research Archive,https://nbagr.res.in/cattle-breed,https://nbagr.res.in/cattle-breed,Government Open Access / Academic Research,https://nbagr.res.in,ICAR-NBAGR / State Veterinary Universities,nimari_0011.jpg,raw/cattle/nimari/nimari_0011.jpg,VERIFIED_ARCHIVE,
SRC_CAT_NIMARI_0012,cow_nimari,Nimari,cattle,ICAR-NBAGR / Institutional Research Archive,https://nbagr.res.in/cattle-breed,https://nbagr.res.in/cattle-breed,Government Open Access / Academic Research,https://nbagr.res.in,ICAR-NBAGR / State Veterinary Universities,nimari_0012.jpg,raw/cattle/nimari/nimari_0012.jpg,VERIFIED_ARCHIVE,
SRC_CAT_ONGOLE_0001,cow_ongole,Ongole,cattle,ICAR-NBAGR / Institutional Research Archive,https://nbagr.res.in/cattle-breed,https://nbagr.res.in/cattle-breed,Government Open Access / Academic Research,https://nbagr.res.in,ICAR-NBAGR / State Veterinary Universities,ongole_0001.jpg,raw/cattle/ongole/ongole_0001.jpg,VERIFIED_ARCHIVE,
SRC_CAT_ONGOLE_0002,cow_ongole,Ongole,cattle,ICAR-NBAGR / Institutional Research Archive,https://nbagr.res.in/cattle-breed,https://nbagr.res.in/cattle-breed,Government Open Access / Academic Research,https://nbagr.res.in,ICAR-NBAGR / State Veterinary Universities,ongole_0002.jpg,raw/cattle/ongole/ongole_0002.jpg,VERIFIED_ARCHIVE,
SRC_CAT_ONGOLE_0003,cow_ongole,Ongole,cattle,ICAR-NBAGR / Institutional Research Archive,https://nbagr.res.in/cattle-breed,https://nbagr.res.in/cattle-breed,Government Open Access / Academic Research,https://nbagr.res.in,ICAR-NBAGR / State Veterinary Universities,ongole_0003.jpg,raw/cattle/ongole/ongole_0003.jpg,VERIFIED_ARCHIVE,
SRC_CAT_ONGOLE_0004,cow_ongole,Ongole,cattle,ICAR-NBAGR / Institutional Research Archive,https://nbagr.res.in/cattle-breed,https://nbagr.res.in/cattle-breed,Government Open Access / Academic Research,https://nbagr.res.in,ICAR-NBAGR / State Veterinary Universities,ongole_0004.jpg,raw/cattle/ongole/ongole_0004.jpg,VERIFIED_ARCHIVE,
SRC_CAT_ONGOLE_0005,cow_ongole,Ongole,cattle,ICAR-NBAGR / Institutional Research Archive,https://nbagr.res.in/cattle-breed,https://nbagr.res.in/cattle-breed,Government Open Access / Academic Research,https://nbagr.res.in,ICAR-NBAGR / State Veterinary Universities,ongole_0005.jpg,raw/cattle/ongole/ongole_0005.jpg,VERIFIED_ARCHIVE,
SRC_CAT_ONGOLE_0006,cow_ongole,Ongole,cattle,ICAR-NBAGR / Institutional Research Archive,https://nbagr.res.in/cattle-breed,https://nbagr.res.in/cattle-breed,Government Open Access / Academic Research,https://nbagr.res.in,ICAR-NBAGR / State Veterinary Universities,ongole_0006.jpg,raw/cattle/ongole/ongole_0006.jpg,VERIFIED_ARCHIVE,
SRC_CAT_ONGOLE_0007,cow_ongole,Ongole,cattle,ICAR-NBAGR / Institutional Research Archive,https://nbagr.res.in/cattle-breed,https://nbagr.res.in/cattle-breed,Government Open Access / Academic Research,https://nbagr.res.in,ICAR-NBAGR / State Veterinary Universities,ongole_0007.jpg,raw/cattle/ongole/ongole_0007.jpg,VERIFIED_ARCHIVE,
SRC_CAT_ONGOLE_0008,cow_ongole,Ongole,cattle,ICAR-NBAGR / Institutional Research Archive,https://nbagr.res.in/cattle-breed,https://nbagr.res.in/cattle-breed,Government Open Access / Academic Research,https://nbagr.res.in,ICAR-NBAGR / State Veterinary Universities,ongole_0008.jpg,raw/cattle/ongole/ongole_0008.jpg,VERIFIED_ARCHIVE,
SRC_CAT_ONGOLE_0009,cow_ongole,Ongole,cattle,ICAR-NBAGR / Institutional Research Archive,https://nbagr.res.in/cattle-breed,https://nbagr.res.in/cattle-breed,Government Open Access / Academic Research,https://nbagr.res.in,ICAR-NBAGR / State Veterinary Universities,ongole_0009.jpg,raw/cattle/ongole/ongole_0009.jpg,VERIFIED_ARCHIVE,
SRC_CAT_ONGOLE_0010,cow_ongole,Ongole,cattle,ICAR-NBAGR / Institutional Research Archive,https://nbagr.res.in/cattle-breed,https://nbagr.res.in/cattle-breed,Government Open Access / Academic Research,https://nbagr.res.in,ICAR-NBAGR / State Veterinary Universities,ongole_0010.jpg,raw/cattle/ongole/ongole_0010.jpg,VERIFIED_ARCHIVE,
SRC_CAT_ONGOLE_0011,cow_ongole,Ongole,cattle,ICAR-NBAGR / Institutional Research Archive,https://nbagr.res.in/cattle-breed,https://nbagr.res.in/cattle-breed,Government Open Access / Academic Research,https://nbagr.res.in,ICAR-NBAGR / State Veterinary Universities,ongole_0011.jpg,raw/cattle/ongole/ongole_0011.jpg,VERIFIED_ARCHIVE,
SRC_CAT_ONGOLE_0012,cow_ongole,Ongole,cattle,ICAR-NBAGR / Institutional Research Archive,https://nbagr.res.in/cattle-breed,https://nbagr.res.in/cattle-breed,Government Open Access / Academic Research,https://nbagr.res.in,ICAR-NBAGR / State Veterinary Universities,ongole_0012.jpg,raw/cattle/ongole/ongole_0012.jpg,VERIFIED_ARCHIVE,
SRC_CAT_ONGOLE_0013,cow_ongole,Ongole,cattle,ICAR-NBAGR / Institutional Research Archive,https://nbagr.res.in/cattle-breed,https://nbagr.res.in/cattle-breed,Government Open Access / Academic Research,https://nbagr.res.in,ICAR-NBAGR / State Veterinary Universities,ongole_0013.jpg,raw/cattle/ongole/ongole_0013.jpg,VERIFIED_ARCHIVE,
SRC_CAT_ONGOLE_0014,cow_ongole,Ongole,cattle,ICAR-NBAGR / Institutional Research Archive,https://nbagr.res.in/cattle-breed,https://nbagr.res.in/cattle-breed,Government Open Access / Academic Research,https://nbagr.res.in,ICAR-NBAGR / State Veterinary Universities,ongole_0014.jpg,raw/cattle/ongole/ongole_0014.jpg,VERIFIED_ARCHIVE,
SRC_CAT_ONGOLE_0015,cow_ongole,Ongole,cattle,ICAR-NBAGR / Institutional Research Archive,https://nbagr.res.in/cattle-breed,https://nbagr.res.in/cattle-breed,Government Open Access / Academic Research,https://nbagr.res.in,ICAR-NBAGR / State Veterinary Universities,ongole_0015.jpg,raw/cattle/ongole/ongole_0015.jpg,VERIFIED_ARCHIVE,
SRC_CAT_ONGOLE_0016,cow_ongole,Ongole,cattle,ICAR-NBAGR / Institutional Research Archive,https://nbagr.res.in/cattle-breed,https://nbagr.res.in/cattle-breed,Government Open Access / Academic Research,https://nbagr.res.in,ICAR-NBAGR / State Veterinary Universities,ongole_0016.jpg,raw/cattle/ongole/ongole_0016.jpg,VERIFIED_ARCHIVE,
SRC_CAT_ONGOLE_0017,cow_ongole,Ongole,cattle,ICAR-NBAGR / Institutional Research Archive,https://nbagr.res.in/cattle-breed,https://nbagr.res.in/cattle-breed,Government Open Access / Academic Research,https://nbagr.res.in,ICAR-NBAGR / State Veterinary Universities,ongole_0017.jpg,raw/cattle/ongole/ongole_0017.jpg,VERIFIED_ARCHIVE,
SRC_CAT_ONGOLE_0018,cow_ongole,Ongole,cattle,ICAR-NBAGR / Institutional Research Archive,https://nbagr.res.in/cattle-breed,https://nbagr.res.in/cattle-breed,Government Open Access / Academic Research,https://nbagr.res.in,ICAR-NBAGR / State Veterinary Universities,ongole_0018.jpg,raw/cattle/ongole/ongole_0018.jpg,VERIFIED_ARCHIVE,
SRC_CAT_ONGOLE_0019,cow_ongole,Ongole,cattle,ICAR-NBAGR / Institutional Research Archive,https://nbagr.res.in/cattle-breed,https://nbagr.res.in/cattle-breed,Government Open Access / Academic Research,https://nbagr.res.in,ICAR-NBAGR / State Veterinary Universities,ongole_0019.jpg,raw/cattle/ongole/ongole_0019.jpg,VERIFIED_ARCHIVE,
SRC_CAT_ONGOLE_0020,cow_ongole,Ongole,cattle,ICAR-NBAGR / Institutional Research Archive,https://nbagr.res.in/cattle-breed,https://nbagr.res.in/cattle-breed,Government Open Access / Academic Research,https://nbagr.res.in,ICAR-NBAGR / State Veterinary Universities,ongole_0020.jpg,raw/cattle/ongole/ongole_0020.jpg,VERIFIED_ARCHIVE,
SRC_CAT_ONGOLE_0021,cow_ongole,Ongole,cattle,ICAR-NBAGR / Institutional Research Archive,https://nbagr.res.in/cattle-breed,https://nbagr.res.in/cattle-breed,Government Open Access / Academic Research,https://nbagr.res.in,ICAR-NBAGR / State Veterinary Universities,ongole_0021.jpg,raw/cattle/ongole/ongole_0021.jpg,VERIFIED_ARCHIVE,
SRC_CAT_ONGOLE_0022,cow_ongole,Ongole,cattle,ICAR-NBAGR / Institutional Research Archive,https://nbagr.res.in/cattle-breed,https://nbagr.res.in/cattle-breed,Government Open Access / Academic Research,https://nbagr.res.in,ICAR-NBAGR / State Veterinary Universities,ongole_0022.jpg,raw/cattle/ongole/ongole_0022.jpg,VERIFIED_ARCHIVE,
SRC_CAT_ONGOLE_0023,cow_ongole,Ongole,cattle,ICAR-NBAGR / Institutional Research Archive,https://nbagr.res.in/cattle-breed,https://nbagr.res.in/cattle-breed,Government Open Access / Academic Research,https://nbagr.res.in,ICAR-NBAGR / State Veterinary Universities,ongole_0023.jpg,raw/cattle/ongole/ongole_0023.jpg,VERIFIED_ARCHIVE,
SRC_CAT_ONGOLE_0024,cow_ongole,Ongole,cattle,ICAR-NBAGR / Institutional Research Archive,https://nbagr.res.in/cattle-breed,https://nbagr.res.in/cattle-breed,Government Open Access / Academic Research,https://nbagr.res.in,ICAR-NBAGR / State Veterinary Universities,ongole_0024.jpg,raw/cattle/ongole/ongole_0024.jpg,VERIFIED_ARCHIVE,
SRC_CAT_ONGOLE_0025,cow_ongole,Ongole,cattle,ICAR-NBAGR / Institutional Research Archive,https://nbagr.res.in/cattle-breed,https://nbagr.res.in/cattle-breed,Government Open Access / Academic Research,https://nbagr.res.in,ICAR-NBAGR / State Veterinary Universities,ongole_0025.jpg,raw/cattle/ongole/ongole_0025.jpg,VERIFIED_ARCHIVE,
SRC_CAT_ONGOLE_0026,cow_ongole,Ongole,cattle,ICAR-NBAGR / Institutional Research Archive,https://nbagr.res.in/cattle-breed,https://nbagr.res.in/cattle-breed,Government Open Access / Academic Research,https://nbagr.res.in,ICAR-NBAGR / State Veterinary Universities,ongole_0026.jpg,raw/cattle/ongole/ongole_0026.jpg,VERIFIED_ARCHIVE,
SRC_CAT_ONGOLE_0027,cow_ongole,Ongole,cattle,ICAR-NBAGR / Institutional Research Archive,https://nbagr.res.in/cattle-breed,https://nbagr.res.in/cattle-breed,Government Open Access / Academic Research,https://nbagr.res.in,ICAR-NBAGR / State Veterinary Universities,ongole_0027.jpg,raw/cattle/ongole/ongole_0027.jpg,VERIFIED_ARCHIVE,
SRC_CAT_ONGOLE_0028,cow_ongole,Ongole,cattle,ICAR-NBAGR / Institutional Research Archive,https://nbagr.res.in/cattle-breed,https://nbagr.res.in/cattle-breed,Government Open Access / Academic Research,https://nbagr.res.in,ICAR-NBAGR / State Veterinary Universities,ongole_0028.jpg,raw/cattle/ongole/ongole_0028.jpg,VERIFIED_ARCHIVE,
SRC_CAT_ONGOLE_0029,cow_ongole,Ongole,cattle,ICAR-NBAGR / Institutional Research Archive,https://nbagr.res.in/cattle-breed,https://nbagr.res.in/cattle-breed,Government Open Access / Academic Research,https://nbagr.res.in,ICAR-NBAGR / State Veterinary Universities,ongole_0029.jpg,raw/cattle/ongole/ongole_0029.jpg,VERIFIED_ARCHIVE,
SRC_CAT_PERIYAR_0001,cow_periyar,Periyar,cattle,ICAR-NBAGR / Institutional Research Archive,https://nbagr.res.in/cattle-breed,https://nbagr.res.in/cattle-breed,Government Open Access / Academic Research,https://nbagr.res.in,ICAR-NBAGR / State Veterinary Universities,periyar_0001.jpg,raw/cattle/periyar/periyar_0001.jpg,VERIFIED_ARCHIVE,
SRC_CAT_PERIYAR_0002,cow_periyar,Periyar,cattle,ICAR-NBAGR / Institutional Research Archive,https://nbagr.res.in/cattle-breed,https://nbagr.res.in/cattle-breed,Government Open Access / Academic Research,https://nbagr.res.in,ICAR-NBAGR / State Veterinary Universities,periyar_0002.jpg,raw/cattle/periyar/periyar_0002.jpg,VERIFIED_ARCHIVE,
SRC_CAT_PERIYAR_0003,cow_periyar,Periyar,cattle,ICAR-NBAGR / Institutional Research Archive,https://nbagr.res.in/cattle-breed,https://nbagr.res.in/cattle-breed,Government Open Access / Academic Research,https://nbagr.res.in,ICAR-NBAGR / State Veterinary Universities,periyar_0003.jpg,raw/cattle/periyar/periyar_0003.jpg,VERIFIED_ARCHIVE,
SRC_CAT_PERIYAR_0004,cow_periyar,Periyar,cattle,ICAR-NBAGR / Institutional Research Archive,https://nbagr.res.in/cattle-breed,https://nbagr.res.in/cattle-breed,Government Open Access / Academic Research,https://nbagr.res.in,ICAR-NBAGR / State Veterinary Universities,periyar_0004.jpg,raw/cattle/periyar/periyar_0004.jpg,VERIFIED_ARCHIVE,
SRC_CAT_PERIYAR_0005,cow_periyar,Periyar,cattle,ICAR-NBAGR / Institutional Research Archive,https://nbagr.res.in/cattle-breed,https://nbagr.res.in/cattle-breed,Government Open Access / Academic Research,https://nbagr.res.in,ICAR-NBAGR / State Veterinary Universities,periyar_0005.jpg,raw/cattle/periyar/periyar_0005.jpg,VERIFIED_ARCHIVE,
SRC_CAT_PERIYAR_0006,cow_periyar,Periyar,cattle,ICAR-NBAGR / Institutional Research Archive,https://nbagr.res.in/cattle-breed,https://nbagr.res.in/cattle-breed,Government Open Access / Academic Research,https://nbagr.res.in,ICAR-NBAGR / State Veterinary Universities,periyar_0006.jpg,raw/cattle/periyar/periyar_0006.jpg,VERIFIED_ARCHIVE,
SRC_CAT_PODA_THURPU_0001,cow_poda_thurpu,Poda Thurpu,cattle,ICAR-NBAGR / Institutional Research Archive,https://nbagr.res.in/cattle-breed,https://nbagr.res.in/cattle-breed,Government Open Access / Academic Research,https://nbagr.res.in,ICAR-NBAGR / State Veterinary Universities,poda_thurpu_0001.jpg,raw/cattle/poda_thurpu/poda_thurpu_0001.jpg,VERIFIED_ARCHIVE,
SRC_CAT_PODA_THURPU_0002,cow_poda_thurpu,Poda Thurpu,cattle,ICAR-NBAGR / Institutional Research Archive,https://nbagr.res.in/cattle-breed,https://nbagr.res.in/cattle-breed,Government Open Access / Academic Research,https://nbagr.res.in,ICAR-NBAGR / State Veterinary Universities,poda_thurpu_0002.jpg,raw/cattle/poda_thurpu/poda_thurpu_0002.jpg,VERIFIED_ARCHIVE,
SRC_CAT_PONWAR_0001,cow_ponwar,Ponwar,cattle,ICAR-NBAGR / Institutional Research Archive,https://nbagr.res.in/cattle-breed,https://nbagr.res.in/cattle-breed,Government Open Access / Academic Research,https://nbagr.res.in,ICAR-NBAGR / State Veterinary Universities,ponwar_0001.jpg,raw/cattle/ponwar/ponwar_0001.jpg,VERIFIED_ARCHIVE,
SRC_CAT_PONWAR_0002,cow_ponwar,Ponwar,cattle,ICAR-NBAGR / Institutional Research Archive,https://nbagr.res.in/cattle-breed,https://nbagr.res.in/cattle-breed,Government Open Access / Academic Research,https://nbagr.res.in,ICAR-NBAGR / State Veterinary Universities,ponwar_0002.jpg,raw/cattle/ponwar/ponwar_0002.jpg,VERIFIED_ARCHIVE,
SRC_CAT_PONWAR_0003,cow_ponwar,Ponwar,cattle,ICAR-NBAGR / Institutional Research Archive,https://nbagr.res.in/cattle-breed,https://nbagr.res.in/cattle-breed,Government Open Access / Academic Research,https://nbagr.res.in,ICAR-NBAGR / State Veterinary Universities,ponwar_0003.jpg,raw/cattle/ponwar/ponwar_0003.jpg,VERIFIED_ARCHIVE,
SRC_CAT_PULIKULAM_0001,cow_pulikulam,Pulikulam,cattle,ICAR-NBAGR / Institutional Research Archive,https://nbagr.res.in/cattle-breed,https://nbagr.res.in/cattle-breed,Government Open Access / Academic Research,https://nbagr.res.in,ICAR-NBAGR / State Veterinary Universities,pulikulam_0001.jpg,raw/cattle/pulikulam/pulikulam_0001.jpg,VERIFIED_ARCHIVE,
SRC_CAT_PULIKULAM_0002,cow_pulikulam,Pulikulam,cattle,ICAR-NBAGR / Institutional Research Archive,https://nbagr.res.in/cattle-breed,https://nbagr.res.in/cattle-breed,Government Open Access / Academic Research,https://nbagr.res.in,ICAR-NBAGR / State Veterinary Universities,pulikulam_0002.jpg,raw/cattle/pulikulam/pulikulam_0002.jpg,VERIFIED_ARCHIVE,
SRC_CAT_PUNGANUR_0001,cow_punganur,Punganur,cattle,ICAR-NBAGR / Institutional Research Archive,https://nbagr.res.in/cattle-breed,https://nbagr.res.in/cattle-breed,Government Open Access / Academic Research,https://nbagr.res.in,ICAR-NBAGR / State Veterinary Universities,punganur_0001.jpg,raw/cattle/punganur/punganur_0001.jpg,VERIFIED_ARCHIVE,
SRC_CAT_PUNGANUR_0002,cow_punganur,Punganur,cattle,ICAR-NBAGR / Institutional Research Archive,https://nbagr.res.in/cattle-breed,https://nbagr.res.in/cattle-breed,Government Open Access / Academic Research,https://nbagr.res.in,ICAR-NBAGR / State Veterinary Universities,punganur_0002.jpg,raw/cattle/punganur/punganur_0002.jpg,VERIFIED_ARCHIVE,
SRC_CAT_PUNGANUR_0003,cow_punganur,Punganur,cattle,ICAR-NBAGR / Institutional Research Archive,https://nbagr.res.in/cattle-breed,https://nbagr.res.in/cattle-breed,Government Open Access / Academic Research,https://nbagr.res.in,ICAR-NBAGR / State Veterinary Universities,punganur_0003.jpg,raw/cattle/punganur/punganur_0003.jpg,VERIFIED_ARCHIVE,
SRC_CAT_PUNGANUR_0004,cow_punganur,Punganur,cattle,ICAR-NBAGR / Institutional Research Archive,https://nbagr.res.in/cattle-breed,https://nbagr.res.in/cattle-breed,Government Open Access / Academic Research,https://nbagr.res.in,ICAR-NBAGR / State Veterinary Universities,punganur_0004.jpg,raw/cattle/punganur/punganur_0004.jpg,VERIFIED_ARCHIVE,
SRC_CAT_PUNGANUR_0005,cow_punganur,Punganur,cattle,ICAR-NBAGR / Institutional Research Archive,https://nbagr.res.in/cattle-breed,https://nbagr.res.in/cattle-breed,Government Open Access / Academic Research,https://nbagr.res.in,ICAR-NBAGR / State Veterinary Universities,punganur_0005.jpg,raw/cattle/punganur/punganur_0005.jpg,VERIFIED_ARCHIVE,
SRC_CAT_PUNGANUR_0006,cow_punganur,Punganur,cattle,ICAR-NBAGR / Institutional Research Archive,https://nbagr.res.in/cattle-breed,https://nbagr.res.in/cattle-breed,Government Open Access / Academic Research,https://nbagr.res.in,ICAR-NBAGR / State Veterinary Universities,punganur_0006.jpg,raw/cattle/punganur/punganur_0006.jpg,VERIFIED_ARCHIVE,
SRC_CAT_PUNGANUR_0007,cow_punganur,Punganur,cattle,ICAR-NBAGR / Institutional Research Archive,https://nbagr.res.in/cattle-breed,https://nbagr.res.in/cattle-breed,Government Open Access / Academic Research,https://nbagr.res.in,ICAR-NBAGR / State Veterinary Universities,punganur_0007.jpg,raw/cattle/punganur/punganur_0007.jpg,VERIFIED_ARCHIVE,
SRC_CAT_PUNGANUR_0008,cow_punganur,Punganur,cattle,ICAR-NBAGR / Institutional Research Archive,https://nbagr.res.in/cattle-breed,https://nbagr.res.in/cattle-breed,Government Open Access / Academic Research,https://nbagr.res.in,ICAR-NBAGR / State Veterinary Universities,punganur_0008.jpg,raw/cattle/punganur/punganur_0008.jpg,VERIFIED_ARCHIVE,
SRC_CAT_PUNGANUR_0009,cow_punganur,Punganur,cattle,ICAR-NBAGR / Institutional Research Archive,https://nbagr.res.in/cattle-breed,https://nbagr.res.in/cattle-breed,Government Open Access / Academic Research,https://nbagr.res.in,ICAR-NBAGR / State Veterinary Universities,punganur_0009.jpg,raw/cattle/punganur/punganur_0009.jpg,VERIFIED_ARCHIVE,
SRC_CAT_PUNGANUR_0010,cow_punganur,Punganur,cattle,ICAR-NBAGR / Institutional Research Archive,https://nbagr.res.in/cattle-breed,https://nbagr.res.in/cattle-breed,Government Open Access / Academic Research,https://nbagr.res.in,ICAR-NBAGR / State Veterinary Universities,punganur_0010.jpg,raw/cattle/punganur/punganur_0010.jpg,VERIFIED_ARCHIVE,
SRC_CAT_PUNGANUR_0011,cow_punganur,Punganur,cattle,ICAR-NBAGR / Institutional Research Archive,https://nbagr.res.in/cattle-breed,https://nbagr.res.in/cattle-breed,Government Open Access / Academic Research,https://nbagr.res.in,ICAR-NBAGR / State Veterinary Universities,punganur_0011.jpg,raw/cattle/punganur/punganur_0011.jpg,VERIFIED_ARCHIVE,
SRC_CAT_PUNGANUR_0012,cow_punganur,Punganur,cattle,ICAR-NBAGR / Institutional Research Archive,https://nbagr.res.in/cattle-breed,https://nbagr.res.in/cattle-breed,Government Open Access / Academic Research,https://nbagr.res.in,ICAR-NBAGR / State Veterinary Universities,punganur_0012.jpg,raw/cattle/punganur/punganur_0012.jpg,VERIFIED_ARCHIVE,
SRC_CAT_PUNGANUR_0013,cow_punganur,Punganur,cattle,ICAR-NBAGR / Institutional Research Archive,https://nbagr.res.in/cattle-breed,https://nbagr.res.in/cattle-breed,Government Open Access / Academic Research,https://nbagr.res.in,ICAR-NBAGR / State Veterinary Universities,punganur_0013.jpg,raw/cattle/punganur/punganur_0013.jpg,VERIFIED_ARCHIVE,
SRC_CAT_PUNGANUR_0014,cow_punganur,Punganur,cattle,ICAR-NBAGR / Institutional Research Archive,https://nbagr.res.in/cattle-breed,https://nbagr.res.in/cattle-breed,Government Open Access / Academic Research,https://nbagr.res.in,ICAR-NBAGR / State Veterinary Universities,punganur_0014.jpg,raw/cattle/punganur/punganur_0014.jpg,VERIFIED_ARCHIVE,
SRC_CAT_PUNGANUR_0015,cow_punganur,Punganur,cattle,ICAR-NBAGR / Institutional Research Archive,https://nbagr.res.in/cattle-breed,https://nbagr.res.in/cattle-breed,Government Open Access / Academic Research,https://nbagr.res.in,ICAR-NBAGR / State Veterinary Universities,punganur_0015.jpg,raw/cattle/punganur/punganur_0015.jpg,VERIFIED_ARCHIVE,
SRC_CAT_PUNGANUR_0016,cow_punganur,Punganur,cattle,ICAR-NBAGR / Institutional Research Archive,https://nbagr.res.in/cattle-breed,https://nbagr.res.in/cattle-breed,Government Open Access / Academic Research,https://nbagr.res.in,ICAR-NBAGR / State Veterinary Universities,punganur_0016.jpg,raw/cattle/punganur/punganur_0016.jpg,VERIFIED_ARCHIVE,
SRC_CAT_PURNEA_0001,cow_purnea,Purnea,cattle,ICAR-NBAGR / Institutional Research Archive,https://nbagr.res.in/cattle-breed,https://nbagr.res.in/cattle-breed,Government Open Access / Academic Research,https://nbagr.res.in,ICAR-NBAGR / State Veterinary Universities,purnea_0001.jpg,raw/cattle/purnea/purnea_0001.jpg,VERIFIED_ARCHIVE,
SRC_CAT_PURNEA_0002,cow_purnea,Purnea,cattle,ICAR-NBAGR / Institutional Research Archive,https://nbagr.res.in/cattle-breed,https://nbagr.res.in/cattle-breed,Government Open Access / Academic Research,https://nbagr.res.in,ICAR-NBAGR / State Veterinary Universities,purnea_0002.jpg,raw/cattle/purnea/purnea_0002.jpg,VERIFIED_ARCHIVE,
SRC_CAT_RATHI_0001,cow_rathi,Rathi,cattle,ICAR-NBAGR / Institutional Research Archive,https://nbagr.res.in/cattle-breed,https://nbagr.res.in/cattle-breed,Government Open Access / Academic Research,https://nbagr.res.in,ICAR-NBAGR / State Veterinary Universities,rathi_0001.jpg,raw/cattle/rathi/rathi_0001.jpg,VERIFIED_ARCHIVE,
SRC_CAT_RATHI_0002,cow_rathi,Rathi,cattle,ICAR-NBAGR / Institutional Research Archive,https://nbagr.res.in/cattle-breed,https://nbagr.res.in/cattle-breed,Government Open Access / Academic Research,https://nbagr.res.in,ICAR-NBAGR / State Veterinary Universities,rathi_0002.jpg,raw/cattle/rathi/rathi_0002.jpg,VERIFIED_ARCHIVE,
SRC_CAT_RED_KANDHARI_0001,cow_red_kandhari,Red Kandhari,cattle,ICAR-NBAGR / Institutional Research Archive,https://nbagr.res.in/cattle-breed,https://nbagr.res.in/cattle-breed,Government Open Access / Academic Research,https://nbagr.res.in,ICAR-NBAGR / State Veterinary Universities,red_kandhari_0001.jpg,raw/cattle/red_kandhari/red_kandhari_0001.jpg,VERIFIED_ARCHIVE,
SRC_CAT_RED_KANDHARI_0002,cow_red_kandhari,Red Kandhari,cattle,ICAR-NBAGR / Institutional Research Archive,https://nbagr.res.in/cattle-breed,https://nbagr.res.in/cattle-breed,Government Open Access / Academic Research,https://nbagr.res.in,ICAR-NBAGR / State Veterinary Universities,red_kandhari_0002.jpg,raw/cattle/red_kandhari/red_kandhari_0002.jpg,VERIFIED_ARCHIVE,
SRC_CAT_RED_KANDHARI_0003,cow_red_kandhari,Red Kandhari,cattle,ICAR-NBAGR / Institutional Research Archive,https://nbagr.res.in/cattle-breed,https://nbagr.res.in/cattle-breed,Government Open Access / Academic Research,https://nbagr.res.in,ICAR-NBAGR / State Veterinary Universities,red_kandhari_0003.jpg,raw/cattle/red_kandhari/red_kandhari_0003.jpg,VERIFIED_ARCHIVE,
SRC_CAT_RED_SINDHI_0001,cow_red_sindhi,Red Sindhi,cattle,ICAR-NBAGR / Institutional Research Archive,https://nbagr.res.in/cattle-breed,https://nbagr.res.in/cattle-breed,Government Open Access / Academic Research,https://nbagr.res.in,ICAR-NBAGR / State Veterinary Universities,red_sindhi_0001.jpg,raw/cattle/red_sindhi/red_sindhi_0001.jpg,VERIFIED_ARCHIVE,
SRC_CAT_RED_SINDHI_0002,cow_red_sindhi,Red Sindhi,cattle,ICAR-NBAGR / Institutional Research Archive,https://nbagr.res.in/cattle-breed,https://nbagr.res.in/cattle-breed,Government Open Access / Academic Research,https://nbagr.res.in,ICAR-NBAGR / State Veterinary Universities,red_sindhi_0002.jpg,raw/cattle/red_sindhi/red_sindhi_0002.jpg,VERIFIED_ARCHIVE,
SRC_CAT_RED_SINDHI_0003,cow_red_sindhi,Red Sindhi,cattle,ICAR-NBAGR / Institutional Research Archive,https://nbagr.res.in/cattle-breed,https://nbagr.res.in/cattle-breed,Government Open Access / Academic Research,https://nbagr.res.in,ICAR-NBAGR / State Veterinary Universities,red_sindhi_0003.jpg,raw/cattle/red_sindhi/red_sindhi_0003.jpg,VERIFIED_ARCHIVE,
SRC_CAT_RED_SINDHI_0004,cow_red_sindhi,Red Sindhi,cattle,ICAR-NBAGR / Institutional Research Archive,https://nbagr.res.in/cattle-breed,https://nbagr.res.in/cattle-breed,Government Open Access / Academic Research,https://nbagr.res.in,ICAR-NBAGR / State Veterinary Universities,red_sindhi_0004.jpg,raw/cattle/red_sindhi/red_sindhi_0004.jpg,VERIFIED_ARCHIVE,
SRC_CAT_RED_SINDHI_0005,cow_red_sindhi,Red Sindhi,cattle,ICAR-NBAGR / Institutional Research Archive,https://nbagr.res.in/cattle-breed,https://nbagr.res.in/cattle-breed,Government Open Access / Academic Research,https://nbagr.res.in,ICAR-NBAGR / State Veterinary Universities,red_sindhi_0005.jpg,raw/cattle/red_sindhi/red_sindhi_0005.jpg,VERIFIED_ARCHIVE,
SRC_CAT_ROHILKHANDI_0001,cow_rohilkhandi,Rohilkhandi,cattle,ICAR-NBAGR / Institutional Research Archive,https://nbagr.res.in/cattle-breed,https://nbagr.res.in/cattle-breed,Government Open Access / Academic Research,https://nbagr.res.in,ICAR-NBAGR / State Veterinary Universities,rohilkhandi_0001.jpg,raw/cattle/rohilkhandi/rohilkhandi_0001.jpg,VERIFIED_ARCHIVE,
SRC_CAT_ROHILKHANDI_0002,cow_rohilkhandi,Rohilkhandi,cattle,ICAR-NBAGR / Institutional Research Archive,https://nbagr.res.in/cattle-breed,https://nbagr.res.in/cattle-breed,Government Open Access / Academic Research,https://nbagr.res.in,ICAR-NBAGR / State Veterinary Universities,rohilkhandi_0002.jpg,raw/cattle/rohilkhandi/rohilkhandi_0002.jpg,VERIFIED_ARCHIVE,
SRC_CAT_SAHIWAL_0001,cow_sahiwal,Sahiwal,cattle,ICAR-NBAGR / Institutional Research Archive,https://nbagr.res.in/cattle-breed,https://nbagr.res.in/cattle-breed,Government Open Access / Academic Research,https://nbagr.res.in,ICAR-NBAGR / State Veterinary Universities,sahiwal_0001.jpg,raw/cattle/sahiwal/sahiwal_0001.jpg,VERIFIED_ARCHIVE,
SRC_CAT_SAHIWAL_0002,cow_sahiwal,Sahiwal,cattle,ICAR-NBAGR / Institutional Research Archive,https://nbagr.res.in/cattle-breed,https://nbagr.res.in/cattle-breed,Government Open Access / Academic Research,https://nbagr.res.in,ICAR-NBAGR / State Veterinary Universities,sahiwal_0002.jpg,raw/cattle/sahiwal/sahiwal_0002.jpg,VERIFIED_ARCHIVE,
SRC_CAT_SAHIWAL_0003,cow_sahiwal,Sahiwal,cattle,ICAR-NBAGR / Institutional Research Archive,https://nbagr.res.in/cattle-breed,https://nbagr.res.in/cattle-breed,Government Open Access / Academic Research,https://nbagr.res.in,ICAR-NBAGR / State Veterinary Universities,sahiwal_0003.jpg,raw/cattle/sahiwal/sahiwal_0003.jpg,VERIFIED_ARCHIVE,
SRC_CAT_SAHIWAL_0004,cow_sahiwal,Sahiwal,cattle,ICAR-NBAGR / Institutional Research Archive,https://nbagr.res.in/cattle-breed,https://nbagr.res.in/cattle-breed,Government Open Access / Academic Research,https://nbagr.res.in,ICAR-NBAGR / State Veterinary Universities,sahiwal_0004.jpg,raw/cattle/sahiwal/sahiwal_0004.jpg,VERIFIED_ARCHIVE,
SRC_CAT_SAHIWAL_0005,cow_sahiwal,Sahiwal,cattle,ICAR-NBAGR / Institutional Research Archive,https://nbagr.res.in/cattle-breed,https://nbagr.res.in/cattle-breed,Government Open Access / Academic Research,https://nbagr.res.in,ICAR-NBAGR / State Veterinary Universities,sahiwal_0005.jpg,raw/cattle/sahiwal/sahiwal_0005.jpg,VERIFIED_ARCHIVE,
SRC_CAT_SAHIWAL_0006,cow_sahiwal,Sahiwal,cattle,ICAR-NBAGR / Institutional Research Archive,https://nbagr.res.in/cattle-breed,https://nbagr.res.in/cattle-breed,Government Open Access / Academic Research,https://nbagr.res.in,ICAR-NBAGR / State Veterinary Universities,sahiwal_0006.jpg,raw/cattle/sahiwal/sahiwal_0006.jpg,VERIFIED_ARCHIVE,
SRC_CAT_SAHIWAL_0007,cow_sahiwal,Sahiwal,cattle,ICAR-NBAGR / Institutional Research Archive,https://nbagr.res.in/cattle-breed,https://nbagr.res.in/cattle-breed,Government Open Access / Academic Research,https://nbagr.res.in,ICAR-NBAGR / State Veterinary Universities,sahiwal_0007.jpg,raw/cattle/sahiwal/sahiwal_0007.jpg,VERIFIED_ARCHIVE,
SRC_CAT_SAHIWAL_0008,cow_sahiwal,Sahiwal,cattle,ICAR-NBAGR / Institutional Research Archive,https://nbagr.res.in/cattle-breed,https://nbagr.res.in/cattle-breed,Government Open Access / Academic Research,https://nbagr.res.in,ICAR-NBAGR / State Veterinary Universities,sahiwal_0008.jpg,raw/cattle/sahiwal/sahiwal_0008.jpg,VERIFIED_ARCHIVE,
SRC_CAT_SAHIWAL_0009,cow_sahiwal,Sahiwal,cattle,ICAR-NBAGR / Institutional Research Archive,https://nbagr.res.in/cattle-breed,https://nbagr.res.in/cattle-breed,Government Open Access / Academic Research,https://nbagr.res.in,ICAR-NBAGR / State Veterinary Universities,sahiwal_0009.jpg,raw/cattle/sahiwal/sahiwal_0009.jpg,VERIFIED_ARCHIVE,
SRC_CAT_SAHIWAL_0010,cow_sahiwal,Sahiwal,cattle,ICAR-NBAGR / Institutional Research Archive,https://nbagr.res.in/cattle-breed,https://nbagr.res.in/cattle-breed,Government Open Access / Academic Research,https://nbagr.res.in,ICAR-NBAGR / State Veterinary Universities,sahiwal_0010.jpg,raw/cattle/sahiwal/sahiwal_0010.jpg,VERIFIED_ARCHIVE,
SRC_CAT_SAHIWAL_0011,cow_sahiwal,Sahiwal,cattle,ICAR-NBAGR / Institutional Research Archive,https://nbagr.res.in/cattle-breed,https://nbagr.res.in/cattle-breed,Government Open Access / Academic Research,https://nbagr.res.in,ICAR-NBAGR / State Veterinary Universities,sahiwal_0011.jpg,raw/cattle/sahiwal/sahiwal_0011.jpg,VERIFIED_ARCHIVE,
SRC_CAT_SAHIWAL_0012,cow_sahiwal,Sahiwal,cattle,ICAR-NBAGR / Institutional Research Archive,https://nbagr.res.in/cattle-breed,https://nbagr.res.in/cattle-breed,Government Open Access / Academic Research,https://nbagr.res.in,ICAR-NBAGR / State Veterinary Universities,sahiwal_0012.jpg,raw/cattle/sahiwal/sahiwal_0012.jpg,VERIFIED_ARCHIVE,
SRC_CAT_SAHIWAL_0013,cow_sahiwal,Sahiwal,cattle,ICAR-NBAGR / Institutional Research Archive,https://nbagr.res.in/cattle-breed,https://nbagr.res.in/cattle-breed,Government Open Access / Academic Research,https://nbagr.res.in,ICAR-NBAGR / State Veterinary Universities,sahiwal_0013.jpg,raw/cattle/sahiwal/sahiwal_0013.jpg,VERIFIED_ARCHIVE,
SRC_CAT_SAHIWAL_0014,cow_sahiwal,Sahiwal,cattle,ICAR-NBAGR / Institutional Research Archive,https://nbagr.res.in/cattle-breed,https://nbagr.res.in/cattle-breed,Government Open Access / Academic Research,https://nbagr.res.in,ICAR-NBAGR / State Veterinary Universities,sahiwal_0014.jpg,raw/cattle/sahiwal/sahiwal_0014.jpg,VERIFIED_ARCHIVE,
SRC_CAT_SAHIWAL_0015,cow_sahiwal,Sahiwal,cattle,ICAR-NBAGR / Institutional Research Archive,https://nbagr.res.in/cattle-breed,https://nbagr.res.in/cattle-breed,Government Open Access / Academic Research,https://nbagr.res.in,ICAR-NBAGR / State Veterinary Universities,sahiwal_0015.jpg,raw/cattle/sahiwal/sahiwal_0015.jpg,VERIFIED_ARCHIVE,
SRC_CAT_SAHIWAL_0016,cow_sahiwal,Sahiwal,cattle,ICAR-NBAGR / Institutional Research Archive,https://nbagr.res.in/cattle-breed,https://nbagr.res.in/cattle-breed,Government Open Access / Academic Research,https://nbagr.res.in,ICAR-NBAGR / State Veterinary Universities,sahiwal_0016.jpg,raw/cattle/sahiwal/sahiwal_0016.jpg,VERIFIED_ARCHIVE,
SRC_CAT_SAHIWAL_0017,cow_sahiwal,Sahiwal,cattle,ICAR-NBAGR / Institutional Research Archive,https://nbagr.res.in/cattle-breed,https://nbagr.res.in/cattle-breed,Government Open Access / Academic Research,https://nbagr.res.in,ICAR-NBAGR / State Veterinary Universities,sahiwal_0017.jpg,raw/cattle/sahiwal/sahiwal_0017.jpg,VERIFIED_ARCHIVE,
SRC_CAT_SAHIWAL_0018,cow_sahiwal,Sahiwal,cattle,ICAR-NBAGR / Institutional Research Archive,https://nbagr.res.in/cattle-breed,https://nbagr.res.in/cattle-breed,Government Open Access / Academic Research,https://nbagr.res.in,ICAR-NBAGR / State Veterinary Universities,sahiwal_0018.jpg,raw/cattle/sahiwal/sahiwal_0018.jpg,VERIFIED_ARCHIVE,
SRC_CAT_SAHIWAL_0019,cow_sahiwal,Sahiwal,cattle,ICAR-NBAGR / Institutional Research Archive,https://nbagr.res.in/cattle-breed,https://nbagr.res.in/cattle-breed,Government Open Access / Academic Research,https://nbagr.res.in,ICAR-NBAGR / State Veterinary Universities,sahiwal_0019.jpg,raw/cattle/sahiwal/sahiwal_0019.jpg,VERIFIED_ARCHIVE,
SRC_CAT_SAHIWAL_0020,cow_sahiwal,Sahiwal,cattle,ICAR-NBAGR / Institutional Research Archive,https://nbagr.res.in/cattle-breed,https://nbagr.res.in/cattle-breed,Government Open Access / Academic Research,https://nbagr.res.in,ICAR-NBAGR / State Veterinary Universities,sahiwal_0020.jpg,raw/cattle/sahiwal/sahiwal_0020.jpg,VERIFIED_ARCHIVE,
SRC_CAT_SAHIWAL_0021,cow_sahiwal,Sahiwal,cattle,ICAR-NBAGR / Institutional Research Archive,https://nbagr.res.in/cattle-breed,https://nbagr.res.in/cattle-breed,Government Open Access / Academic Research,https://nbagr.res.in,ICAR-NBAGR / State Veterinary Universities,sahiwal_0021.jpg,raw/cattle/sahiwal/sahiwal_0021.jpg,VERIFIED_ARCHIVE,
SRC_CAT_SAHIWAL_0022,cow_sahiwal,Sahiwal,cattle,ICAR-NBAGR / Institutional Research Archive,https://nbagr.res.in/cattle-breed,https://nbagr.res.in/cattle-breed,Government Open Access / Academic Research,https://nbagr.res.in,ICAR-NBAGR / State Veterinary Universities,sahiwal_0022.jpg,raw/cattle/sahiwal/sahiwal_0022.jpg,VERIFIED_ARCHIVE,
SRC_CAT_SANCHORI_0001,cow_sanchori,Sanchori,cattle,ICAR-NBAGR / Institutional Research Archive,https://nbagr.res.in/cattle-breed,https://nbagr.res.in/cattle-breed,Government Open Access / Academic Research,https://nbagr.res.in,ICAR-NBAGR / State Veterinary Universities,sanchori_0001.jpg,raw/cattle/sanchori/sanchori_0001.jpg,VERIFIED_ARCHIVE,
SRC_CAT_SANCHORI_0002,cow_sanchori,Sanchori,cattle,ICAR-NBAGR / Institutional Research Archive,https://nbagr.res.in/cattle-breed,https://nbagr.res.in/cattle-breed,Government Open Access / Academic Research,https://nbagr.res.in,ICAR-NBAGR / State Veterinary Universities,sanchori_0002.jpg,raw/cattle/sanchori/sanchori_0002.jpg,VERIFIED_ARCHIVE,
SRC_CAT_SHWETA_KAPILA_0001,cow_shweta_kapila,Shweta Kapila,cattle,ICAR-NBAGR / Institutional Research Archive,https://nbagr.res.in/cattle-breed,https://nbagr.res.in/cattle-breed,Government Open Access / Academic Research,https://nbagr.res.in,ICAR-NBAGR / State Veterinary Universities,shweta_kapila_0001.jpg,raw/cattle/shweta_kapila/shweta_kapila_0001.jpg,VERIFIED_ARCHIVE,
SRC_CAT_SHWETA_KAPILA_0002,cow_shweta_kapila,Shweta Kapila,cattle,ICAR-NBAGR / Institutional Research Archive,https://nbagr.res.in/cattle-breed,https://nbagr.res.in/cattle-breed,Government Open Access / Academic Research,https://nbagr.res.in,ICAR-NBAGR / State Veterinary Universities,shweta_kapila_0002.jpg,raw/cattle/shweta_kapila/shweta_kapila_0002.jpg,VERIFIED_ARCHIVE,
SRC_CAT_SIRI_0001,cow_siri,Siri,cattle,ICAR-NBAGR / Institutional Research Archive,https://nbagr.res.in/cattle-breed,https://nbagr.res.in/cattle-breed,Government Open Access / Academic Research,https://nbagr.res.in,ICAR-NBAGR / State Veterinary Universities,siri_0001.jpg,raw/cattle/siri/siri_0001.jpg,VERIFIED_ARCHIVE,
SRC_CAT_SIRI_0002,cow_siri,Siri,cattle,ICAR-NBAGR / Institutional Research Archive,https://nbagr.res.in/cattle-breed,https://nbagr.res.in/cattle-breed,Government Open Access / Academic Research,https://nbagr.res.in,ICAR-NBAGR / State Veterinary Universities,siri_0002.jpg,raw/cattle/siri/siri_0002.jpg,VERIFIED_ARCHIVE,
SRC_CAT_SIRI_0003,cow_siri,Siri,cattle,ICAR-NBAGR / Institutional Research Archive,https://nbagr.res.in/cattle-breed,https://nbagr.res.in/cattle-breed,Government Open Access / Academic Research,https://nbagr.res.in,ICAR-NBAGR / State Veterinary Universities,siri_0003.jpg,raw/cattle/siri/siri_0003.jpg,VERIFIED_ARCHIVE,
SRC_CAT_SIRI_0004,cow_siri,Siri,cattle,ICAR-NBAGR / Institutional Research Archive,https://nbagr.res.in/cattle-breed,https://nbagr.res.in/cattle-breed,Government Open Access / Academic Research,https://nbagr.res.in,ICAR-NBAGR / State Veterinary Universities,siri_0004.jpg,raw/cattle/siri/siri_0004.jpg,VERIFIED_ARCHIVE,
SRC_CAT_SIRI_0005,cow_siri,Siri,cattle,ICAR-NBAGR / Institutional Research Archive,https://nbagr.res.in/cattle-breed,https://nbagr.res.in/cattle-breed,Government Open Access / Academic Research,https://nbagr.res.in,ICAR-NBAGR / State Veterinary Universities,siri_0005.jpg,raw/cattle/siri/siri_0005.jpg,VERIFIED_ARCHIVE,
SRC_CAT_SIRI_0006,cow_siri,Siri,cattle,ICAR-NBAGR / Institutional Research Archive,https://nbagr.res.in/cattle-breed,https://nbagr.res.in/cattle-breed,Government Open Access / Academic Research,https://nbagr.res.in,ICAR-NBAGR / State Veterinary Universities,siri_0006.jpg,raw/cattle/siri/siri_0006.jpg,VERIFIED_ARCHIVE,
SRC_CAT_SIRI_0007,cow_siri,Siri,cattle,ICAR-NBAGR / Institutional Research Archive,https://nbagr.res.in/cattle-breed,https://nbagr.res.in/cattle-breed,Government Open Access / Academic Research,https://nbagr.res.in,ICAR-NBAGR / State Veterinary Universities,siri_0007.jpg,raw/cattle/siri/siri_0007.jpg,VERIFIED_ARCHIVE,
SRC_CAT_SIRI_0008,cow_siri,Siri,cattle,ICAR-NBAGR / Institutional Research Archive,https://nbagr.res.in/cattle-breed,https://nbagr.res.in/cattle-breed,Government Open Access / Academic Research,https://nbagr.res.in,ICAR-NBAGR / State Veterinary Universities,siri_0008.jpg,raw/cattle/siri/siri_0008.jpg,VERIFIED_ARCHIVE,
SRC_CAT_SIRI_0009,cow_siri,Siri,cattle,ICAR-NBAGR / Institutional Research Archive,https://nbagr.res.in/cattle-breed,https://nbagr.res.in/cattle-breed,Government Open Access / Academic Research,https://nbagr.res.in,ICAR-NBAGR / State Veterinary Universities,siri_0009.jpg,raw/cattle/siri/siri_0009.jpg,VERIFIED_ARCHIVE,
SRC_CAT_SIRI_0010,cow_siri,Siri,cattle,ICAR-NBAGR / Institutional Research Archive,https://nbagr.res.in/cattle-breed,https://nbagr.res.in/cattle-breed,Government Open Access / Academic Research,https://nbagr.res.in,ICAR-NBAGR / State Veterinary Universities,siri_0010.jpg,raw/cattle/siri/siri_0010.jpg,VERIFIED_ARCHIVE,
SRC_CAT_SIRI_0011,cow_siri,Siri,cattle,ICAR-NBAGR / Institutional Research Archive,https://nbagr.res.in/cattle-breed,https://nbagr.res.in/cattle-breed,Government Open Access / Academic Research,https://nbagr.res.in,ICAR-NBAGR / State Veterinary Universities,siri_0011.jpg,raw/cattle/siri/siri_0011.jpg,VERIFIED_ARCHIVE,
SRC_CAT_SIRI_0012,cow_siri,Siri,cattle,ICAR-NBAGR / Institutional Research Archive,https://nbagr.res.in/cattle-breed,https://nbagr.res.in/cattle-breed,Government Open Access / Academic Research,https://nbagr.res.in,ICAR-NBAGR / State Veterinary Universities,siri_0012.jpg,raw/cattle/siri/siri_0012.jpg,VERIFIED_ARCHIVE,
SRC_CAT_SIRI_0013,cow_siri,Siri,cattle,ICAR-NBAGR / Institutional Research Archive,https://nbagr.res.in/cattle-breed,https://nbagr.res.in/cattle-breed,Government Open Access / Academic Research,https://nbagr.res.in,ICAR-NBAGR / State Veterinary Universities,siri_0013.jpg,raw/cattle/siri/siri_0013.jpg,VERIFIED_ARCHIVE,
SRC_CAT_SIRI_0014,cow_siri,Siri,cattle,ICAR-NBAGR / Institutional Research Archive,https://nbagr.res.in/cattle-breed,https://nbagr.res.in/cattle-breed,Government Open Access / Academic Research,https://nbagr.res.in,ICAR-NBAGR / State Veterinary Universities,siri_0014.jpg,raw/cattle/siri/siri_0014.jpg,VERIFIED_ARCHIVE,
SRC_CAT_SIRI_0015,cow_siri,Siri,cattle,ICAR-NBAGR / Institutional Research Archive,https://nbagr.res.in/cattle-breed,https://nbagr.res.in/cattle-breed,Government Open Access / Academic Research,https://nbagr.res.in,ICAR-NBAGR / State Veterinary Universities,siri_0015.jpg,raw/cattle/siri/siri_0015.jpg,VERIFIED_ARCHIVE,
SRC_CAT_SIRI_0016,cow_siri,Siri,cattle,ICAR-NBAGR / Institutional Research Archive,https://nbagr.res.in/cattle-breed,https://nbagr.res.in/cattle-breed,Government Open Access / Academic Research,https://nbagr.res.in,ICAR-NBAGR / State Veterinary Universities,siri_0016.jpg,raw/cattle/siri/siri_0016.jpg,VERIFIED_ARCHIVE,
SRC_CAT_SIRI_0017,cow_siri,Siri,cattle,ICAR-NBAGR / Institutional Research Archive,https://nbagr.res.in/cattle-breed,https://nbagr.res.in/cattle-breed,Government Open Access / Academic Research,https://nbagr.res.in,ICAR-NBAGR / State Veterinary Universities,siri_0017.jpg,raw/cattle/siri/siri_0017.jpg,VERIFIED_ARCHIVE,
SRC_CAT_SIRI_0018,cow_siri,Siri,cattle,ICAR-NBAGR / Institutional Research Archive,https://nbagr.res.in/cattle-breed,https://nbagr.res.in/cattle-breed,Government Open Access / Academic Research,https://nbagr.res.in,ICAR-NBAGR / State Veterinary Universities,siri_0018.jpg,raw/cattle/siri/siri_0018.jpg,VERIFIED_ARCHIVE,
SRC_CAT_SIRI_0019,cow_siri,Siri,cattle,ICAR-NBAGR / Institutional Research Archive,https://nbagr.res.in/cattle-breed,https://nbagr.res.in/cattle-breed,Government Open Access / Academic Research,https://nbagr.res.in,ICAR-NBAGR / State Veterinary Universities,siri_0019.jpg,raw/cattle/siri/siri_0019.jpg,VERIFIED_ARCHIVE,
SRC_CAT_SIRI_0020,cow_siri,Siri,cattle,ICAR-NBAGR / Institutional Research Archive,https://nbagr.res.in/cattle-breed,https://nbagr.res.in/cattle-breed,Government Open Access / Academic Research,https://nbagr.res.in,ICAR-NBAGR / State Veterinary Universities,siri_0020.jpg,raw/cattle/siri/siri_0020.jpg,VERIFIED_ARCHIVE,
SRC_CAT_SIRI_0021,cow_siri,Siri,cattle,ICAR-NBAGR / Institutional Research Archive,https://nbagr.res.in/cattle-breed,https://nbagr.res.in/cattle-breed,Government Open Access / Academic Research,https://nbagr.res.in,ICAR-NBAGR / State Veterinary Universities,siri_0021.jpg,raw/cattle/siri/siri_0021.jpg,VERIFIED_ARCHIVE,
SRC_CAT_THARPARKAR_0001,cow_tharparkar,Tharparkar,cattle,ICAR-NBAGR / Institutional Research Archive,https://nbagr.res.in/cattle-breed,https://nbagr.res.in/cattle-breed,Government Open Access / Academic Research,https://nbagr.res.in,ICAR-NBAGR / State Veterinary Universities,tharparkar_0001.jpg,raw/cattle/tharparkar/tharparkar_0001.jpg,VERIFIED_ARCHIVE,
SRC_CAT_THARPARKAR_0002,cow_tharparkar,Tharparkar,cattle,ICAR-NBAGR / Institutional Research Archive,https://nbagr.res.in/cattle-breed,https://nbagr.res.in/cattle-breed,Government Open Access / Academic Research,https://nbagr.res.in,ICAR-NBAGR / State Veterinary Universities,tharparkar_0002.jpg,raw/cattle/tharparkar/tharparkar_0002.jpg,VERIFIED_ARCHIVE,
SRC_CAT_THARPARKAR_0003,cow_tharparkar,Tharparkar,cattle,ICAR-NBAGR / Institutional Research Archive,https://nbagr.res.in/cattle-breed,https://nbagr.res.in/cattle-breed,Government Open Access / Academic Research,https://nbagr.res.in,ICAR-NBAGR / State Veterinary Universities,tharparkar_0003.jpg,raw/cattle/tharparkar/tharparkar_0003.jpg,VERIFIED_ARCHIVE,
SRC_CAT_THARPARKAR_0004,cow_tharparkar,Tharparkar,cattle,ICAR-NBAGR / Institutional Research Archive,https://nbagr.res.in/cattle-breed,https://nbagr.res.in/cattle-breed,Government Open Access / Academic Research,https://nbagr.res.in,ICAR-NBAGR / State Veterinary Universities,tharparkar_0004.jpg,raw/cattle/tharparkar/tharparkar_0004.jpg,VERIFIED_ARCHIVE,
SRC_CAT_THARPARKAR_0005,cow_tharparkar,Tharparkar,cattle,ICAR-NBAGR / Institutional Research Archive,https://nbagr.res.in/cattle-breed,https://nbagr.res.in/cattle-breed,Government Open Access / Academic Research,https://nbagr.res.in,ICAR-NBAGR / State Veterinary Universities,tharparkar_0005.jpg,raw/cattle/tharparkar/tharparkar_0005.jpg,VERIFIED_ARCHIVE,
SRC_CAT_THARPARKAR_0006,cow_tharparkar,Tharparkar,cattle,ICAR-NBAGR / Institutional Research Archive,https://nbagr.res.in/cattle-breed,https://nbagr.res.in/cattle-breed,Government Open Access / Academic Research,https://nbagr.res.in,ICAR-NBAGR / State Veterinary Universities,tharparkar_0006.jpg,raw/cattle/tharparkar/tharparkar_0006.jpg,VERIFIED_ARCHIVE,
SRC_CAT_THARPARKAR_0007,cow_tharparkar,Tharparkar,cattle,ICAR-NBAGR / Institutional Research Archive,https://nbagr.res.in/cattle-breed,https://nbagr.res.in/cattle-breed,Government Open Access / Academic Research,https://nbagr.res.in,ICAR-NBAGR / State Veterinary Universities,tharparkar_0007.jpg,raw/cattle/tharparkar/tharparkar_0007.jpg,VERIFIED_ARCHIVE,
SRC_CAT_THARPARKAR_0008,cow_tharparkar,Tharparkar,cattle,ICAR-NBAGR / Institutional Research Archive,https://nbagr.res.in/cattle-breed,https://nbagr.res.in/cattle-breed,Government Open Access / Academic Research,https://nbagr.res.in,ICAR-NBAGR / State Veterinary Universities,tharparkar_0008.jpg,raw/cattle/tharparkar/tharparkar_0008.jpg,VERIFIED_ARCHIVE,
SRC_CAT_THARPARKAR_0009,cow_tharparkar,Tharparkar,cattle,ICAR-NBAGR / Institutional Research Archive,https://nbagr.res.in/cattle-breed,https://nbagr.res.in/cattle-breed,Government Open Access / Academic Research,https://nbagr.res.in,ICAR-NBAGR / State Veterinary Universities,tharparkar_0009.jpg,raw/cattle/tharparkar/tharparkar_0009.jpg,VERIFIED_ARCHIVE,
SRC_CAT_THARPARKAR_0010,cow_tharparkar,Tharparkar,cattle,ICAR-NBAGR / Institutional Research Archive,https://nbagr.res.in/cattle-breed,https://nbagr.res.in/cattle-breed,Government Open Access / Academic Research,https://nbagr.res.in,ICAR-NBAGR / State Veterinary Universities,tharparkar_0010.jpg,raw/cattle/tharparkar/tharparkar_0010.jpg,VERIFIED_ARCHIVE,
SRC_CAT_THARPARKAR_0011,cow_tharparkar,Tharparkar,cattle,ICAR-NBAGR / Institutional Research Archive,https://nbagr.res.in/cattle-breed,https://nbagr.res.in/cattle-breed,Government Open Access / Academic Research,https://nbagr.res.in,ICAR-NBAGR / State Veterinary Universities,tharparkar_0011.jpg,raw/cattle/tharparkar/tharparkar_0011.jpg,VERIFIED_ARCHIVE,
SRC_CAT_THARPARKAR_0012,cow_tharparkar,Tharparkar,cattle,ICAR-NBAGR / Institutional Research Archive,https://nbagr.res.in/cattle-breed,https://nbagr.res.in/cattle-breed,Government Open Access / Academic Research,https://nbagr.res.in,ICAR-NBAGR / State Veterinary Universities,tharparkar_0012.jpg,raw/cattle/tharparkar/tharparkar_0012.jpg,VERIFIED_ARCHIVE,
SRC_CAT_THARPARKAR_0013,cow_tharparkar,Tharparkar,cattle,ICAR-NBAGR / Institutional Research Archive,https://nbagr.res.in/cattle-breed,https://nbagr.res.in/cattle-breed,Government Open Access / Academic Research,https://nbagr.res.in,ICAR-NBAGR / State Veterinary Universities,tharparkar_0013.jpg,raw/cattle/tharparkar/tharparkar_0013.jpg,VERIFIED_ARCHIVE,
SRC_CAT_THARPARKAR_0014,cow_tharparkar,Tharparkar,cattle,ICAR-NBAGR / Institutional Research Archive,https://nbagr.res.in/cattle-breed,https://nbagr.res.in/cattle-breed,Government Open Access / Academic Research,https://nbagr.res.in,ICAR-NBAGR / State Veterinary Universities,tharparkar_0014.jpg,raw/cattle/tharparkar/tharparkar_0014.jpg,VERIFIED_ARCHIVE,
SRC_CAT_THARPARKAR_0015,cow_tharparkar,Tharparkar,cattle,ICAR-NBAGR / Institutional Research Archive,https://nbagr.res.in/cattle-breed,https://nbagr.res.in/cattle-breed,Government Open Access / Academic Research,https://nbagr.res.in,ICAR-NBAGR / State Veterinary Universities,tharparkar_0015.jpg,raw/cattle/tharparkar/tharparkar_0015.jpg,VERIFIED_ARCHIVE,
SRC_CAT_THARPARKAR_0016,cow_tharparkar,Tharparkar,cattle,ICAR-NBAGR / Institutional Research Archive,https://nbagr.res.in/cattle-breed,https://nbagr.res.in/cattle-breed,Government Open Access / Academic Research,https://nbagr.res.in,ICAR-NBAGR / State Veterinary Universities,tharparkar_0016.jpg,raw/cattle/tharparkar/tharparkar_0016.jpg,VERIFIED_ARCHIVE,
SRC_CAT_THUTHO_0001,cow_thutho,Thutho,cattle,ICAR-NBAGR / Institutional Research Archive,https://nbagr.res.in/cattle-breed,https://nbagr.res.in/cattle-breed,Government Open Access / Academic Research,https://nbagr.res.in,ICAR-NBAGR / State Veterinary Universities,thutho_0001.jpg,raw/cattle/thutho/thutho_0001.jpg,VERIFIED_ARCHIVE,
SRC_CAT_THUTHO_0002,cow_thutho,Thutho,cattle,ICAR-NBAGR / Institutional Research Archive,https://nbagr.res.in/cattle-breed,https://nbagr.res.in/cattle-breed,Government Open Access / Academic Research,https://nbagr.res.in,ICAR-NBAGR / State Veterinary Universities,thutho_0002.jpg,raw/cattle/thutho/thutho_0002.jpg,VERIFIED_ARCHIVE,
SRC_CAT_UMARDA_0001,cow_umarda,Umarda,cattle,ICAR-NBAGR / Institutional Research Archive,https://nbagr.res.in/cattle-breed,https://nbagr.res.in/cattle-breed,Government Open Access / Academic Research,https://nbagr.res.in,ICAR-NBAGR / State Veterinary Universities,umarda_0001.jpg,raw/cattle/umarda/umarda_0001.jpg,VERIFIED_ARCHIVE,
SRC_CAT_UMARDA_0002,cow_umarda,Umarda,cattle,ICAR-NBAGR / Institutional Research Archive,https://nbagr.res.in/cattle-breed,https://nbagr.res.in/cattle-breed,Government Open Access / Academic Research,https://nbagr.res.in,ICAR-NBAGR / State Veterinary Universities,umarda_0002.png,raw/cattle/umarda/umarda_0002.png,VERIFIED_ARCHIVE,
SRC_CAT_UMBLACHERY_0001,cow_umblachery,Umblachery,cattle,ICAR-NBAGR / Institutional Research Archive,https://nbagr.res.in/cattle-breed,https://nbagr.res.in/cattle-breed,Government Open Access / Academic Research,https://nbagr.res.in,ICAR-NBAGR / State Veterinary Universities,umblachery_0001.jpg,raw/cattle/umblachery/umblachery_0001.jpg,VERIFIED_ARCHIVE,
SRC_CAT_UMBLACHERY_0002,cow_umblachery,Umblachery,cattle,ICAR-NBAGR / Institutional Research Archive,https://nbagr.res.in/cattle-breed,https://nbagr.res.in/cattle-breed,Government Open Access / Academic Research,https://nbagr.res.in,ICAR-NBAGR / State Veterinary Universities,umblachery_0002.jpg,raw/cattle/umblachery/umblachery_0002.jpg,VERIFIED_ARCHIVE,
SRC_CAT_VECHUR_0001,cow_vechur,Vechur,cattle,ICAR-NBAGR / Institutional Research Archive,https://nbagr.res.in/cattle-breed,https://nbagr.res.in/cattle-breed,Government Open Access / Academic Research,https://nbagr.res.in,ICAR-NBAGR / State Veterinary Universities,vechur_0001.jpg,raw/cattle/vechur/vechur_0001.jpg,VERIFIED_ARCHIVE,
SRC_CAT_VECHUR_0002,cow_vechur,Vechur,cattle,ICAR-NBAGR / Institutional Research Archive,https://nbagr.res.in/cattle-breed,https://nbagr.res.in/cattle-breed,Government Open Access / Academic Research,https://nbagr.res.in,ICAR-NBAGR / State Veterinary Universities,vechur_0002.jpg,raw/cattle/vechur/vechur_0002.jpg,VERIFIED_ARCHIVE,
SRC_CAT_VECHUR_0003,cow_vechur,Vechur,cattle,ICAR-NBAGR / Institutional Research Archive,https://nbagr.res.in/cattle-breed,https://nbagr.res.in/cattle-breed,Government Open Access / Academic Research,https://nbagr.res.in,ICAR-NBAGR / State Veterinary Universities,vechur_0003.jpg,raw/cattle/vechur/vechur_0003.jpg,VERIFIED_ARCHIVE,
SRC_CAT_VECHUR_0004,cow_vechur,Vechur,cattle,ICAR-NBAGR / Institutional Research Archive,https://nbagr.res.in/cattle-breed,https://nbagr.res.in/cattle-breed,Government Open Access / Academic Research,https://nbagr.res.in,ICAR-NBAGR / State Veterinary Universities,vechur_0004.jpg,raw/cattle/vechur/vechur_0004.jpg,VERIFIED_ARCHIVE,
SRC_CAT_VECHUR_0005,cow_vechur,Vechur,cattle,ICAR-NBAGR / Institutional Research Archive,https://nbagr.res.in/cattle-breed,https://nbagr.res.in/cattle-breed,Government Open Access / Academic Research,https://nbagr.res.in,ICAR-NBAGR / State Veterinary Universities,vechur_0005.jpg,raw/cattle/vechur/vechur_0005.jpg,VERIFIED_ARCHIVE,
SRC_CAT_VECHUR_0006,cow_vechur,Vechur,cattle,ICAR-NBAGR / Institutional Research Archive,https://nbagr.res.in/cattle-breed,https://nbagr.res.in/cattle-breed,Government Open Access / Academic Research,https://nbagr.res.in,ICAR-NBAGR / State Veterinary Universities,vechur_0006.jpg,raw/cattle/vechur/vechur_0006.jpg,VERIFIED_ARCHIVE,
SRC_CAT_VECHUR_0007,cow_vechur,Vechur,cattle,ICAR-NBAGR / Institutional Research Archive,https://nbagr.res.in/cattle-breed,https://nbagr.res.in/cattle-breed,Government Open Access / Academic Research,https://nbagr.res.in,ICAR-NBAGR / State Veterinary Universities,vechur_0007.jpg,raw/cattle/vechur/vechur_0007.jpg,VERIFIED_ARCHIVE,
SRC_CAT_VECHUR_0008,cow_vechur,Vechur,cattle,ICAR-NBAGR / Institutional Research Archive,https://nbagr.res.in/cattle-breed,https://nbagr.res.in/cattle-breed,Government Open Access / Academic Research,https://nbagr.res.in,ICAR-NBAGR / State Veterinary Universities,vechur_0008.jpg,raw/cattle/vechur/vechur_0008.jpg,VERIFIED_ARCHIVE,
SRC_CAT_VECHUR_0009,cow_vechur,Vechur,cattle,ICAR-NBAGR / Institutional Research Archive,https://nbagr.res.in/cattle-breed,https://nbagr.res.in/cattle-breed,Government Open Access / Academic Research,https://nbagr.res.in,ICAR-NBAGR / State Veterinary Universities,vechur_0009.jpg,raw/cattle/vechur/vechur_0009.jpg,VERIFIED_ARCHIVE,
SRC_CAT_VECHUR_0010,cow_vechur,Vechur,cattle,ICAR-NBAGR / Institutional Research Archive,https://nbagr.res.in/cattle-breed,https://nbagr.res.in/cattle-breed,Government Open Access / Academic Research,https://nbagr.res.in,ICAR-NBAGR / State Veterinary Universities,vechur_0010.jpg,raw/cattle/vechur/vechur_0010.jpg,VERIFIED_ARCHIVE,
SRC_CAT_VECHUR_0011,cow_vechur,Vechur,cattle,ICAR-NBAGR / Institutional Research Archive,https://nbagr.res.in/cattle-breed,https://nbagr.res.in/cattle-breed,Government Open Access / Academic Research,https://nbagr.res.in,ICAR-NBAGR / State Veterinary Universities,vechur_0011.jpg,raw/cattle/vechur/vechur_0011.jpg,VERIFIED_ARCHIVE,
SRC_CAT_VECHUR_0012,cow_vechur,Vechur,cattle,ICAR-NBAGR / Institutional Research Archive,https://nbagr.res.in/cattle-breed,https://nbagr.res.in/cattle-breed,Government Open Access / Academic Research,https://nbagr.res.in,ICAR-NBAGR / State Veterinary Universities,vechur_0012.jpg,raw/cattle/vechur/vechur_0012.jpg,VERIFIED_ARCHIVE,
SRC_CAT_VECHUR_0013,cow_vechur,Vechur,cattle,ICAR-NBAGR / Institutional Research Archive,https://nbagr.res.in/cattle-breed,https://nbagr.res.in/cattle-breed,Government Open Access / Academic Research,https://nbagr.res.in,ICAR-NBAGR / State Veterinary Universities,vechur_0013.jpg,raw/cattle/vechur/vechur_0013.jpg,VERIFIED_ARCHIVE,
SRC_CAT_VECHUR_0014,cow_vechur,Vechur,cattle,ICAR-NBAGR / Institutional Research Archive,https://nbagr.res.in/cattle-breed,https://nbagr.res.in/cattle-breed,Government Open Access / Academic Research,https://nbagr.res.in,ICAR-NBAGR / State Veterinary Universities,vechur_0014.jpg,raw/cattle/vechur/vechur_0014.jpg,VERIFIED_ARCHIVE,
SRC_CAT_VECHUR_0015,cow_vechur,Vechur,cattle,ICAR-NBAGR / Institutional Research Archive,https://nbagr.res.in/cattle-breed,https://nbagr.res.in/cattle-breed,Government Open Access / Academic Research,https://nbagr.res.in,ICAR-NBAGR / State Veterinary Universities,vechur_0015.jpg,raw/cattle/vechur/vechur_0015.jpg,VERIFIED_ARCHIVE,
SRC_CAT_VECHUR_0016,cow_vechur,Vechur,cattle,ICAR-NBAGR / Institutional Research Archive,https://nbagr.res.in/cattle-breed,https://nbagr.res.in/cattle-breed,Government Open Access / Academic Research,https://nbagr.res.in,ICAR-NBAGR / State Veterinary Universities,vechur_0016.jpg,raw/cattle/vechur/vechur_0016.jpg,VERIFIED_ARCHIVE,
SRC_CAT_VECHUR_0017,cow_vechur,Vechur,cattle,ICAR-NBAGR / Institutional Research Archive,https://nbagr.res.in/cattle-breed,https://nbagr.res.in/cattle-breed,Government Open Access / Academic Research,https://nbagr.res.in,ICAR-NBAGR / State Veterinary Universities,vechur_0017.jpg,raw/cattle/vechur/vechur_0017.jpg,VERIFIED_ARCHIVE,
SRC_CAT_VECHUR_0018,cow_vechur,Vechur,cattle,ICAR-NBAGR / Institutional Research Archive,https://nbagr.res.in/cattle-breed,https://nbagr.res.in/cattle-breed,Government Open Access / Academic Research,https://nbagr.res.in,ICAR-NBAGR / State Veterinary Universities,vechur_0018.jpg,raw/cattle/vechur/vechur_0018.jpg,VERIFIED_ARCHIVE,
SRC_CAT_VECHUR_0019,cow_vechur,Vechur,cattle,ICAR-NBAGR / Institutional Research Archive,https://nbagr.res.in/cattle-breed,https://nbagr.res.in/cattle-breed,Government Open Access / Academic Research,https://nbagr.res.in,ICAR-NBAGR / State Veterinary Universities,vechur_0019.jpg,raw/cattle/vechur/vechur_0019.jpg,VERIFIED_ARCHIVE,
SRC_BUF_BANNI_0001,buffalo_banni,Banni,buffalo,ICAR-NBAGR / Institutional Research Archive,https://nbagr.res.in/node/114,https://nbagr.res.in/node/114,Government Open Access / Academic Research,https://nbagr.res.in,ICAR-NBAGR / State Veterinary Universities,banni_0001.jpg,raw/buffalo/banni/banni_0001.jpg,VERIFIED_ARCHIVE,
SRC_BUF_BANNI_0002,buffalo_banni,Banni,buffalo,ICAR-NBAGR / Institutional Research Archive,https://nbagr.res.in/node/114,https://nbagr.res.in/node/114,Government Open Access / Academic Research,https://nbagr.res.in,ICAR-NBAGR / State Veterinary Universities,banni_0002.jpg,raw/buffalo/banni/banni_0002.jpg,VERIFIED_ARCHIVE,
SRC_BUF_BANNI_0003,buffalo_banni,Banni,buffalo,ICAR-NBAGR / Institutional Research Archive,https://nbagr.res.in/node/114,https://nbagr.res.in/node/114,Government Open Access / Academic Research,https://nbagr.res.in,ICAR-NBAGR / State Veterinary Universities,banni_0003.jpg,raw/buffalo/banni/banni_0003.jpg,VERIFIED_ARCHIVE,
SRC_BUF_BARGUR_0001,buffalo_bargur,Bargur,buffalo,ICAR-NBAGR / Institutional Research Archive,https://nbagr.res.in/node/114,https://nbagr.res.in/node/114,Government Open Access / Academic Research,https://nbagr.res.in,ICAR-NBAGR / State Veterinary Universities,bargur_0001.jpg,raw/buffalo/bargur/bargur_0001.jpg,VERIFIED_ARCHIVE,
SRC_BUF_BARGUR_0002,buffalo_bargur,Bargur,buffalo,ICAR-NBAGR / Institutional Research Archive,https://nbagr.res.in/node/114,https://nbagr.res.in/node/114,Government Open Access / Academic Research,https://nbagr.res.in,ICAR-NBAGR / State Veterinary Universities,bargur_0002.jpg,raw/buffalo/bargur/bargur_0002.jpg,VERIFIED_ARCHIVE,
SRC_BUF_BARGUR_0003,buffalo_bargur,Bargur,buffalo,ICAR-NBAGR / Institutional Research Archive,https://nbagr.res.in/node/114,https://nbagr.res.in/node/114,Government Open Access / Academic Research,https://nbagr.res.in,ICAR-NBAGR / State Veterinary Universities,bargur_0003.jpg,raw/buffalo/bargur/bargur_0003.jpg,VERIFIED_ARCHIVE,
SRC_BUF_BARGUR_0004,buffalo_bargur,Bargur,buffalo,ICAR-NBAGR / Institutional Research Archive,https://nbagr.res.in/node/114,https://nbagr.res.in/node/114,Government Open Access / Academic Research,https://nbagr.res.in,ICAR-NBAGR / State Veterinary Universities,bargur_0004.jpg,raw/buffalo/bargur/bargur_0004.jpg,VERIFIED_ARCHIVE,
SRC_BUF_BARGUR_0005,buffalo_bargur,Bargur,buffalo,ICAR-NBAGR / Institutional Research Archive,https://nbagr.res.in/node/114,https://nbagr.res.in/node/114,Government Open Access / Academic Research,https://nbagr.res.in,ICAR-NBAGR / State Veterinary Universities,bargur_0005.jpg,raw/buffalo/bargur/bargur_0005.jpg,VERIFIED_ARCHIVE,
SRC_BUF_BARGUR_0006,buffalo_bargur,Bargur,buffalo,ICAR-NBAGR / Institutional Research Archive,https://nbagr.res.in/node/114,https://nbagr.res.in/node/114,Government Open Access / Academic Research,https://nbagr.res.in,ICAR-NBAGR / State Veterinary Universities,bargur_0006.jpg,raw/buffalo/bargur/bargur_0006.jpg,VERIFIED_ARCHIVE,
SRC_BUF_BARGUR_0007,buffalo_bargur,Bargur,buffalo,ICAR-NBAGR / Institutional Research Archive,https://nbagr.res.in/node/114,https://nbagr.res.in/node/114,Government Open Access / Academic Research,https://nbagr.res.in,ICAR-NBAGR / State Veterinary Universities,bargur_0007.jpg,raw/buffalo/bargur/bargur_0007.jpg,VERIFIED_ARCHIVE,
SRC_BUF_BHADAWARI_0001,buffalo_bhadawari,Bhadawari,buffalo,ICAR-NBAGR / Institutional Research Archive,https://nbagr.res.in/node/114,https://nbagr.res.in/node/114,Government Open Access / Academic Research,https://nbagr.res.in,ICAR-NBAGR / State Veterinary Universities,bhadawari_0001.jpg,raw/buffalo/bhadawari/bhadawari_0001.jpg,VERIFIED_ARCHIVE,
SRC_BUF_BHADAWARI_0002,buffalo_bhadawari,Bhadawari,buffalo,ICAR-NBAGR / Institutional Research Archive,https://nbagr.res.in/node/114,https://nbagr.res.in/node/114,Government Open Access / Academic Research,https://nbagr.res.in,ICAR-NBAGR / State Veterinary Universities,bhadawari_0002.jpg,raw/buffalo/bhadawari/bhadawari_0002.jpg,VERIFIED_ARCHIVE,
SRC_BUF_CHHATTISGARHI_0001,buffalo_chhattisgarhi,Chhattisgarhi,buffalo,ICAR-NBAGR / Institutional Research Archive,https://nbagr.res.in/node/114,https://nbagr.res.in/node/114,Government Open Access / Academic Research,https://nbagr.res.in,ICAR-NBAGR / State Veterinary Universities,chhattisgarhi_0001.jpg,raw/buffalo/chhattisgarhi/chhattisgarhi_0001.jpg,VERIFIED_ARCHIVE,
SRC_BUF_CHHATTISGARHI_0002,buffalo_chhattisgarhi,Chhattisgarhi,buffalo,ICAR-NBAGR / Institutional Research Archive,https://nbagr.res.in/node/114,https://nbagr.res.in/node/114,Government Open Access / Academic Research,https://nbagr.res.in,ICAR-NBAGR / State Veterinary Universities,chhattisgarhi_0002.jpg,raw/buffalo/chhattisgarhi/chhattisgarhi_0002.jpg,VERIFIED_ARCHIVE,
SRC_BUF_CHILIKA_0001,buffalo_chilika,Chilika,buffalo,ICAR-NBAGR / Institutional Research Archive,https://nbagr.res.in/node/114,https://nbagr.res.in/node/114,Government Open Access / Academic Research,https://nbagr.res.in,ICAR-NBAGR / State Veterinary Universities,chilika_0001.jpg,raw/buffalo/chilika/chilika_0001.jpg,VERIFIED_ARCHIVE,
SRC_BUF_CHILIKA_0002,buffalo_chilika,Chilika,buffalo,ICAR-NBAGR / Institutional Research Archive,https://nbagr.res.in/node/114,https://nbagr.res.in/node/114,Government Open Access / Academic Research,https://nbagr.res.in,ICAR-NBAGR / State Veterinary Universities,chilika_0002.jpg,raw/buffalo/chilika/chilika_0002.jpg,VERIFIED_ARCHIVE,
SRC_BUF_DHARWADI_0001,buffalo_dharwadi,Dharwadi,buffalo,ICAR-NBAGR / Institutional Research Archive,https://nbagr.res.in/node/114,https://nbagr.res.in/node/114,Government Open Access / Academic Research,https://nbagr.res.in,ICAR-NBAGR / State Veterinary Universities,dharwadi_0001.jpg,raw/buffalo/dharwadi/dharwadi_0001.jpg,VERIFIED_ARCHIVE,
SRC_BUF_DHARWADI_0002,buffalo_dharwadi,Dharwadi,buffalo,ICAR-NBAGR / Institutional Research Archive,https://nbagr.res.in/node/114,https://nbagr.res.in/node/114,Government Open Access / Academic Research,https://nbagr.res.in,ICAR-NBAGR / State Veterinary Universities,dharwadi_0002.jpg,raw/buffalo/dharwadi/dharwadi_0002.jpg,VERIFIED_ARCHIVE,
SRC_BUF_GOJRI_0001,buffalo_gojri,Gojri,buffalo,ICAR-NBAGR / Institutional Research Archive,https://nbagr.res.in/node/114,https://nbagr.res.in/node/114,Government Open Access / Academic Research,https://nbagr.res.in,ICAR-NBAGR / State Veterinary Universities,gojri_0001.jpg,raw/buffalo/gojri/gojri_0001.jpg,VERIFIED_ARCHIVE,
SRC_BUF_GOJRI_0002,buffalo_gojri,Gojri,buffalo,ICAR-NBAGR / Institutional Research Archive,https://nbagr.res.in/node/114,https://nbagr.res.in/node/114,Government Open Access / Academic Research,https://nbagr.res.in,ICAR-NBAGR / State Veterinary Universities,gojri_0002.jpg,raw/buffalo/gojri/gojri_0002.jpg,VERIFIED_ARCHIVE,
SRC_BUF_GOMANCHALI_0001,buffalo_gomanchali,Gomanchali,buffalo,ICAR-NBAGR / Institutional Research Archive,https://nbagr.res.in/node/114,https://nbagr.res.in/node/114,Government Open Access / Academic Research,https://nbagr.res.in,ICAR-NBAGR / State Veterinary Universities,gomanchali_0001.jpg,raw/buffalo/gomanchali/gomanchali_0001.jpg,VERIFIED_ARCHIVE,
SRC_BUF_GOMANCHALI_0002,buffalo_gomanchali,Gomanchali,buffalo,ICAR-NBAGR / Institutional Research Archive,https://nbagr.res.in/node/114,https://nbagr.res.in/node/114,Government Open Access / Academic Research,https://nbagr.res.in,ICAR-NBAGR / State Veterinary Universities,gomanchali_0002.jpg,raw/buffalo/gomanchali/gomanchali_0002.jpg,VERIFIED_ARCHIVE,
SRC_BUF_GOMANCHALI_0003,buffalo_gomanchali,Gomanchali,buffalo,ICAR-NBAGR / Institutional Research Archive,https://nbagr.res.in/node/114,https://nbagr.res.in/node/114,Government Open Access / Academic Research,https://nbagr.res.in,ICAR-NBAGR / State Veterinary Universities,gomanchali_0003.jpg,raw/buffalo/gomanchali/gomanchali_0003.jpg,VERIFIED_ARCHIVE,
SRC_BUF_JAFFARABADI_0001,buffalo_jaffarabadi,Jaffarabadi,buffalo,ICAR-NBAGR / Institutional Research Archive,https://nbagr.res.in/node/114,https://nbagr.res.in/node/114,Government Open Access / Academic Research,https://nbagr.res.in,ICAR-NBAGR / State Veterinary Universities,jaffarabadi_0001.jpg,raw/buffalo/jaffarabadi/jaffarabadi_0001.jpg,VERIFIED_ARCHIVE,
SRC_BUF_JAFFARABADI_0002,buffalo_jaffarabadi,Jaffarabadi,buffalo,ICAR-NBAGR / Institutional Research Archive,https://nbagr.res.in/node/114,https://nbagr.res.in/node/114,Government Open Access / Academic Research,https://nbagr.res.in,ICAR-NBAGR / State Veterinary Universities,jaffarabadi_0002.jpg,raw/buffalo/jaffarabadi/jaffarabadi_0002.jpg,VERIFIED_ARCHIVE,
SRC_BUF_KALAHANDI_0001,buffalo_kalahandi,Kalahandi,buffalo,ICAR-NBAGR / Institutional Research Archive,https://nbagr.res.in/node/114,https://nbagr.res.in/node/114,Government Open Access / Academic Research,https://nbagr.res.in,ICAR-NBAGR / State Veterinary Universities,kalahandi_0001.jpg,raw/buffalo/kalahandi/kalahandi_0001.jpg,VERIFIED_ARCHIVE,
SRC_BUF_KALAHANDI_0002,buffalo_kalahandi,Kalahandi,buffalo,ICAR-NBAGR / Institutional Research Archive,https://nbagr.res.in/node/114,https://nbagr.res.in/node/114,Government Open Access / Academic Research,https://nbagr.res.in,ICAR-NBAGR / State Veterinary Universities,kalahandi_0002.jpg,raw/buffalo/kalahandi/kalahandi_0002.jpg,VERIFIED_ARCHIVE,
SRC_BUF_LUIT_SWAMP_0001,buffalo_luit_swamp,Luit (Swamp),buffalo,ICAR-NBAGR / Institutional Research Archive,https://nbagr.res.in/node/114,https://nbagr.res.in/node/114,Government Open Access / Academic Research,https://nbagr.res.in,ICAR-NBAGR / State Veterinary Universities,luit_swamp_0001.jpg,raw/buffalo/luit_swamp/luit_swamp_0001.jpg,VERIFIED_ARCHIVE,
SRC_BUF_LUIT_SWAMP_0002,buffalo_luit_swamp,Luit (Swamp),buffalo,ICAR-NBAGR / Institutional Research Archive,https://nbagr.res.in/node/114,https://nbagr.res.in/node/114,Government Open Access / Academic Research,https://nbagr.res.in,ICAR-NBAGR / State Veterinary Universities,luit_swamp_0002.jpg,raw/buffalo/luit_swamp/luit_swamp_0002.jpg,VERIFIED_ARCHIVE,
SRC_BUF_MANAH_0001,buffalo_manah,Manah,buffalo,ICAR-NBAGR / Institutional Research Archive,https://nbagr.res.in/node/114,https://nbagr.res.in/node/114,Government Open Access / Academic Research,https://nbagr.res.in,ICAR-NBAGR / State Veterinary Universities,manah_0001.jpg,raw/buffalo/manah/manah_0001.jpg,VERIFIED_ARCHIVE,
SRC_BUF_MANAH_0002,buffalo_manah,Manah,buffalo,ICAR-NBAGR / Institutional Research Archive,https://nbagr.res.in/node/114,https://nbagr.res.in/node/114,Government Open Access / Academic Research,https://nbagr.res.in,ICAR-NBAGR / State Veterinary Universities,manah_0002.jpg,raw/buffalo/manah/manah_0002.jpg,VERIFIED_ARCHIVE,
SRC_BUF_MANDA_0001,buffalo_manda,Manda,buffalo,ICAR-NBAGR / Institutional Research Archive,https://nbagr.res.in/node/114,https://nbagr.res.in/node/114,Government Open Access / Academic Research,https://nbagr.res.in,ICAR-NBAGR / State Veterinary Universities,manda_0001.jpg,raw/buffalo/manda/manda_0001.jpg,VERIFIED_ARCHIVE,
SRC_BUF_MANDA_0002,buffalo_manda,Manda,buffalo,ICAR-NBAGR / Institutional Research Archive,https://nbagr.res.in/node/114,https://nbagr.res.in/node/114,Government Open Access / Academic Research,https://nbagr.res.in,ICAR-NBAGR / State Veterinary Universities,manda_0002.jpg,raw/buffalo/manda/manda_0002.jpg,VERIFIED_ARCHIVE,
SRC_BUF_MANDA_0003,buffalo_manda,Manda,buffalo,ICAR-NBAGR / Institutional Research Archive,https://nbagr.res.in/node/114,https://nbagr.res.in/node/114,Government Open Access / Academic Research,https://nbagr.res.in,ICAR-NBAGR / State Veterinary Universities,manda_0003.jpg,raw/buffalo/manda/manda_0003.jpg,VERIFIED_ARCHIVE,
SRC_BUF_MANDA_0004,buffalo_manda,Manda,buffalo,ICAR-NBAGR / Institutional Research Archive,https://nbagr.res.in/node/114,https://nbagr.res.in/node/114,Government Open Access / Academic Research,https://nbagr.res.in,ICAR-NBAGR / State Veterinary Universities,manda_0004.jpg,raw/buffalo/manda/manda_0004.jpg,VERIFIED_ARCHIVE,
SRC_BUF_MANDA_0005,buffalo_manda,Manda,buffalo,ICAR-NBAGR / Institutional Research Archive,https://nbagr.res.in/node/114,https://nbagr.res.in/node/114,Government Open Access / Academic Research,https://nbagr.res.in,ICAR-NBAGR / State Veterinary Universities,manda_0005.jpg,raw/buffalo/manda/manda_0005.jpg,VERIFIED_ARCHIVE,
SRC_BUF_MANDA_0006,buffalo_manda,Manda,buffalo,ICAR-NBAGR / Institutional Research Archive,https://nbagr.res.in/node/114,https://nbagr.res.in/node/114,Government Open Access / Academic Research,https://nbagr.res.in,ICAR-NBAGR / State Veterinary Universities,manda_0006.jpg,raw/buffalo/manda/manda_0006.jpg,VERIFIED_ARCHIVE,
SRC_BUF_MANDA_0007,buffalo_manda,Manda,buffalo,ICAR-NBAGR / Institutional Research Archive,https://nbagr.res.in/node/114,https://nbagr.res.in/node/114,Government Open Access / Academic Research,https://nbagr.res.in,ICAR-NBAGR / State Veterinary Universities,manda_0007.jpg,raw/buffalo/manda/manda_0007.jpg,VERIFIED_ARCHIVE,
SRC_BUF_MANDA_0008,buffalo_manda,Manda,buffalo,ICAR-NBAGR / Institutional Research Archive,https://nbagr.res.in/node/114,https://nbagr.res.in/node/114,Government Open Access / Academic Research,https://nbagr.res.in,ICAR-NBAGR / State Veterinary Universities,manda_0008.jpg,raw/buffalo/manda/manda_0008.jpg,VERIFIED_ARCHIVE,
SRC_BUF_MANDA_0009,buffalo_manda,Manda,buffalo,ICAR-NBAGR / Institutional Research Archive,https://nbagr.res.in/node/114,https://nbagr.res.in/node/114,Government Open Access / Academic Research,https://nbagr.res.in,ICAR-NBAGR / State Veterinary Universities,manda_0009.jpg,raw/buffalo/manda/manda_0009.jpg,VERIFIED_ARCHIVE,
SRC_BUF_MANDA_0010,buffalo_manda,Manda,buffalo,ICAR-NBAGR / Institutional Research Archive,https://nbagr.res.in/node/114,https://nbagr.res.in/node/114,Government Open Access / Academic Research,https://nbagr.res.in,ICAR-NBAGR / State Veterinary Universities,manda_0010.jpg,raw/buffalo/manda/manda_0010.jpg,VERIFIED_ARCHIVE,
SRC_BUF_MANDA_0011,buffalo_manda,Manda,buffalo,ICAR-NBAGR / Institutional Research Archive,https://nbagr.res.in/node/114,https://nbagr.res.in/node/114,Government Open Access / Academic Research,https://nbagr.res.in,ICAR-NBAGR / State Veterinary Universities,manda_0011.jpg,raw/buffalo/manda/manda_0011.jpg,VERIFIED_ARCHIVE,
SRC_BUF_MANDA_0012,buffalo_manda,Manda,buffalo,ICAR-NBAGR / Institutional Research Archive,https://nbagr.res.in/node/114,https://nbagr.res.in/node/114,Government Open Access / Academic Research,https://nbagr.res.in,ICAR-NBAGR / State Veterinary Universities,manda_0012.jpg,raw/buffalo/manda/manda_0012.jpg,VERIFIED_ARCHIVE,
SRC_BUF_MANDA_0013,buffalo_manda,Manda,buffalo,ICAR-NBAGR / Institutional Research Archive,https://nbagr.res.in/node/114,https://nbagr.res.in/node/114,Government Open Access / Academic Research,https://nbagr.res.in,ICAR-NBAGR / State Veterinary Universities,manda_0013.jpg,raw/buffalo/manda/manda_0013.jpg,VERIFIED_ARCHIVE,
SRC_BUF_MANDA_0014,buffalo_manda,Manda,buffalo,ICAR-NBAGR / Institutional Research Archive,https://nbagr.res.in/node/114,https://nbagr.res.in/node/114,Government Open Access / Academic Research,https://nbagr.res.in,ICAR-NBAGR / State Veterinary Universities,manda_0014.jpg,raw/buffalo/manda/manda_0014.jpg,VERIFIED_ARCHIVE,
SRC_BUF_MANDA_0015,buffalo_manda,Manda,buffalo,ICAR-NBAGR / Institutional Research Archive,https://nbagr.res.in/node/114,https://nbagr.res.in/node/114,Government Open Access / Academic Research,https://nbagr.res.in,ICAR-NBAGR / State Veterinary Universities,manda_0015.jpg,raw/buffalo/manda/manda_0015.jpg,VERIFIED_ARCHIVE,
SRC_BUF_MANDA_0016,buffalo_manda,Manda,buffalo,ICAR-NBAGR / Institutional Research Archive,https://nbagr.res.in/node/114,https://nbagr.res.in/node/114,Government Open Access / Academic Research,https://nbagr.res.in,ICAR-NBAGR / State Veterinary Universities,manda_0016.jpg,raw/buffalo/manda/manda_0016.jpg,VERIFIED_ARCHIVE,
SRC_BUF_MANDA_0017,buffalo_manda,Manda,buffalo,ICAR-NBAGR / Institutional Research Archive,https://nbagr.res.in/node/114,https://nbagr.res.in/node/114,Government Open Access / Academic Research,https://nbagr.res.in,ICAR-NBAGR / State Veterinary Universities,manda_0017.jpg,raw/buffalo/manda/manda_0017.jpg,VERIFIED_ARCHIVE,
SRC_BUF_MANDA_0018,buffalo_manda,Manda,buffalo,ICAR-NBAGR / Institutional Research Archive,https://nbagr.res.in/node/114,https://nbagr.res.in/node/114,Government Open Access / Academic Research,https://nbagr.res.in,ICAR-NBAGR / State Veterinary Universities,manda_0018.jpg,raw/buffalo/manda/manda_0018.jpg,VERIFIED_ARCHIVE,
SRC_BUF_MANDA_0019,buffalo_manda,Manda,buffalo,ICAR-NBAGR / Institutional Research Archive,https://nbagr.res.in/node/114,https://nbagr.res.in/node/114,Government Open Access / Academic Research,https://nbagr.res.in,ICAR-NBAGR / State Veterinary Universities,manda_0019.jpg,raw/buffalo/manda/manda_0019.jpg,VERIFIED_ARCHIVE,
SRC_BUF_MANDA_0020,buffalo_manda,Manda,buffalo,ICAR-NBAGR / Institutional Research Archive,https://nbagr.res.in/node/114,https://nbagr.res.in/node/114,Government Open Access / Academic Research,https://nbagr.res.in,ICAR-NBAGR / State Veterinary Universities,manda_0020.jpg,raw/buffalo/manda/manda_0020.jpg,VERIFIED_ARCHIVE,
SRC_BUF_MANDA_0021,buffalo_manda,Manda,buffalo,ICAR-NBAGR / Institutional Research Archive,https://nbagr.res.in/node/114,https://nbagr.res.in/node/114,Government Open Access / Academic Research,https://nbagr.res.in,ICAR-NBAGR / State Veterinary Universities,manda_0021.jpg,raw/buffalo/manda/manda_0021.jpg,VERIFIED_ARCHIVE,
SRC_BUF_MANDA_0022,buffalo_manda,Manda,buffalo,ICAR-NBAGR / Institutional Research Archive,https://nbagr.res.in/node/114,https://nbagr.res.in/node/114,Government Open Access / Academic Research,https://nbagr.res.in,ICAR-NBAGR / State Veterinary Universities,manda_0022.jpg,raw/buffalo/manda/manda_0022.jpg,VERIFIED_ARCHIVE,
SRC_BUF_MANDA_0023,buffalo_manda,Manda,buffalo,ICAR-NBAGR / Institutional Research Archive,https://nbagr.res.in/node/114,https://nbagr.res.in/node/114,Government Open Access / Academic Research,https://nbagr.res.in,ICAR-NBAGR / State Veterinary Universities,manda_0023.jpg,raw/buffalo/manda/manda_0023.jpg,VERIFIED_ARCHIVE,
SRC_BUF_MANDA_0024,buffalo_manda,Manda,buffalo,ICAR-NBAGR / Institutional Research Archive,https://nbagr.res.in/node/114,https://nbagr.res.in/node/114,Government Open Access / Academic Research,https://nbagr.res.in,ICAR-NBAGR / State Veterinary Universities,manda_0024.jpg,raw/buffalo/manda/manda_0024.jpg,VERIFIED_ARCHIVE,
SRC_BUF_MANDA_0025,buffalo_manda,Manda,buffalo,ICAR-NBAGR / Institutional Research Archive,https://nbagr.res.in/node/114,https://nbagr.res.in/node/114,Government Open Access / Academic Research,https://nbagr.res.in,ICAR-NBAGR / State Veterinary Universities,manda_0025.jpg,raw/buffalo/manda/manda_0025.jpg,VERIFIED_ARCHIVE,
SRC_BUF_MANDA_0026,buffalo_manda,Manda,buffalo,ICAR-NBAGR / Institutional Research Archive,https://nbagr.res.in/node/114,https://nbagr.res.in/node/114,Government Open Access / Academic Research,https://nbagr.res.in,ICAR-NBAGR / State Veterinary Universities,manda_0026.jpg,raw/buffalo/manda/manda_0026.jpg,VERIFIED_ARCHIVE,
SRC_BUF_MANDA_0027,buffalo_manda,Manda,buffalo,ICAR-NBAGR / Institutional Research Archive,https://nbagr.res.in/node/114,https://nbagr.res.in/node/114,Government Open Access / Academic Research,https://nbagr.res.in,ICAR-NBAGR / State Veterinary Universities,manda_0027.jpg,raw/buffalo/manda/manda_0027.jpg,VERIFIED_ARCHIVE,
SRC_BUF_MANDA_0028,buffalo_manda,Manda,buffalo,ICAR-NBAGR / Institutional Research Archive,https://nbagr.res.in/node/114,https://nbagr.res.in/node/114,Government Open Access / Academic Research,https://nbagr.res.in,ICAR-NBAGR / State Veterinary Universities,manda_0028.jpg,raw/buffalo/manda/manda_0028.jpg,VERIFIED_ARCHIVE,
SRC_BUF_MANDA_0029,buffalo_manda,Manda,buffalo,ICAR-NBAGR / Institutional Research Archive,https://nbagr.res.in/node/114,https://nbagr.res.in/node/114,Government Open Access / Academic Research,https://nbagr.res.in,ICAR-NBAGR / State Veterinary Universities,manda_0029.jpg,raw/buffalo/manda/manda_0029.jpg,VERIFIED_ARCHIVE,
SRC_BUF_MANDA_0030,buffalo_manda,Manda,buffalo,ICAR-NBAGR / Institutional Research Archive,https://nbagr.res.in/node/114,https://nbagr.res.in/node/114,Government Open Access / Academic Research,https://nbagr.res.in,ICAR-NBAGR / State Veterinary Universities,manda_0030.jpg,raw/buffalo/manda/manda_0030.jpg,VERIFIED_ARCHIVE,
SRC_BUF_MANDA_0031,buffalo_manda,Manda,buffalo,ICAR-NBAGR / Institutional Research Archive,https://nbagr.res.in/node/114,https://nbagr.res.in/node/114,Government Open Access / Academic Research,https://nbagr.res.in,ICAR-NBAGR / State Veterinary Universities,manda_0031.jpg,raw/buffalo/manda/manda_0031.jpg,VERIFIED_ARCHIVE,
SRC_BUF_MANDA_0032,buffalo_manda,Manda,buffalo,ICAR-NBAGR / Institutional Research Archive,https://nbagr.res.in/node/114,https://nbagr.res.in/node/114,Government Open Access / Academic Research,https://nbagr.res.in,ICAR-NBAGR / State Veterinary Universities,manda_0032.jpg,raw/buffalo/manda/manda_0032.jpg,VERIFIED_ARCHIVE,
SRC_BUF_MARATHWADI_0001,buffalo_marathwadi,Marathwadi,buffalo,ICAR-NBAGR / Institutional Research Archive,https://nbagr.res.in/node/114,https://nbagr.res.in/node/114,Government Open Access / Academic Research,https://nbagr.res.in,ICAR-NBAGR / State Veterinary Universities,marathwadi_0001.jpg,raw/buffalo/marathwadi/marathwadi_0001.jpg,VERIFIED_ARCHIVE,
SRC_BUF_MARATHWADI_0002,buffalo_marathwadi,Marathwadi,buffalo,ICAR-NBAGR / Institutional Research Archive,https://nbagr.res.in/node/114,https://nbagr.res.in/node/114,Government Open Access / Academic Research,https://nbagr.res.in,ICAR-NBAGR / State Veterinary Universities,marathwadi_0002.jpg,raw/buffalo/marathwadi/marathwadi_0002.jpg,VERIFIED_ARCHIVE,
SRC_BUF_MEHSANA_0001,buffalo_mehsana,Mehsana,buffalo,ICAR-NBAGR / Institutional Research Archive,https://nbagr.res.in/node/114,https://nbagr.res.in/node/114,Government Open Access / Academic Research,https://nbagr.res.in,ICAR-NBAGR / State Veterinary Universities,mehsana_0001.jpg,raw/buffalo/mehsana/mehsana_0001.jpg,VERIFIED_ARCHIVE,
SRC_BUF_MEHSANA_0002,buffalo_mehsana,Mehsana,buffalo,ICAR-NBAGR / Institutional Research Archive,https://nbagr.res.in/node/114,https://nbagr.res.in/node/114,Government Open Access / Academic Research,https://nbagr.res.in,ICAR-NBAGR / State Veterinary Universities,mehsana_0002.jpg,raw/buffalo/mehsana/mehsana_0002.jpg,VERIFIED_ARCHIVE,
SRC_BUF_MEHSANA_0003,buffalo_mehsana,Mehsana,buffalo,ICAR-NBAGR / Institutional Research Archive,https://nbagr.res.in/node/114,https://nbagr.res.in/node/114,Government Open Access / Academic Research,https://nbagr.res.in,ICAR-NBAGR / State Veterinary Universities,mehsana_0003.jpg,raw/buffalo/mehsana/mehsana_0003.jpg,VERIFIED_ARCHIVE,
SRC_BUF_MEHSANA_0004,buffalo_mehsana,Mehsana,buffalo,ICAR-NBAGR / Institutional Research Archive,https://nbagr.res.in/node/114,https://nbagr.res.in/node/114,Government Open Access / Academic Research,https://nbagr.res.in,ICAR-NBAGR / State Veterinary Universities,mehsana_0004.jpg,raw/buffalo/mehsana/mehsana_0004.jpg,VERIFIED_ARCHIVE,
SRC_BUF_MEHSANA_0005,buffalo_mehsana,Mehsana,buffalo,ICAR-NBAGR / Institutional Research Archive,https://nbagr.res.in/node/114,https://nbagr.res.in/node/114,Government Open Access / Academic Research,https://nbagr.res.in,ICAR-NBAGR / State Veterinary Universities,mehsana_0005.jpg,raw/buffalo/mehsana/mehsana_0005.jpg,VERIFIED_ARCHIVE,
SRC_BUF_MEHSANA_0006,buffalo_mehsana,Mehsana,buffalo,ICAR-NBAGR / Institutional Research Archive,https://nbagr.res.in/node/114,https://nbagr.res.in/node/114,Government Open Access / Academic Research,https://nbagr.res.in,ICAR-NBAGR / State Veterinary Universities,mehsana_0006.jpg,raw/buffalo/mehsana/mehsana_0006.jpg,VERIFIED_ARCHIVE,
SRC_BUF_MEHSANA_0007,buffalo_mehsana,Mehsana,buffalo,ICAR-NBAGR / Institutional Research Archive,https://nbagr.res.in/node/114,https://nbagr.res.in/node/114,Government Open Access / Academic Research,https://nbagr.res.in,ICAR-NBAGR / State Veterinary Universities,mehsana_0007.jpg,raw/buffalo/mehsana/mehsana_0007.jpg,VERIFIED_ARCHIVE,
SRC_BUF_MEHSANA_0008,buffalo_mehsana,Mehsana,buffalo,ICAR-NBAGR / Institutional Research Archive,https://nbagr.res.in/node/114,https://nbagr.res.in/node/114,Government Open Access / Academic Research,https://nbagr.res.in,ICAR-NBAGR / State Veterinary Universities,mehsana_0008.jpg,raw/buffalo/mehsana/mehsana_0008.jpg,VERIFIED_ARCHIVE,
SRC_BUF_MEHSANA_0009,buffalo_mehsana,Mehsana,buffalo,ICAR-NBAGR / Institutional Research Archive,https://nbagr.res.in/node/114,https://nbagr.res.in/node/114,Government Open Access / Academic Research,https://nbagr.res.in,ICAR-NBAGR / State Veterinary Universities,mehsana_0009.jpg,raw/buffalo/mehsana/mehsana_0009.jpg,VERIFIED_ARCHIVE,
SRC_BUF_MEHSANA_0010,buffalo_mehsana,Mehsana,buffalo,ICAR-NBAGR / Institutional Research Archive,https://nbagr.res.in/node/114,https://nbagr.res.in/node/114,Government Open Access / Academic Research,https://nbagr.res.in,ICAR-NBAGR / State Veterinary Universities,mehsana_0010.jpg,raw/buffalo/mehsana/mehsana_0010.jpg,VERIFIED_ARCHIVE,
SRC_BUF_MEHSANA_0011,buffalo_mehsana,Mehsana,buffalo,ICAR-NBAGR / Institutional Research Archive,https://nbagr.res.in/node/114,https://nbagr.res.in/node/114,Government Open Access / Academic Research,https://nbagr.res.in,ICAR-NBAGR / State Veterinary Universities,mehsana_0011.jpg,raw/buffalo/mehsana/mehsana_0011.jpg,VERIFIED_ARCHIVE,
SRC_BUF_MEHSANA_0012,buffalo_mehsana,Mehsana,buffalo,ICAR-NBAGR / Institutional Research Archive,https://nbagr.res.in/node/114,https://nbagr.res.in/node/114,Government Open Access / Academic Research,https://nbagr.res.in,ICAR-NBAGR / State Veterinary Universities,mehsana_0012.jpg,raw/buffalo/mehsana/mehsana_0012.jpg,VERIFIED_ARCHIVE,
SRC_BUF_MEHSANA_0013,buffalo_mehsana,Mehsana,buffalo,ICAR-NBAGR / Institutional Research Archive,https://nbagr.res.in/node/114,https://nbagr.res.in/node/114,Government Open Access / Academic Research,https://nbagr.res.in,ICAR-NBAGR / State Veterinary Universities,mehsana_0013.jpg,raw/buffalo/mehsana/mehsana_0013.jpg,VERIFIED_ARCHIVE,
SRC_BUF_MELGHATI_0001,buffalo_melghati,Melghati,buffalo,ICAR-NBAGR / Institutional Research Archive,https://nbagr.res.in/node/114,https://nbagr.res.in/node/114,Government Open Access / Academic Research,https://nbagr.res.in,ICAR-NBAGR / State Veterinary Universities,melghati_0001.jpg,raw/buffalo/melghati/melghati_0001.jpg,VERIFIED_ARCHIVE,
SRC_BUF_MELGHATI_0002,buffalo_melghati,Melghati,buffalo,ICAR-NBAGR / Institutional Research Archive,https://nbagr.res.in/node/114,https://nbagr.res.in/node/114,Government Open Access / Academic Research,https://nbagr.res.in,ICAR-NBAGR / State Veterinary Universities,melghati_0002.jpg,raw/buffalo/melghati/melghati_0002.jpg,VERIFIED_ARCHIVE,
SRC_BUF_MURRAH_0001,buffalo_murrah,Murrah,buffalo,ICAR-NBAGR / Institutional Research Archive,https://nbagr.res.in/node/114,https://nbagr.res.in/node/114,Government Open Access / Academic Research,https://nbagr.res.in,ICAR-NBAGR / State Veterinary Universities,murrah_0001.jpg,raw/buffalo/murrah/murrah_0001.jpg,VERIFIED_ARCHIVE,
SRC_BUF_MURRAH_0002,buffalo_murrah,Murrah,buffalo,ICAR-NBAGR / Institutional Research Archive,https://nbagr.res.in/node/114,https://nbagr.res.in/node/114,Government Open Access / Academic Research,https://nbagr.res.in,ICAR-NBAGR / State Veterinary Universities,murrah_0002.jpg,raw/buffalo/murrah/murrah_0002.jpg,VERIFIED_ARCHIVE,
SRC_BUF_MURRAH_0003,buffalo_murrah,Murrah,buffalo,ICAR-NBAGR / Institutional Research Archive,https://nbagr.res.in/node/114,https://nbagr.res.in/node/114,Government Open Access / Academic Research,https://nbagr.res.in,ICAR-NBAGR / State Veterinary Universities,murrah_0003.jpg,raw/buffalo/murrah/murrah_0003.jpg,VERIFIED_ARCHIVE,
SRC_BUF_MURRAH_0004,buffalo_murrah,Murrah,buffalo,ICAR-NBAGR / Institutional Research Archive,https://nbagr.res.in/node/114,https://nbagr.res.in/node/114,Government Open Access / Academic Research,https://nbagr.res.in,ICAR-NBAGR / State Veterinary Universities,murrah_0004.jpg,raw/buffalo/murrah/murrah_0004.jpg,VERIFIED_ARCHIVE,
SRC_BUF_MURRAH_0005,buffalo_murrah,Murrah,buffalo,ICAR-NBAGR / Institutional Research Archive,https://nbagr.res.in/node/114,https://nbagr.res.in/node/114,Government Open Access / Academic Research,https://nbagr.res.in,ICAR-NBAGR / State Veterinary Universities,murrah_0005.jpg,raw/buffalo/murrah/murrah_0005.jpg,VERIFIED_ARCHIVE,
SRC_BUF_MURRAH_0006,buffalo_murrah,Murrah,buffalo,ICAR-NBAGR / Institutional Research Archive,https://nbagr.res.in/node/114,https://nbagr.res.in/node/114,Government Open Access / Academic Research,https://nbagr.res.in,ICAR-NBAGR / State Veterinary Universities,murrah_0006.jpg,raw/buffalo/murrah/murrah_0006.jpg,VERIFIED_ARCHIVE,
SRC_BUF_MURRAH_0007,buffalo_murrah,Murrah,buffalo,ICAR-NBAGR / Institutional Research Archive,https://nbagr.res.in/node/114,https://nbagr.res.in/node/114,Government Open Access / Academic Research,https://nbagr.res.in,ICAR-NBAGR / State Veterinary Universities,murrah_0007.jpg,raw/buffalo/murrah/murrah_0007.jpg,VERIFIED_ARCHIVE,
SRC_BUF_MURRAH_0008,buffalo_murrah,Murrah,buffalo,ICAR-NBAGR / Institutional Research Archive,https://nbagr.res.in/node/114,https://nbagr.res.in/node/114,Government Open Access / Academic Research,https://nbagr.res.in,ICAR-NBAGR / State Veterinary Universities,murrah_0008.jpg,raw/buffalo/murrah/murrah_0008.jpg,VERIFIED_ARCHIVE,
SRC_BUF_MURRAH_0009,buffalo_murrah,Murrah,buffalo,ICAR-NBAGR / Institutional Research Archive,https://nbagr.res.in/node/114,https://nbagr.res.in/node/114,Government Open Access / Academic Research,https://nbagr.res.in,ICAR-NBAGR / State Veterinary Universities,murrah_0009.jpg,raw/buffalo/murrah/murrah_0009.jpg,VERIFIED_ARCHIVE,
SRC_BUF_MURRAH_0010,buffalo_murrah,Murrah,buffalo,ICAR-NBAGR / Institutional Research Archive,https://nbagr.res.in/node/114,https://nbagr.res.in/node/114,Government Open Access / Academic Research,https://nbagr.res.in,ICAR-NBAGR / State Veterinary Universities,murrah_0010.jpg,raw/buffalo/murrah/murrah_0010.jpg,VERIFIED_ARCHIVE,
SRC_BUF_MURRAH_0011,buffalo_murrah,Murrah,buffalo,ICAR-NBAGR / Institutional Research Archive,https://nbagr.res.in/node/114,https://nbagr.res.in/node/114,Government Open Access / Academic Research,https://nbagr.res.in,ICAR-NBAGR / State Veterinary Universities,murrah_0011.jpg,raw/buffalo/murrah/murrah_0011.jpg,VERIFIED_ARCHIVE,
SRC_BUF_NAGPURI_0001,buffalo_nagpuri,Nagpuri,buffalo,ICAR-NBAGR / Institutional Research Archive,https://nbagr.res.in/node/114,https://nbagr.res.in/node/114,Government Open Access / Academic Research,https://nbagr.res.in,ICAR-NBAGR / State Veterinary Universities,nagpuri_0001.jpg,raw/buffalo/nagpuri/nagpuri_0001.jpg,VERIFIED_ARCHIVE,
SRC_BUF_NAGPURI_0002,buffalo_nagpuri,Nagpuri,buffalo,ICAR-NBAGR / Institutional Research Archive,https://nbagr.res.in/node/114,https://nbagr.res.in/node/114,Government Open Access / Academic Research,https://nbagr.res.in,ICAR-NBAGR / State Veterinary Universities,nagpuri_0002.jpg,raw/buffalo/nagpuri/nagpuri_0002.jpg,VERIFIED_ARCHIVE,
SRC_BUF_NAGPURI_0003,buffalo_nagpuri,Nagpuri,buffalo,ICAR-NBAGR / Institutional Research Archive,https://nbagr.res.in/node/114,https://nbagr.res.in/node/114,Government Open Access / Academic Research,https://nbagr.res.in,ICAR-NBAGR / State Veterinary Universities,nagpuri_0003.jpg,raw/buffalo/nagpuri/nagpuri_0003.jpg,VERIFIED_ARCHIVE,
SRC_BUF_NAGPURI_0004,buffalo_nagpuri,Nagpuri,buffalo,ICAR-NBAGR / Institutional Research Archive,https://nbagr.res.in/node/114,https://nbagr.res.in/node/114,Government Open Access / Academic Research,https://nbagr.res.in,ICAR-NBAGR / State Veterinary Universities,nagpuri_0004.jpg,raw/buffalo/nagpuri/nagpuri_0004.jpg,VERIFIED_ARCHIVE,
SRC_BUF_NAGPURI_0005,buffalo_nagpuri,Nagpuri,buffalo,ICAR-NBAGR / Institutional Research Archive,https://nbagr.res.in/node/114,https://nbagr.res.in/node/114,Government Open Access / Academic Research,https://nbagr.res.in,ICAR-NBAGR / State Veterinary Universities,nagpuri_0005.jpg,raw/buffalo/nagpuri/nagpuri_0005.jpg,VERIFIED_ARCHIVE,
SRC_BUF_NAGPURI_0006,buffalo_nagpuri,Nagpuri,buffalo,ICAR-NBAGR / Institutional Research Archive,https://nbagr.res.in/node/114,https://nbagr.res.in/node/114,Government Open Access / Academic Research,https://nbagr.res.in,ICAR-NBAGR / State Veterinary Universities,nagpuri_0006.jpg,raw/buffalo/nagpuri/nagpuri_0006.jpg,VERIFIED_ARCHIVE,
SRC_BUF_NAGPURI_0007,buffalo_nagpuri,Nagpuri,buffalo,ICAR-NBAGR / Institutional Research Archive,https://nbagr.res.in/node/114,https://nbagr.res.in/node/114,Government Open Access / Academic Research,https://nbagr.res.in,ICAR-NBAGR / State Veterinary Universities,nagpuri_0007.jpg,raw/buffalo/nagpuri/nagpuri_0007.jpg,VERIFIED_ARCHIVE,
SRC_BUF_NAGPURI_0008,buffalo_nagpuri,Nagpuri,buffalo,ICAR-NBAGR / Institutional Research Archive,https://nbagr.res.in/node/114,https://nbagr.res.in/node/114,Government Open Access / Academic Research,https://nbagr.res.in,ICAR-NBAGR / State Veterinary Universities,nagpuri_0008.jpg,raw/buffalo/nagpuri/nagpuri_0008.jpg,VERIFIED_ARCHIVE,
SRC_BUF_NAGPURI_0009,buffalo_nagpuri,Nagpuri,buffalo,ICAR-NBAGR / Institutional Research Archive,https://nbagr.res.in/node/114,https://nbagr.res.in/node/114,Government Open Access / Academic Research,https://nbagr.res.in,ICAR-NBAGR / State Veterinary Universities,nagpuri_0009.jpg,raw/buffalo/nagpuri/nagpuri_0009.jpg,VERIFIED_ARCHIVE,
SRC_BUF_NAGPURI_0010,buffalo_nagpuri,Nagpuri,buffalo,ICAR-NBAGR / Institutional Research Archive,https://nbagr.res.in/node/114,https://nbagr.res.in/node/114,Government Open Access / Academic Research,https://nbagr.res.in,ICAR-NBAGR / State Veterinary Universities,nagpuri_0010.jpg,raw/buffalo/nagpuri/nagpuri_0010.jpg,VERIFIED_ARCHIVE,
SRC_BUF_NAGPURI_0011,buffalo_nagpuri,Nagpuri,buffalo,ICAR-NBAGR / Institutional Research Archive,https://nbagr.res.in/node/114,https://nbagr.res.in/node/114,Government Open Access / Academic Research,https://nbagr.res.in,ICAR-NBAGR / State Veterinary Universities,nagpuri_0011.jpg,raw/buffalo/nagpuri/nagpuri_0011.jpg,VERIFIED_ARCHIVE,
SRC_BUF_NILI_RAVI_0001,buffalo_nili_ravi,Nili Ravi,buffalo,ICAR-NBAGR / Institutional Research Archive,https://nbagr.res.in/node/114,https://nbagr.res.in/node/114,Government Open Access / Academic Research,https://nbagr.res.in,ICAR-NBAGR / State Veterinary Universities,nili_ravi_0001.jpg,raw/buffalo/nili_ravi/nili_ravi_0001.jpg,VERIFIED_ARCHIVE,
SRC_BUF_NILI_RAVI_0002,buffalo_nili_ravi,Nili Ravi,buffalo,ICAR-NBAGR / Institutional Research Archive,https://nbagr.res.in/node/114,https://nbagr.res.in/node/114,Government Open Access / Academic Research,https://nbagr.res.in,ICAR-NBAGR / State Veterinary Universities,nili_ravi_0002.jpg,raw/buffalo/nili_ravi/nili_ravi_0002.jpg,VERIFIED_ARCHIVE,
SRC_BUF_NILI_RAVI_0003,buffalo_nili_ravi,Nili Ravi,buffalo,ICAR-NBAGR / Institutional Research Archive,https://nbagr.res.in/node/114,https://nbagr.res.in/node/114,Government Open Access / Academic Research,https://nbagr.res.in,ICAR-NBAGR / State Veterinary Universities,nili_ravi_0003.jpg,raw/buffalo/nili_ravi/nili_ravi_0003.jpg,VERIFIED_ARCHIVE,
SRC_BUF_PANDHARPURI_0001,buffalo_pandharpuri,Pandharpuri,buffalo,ICAR-NBAGR / Institutional Research Archive,https://nbagr.res.in/node/114,https://nbagr.res.in/node/114,Government Open Access / Academic Research,https://nbagr.res.in,ICAR-NBAGR / State Veterinary Universities,pandharpuri_0001.jpg,raw/buffalo/pandharpuri/pandharpuri_0001.jpg,VERIFIED_ARCHIVE,
SRC_BUF_PANDHARPURI_0002,buffalo_pandharpuri,Pandharpuri,buffalo,ICAR-NBAGR / Institutional Research Archive,https://nbagr.res.in/node/114,https://nbagr.res.in/node/114,Government Open Access / Academic Research,https://nbagr.res.in,ICAR-NBAGR / State Veterinary Universities,pandharpuri_0002.jpg,raw/buffalo/pandharpuri/pandharpuri_0002.jpg,VERIFIED_ARCHIVE,
SRC_BUF_PURNATHADI_0001,buffalo_purnathadi,Purnathadi,buffalo,ICAR-NBAGR / Institutional Research Archive,https://nbagr.res.in/node/114,https://nbagr.res.in/node/114,Government Open Access / Academic Research,https://nbagr.res.in,ICAR-NBAGR / State Veterinary Universities,purnathadi_0001.jpg,raw/buffalo/purnathadi/purnathadi_0001.jpg,VERIFIED_ARCHIVE,
SRC_BUF_PURNATHADI_0002,buffalo_purnathadi,Purnathadi,buffalo,ICAR-NBAGR / Institutional Research Archive,https://nbagr.res.in/node/114,https://nbagr.res.in/node/114,Government Open Access / Academic Research,https://nbagr.res.in,ICAR-NBAGR / State Veterinary Universities,purnathadi_0002.jpg,raw/buffalo/purnathadi/purnathadi_0002.jpg,VERIFIED_ARCHIVE,
SRC_BUF_SURTI_0001,buffalo_surti,Surti,buffalo,ICAR-NBAGR / Institutional Research Archive,https://nbagr.res.in/node/114,https://nbagr.res.in/node/114,Government Open Access / Academic Research,https://nbagr.res.in,ICAR-NBAGR / State Veterinary Universities,surti_0001.jpg,raw/buffalo/surti/surti_0001.jpg,VERIFIED_ARCHIVE,
SRC_BUF_SURTI_0002,buffalo_surti,Surti,buffalo,ICAR-NBAGR / Institutional Research Archive,https://nbagr.res.in/node/114,https://nbagr.res.in/node/114,Government Open Access / Academic Research,https://nbagr.res.in,ICAR-NBAGR / State Veterinary Universities,surti_0002.jpg,raw/buffalo/surti/surti_0002.jpg,VERIFIED_ARCHIVE,
SRC_BUF_SURTI_0003,buffalo_surti,Surti,buffalo,ICAR-NBAGR / Institutional Research Archive,https://nbagr.res.in/node/114,https://nbagr.res.in/node/114,Government Open Access / Academic Research,https://nbagr.res.in,ICAR-NBAGR / State Veterinary Universities,surti_0003.jpg,raw/buffalo/surti/surti_0003.jpg,VERIFIED_ARCHIVE,
SRC_BUF_SURTI_0004,buffalo_surti,Surti,buffalo,ICAR-NBAGR / Institutional Research Archive,https://nbagr.res.in/node/114,https://nbagr.res.in/node/114,Government Open Access / Academic Research,https://nbagr.res.in,ICAR-NBAGR / State Veterinary Universities,surti_0004.jpg,raw/buffalo/surti/surti_0004.jpg,VERIFIED_ARCHIVE,
SRC_BUF_SURTI_0005,buffalo_surti,Surti,buffalo,ICAR-NBAGR / Institutional Research Archive,https://nbagr.res.in/node/114,https://nbagr.res.in/node/114,Government Open Access / Academic Research,https://nbagr.res.in,ICAR-NBAGR / State Veterinary Universities,surti_0005.jpg,raw/buffalo/surti/surti_0005.jpg,VERIFIED_ARCHIVE,
SRC_BUF_SURTI_0006,buffalo_surti,Surti,buffalo,ICAR-NBAGR / Institutional Research Archive,https://nbagr.res.in/node/114,https://nbagr.res.in/node/114,Government Open Access / Academic Research,https://nbagr.res.in,ICAR-NBAGR / State Veterinary Universities,surti_0006.jpg,raw/buffalo/surti/surti_0006.jpg,VERIFIED_ARCHIVE,
SRC_BUF_SURTI_0007,buffalo_surti,Surti,buffalo,ICAR-NBAGR / Institutional Research Archive,https://nbagr.res.in/node/114,https://nbagr.res.in/node/114,Government Open Access / Academic Research,https://nbagr.res.in,ICAR-NBAGR / State Veterinary Universities,surti_0007.jpg,raw/buffalo/surti/surti_0007.jpg,VERIFIED_ARCHIVE,
SRC_BUF_SURTI_0008,buffalo_surti,Surti,buffalo,ICAR-NBAGR / Institutional Research Archive,https://nbagr.res.in/node/114,https://nbagr.res.in/node/114,Government Open Access / Academic Research,https://nbagr.res.in,ICAR-NBAGR / State Veterinary Universities,surti_0008.jpg,raw/buffalo/surti/surti_0008.jpg,VERIFIED_ARCHIVE,
SRC_BUF_SURTI_0009,buffalo_surti,Surti,buffalo,ICAR-NBAGR / Institutional Research Archive,https://nbagr.res.in/node/114,https://nbagr.res.in/node/114,Government Open Access / Academic Research,https://nbagr.res.in,ICAR-NBAGR / State Veterinary Universities,surti_0009.jpg,raw/buffalo/surti/surti_0009.jpg,VERIFIED_ARCHIVE,
SRC_BUF_SURTI_0010,buffalo_surti,Surti,buffalo,ICAR-NBAGR / Institutional Research Archive,https://nbagr.res.in/node/114,https://nbagr.res.in/node/114,Government Open Access / Academic Research,https://nbagr.res.in,ICAR-NBAGR / State Veterinary Universities,surti_0010.jpg,raw/buffalo/surti/surti_0010.jpg,VERIFIED_ARCHIVE,
SRC_BUF_SURTI_0011,buffalo_surti,Surti,buffalo,ICAR-NBAGR / Institutional Research Archive,https://nbagr.res.in/node/114,https://nbagr.res.in/node/114,Government Open Access / Academic Research,https://nbagr.res.in,ICAR-NBAGR / State Veterinary Universities,surti_0011.jpg,raw/buffalo/surti/surti_0011.jpg,VERIFIED_ARCHIVE,
SRC_BUF_SURTI_0012,buffalo_surti,Surti,buffalo,ICAR-NBAGR / Institutional Research Archive,https://nbagr.res.in/node/114,https://nbagr.res.in/node/114,Government Open Access / Academic Research,https://nbagr.res.in,ICAR-NBAGR / State Veterinary Universities,surti_0012.jpg,raw/buffalo/surti/surti_0012.jpg,VERIFIED_ARCHIVE,
SRC_BUF_SURTI_0013,buffalo_surti,Surti,buffalo,ICAR-NBAGR / Institutional Research Archive,https://nbagr.res.in/node/114,https://nbagr.res.in/node/114,Government Open Access / Academic Research,https://nbagr.res.in,ICAR-NBAGR / State Veterinary Universities,surti_0013.jpg,raw/buffalo/surti/surti_0013.jpg,VERIFIED_ARCHIVE,
SRC_BUF_SURTI_0014,buffalo_surti,Surti,buffalo,ICAR-NBAGR / Institutional Research Archive,https://nbagr.res.in/node/114,https://nbagr.res.in/node/114,Government Open Access / Academic Research,https://nbagr.res.in,ICAR-NBAGR / State Veterinary Universities,surti_0014.jpg,raw/buffalo/surti/surti_0014.jpg,VERIFIED_ARCHIVE,
SRC_BUF_SURTI_0015,buffalo_surti,Surti,buffalo,ICAR-NBAGR / Institutional Research Archive,https://nbagr.res.in/node/114,https://nbagr.res.in/node/114,Government Open Access / Academic Research,https://nbagr.res.in,ICAR-NBAGR / State Veterinary Universities,surti_0015.jpg,raw/buffalo/surti/surti_0015.jpg,VERIFIED_ARCHIVE,
SRC_BUF_SURTI_0016,buffalo_surti,Surti,buffalo,ICAR-NBAGR / Institutional Research Archive,https://nbagr.res.in/node/114,https://nbagr.res.in/node/114,Government Open Access / Academic Research,https://nbagr.res.in,ICAR-NBAGR / State Veterinary Universities,surti_0016.jpg,raw/buffalo/surti/surti_0016.jpg,VERIFIED_ARCHIVE,
SRC_BUF_SURTI_0017,buffalo_surti,Surti,buffalo,ICAR-NBAGR / Institutional Research Archive,https://nbagr.res.in/node/114,https://nbagr.res.in/node/114,Government Open Access / Academic Research,https://nbagr.res.in,ICAR-NBAGR / State Veterinary Universities,surti_0017.jpg,raw/buffalo/surti/surti_0017.jpg,VERIFIED_ARCHIVE,
SRC_BUF_SURTI_0018,buffalo_surti,Surti,buffalo,ICAR-NBAGR / Institutional Research Archive,https://nbagr.res.in/node/114,https://nbagr.res.in/node/114,Government Open Access / Academic Research,https://nbagr.res.in,ICAR-NBAGR / State Veterinary Universities,surti_0018.jpg,raw/buffalo/surti/surti_0018.jpg,VERIFIED_ARCHIVE,
SRC_BUF_SURTI_0019,buffalo_surti,Surti,buffalo,ICAR-NBAGR / Institutional Research Archive,https://nbagr.res.in/node/114,https://nbagr.res.in/node/114,Government Open Access / Academic Research,https://nbagr.res.in,ICAR-NBAGR / State Veterinary Universities,surti_0019.jpg,raw/buffalo/surti/surti_0019.jpg,VERIFIED_ARCHIVE,
SRC_BUF_SURTI_0020,buffalo_surti,Surti,buffalo,ICAR-NBAGR / Institutional Research Archive,https://nbagr.res.in/node/114,https://nbagr.res.in/node/114,Government Open Access / Academic Research,https://nbagr.res.in,ICAR-NBAGR / State Veterinary Universities,surti_0020.jpg,raw/buffalo/surti/surti_0020.jpg,VERIFIED_ARCHIVE,
SRC_BUF_SURTI_0021,buffalo_surti,Surti,buffalo,ICAR-NBAGR / Institutional Research Archive,https://nbagr.res.in/node/114,https://nbagr.res.in/node/114,Government Open Access / Academic Research,https://nbagr.res.in,ICAR-NBAGR / State Veterinary Universities,surti_0021.jpg,raw/buffalo/surti/surti_0021.jpg,VERIFIED_ARCHIVE,
SRC_BUF_TODA_0001,buffalo_toda,Toda,buffalo,ICAR-NBAGR / Institutional Research Archive,https://nbagr.res.in/node/114,https://nbagr.res.in/node/114,Government Open Access / Academic Research,https://nbagr.res.in,ICAR-NBAGR / State Veterinary Universities,toda_0001.jpg,raw/buffalo/toda/toda_0001.jpg,VERIFIED_ARCHIVE,
SRC_BUF_TODA_0002,buffalo_toda,Toda,buffalo,ICAR-NBAGR / Institutional Research Archive,https://nbagr.res.in/node/114,https://nbagr.res.in/node/114,Government Open Access / Academic Research,https://nbagr.res.in,ICAR-NBAGR / State Veterinary Universities,toda_0002.jpg,raw/buffalo/toda/toda_0002.jpg,VERIFIED_ARCHIVE,
SRC_BUF_TODA_0003,buffalo_toda,Toda,buffalo,ICAR-NBAGR / Institutional Research Archive,https://nbagr.res.in/node/114,https://nbagr.res.in/node/114,Government Open Access / Academic Research,https://nbagr.res.in,ICAR-NBAGR / State Veterinary Universities,toda_0003.jpg,raw/buffalo/toda/toda_0003.jpg,VERIFIED_ARCHIVE,
SRC_BUF_TODA_0004,buffalo_toda,Toda,buffalo,ICAR-NBAGR / Institutional Research Archive,https://nbagr.res.in/node/114,https://nbagr.res.in/node/114,Government Open Access / Academic Research,https://nbagr.res.in,ICAR-NBAGR / State Veterinary Universities,toda_0004.jpg,raw/buffalo/toda/toda_0004.jpg,VERIFIED_ARCHIVE,
SRC_BUF_TODA_0005,buffalo_toda,Toda,buffalo,ICAR-NBAGR / Institutional Research Archive,https://nbagr.res.in/node/114,https://nbagr.res.in/node/114,Government Open Access / Academic Research,https://nbagr.res.in,ICAR-NBAGR / State Veterinary Universities,toda_0005.jpg,raw/buffalo/toda/toda_0005.jpg,VERIFIED_ARCHIVE,
SRC_BUF_TODA_0006,buffalo_toda,Toda,buffalo,ICAR-NBAGR / Institutional Research Archive,https://nbagr.res.in/node/114,https://nbagr.res.in/node/114,Government Open Access / Academic Research,https://nbagr.res.in,ICAR-NBAGR / State Veterinary Universities,toda_0006.jpg,raw/buffalo/toda/toda_0006.jpg,VERIFIED_ARCHIVE,
SRC_BUF_TODA_0007,buffalo_toda,Toda,buffalo,ICAR-NBAGR / Institutional Research Archive,https://nbagr.res.in/node/114,https://nbagr.res.in/node/114,Government Open Access / Academic Research,https://nbagr.res.in,ICAR-NBAGR / State Veterinary Universities,toda_0007.jpg,raw/buffalo/toda/toda_0007.jpg,VERIFIED_ARCHIVE,
SRC_BUF_TODA_0008,buffalo_toda,Toda,buffalo,ICAR-NBAGR / Institutional Research Archive,https://nbagr.res.in/node/114,https://nbagr.res.in/node/114,Government Open Access / Academic Research,https://nbagr.res.in,ICAR-NBAGR / State Veterinary Universities,toda_0008.jpg,raw/buffalo/toda/toda_0008.jpg,VERIFIED_ARCHIVE,
SRC_BUF_TODA_0009,buffalo_toda,Toda,buffalo,ICAR-NBAGR / Institutional Research Archive,https://nbagr.res.in/node/114,https://nbagr.res.in/node/114,Government Open Access / Academic Research,https://nbagr.res.in,ICAR-NBAGR / State Veterinary Universities,toda_0009.jpg,raw/buffalo/toda/toda_0009.jpg,VERIFIED_ARCHIVE,
SRC_BUF_TODA_0010,buffalo_toda,Toda,buffalo,ICAR-NBAGR / Institutional Research Archive,https://nbagr.res.in/node/114,https://nbagr.res.in/node/114,Government Open Access / Academic Research,https://nbagr.res.in,ICAR-NBAGR / State Veterinary Universities,toda_0010.jpg,raw/buffalo/toda/toda_0010.jpg,VERIFIED_ARCHIVE,
SRC_BUF_TODA_0011,buffalo_toda,Toda,buffalo,ICAR-NBAGR / Institutional Research Archive,https://nbagr.res.in/node/114,https://nbagr.res.in/node/114,Government Open Access / Academic Research,https://nbagr.res.in,ICAR-NBAGR / State Veterinary Universities,toda_0011.jpg,raw/buffalo/toda/toda_0011.jpg,VERIFIED_ARCHIVE,
SRC_BUF_TODA_0012,buffalo_toda,Toda,buffalo,ICAR-NBAGR / Institutional Research Archive,https://nbagr.res.in/node/114,https://nbagr.res.in/node/114,Government Open Access / Academic Research,https://nbagr.res.in,ICAR-NBAGR / State Veterinary Universities,toda_0012.jpg,raw/buffalo/toda/toda_0012.jpg,VERIFIED_ARCHIVE,
SRC_BUF_TODA_0013,buffalo_toda,Toda,buffalo,ICAR-NBAGR / Institutional Research Archive,https://nbagr.res.in/node/114,https://nbagr.res.in/node/114,Government Open Access / Academic Research,https://nbagr.res.in,ICAR-NBAGR / State Veterinary Universities,toda_0013.jpg,raw/buffalo/toda/toda_0013.jpg,VERIFIED_ARCHIVE,
SRC_BUF_TODA_0014,buffalo_toda,Toda,buffalo,ICAR-NBAGR / Institutional Research Archive,https://nbagr.res.in/node/114,https://nbagr.res.in/node/114,Government Open Access / Academic Research,https://nbagr.res.in,ICAR-NBAGR / State Veterinary Universities,toda_0014.jpg,raw/buffalo/toda/toda_0014.jpg,VERIFIED_ARCHIVE,
SRC_BUF_TODA_0015,buffalo_toda,Toda,buffalo,ICAR-NBAGR / Institutional Research Archive,https://nbagr.res.in/node/114,https://nbagr.res.in/node/114,Government Open Access / Academic Research,https://nbagr.res.in,ICAR-NBAGR / State Veterinary Universities,toda_0015.jpg,raw/buffalo/toda/toda_0015.jpg,VERIFIED_ARCHIVE,
SRC_BUF_TODA_0016,buffalo_toda,Toda,buffalo,ICAR-NBAGR / Institutional Research Archive,https://nbagr.res.in/node/114,https://nbagr.res.in/node/114,Government Open Access / Academic Research,https://nbagr.res.in,ICAR-NBAGR / State Veterinary Universities,toda_0016.jpg,raw/buffalo/toda/toda_0016.jpg,VERIFIED_ARCHIVE,
SRC_BUF_TODA_0017,buffalo_toda,Toda,buffalo,ICAR-NBAGR / Institutional Research Archive,https://nbagr.res.in/node/114,https://nbagr.res.in/node/114,Government Open Access / Academic Research,https://nbagr.res.in,ICAR-NBAGR / State Veterinary Universities,toda_0017.jpg,raw/buffalo/toda/toda_0017.jpg,VERIFIED_ARCHIVE,
SRC_BUF_TODA_0018,buffalo_toda,Toda,buffalo,ICAR-NBAGR / Institutional Research Archive,https://nbagr.res.in/node/114,https://nbagr.res.in/node/114,Government Open Access / Academic Research,https://nbagr.res.in,ICAR-NBAGR / State Veterinary Universities,toda_0018.jpg,raw/buffalo/toda/toda_0018.jpg,VERIFIED_ARCHIVE,
