image_id,breed_id,breed_name,species,class_index,relative_path,filename,width,height,sha256,md5,phash,split
BUF_BUFFALO_BANNI_0001,buffalo_banni,Banni,buffalo,0,dataset/expanded_82_breeds_v2/buffalo/buffalo_banni/banni_0001.jpg,banni_0001.jpg,650,550,638681a013197e9fedc3e0b6d432818c3b49104a3427db6c24c832e790360738,dd9e29adc1253655801dc2a48d37bec8,ff88c1b3bc498235,train
BUF_BUFFALO_BARGUR_0001,buffalo_bargur,Bargur,buffalo,1,dataset/expanded_82_breeds_v2/buffalo/buffalo_bargur/bargur_0001.jpg,bargur_0001.jpg,650,550,4cf82453815c118b09b65bdb9ecbcde4dea0c4bad6272f1998c598e49e275178,fc435e831d008a2ce0bac4da43f9e941,a668db973525493a,train
BUF_BUFFALO_BARGUR_0002,buffalo_bargur,Bargur,buffalo,1,dataset/expanded_82_breeds_v2/buffalo/buffalo_bargur/bargur_0002.jpg,bargur_0002.jpg,650,550,4432e52c80dceea916b0ff96ea6d3d2844ff535138b456606d6eb98aa1f439f7,fc1608254a52bf6933c92df5c062c3d9,eeeadec45181a50b,train
BUF_BUFFALO_BARGUR_0007,buffalo_bargur,Bargur,buffalo,1,dataset/expanded_82_breeds_v2/buffalo/buffalo_bargur/bargur_0007.jpg,bargur_0007.jpg,160,240,83dc10e330409b8d69f1943fcfa16729c66385364928bc562cf4046b2a3980a3,eb1fdb31ac709b3b9016101093ce63df,901f6b614fbe429c,train
BUF_BUFFALO_BARGUR_0004,buffalo_bargur,Bargur,buffalo,1,dataset/expanded_82_breeds_v2/buffalo/buffalo_bargur/bargur_0004.jpg,bargur_0004.jpg,1600,1200,15d220e60d6691a5e8a6693d19b90835b80e6490d2c96c52ee9ed6899c2d7f39,8e896360dc80ff62b617520bd9338d12,d4e9abf68689106e,train
BUF_BUFFALO_BHADAWARI_0002,buffalo_bhadawari,Bhadawari,buffalo,2,dataset/expanded_82_breeds_v2/buffalo/buffalo_bhadawari/bhadawari_0002.jpg,bhadawari_0002.jpg,650,550,d5b390a20390bdb95eff275542625be87f6928becff19cf1c3df24fde4fa2f4d,0e5bfd216101fdf8df837b191dc4ad6b,ea3885c75518da6b,train
BUF_BUFFALO_CHHATTISGARHI_0002,buffalo_chhattisgarhi,Chhattisgarhi,buffalo,3,dataset/expanded_82_breeds_v2/buffalo/buffalo_chhattisgarhi/chhattisgarhi_0002.jpg,chhattisgarhi_0002.jpg,650,550,bd40473a741a29400cdea63baf92300048b9a268c4d0afbd722bb102eeeb2526,1d36cda16f4ca4981513850ceeed6dd3,fa3c876368389f05,train
BUF_BUFFALO_CHILIKA_0002,buffalo_chilika,Chilika,buffalo,4,dataset/expanded_82_breeds_v2/buffalo/buffalo_chilika/chilika_0002.jpg,chilika_0002.jpg,650,550,503ec558d8eaf19a45cea1dbc86b171bbf7ddf49f3a96de559fd110b6612aac8,4f1e840cfef97dc46d99e7d48ecd6dbc,bb60849f66607dc3,train
BUF_BUFFALO_DHARWADI_0002,buffalo_dharwadi,Dharwadi,buffalo,5,dataset/expanded_82_breeds_v2/buffalo/buffalo_dharwadi/dharwadi_0002.jpg,dharwadi_0002.jpg,650,550,5d21dd8813ea2c35cd488a3213978eb0ef970b3c7838f463fd19d138386ff387,b4e13cf3b2de65314ebc6f6c8542cb21,aef9d294398a86ac,train
BUF_BUFFALO_GOJRI_0002,buffalo_gojri,Gojri,buffalo,6,dataset/expanded_82_breeds_v2/buffalo/buffalo_gojri/gojri_0002.jpg,gojri_0002.jpg,650,550,4cc95c53cad507e03a9ff9939ec17aef64fd9a079638c468ca56ee0c4be86735,0107d7b0defeb3ab1bf99ccb860f30bb,bc1d95f0f80e93e0,train
BUF_BUFFALO_GOMANCHALI_0001,buffalo_gomanchali,Gomanchali,buffalo,7,dataset/expanded_82_breeds_v2/buffalo/buffalo_gomanchali/gomanchali_0001.jpg,gomanchali_0001.jpg,881,661,4d8446f95adb835e5993e6263ffe3f4277c6cac7cd3e0ec13b2bc4c0071777a3,5e2867be551329c2cec0ea844d8735b4,a311d2eab5c02cbf,train
BUF_BUFFALO_JAFFARABADI_0002,buffalo_jaffarabadi,Jaffarabadi,buffalo,8,dataset/expanded_82_breeds_v2/buffalo/buffalo_jaffarabadi/jaffarabadi_0002.jpg,jaffarabadi_0002.jpg,1799,1198,392d855bd73c2a59687cdd5c3a3fdc7fb8aeaf2a7a06066353c2eaa366810211,979427d9fafc26caa6f5c7864a3ff10e,859cca5b75d5a183,train
BUF_BUFFALO_KALAHANDI_0002,buffalo_kalahandi,Kalahandi,buffalo,9,dataset/expanded_82_breeds_v2/buffalo/buffalo_kalahandi/kalahandi_0002.jpg,kalahandi_0002.jpg,650,550,440868f7a04cc50b81b666bfed32754646543c1084faa2e4b0afc017c089a55d,c5b31a6d85b051188c567badd0b5a743,fc5313363b83c585,train
BUF_BUFFALO_LUIT_SWAMP_0002,buffalo_luit_swamp,Luit (Swamp),buffalo,10,dataset/expanded_82_breeds_v2/buffalo/buffalo_luit_swamp/luit_swamp_0002.jpg,luit_swamp_0002.jpg,650,550,cce8fd5ce311fd45e6362a2948da42eedf3fff53e91a68a6c320f47b5aca4011,8246ffd4e44dd747e895aaa3a30c140a,babc9dcbe4641161,train
BUF_BUFFALO_MANAH_0002,buffalo_manah,Manah,buffalo,11,dataset/expanded_82_breeds_v2/buffalo/buffalo_manah/manah_0002.jpg,manah_0002.jpg,650,550,01976fa4fa2db3ccdc5cbf0185a2e12715a5fe691914703629f9d3e035538426,7456dc3b00436243749243729f0ee6b9,eb9c94d36068391f,train
BUF_BUFFALO_MANDA_0029,buffalo_manda,Manda,buffalo,12,dataset/expanded_82_breeds_v2/buffalo/buffalo_manda/manda_0029.jpg,manda_0029.jpg,2736,2060,93ea0ef45d032decc6d782a069660e498203f667d9fa0de2ea75397b7418e686,ff58a1ad9c04447e868565b9eccf5ecc,ff478a6c183c9d12,train
BUF_BUFFALO_MANDA_0017,buffalo_manda,Manda,buffalo,12,dataset/expanded_82_breeds_v2/buffalo/buffalo_manda/manda_0017.jpg,manda_0017.jpg,2535,1690,3ccc3a6ef92441d4258a43211720c5724e7ba8c30fa2d726190877ead3751c9b,7a034876a00122a9541198b6c5bdb01c,e493dd6d12e54a85,train
BUF_BUFFALO_MANDA_0025,buffalo_manda,Manda,buffalo,12,dataset/expanded_82_breeds_v2/buffalo/buffalo_manda/manda_0025.jpg,manda_0025.jpg,6368,3980,32214509c277aac7405ea8f68c884bc3e82a7fa52bb326a24992afa4b95d60fa,81b9cf8346953856f69e138f9303be58,bec5851e32cac9a5,train
BUF_BUFFALO_MANDA_0019,buffalo_manda,Manda,buffalo,12,dataset/expanded_82_breeds_v2/buffalo/buffalo_manda/manda_0019.jpg,manda_0019.jpg,3894,3894,9bcdbb14b3d5fc1c008113c0258b1f52350f612e6f2ef7b9c6fa7e80b45a1dce,ea36d60533190172069d9ff02a7351eb,b4cac276489bb6b4,train
BUF_BUFFALO_MANDA_0010,buffalo_manda,Manda,buffalo,12,dataset/expanded_82_breeds_v2/buffalo/buffalo_manda/manda_0010.jpg,manda_0010.jpg,4250,2834,8004da732618d1854b831c1686f3a68ec78c29611347428de5c4d4b89c1fd6ac,26741004b0545d2877798dd7b1575adc,a69bd8e0b29f8dc0,train
BUF_BUFFALO_MANDA_0011,buffalo_manda,Manda,buffalo,12,dataset/expanded_82_breeds_v2/buffalo/buffalo_manda/manda_0011.jpg,manda_0011.jpg,4250,2833,c023eadbd7c1fea18df03c656fac30e11c714a6999d5aad46a403745fdaa2b57,1069a944d0c0708e041f81c61752f5c6,d6a9a856af80385f,train
BUF_BUFFALO_MANDA_0031,buffalo_manda,Manda,buffalo,12,dataset/expanded_82_breeds_v2/buffalo/buffalo_manda/manda_0031.jpg,manda_0031.jpg,3456,2304,6b532315283d3176a1f138980bf27d3ec65d2364ed1479e13ad71b10b4b79739,70279065d2e067b90da5911f1be06b6c,8f349128fe1bb0cd,train
BUF_BUFFALO_MANDA_0026,buffalo_manda,Manda,buffalo,12,dataset/expanded_82_breeds_v2/buffalo/buffalo_manda/manda_0026.jpg,manda_0026.jpg,3886,3886,a51b335bed74a7f5e940253ce1a5c996daee4e57a2731f6def29ee182e454215,a5f05c9364c5901bea103ab141d8b31f,e946d63f842926da,train
BUF_BUFFALO_MANDA_0014,buffalo_manda,Manda,buffalo,12,dataset/expanded_82_breeds_v2/buffalo/buffalo_manda/manda_0014.jpg,manda_0014.jpg,2560,1920,1b0a461ce5964d6ebf052c9b4174b52f657202011ffd22f564353d5c0189835c,4c8d3007d77b6c8f3a9ff992400146e7,da996c643196c71b,train
BUF_BUFFALO_MANDA_0001,buffalo_manda,Manda,buffalo,12,dataset/expanded_82_breeds_v2/buffalo/buffalo_manda/manda_0001.jpg,manda_0001.jpg,650,550,eea75257a32a4745da91ab01d718ebdf8e8aa92e0c2f66418688bdd3fdd9831e,8fb5f739621e14f42eaa171e9485e7cc,b12dca522cfd9561,train
BUF_BUFFALO_MANDA_0006,buffalo_manda,Manda,buffalo,12,dataset/expanded_82_breeds_v2/buffalo/buffalo_manda/manda_0006.jpg,manda_0006.jpg,4032,3024,497aab6cf3f614bcf881f1848acf6258a48008dda623fe7d59bc9d92923f334d,89014b46dff6f6c8e3c9a506822e5b14,b2f2cd8586935ba2,train
BUF_BUFFALO_MANDA_0018,buffalo_manda,Manda,buffalo,12,dataset/expanded_82_breeds_v2/buffalo/buffalo_manda/manda_0018.jpg,manda_0018.jpg,6393,3596,daa50015faf75bf6b8fa2edc6b70f23a1d8cc42eda661f0870d63f4b2eb072ff,3764cb34fe592eee6e98cccd17531167,ecba91656acad505,train
BUF_BUFFALO_MANDA_0007,buffalo_manda,Manda,buffalo,12,dataset/expanded_82_breeds_v2/buffalo/buffalo_manda/manda_0007.jpg,manda_0007.jpg,4032,3024,d9e4b58696ac08229d257885338cb690c27a11f8a24b8c4b1562c8f31f55bba1,c4562f7c00fb2bba9d512166edea78ba,bbe8c0d3b534c748,train
BUF_BUFFALO_MANDA_0015,buffalo_manda,Manda,buffalo,12,dataset/expanded_82_breeds_v2/buffalo/buffalo_manda/manda_0015.jpg,manda_0015.jpg,2560,1920,4e2a1b612c6871098c2f5d8fe296dc381cbd4d73ce0d578b14ce7d32f421d6b2,0011ffb0a184dcf794c6691357c49199,c14b3e3cc9323ed1,train
BUF_BUFFALO_MANDA_0013,buffalo_manda,Manda,buffalo,12,dataset/expanded_82_breeds_v2/buffalo/buffalo_manda/manda_0013.jpg,manda_0013.jpg,5472,3648,d7a27f185daec6f8ec75c57d513d6df2b21a30c654b2b8325a936a13a0b3d5df,426ab9c0aea1b0705724509f433cb491,e9f19722e817b1c8,train
BUF_BUFFALO_MANDA_0024,buffalo_manda,Manda,buffalo,12,dataset/expanded_82_breeds_v2/buffalo/buffalo_manda/manda_0024.jpg,manda_0024.jpg,5176,3451,0cf4dc3f68e11b2dd0b15436cec8474a4b37962a73786c98ddd0d79200977ff5,fdc7e7c684b07896b0acd4a65263749d,aba4686b96c8cc97,train
BUF_BUFFALO_MANDA_0002,buffalo_manda,Manda,buffalo,12,dataset/expanded_82_breeds_v2/buffalo/buffalo_manda/manda_0002.jpg,manda_0002.jpg,650,550,dde35cf18cbd141ccb0bd1195ed54fc305892ad435128adbc798c261606fff24,53842577ec8d512b2dc6a3f39ecb4c61,dfeaa115942bc98c,train
BUF_BUFFALO_MANDA_0003,buffalo_manda,Manda,buffalo,12,dataset/expanded_82_breeds_v2/buffalo/buffalo_manda/manda_0003.jpg,manda_0003.jpg,2560,1920,8076df5c892dafaa201ee348759df392af8c1dc73e1fb82b595756f6c13b1b69,6256bfadb86d1d79981c1330a8795d64,9c1613e3ba0d8dd5,train
BUF_BUFFALO_MANDA_0027,buffalo_manda,Manda,buffalo,12,dataset/expanded_82_breeds_v2/buffalo/buffalo_manda/manda_0027.jpg,manda_0027.jpg,5472,3648,4d597751630f2cd2d4f7a26535a99375d352517ba31f7ffa202701a294c87fda,1dfc3168923bd3ba63785a2dbbc21eea,92e5e69dcb362119,train
BUF_BUFFALO_MANDA_0004,buffalo_manda,Manda,buffalo,12,dataset/expanded_82_breeds_v2/buffalo/buffalo_manda/manda_0004.jpg,manda_0004.jpg,2250,1479,bfcfe8e8cd4b62ae0c421ed377c5026581b6264bb50796fc830dae8ba8b1d0dc,a5fd7a3ff04a888c493191c05478e884,b84706b8cb6f7928,train
BUF_BUFFALO_MANDA_0023,buffalo_manda,Manda,buffalo,12,dataset/expanded_82_breeds_v2/buffalo/buffalo_manda/manda_0023.jpg,manda_0023.jpg,6456,4304,f3dd9f2d612e017daa0471bb00192bf51062af2ea374df4c7b1c65effdf3a7e6,0fa636db414babddb8e34f6d44c8c545,b9c7c6b2b0b17056,train
BUF_BUFFALO_MARATHWADI_0002,buffalo_marathwadi,Marathwadi,buffalo,13,dataset/expanded_82_breeds_v2/buffalo/buffalo_marathwadi/marathwadi_0002.jpg,marathwadi_0002.jpg,462,175,f1e7cb176b56dcc0dc337019ab9817cf73d94fa5b01c956cebe33bbb63dc09df,e8e17b6521433c5049af65253f8e85ac,f93992c26c3c3393,train
BUF_BUFFALO_MEHSANA_0011,buffalo_mehsana,Mehsana,buffalo,14,dataset/expanded_82_breeds_v2/buffalo/buffalo_mehsana/mehsana_0011.jpg,mehsana_0011.jpg,3456,2304,8ac45ff128e777b75fddaa3ef44007cc66c7bd0aa48a4ab6426079e65d8500ca,99f2b23c2bd3da757f836984d9d08a80,8e159e2ae87a15cd,train
BUF_BUFFALO_MEHSANA_0002,buffalo_mehsana,Mehsana,buffalo,14,dataset/expanded_82_breeds_v2/buffalo/buffalo_mehsana/mehsana_0002.jpg,mehsana_0002.jpg,4096,2304,857ba70f474ec391714753beb7d5214c7c92a1598de70191ab81953d46b02767,16e70c558b8166cc6b81cde5b2b68a0b,c4a8f3363c8f4867,train
BUF_BUFFALO_MEHSANA_0007,buffalo_mehsana,Mehsana,buffalo,14,dataset/expanded_82_breeds_v2/buffalo/buffalo_mehsana/mehsana_0007.jpg,mehsana_0007.jpg,3096,1800,6c281f085f7dfb7b41ea399a39be6b97fbb7f98e2a977f13c0489e5c4ae8fc5e,cbb66ffbb3b83352f3226b4bcdcee069,ff50e060233cfcd1,train
BUF_BUFFALO_MEHSANA_0001,buffalo_mehsana,Mehsana,buffalo,14,dataset/expanded_82_breeds_v2/buffalo/buffalo_mehsana/mehsana_0001.jpg,mehsana_0001.jpg,650,550,e2d703d4d732b4acf77092c34a76581c04475dc2789b953c38f02ae8b80e7074,df6078b8f87f890e133f6b98b5bf3967,fa7f87c1e080dc92,train
BUF_BUFFALO_MEHSANA_0012,buffalo_mehsana,Mehsana,buffalo,14,dataset/expanded_82_breeds_v2/buffalo/buffalo_mehsana/mehsana_0012.jpg,mehsana_0012.jpg,3456,2304,4a98a5f490f31909df7dbdeb681daafe490e1101079afa953ce491da91069e70,55bfd24ea9b3e4501700a7a999bb954b,c71f9ca2ef0534a4,train
BUF_BUFFALO_MEHSANA_0003,buffalo_mehsana,Mehsana,buffalo,14,dataset/expanded_82_breeds_v2/buffalo/buffalo_mehsana/mehsana_0003.jpg,mehsana_0003.jpg,4000,3000,0d71acf4278d9bd0d88976ceceaa9230b11b5a7d9ac62f29eac1e23ccdd3f80b,a93a438d97eaa8692e7cecb5597768d2,cce35771b5bc0b02,train
BUF_BUFFALO_MEHSANA_0005,buffalo_mehsana,Mehsana,buffalo,14,dataset/expanded_82_breeds_v2/buffalo/buffalo_mehsana/mehsana_0005.jpg,mehsana_0005.jpg,2820,2116,388bad850554bb7c4e56454674b04ecee4cdaac9b38b409a8906c4be7f7cd4ce,66796c0966dbcb19a7e69644ca035f2f,f914ee6e183c9d11,train
BUF_BUFFALO_MELGHATI_0002,buffalo_melghati,Melghati,buffalo,15,dataset/expanded_82_breeds_v2/buffalo/buffalo_melghati/melghati_0002.jpg,melghati_0002.jpg,815,635,54562dfcf5e9268e9a3d6caad26c20671fe80b4bc09249997ea2bdc5222a8d89,58229efae8c44ed649cab999da3725bb,fec19134694ab13d,train
BUF_BUFFALO_MURRAH_0009,buffalo_murrah,Murrah,buffalo,16,dataset/expanded_82_breeds_v2/buffalo/buffalo_murrah/murrah_0009.jpg,murrah_0009.jpg,4608,3456,74dcb38d5dafc154a6d69877f64311fd85351760d9544e0b0210d1be06da7a0a,061e401c41e83838867a3e1ab88c41cf,fb0482f1296fe0b9,train
BUF_BUFFALO_MURRAH_0002,buffalo_murrah,Murrah,buffalo,16,dataset/expanded_82_breeds_v2/buffalo/buffalo_murrah/murrah_0002.jpg,murrah_0002.jpg,654,530,ce930a339c91616ab17b6ca722c458232db2a28a00e3820a6e872a6e882c37d2,8e4b243292fe10709ddf361708c78607,eb1c94e3691859ad,train
BUF_BUFFALO_MURRAH_0006,buffalo_murrah,Murrah,buffalo,16,dataset/expanded_82_breeds_v2/buffalo/buffalo_murrah/murrah_0006.jpg,murrah_0006.jpg,4032,3024,e61326ecfd497c7a8b4579102b7dc2b5f637254744c2afe810dbff431de2c822,36cb79bf9a516f1eee77a6223bbd8cad,8f9393ea21919c67,train
BUF_BUFFALO_MURRAH_0001,buffalo_murrah,Murrah,buffalo,16,dataset/expanded_82_breeds_v2/buffalo/buffalo_murrah/murrah_0001.jpg,murrah_0001.jpg,654,530,c57a65a8f7f9af158537bac47786e9f670e2aa4248cff65d406533d8b78613af,0078063f5cf823ccedb0c91d40a8e1e6,fa8e87e1e0d0d269,train
BUF_BUFFALO_MURRAH_0008,buffalo_murrah,Murrah,buffalo,16,dataset/expanded_82_breeds_v2/buffalo/buffalo_murrah/murrah_0008.jpg,murrah_0008.jpg,4608,3456,871486851c331d2961a98661cd98c3776a191e91658af665a90cd47e3b531026,da691bb64dba0862e67270de8fa3102f,859ec28a98694bf7,train
BUF_BUFFALO_MURRAH_0003,buffalo_murrah,Murrah,buffalo,16,dataset/expanded_82_breeds_v2/buffalo/buffalo_murrah/murrah_0003.jpg,murrah_0003.jpg,5712,4284,f3512c2e6fb06334edb8249ad39b91553b519be06f2009009f241844baccd82e,2b29de73d27c58dab089b62df12dfe38,af3bd0c06a1dcb68,train
BUF_BUFFALO_NAGPURI_0006,buffalo_nagpuri,Nagpuri,buffalo,17,dataset/expanded_82_breeds_v2/buffalo/buffalo_nagpuri/nagpuri_0006.jpg,nagpuri_0006.jpg,1902,2048,3125c0ea19bf63caed853f744e742d033885fcc7d32445c60ea3844aba587a85,3a93e43ea39dc47c6ba97979d0944abb,c7683e4f4a5cb494,train
BUF_BUFFALO_NAGPURI_0001,buffalo_nagpuri,Nagpuri,buffalo,17,dataset/expanded_82_breeds_v2/buffalo/buffalo_nagpuri/nagpuri_0001.jpg,nagpuri_0001.jpg,4160,1952,a4a93433c7605d388d4ae25c0aead1933a5a7e3275e658d9a1782b94e417a82e,577548ddbfb7ea3115d366e1e4a859e0,906d3ce3c01c6fd3,train
BUF_BUFFALO_NAGPURI_0010,buffalo_nagpuri,Nagpuri,buffalo,17,dataset/expanded_82_breeds_v2/buffalo/buffalo_nagpuri/nagpuri_0010.jpg,nagpuri_0010.jpg,1600,1600,0c5cae401cd5da16a392e5e4dfd5af18dd75de52656379cf3e99b5d34b981c7e,4784022ffe0544a9ea10bda0cab954d3,b430cb36cf3898cd,train
BUF_BUFFALO_NAGPURI_0011,buffalo_nagpuri,Nagpuri,buffalo,17,dataset/expanded_82_breeds_v2/buffalo/buffalo_nagpuri/nagpuri_0011.jpg,nagpuri_0011.jpg,3334,2632,be56fd7ea3b9fcab0d252093538caab100675f47d452fe4a628af95b31ea314d,8ee5e62bb7a9b5b09cc2acb718c9749b,81cd7cc57c003cef,train
BUF_BUFFALO_NAGPURI_0003,buffalo_nagpuri,Nagpuri,buffalo,17,dataset/expanded_82_breeds_v2/buffalo/buffalo_nagpuri/nagpuri_0003.jpg,nagpuri_0003.jpg,1379,915,6c5957f2498779ac4b7a2f101f9a62964db129e3cd53743e9c4bdedd0777d6eb,92645182814619c27728db1b48b8f0cf,8bf8a74f42747622,train
BUF_BUFFALO_NAGPURI_0002,buffalo_nagpuri,Nagpuri,buffalo,17,dataset/expanded_82_breeds_v2/buffalo/buffalo_nagpuri/nagpuri_0002.jpg,nagpuri_0002.jpg,1369,1097,c17f1cc5d81b833929fbd15d624b519e837f2f81a3dedb7f66258b22660ca0f5,16f0c636596e2e47555005285db4c343,d14d6bc0e4c6966e,train
BUF_BUFFALO_NAGPURI_0009,buffalo_nagpuri,Nagpuri,buffalo,17,dataset/expanded_82_breeds_v2/buffalo/buffalo_nagpuri/nagpuri_0009.jpg,nagpuri_0009.jpg,1136,720,19b42b442872b021bd70ad5cd2041a167706f0269e917d3ceabc5f156761b5d8,4492623c2636bca387fde2a120b516ce,d0cdd5f7c9ba2202,train
BUF_BUFFALO_NILI_RAVI_0001,buffalo_nili_ravi,Nili Ravi,buffalo,18,dataset/expanded_82_breeds_v2/buffalo/buffalo_nili_ravi/nili_ravi_0001.jpg,nili_ravi_0001.jpg,650,550,446394afa6ccbaba3f424383aec4a9f6cf7f07338aa9e2f4dad37c98d43d3b25,fddac8a4ed71c999f16ecde130bd64ef,f9df83d998809e14,train
BUF_BUFFALO_PANDHARPURI_0002,buffalo_pandharpuri,Pandharpuri,buffalo,19,dataset/expanded_82_breeds_v2/buffalo/buffalo_pandharpuri/pandharpuri_0002.jpg,pandharpuri_0002.jpg,650,550,d41a55bdbbaa45b496392adbfef528ec599b40cfd18002b04723e2599104a3ea,a5423624354c02742f7b6fbd55b00fbe,ab0f9cc7a40896af,train
BUF_BUFFALO_PURNATHADI_0002,buffalo_purnathadi,Purnathadi,buffalo,20,dataset/expanded_82_breeds_v2/buffalo/buffalo_purnathadi/purnathadi_0002.jpg,purnathadi_0002.jpg,650,550,1ad8cca9ed0b52e4d8878049e22111746cf493fd346fc7edf1cc74194d90eef9,0338dd6576d00a1b71907fb8a1cd6e0d,ab28a4377dc9c1b8,train
BUF_BUFFALO_SURTI_0001,buffalo_surti,Surti,buffalo,21,dataset/expanded_82_breeds_v2/buffalo/buffalo_surti/surti_0001.jpg,surti_0001.jpg,650,500,1962efab463181663b7ceaad1f680d9f23e70ed0eac7a1a3f11e12ac6c349b17,608fedf16e411af3239c7541c4239798,fd9d8ae262381c35,train
BUF_BUFFALO_SURTI_0018,buffalo_surti,Surti,buffalo,21,dataset/expanded_82_breeds_v2/buffalo/buffalo_surti/surti_0018.jpg,surti_0018.jpg,213,160,29c1f4553178f50396912dd5b537912c5c897f6f29c2a4353a3614f918dcf1f4,7ad03068617c7ad22d40a4b156142baf,8f20345adf4f7891,train
BUF_BUFFALO_SURTI_0016,buffalo_surti,Surti,buffalo,21,dataset/expanded_82_breeds_v2/buffalo/buffalo_surti/surti_0016.jpg,surti_0016.jpg,576,576,94894cadbd435beed9788c25e2739862e569ca07de285484a00d95f74ade633a,164ba6640e6a18e531cd114c9711205d,d764210f0a3f867e,train
BUF_BUFFALO_SURTI_0002,buffalo_surti,Surti,buffalo,21,dataset/expanded_82_breeds_v2/buffalo/buffalo_surti/surti_0002.jpg,surti_0002.jpg,650,500,f5040e98eca998d8c5cdf2bf6579d58d9db2941ae4951658a2ac70bde5637878,f01ee44d1f5b6fd447a79be7d4c08ba7,fb3c95f1e0d49045,train
BUF_BUFFALO_SURTI_0009,buffalo_surti,Surti,buffalo,21,dataset/expanded_82_breeds_v2/buffalo/buffalo_surti/surti_0009.jpg,surti_0009.jpg,2549,4199,33f0a0eaec90387b9baabce31638d1367eeb53bd28d09e5978b7614caa068023,29cd3fee648cd9c2dfc541e01e15ec3f,c1963f48c93fe44a,train
BUF_BUFFALO_SURTI_0006,buffalo_surti,Surti,buffalo,21,dataset/expanded_82_breeds_v2/buffalo/buffalo_surti/surti_0006.jpg,surti_0006.jpg,3662,2356,ba091e2825c4bb752fa56d11359e403bc188d2e2a41bfbfe2cdd3190381fd31d,b3e50c05f4f844d4c447bd752c763a20,f2d608c9bf184373,train
BUF_BUFFALO_SURTI_0012,buffalo_surti,Surti,buffalo,21,dataset/expanded_82_breeds_v2/buffalo/buffalo_surti/surti_0012.jpg,surti_0012.jpg,637,639,e4f63e888bd4a8cdbdafccbfa9a0d4a41542dd44c0c556f5b76b638a9123b9ea,c4e80cfacec07afe68d5823d4c9aaf3f,d00f0b7c79273c71,train
BUF_BUFFALO_SURTI_0004,buffalo_surti,Surti,buffalo,21,dataset/expanded_82_breeds_v2/buffalo/buffalo_surti/surti_0004.jpg,surti_0004.jpg,2137,3912,82dd33f10799531865a2741136eea856bae9ee874371a55ac76fac06af90a2f8,7b7371ef66a25cf8bf31ddd77c49fdba,f1e6da184be92169,train
BUF_BUFFALO_SURTI_0019,buffalo_surti,Surti,buffalo,21,dataset/expanded_82_breeds_v2/buffalo/buffalo_surti/surti_0019.jpg,surti_0019.jpg,960,1280,b381bc14a15ccf96b345d6b0563d28343607f125fbb4859f2a3ee6ffec536eb3,d50e49d6d84ce08a5501f494ef7246bc,e7c4ccc67b261cc1,train
BUF_BUFFALO_SURTI_0017,buffalo_surti,Surti,buffalo,21,dataset/expanded_82_breeds_v2/buffalo/buffalo_surti/surti_0017.jpg,surti_0017.jpg,4608,3456,1004af5cfe52e0aee2548d35a964e8275f740bf23ba6085fa5c149a70079ca2e,889f82655f0b664f3d89e30f144eeda9,bcbb2bb13594909a,train
BUF_BUFFALO_SURTI_0014,buffalo_surti,Surti,buffalo,21,dataset/expanded_82_breeds_v2/buffalo/buffalo_surti/surti_0014.jpg,surti_0014.jpg,532,532,8e180fee0e55c7ccf278bad74e97d1c29ff4fb6f19416f0360cb8d6f8bcf81c1,0e9da6cc02f2538b687618ac47a04f04,ce193166663d1ac7,train
BUF_BUFFALO_SURTI_0003,buffalo_surti,Surti,buffalo,21,dataset/expanded_82_breeds_v2/buffalo/buffalo_surti/surti_0003.jpg,surti_0003.jpg,3423,3286,b7b7370f308a819d7177d70352d8f33e1a27950456ce90760d76708353a87ecf,beaaf2bd8656f2ac261693e87ff493db,92962f2ff3044cd9,train
BUF_BUFFALO_SURTI_0010,buffalo_surti,Surti,buffalo,21,dataset/expanded_82_breeds_v2/buffalo/buffalo_surti/surti_0010.jpg,surti_0010.jpg,1936,1296,47b97b4ed8415dff87f19fc8c3eae28f34cc4a76f15d5d5b4b5616a1fdddb2e9,4da3838e4618f62a83dd82d13572f21d,8f31888e69839df6,train
BUF_BUFFALO_SURTI_0021,buffalo_surti,Surti,buffalo,21,dataset/expanded_82_breeds_v2/buffalo/buffalo_surti/surti_0021.jpg,surti_0021.jpg,720,920,87f6c56c0e26b15e54bc132b1163b515054a962918055d82423fff447970272f,537afe12be3abf7a0e1ba85ee8e74fdb,87ea07f97a01d0e5,train
BUF_BUFFALO_SURTI_0005,buffalo_surti,Surti,buffalo,21,dataset/expanded_82_breeds_v2/buffalo/buffalo_surti/surti_0005.jpg,surti_0005.jpg,2135,4320,15a9c1569ec61f8168f647df0aec251eb589440e6239583bb7d3795192564353,5ccc1dd66f7de730bb8f91ea6b764222,eacec099b4d49b31,train
BUF_BUFFALO_TODA_0001,buffalo_toda,Toda,buffalo,22,dataset/expanded_82_breeds_v2/buffalo/buffalo_toda/toda_0001.jpg,toda_0001.jpg,650,550,c799a1e92430abef9402c1f07b741084b71fbe797ccf21357797444587242193,2841a2db46da2376faa6a6c3bc7eb12c,f11687e16cd91798,train
BUF_BUFFALO_TODA_0002,buffalo_toda,Toda,buffalo,22,dataset/expanded_82_breeds_v2/buffalo/buffalo_toda/toda_0002.jpg,toda_0002.jpg,650,550,7b2847b00c485371129fc86cdef58f48fda1e1376ce1be027b007344785670bb,8410e12fc52904eef5382e4937e0d22b,a154d66ab4127b5d,train
BUF_BUFFALO_TODA_0006,buffalo_toda,Toda,buffalo,22,dataset/expanded_82_breeds_v2/buffalo/buffalo_toda/toda_0006.jpg,toda_0006.jpg,389,600,f60236bef7229b923bc1d8a89b7777f51e6d52697714d4131d35f84382b3bc4d,9373fc957249a3a7197d205bf2850a9c,b0d3cbcccc60b633,train
BUF_BUFFALO_TODA_0017,buffalo_toda,Toda,buffalo,22,dataset/expanded_82_breeds_v2/buffalo/buffalo_toda/toda_0017.jpg,toda_0017.jpg,201,200,4843618420cca7392e9f218d51b3371ce354aab557638aaa8625ca7f5a473f29,32934340c7164c757b780fe2357b881b,bea5b0d79262c1c3,train
BUF_BUFFALO_TODA_0013,buffalo_toda,Toda,buffalo,22,dataset/expanded_82_breeds_v2/buffalo/buffalo_toda/toda_0013.jpg,toda_0013.jpg,181,250,bfb551942eca9f7ea5d2d14b4a01eaa313f953de9e7538f1f0aab553e08f5f79,b574cb08e34d8209228f9122cafe6554,b4f1cd8ec338ec18,train
BUF_BUFFALO_TODA_0016,buffalo_toda,Toda,buffalo,22,dataset/expanded_82_breeds_v2/buffalo/buffalo_toda/toda_0016.jpg,toda_0016.jpg,588,720,f3a2b04f5201e52c0e2f46d2415609ae53dbdbf813391eec35e30e544f715678,bf332db78295c7bc60763375f3eb6514,fa87ab98255ae429,train
BUF_BUFFALO_TODA_0009,buffalo_toda,Toda,buffalo,22,dataset/expanded_82_breeds_v2/buffalo/buffalo_toda/toda_0009.jpg,toda_0009.jpg,3581,2686,cccc664ef8c1dd28ad9b8c55ad7c137afde5d523a84715806d1c25212fcf4c46,b83c3c4ff6fd48a19c70893c5f9d9856,d999c56dba66a045,train
BUF_BUFFALO_TODA_0015,buffalo_toda,Toda,buffalo,22,dataset/expanded_82_breeds_v2/buffalo/buffalo_toda/toda_0015.jpg,toda_0015.jpg,1200,800,67bca53aff454471ace05d75b5264b1655c7fdfe47362b5517b9626ce19f3aa1,2587adad670d73523ba71dfbfff802ce,ac16f328f31967b0,train
BUF_BUFFALO_TODA_0003,buffalo_toda,Toda,buffalo,22,dataset/expanded_82_breeds_v2/buffalo/buffalo_toda/toda_0003.jpg,toda_0003.jpg,736,1200,ce474e1fdeaa6bf4f8b437211a62e6f5238fed2c503cdab1412511f629007ce7,34586d9b0b685b1463266db442b7cb20,bba4f5da4865122e,train
BUF_BUFFALO_TODA_0010,buffalo_toda,Toda,buffalo,22,dataset/expanded_82_breeds_v2/buffalo/buffalo_toda/toda_0010.jpg,toda_0010.jpg,5150,3342,c5338855378575099570420875dab96b79703a7db13d6e886d85f2cc233749b3,d8bdd277f24cf0b3143151c500ee0b3d,84dd71d05af1725a,train
BUF_BUFFALO_TODA_0018,buffalo_toda,Toda,buffalo,22,dataset/expanded_82_breeds_v2/buffalo/buffalo_toda/toda_0018.jpg,toda_0018.jpg,298,400,b64b822b545bd086f9347fc5515b55e1c19c460a2d923669ffaeec4476c8de2a,303797a5c282dec776b349074f38b09b,bde096ce1a96d889,train
CAT_COW_AMRITMAHAL_0001,cow_amritmahal,Amritmahal,cattle,23,dataset/expanded_82_breeds_v2/cattle/cow_amritmahal/amritmahal_0001.jpg,amritmahal_0001.jpg,4160,3120,c056eff99c51e75c3adf05ed7eb5836deaa009bb4b65fa665da0c2a87cd6e44f,d10bfbcdbc85a2fba5b25f49e2700d96,9f9e2ca1eb2303d2,train
CAT_COW_AMRITMAHAL_0002,cow_amritmahal,Amritmahal,cattle,23,dataset/expanded_82_breeds_v2/cattle/cow_amritmahal/amritmahal_0002.jpg,amritmahal_0002.jpg,2139,1638,dda9ce7066ba45873d455b0e1e6e5354e5c350d746b2217b8455644d74fc6e92,b5a68aa0346faddb0199777a71ef2d36,feaf81d0ed44f041,train
CAT_COW_AMRITMAHAL_0006,cow_amritmahal,Amritmahal,cattle,23,dataset/expanded_82_breeds_v2/cattle/cow_amritmahal/cow_amritmahal_0006.jpg,cow_amritmahal_0006.jpg,1546,1036,0436ef40731fc32d4228c2ae5a0a29f24b399db0d6f0e12150194c036db21a3f,6e56aa9f549f094e7dbe2c136a1b8c54,ebacc1f2b4412e63,train
CAT_COW_AMRITMAHAL_0003,cow_amritmahal,Amritmahal,cattle,23,dataset/expanded_82_breeds_v2/cattle/cow_amritmahal/cow_amritmahal_0003.jpg,cow_amritmahal_0003.jpg,3446,2562,203dffdd998e5fde992bca74e974796546a0dd0c6a8e83973fc97b2061e87a74,6f91bc2ed0f79e4274913ab1d64578db,d6c9f8340047df3c,train
CAT_COW_BACHAUR_0016,cow_bachaur,Bachaur,cattle,24,dataset/expanded_82_breeds_v2/cattle/cow_bachaur/cow_bachaur_0016.jpg,cow_bachaur_0016.jpg,720,504,1a548acf41318b057d5196a5967c1b09a21e8ce58437828be1a634ffb5c108b2,efe15b0c852734eeaec294db9284a1d7,a43b3d04eda12b7a,train
CAT_COW_BACHAUR_0010,cow_bachaur,Bachaur,cattle,24,dataset/expanded_82_breeds_v2/cattle/cow_bachaur/cow_bachaur_0010.jpg,cow_bachaur_0010.jpg,4000,3000,9d784ab2ae7e1dc60df3ad12e515713725528f4031d27a6f8af4e5098a4e6178,504a9c346900e2ba9c7d034f348cc00c,99e0b16e64de64c3,train
CAT_COW_BACHAUR_0001,cow_bachaur,Bachaur,cattle,24,dataset/expanded_82_breeds_v2/cattle/cow_bachaur/bachaur_0001.jpg,bachaur_0001.jpg,360,209,b6cbc3f41305aff4fcafc8f46e6d7409c3d2fdf8b7e8a9aaf5e89bdcc7f25cbe,2f02b9c49edfb28e4e8d37a72cdd8f78,ae36994b6b93944a,train
CAT_COW_BACHAUR_0009,cow_bachaur,Bachaur,cattle,24,dataset/expanded_82_breeds_v2/cattle/cow_bachaur/cow_bachaur_0009.jpg,cow_bachaur_0009.jpg,1024,768,aa37fa12801c6b70d4dea161a6e4641c503f03d967f61abcc51a3ed39126460d,6f5dc5eb6abc5e968e2607c6f64c1ec4,cd6d89c9e2727298,train
CAT_COW_BACHAUR_0018,cow_bachaur,Bachaur,cattle,24,dataset/expanded_82_breeds_v2/cattle/cow_bachaur/cow_bachaur_0018.jpg,cow_bachaur_0018.jpg,3120,4160,6cbff43dc2e040f6c03646e439c52fc14b1698f6e34fb3c17835c794441ec6bc,a63c790c0bb8958ce5000f9c9d165423,b781c84c37b34bcc,train
CAT_COW_BACHAUR_0013,cow_bachaur,Bachaur,cattle,24,dataset/expanded_82_breeds_v2/cattle/cow_bachaur/cow_bachaur_0013.jpg,cow_bachaur_0013.jpg,600,450,fad8b40f4776ea6e867b9aef1f08397784d277cfd415086e717f314e5ccf5729,965273a1e42d9c150ad2ace7bd7810f9,da0d296a8fcb89c9,train
CAT_COW_BACHAUR_0002,cow_bachaur,Bachaur,cattle,24,dataset/expanded_82_breeds_v2/cattle/cow_bachaur/bachaur_0002.jpg,bachaur_0002.jpg,678,432,fc2c6df15c4225f0423b1fd0230da7d6838af3361b5080dff8077cf572dc9c85,942eb02631ffafa0e7ac16b820545ad3,ec4db4b47912561b,train
CAT_COW_BACHAUR_0014,cow_bachaur,Bachaur,cattle,24,dataset/expanded_82_breeds_v2/cattle/cow_bachaur/cow_bachaur_0014.jpg,cow_bachaur_0014.jpg,598,328,5c01b8e61138065f43c78be1f1b56fb57d1a4dd56b80fb8c4232c06ce6be215a,2f164e5c14c98b1847a42a8123c35392,a4a6c0da199c6df6,train
CAT_COW_BACHAUR_0006,cow_bachaur,Bachaur,cattle,24,dataset/expanded_82_breeds_v2/cattle/cow_bachaur/cow_bachaur_0006.jpg,cow_bachaur_0006.jpg,3373,2991,2cf265d9c0ed6f6de9337d4bd5f2b2e13ff4a4d82f00ba251a39e8441c1fc1c1,8c6dd54728dd1cc646c73e5fe743634e,c8c8eca9e570999d,train
CAT_COW_BACHAUR_0003,cow_bachaur,Bachaur,cattle,24,dataset/expanded_82_breeds_v2/cattle/cow_bachaur/cow_bachaur_0003.jpg,cow_bachaur_0003.jpg,798,776,f53ea52e04f2cd24d402a97e21f1fea65937528226701f4b2d91af1890a8b115,9eb85fd69216ebf1cd49a37e6d6f5006,ec1b83bd90d3a2d2,train
CAT_COW_BACHAUR_0012,cow_bachaur,Bachaur,cattle,24,dataset/expanded_82_breeds_v2/cattle/cow_bachaur/cow_bachaur_0012.jpg,cow_bachaur_0012.jpg,1128,602,ede49243330022f7a581843407ae61e3972a9aaa10f562fd21b43847451a877a,7b847fcfb340d0595bcac58ecbfa9936,e4f88b7234cda658,train
CAT_COW_BACHAUR_0021,cow_bachaur,Bachaur,cattle,24,dataset/expanded_82_breeds_v2/cattle/cow_bachaur/cow_bachaur_0021.jpg,cow_bachaur_0021.jpg,4160,2340,d29be610d2af76b2f9888a7455b630db65313e51ff776328f35bd611b9a53830,d7dafb1e7aabd2723b13c2fb1177f200,a0f75f9037318873,train
CAT_COW_BACHAUR_0004,cow_bachaur,Bachaur,cattle,24,dataset/expanded_82_breeds_v2/cattle/cow_bachaur/cow_bachaur_0004.jpg,cow_bachaur_0004.jpg,1200,748,25eee2cdb37840e28df3c585bb1c20512a07333c0b881d62c2da6263a4fd65d2,225458e0f93e1cf8dc14c29478def3e6,99866599e6359966,train
CAT_COW_BACHAUR_0005,cow_bachaur,Bachaur,cattle,24,dataset/expanded_82_breeds_v2/cattle/cow_bachaur/cow_bachaur_0005.jpg,cow_bachaur_0005.jpg,600,450,372981914fdde37558044fdfe7c89344384279fa07cfe07dcad88ba823d2cc49,b9a9e9054d27917d3fb2206e53527e5d,94e0ea9f8f949358,train
CAT_COW_BACHAUR_0019,cow_bachaur,Bachaur,cattle,24,dataset/expanded_82_breeds_v2/cattle/cow_bachaur/cow_bachaur_0019.jpg,cow_bachaur_0019.jpg,2876,2040,b2c292f75ca0003d5613d745817e5c7a32626243e7b18af0aa795e0d75993ff6,3e5f47df6a809eb717a39929314d1d0f,95027f815eb824fd,train
CAT_COW_BACHAUR_0017,cow_bachaur,Bachaur,cattle,24,dataset/expanded_82_breeds_v2/cattle/cow_bachaur/cow_bachaur_0017.jpg,cow_bachaur_0017.jpg,2016,1512,b830a3fd25c41ee0dbb8ed3341b4ac8df40d76a0bf1cf7e4782647c51d3805a2,229d6f2318a03a947cd6a04796cd8a83,f53a4bc0e0e5d6c1,train
CAT_COW_BACHAUR_0022,cow_bachaur,Bachaur,cattle,24,dataset/expanded_82_breeds_v2/cattle/cow_bachaur/cow_bachaur_0022.jpg,cow_bachaur_0022.jpg,1280,720,6678e8088bf31b100f95dc7875a68749c28c23327bcad00732559be16f56c4d7,03cdb1f7af0a42b494808244b77cc429,bd820affb1901a67,train
CAT_COW_BADRI_0001,cow_badri,Badri,cattle,25,dataset/expanded_82_breeds_v2/cattle/cow_badri/badri_0001.jpg,badri_0001.jpg,800,800,550a3f22a94526620db04856087c812f1df65a281003ad865dd12694b4d37704,037211f5013c436ff83321bb5a4892d5,b0389363c736c6e3,train
CAT_COW_BADRI_0002,cow_badri,Badri,cattle,25,dataset/expanded_82_breeds_v2/cattle/cow_badri/badri_0002.jpg,badri_0002.jpg,142,285,16f87b4864d26296cf1db73f6c00877d3b70a6fa6b791f1cd432e4edb7d0f717,28348fd3526c37767064911c938469f3,d5cb6a889f25964a,train
CAT_COW_BADRI_0006,cow_badri,Badri,cattle,25,dataset/expanded_82_breeds_v2/cattle/cow_badri/badri_0006.jpg,badri_0006.jpg,325,509,0c3380c0a836214d7f6d55ed9ea50c28a5a34603838b4eaa64500043ae02089e,8e6cc7e2ae6ab3bb5971c01f2f74b2f5,bc83ab95329adb21,train
CAT_COW_BADRI_0016,cow_badri,Badri,cattle,25,dataset/expanded_82_breeds_v2/cattle/cow_badri/badri_0016.jpg,badri_0016.jpg,742,1170,b3c9f59d2be1f6344c502e3deb75a1e50232c06429a97a63f155425eaa466cda,d711cdb5a41325ad70879635d571b9ef,99c5e7c26f070687,train
CAT_COW_BADRI_0012,cow_badri,Badri,cattle,25,dataset/expanded_82_breeds_v2/cattle/cow_badri/badri_0012.jpg,badri_0012.jpg,490,550,2656910c455dddfe1cc19e0da95c4ba27554275a91d1688532c4797e505bf064,448af229ae7ca143d553d15b399e08f1,87f0c63fc11c633c,train
CAT_COW_BADRI_0015,cow_badri,Badri,cattle,25,dataset/expanded_82_breeds_v2/cattle/cow_badri/badri_0015.jpg,badri_0015.jpg,2592,1728,50cc7057ca2129eb7bda6cdffa4abf20bab163ae50631660c803c35bfb8f4093,abf5b1c74f38f18128ee1d6852155e27,f6e1017e5818efc8,train
CAT_COW_BADRI_0009,cow_badri,Badri,cattle,25,dataset/expanded_82_breeds_v2/cattle/cow_badri/badri_0009.jpg,badri_0009.jpg,772,852,1be0525690dae6258c0fa739f5ee0379121ec03a4e4e153e78e9ef9eae888148,7f76c0dd403700d9aefc990612c508f2,b8c8e6cf709b344c,train
CAT_COW_BADRI_0014,cow_badri,Badri,cattle,25,dataset/expanded_82_breeds_v2/cattle/cow_badri/badri_0014.jpg,badri_0014.jpg,2736,3648,df2d312cb012ad306220cda71305561d7318256d275e03ca7dc610c3de330076,b29373c20d77510330b9aba253269e35,bc8846a3b14e2df3,train
CAT_COW_BADRI_0003,cow_badri,Badri,cattle,25,dataset/expanded_82_breeds_v2/cattle/cow_badri/badri_0003.jpg,badri_0003.jpg,253,320,800e3601bdbba469e059aba353180d49b08183fd8fea9a637317979d73116a51,82f1dc150b19de6a411f3a04813acdb5,f8a80f16e3c933c6,train
CAT_COW_BADRI_0010,cow_badri,Badri,cattle,25,dataset/expanded_82_breeds_v2/cattle/cow_badri/badri_0010.jpg,badri_0010.jpg,1464,2150,938beb0d7ec20e957c5e99e7cfba5b4cb3233730e68e9a02c925485be0e756f5,4d1a023755b91c731038a3e9ee888528,d04f4ea991395eac,train
CAT_COW_BADRI_0017,cow_badri,Badri,cattle,25,dataset/expanded_82_breeds_v2/cattle/cow_badri/badri_0017.jpg,badri_0017.jpg,2465,2048,d27e9bd508c4d2312d6d86c9e43e385357aafc191f9423dc252547995af195ef,2905c0e79edc6832cc078d850f05ea62,af3e95854ae4b4a4,train
CAT_COW_BARGUR_0001,cow_bargur,Bargur,cattle,26,dataset/expanded_82_breeds_v2/cattle/cow_bargur/bargur_0001.jpg,bargur_0001.jpg,3888,2592,c75a9fa006f3991eb01d9db585da69833267e5e2a8713e8bd86cd916b2818d27,8c37be04019326053065a727a4ea1715,84fcc742834f3dac,train
CAT_COW_BARGUR_0002,cow_bargur,Bargur,cattle,26,dataset/expanded_82_breeds_v2/cattle/cow_bargur/cow_bargur_0002.jpg,cow_bargur_0002.jpg,5184,3456,cfb03973d7f961f4a81b1655a82e5a3131a38392fc4462bde9dff605a457ea64,9b7ac16f362ee7d8a1771aa49113afec,a414dbd6363df901,train
CAT_COW_BARGUR_0006,cow_bargur,Bargur,cattle,26,dataset/expanded_82_breeds_v2/cattle/cow_bargur/cow_bargur_0006.jpg,cow_bargur_0006.jpg,720,711,0e2d45a20b9279f713ec638d6a3a82833daa6b84be65a4d833675369c88cc475,95ade20bacf1ba3690c4ad7fee01ce4f,d9c61eb207eee405,train
CAT_COW_BARGUR_0003,cow_bargur,Bargur,cattle,26,dataset/expanded_82_breeds_v2/cattle/cow_bargur/cow_bargur_0003.jpg,cow_bargur_0003.jpg,5184,3456,299dd3037aeee915addf7cfeb1ea0c8dd1570b032707c97ae0be2ee558ed7e54,ca9c64f66a8f3815c7d124d1a1a92135,b11d83233a1e9dbc,train
CAT_COW_BARGUR_0005,cow_bargur,Bargur,cattle,26,dataset/expanded_82_breeds_v2/cattle/cow_bargur/cow_bargur_0005.jpg,cow_bargur_0005.jpg,640,426,83db308f964854c35a0a93535a5aa1ad88e74fd7576ba71ba58f5905ba3ac25e,072b577110b944860e18034c9e9bc5ef,e0e585809fdb3f18,train
CAT_COW_BELAHI_0002,cow_belahi,Belahi,cattle,27,dataset/expanded_82_breeds_v2/cattle/cow_belahi/belahi_0002.jpg,belahi_0002.jpg,274,184,6acf68dd0ac8c827dd98b10f3c7962909afba3ddf54663494d8c65c4a804b770,7157fee8b1c6a08c7a8ec34aeb590215,b096dbeca69b224c,train
CAT_COW_BINJHARPURI_0002,cow_binjharpuri,Binjharpuri,cattle,28,dataset/expanded_82_breeds_v2/cattle/cow_binjharpuri/binjharpuri_0002.jpg,binjharpuri_0002.jpg,2966,1668,080e70cd936def55514f4c80e700dfaa98b60ed9d7952e986dbec6f67a293a08,73cdbf81a27445826ff315fce64b755b,d2d7c495d1478785,train
CAT_COW_DAGRI_0002,cow_dagri,Dagri,cattle,29,dataset/expanded_82_breeds_v2/cattle/cow_dagri/dagri_0002.jpg,dagri_0002.jpg,689,459,a79118f4b63bf9a9966be62b4c2b6b6ac3a7bb99ae4ed87227825c5a87911f2c,c44fe8fad294c61fdf06c37792337cb5,f70c0e4f68959ba2,train
CAT_COW_DANGI_0043,cow_dangi,Dangi,cattle,30,dataset/expanded_82_breeds_v2/cattle/cow_dangi/cow_dangi_0043.jpg,cow_dangi_0043.jpg,205,247,b04c889c914b55f3afb586a789844e30401ab90e621ee7efbd405bf47f80b271,85c35ec275f024fd26c228d49a71aed6,c7ca74615a362df0,train
CAT_COW_DANGI_0030,cow_dangi,Dangi,cattle,30,dataset/expanded_82_breeds_v2/cattle/cow_dangi/cow_dangi_0030.jpg,cow_dangi_0030.jpg,3968,2976,9af8c01858999b0b5d3c052475ede810b9364d87c5892e9c9052418b4fa74ffb,7b88a38500ac13f50aa6381c025c7e9c,a5b0a3a6839bc78e,train
CAT_COW_DANGI_0031,cow_dangi,Dangi,cattle,30,dataset/expanded_82_breeds_v2/cattle/cow_dangi/cow_dangi_0031.jpg,cow_dangi_0031.jpg,3968,2976,b238cac0ec5bb9fd6455495f0f83a16e18e7b8ed5ac22ee299de1d0a048e2d3b,af94f495ecb607c7bd4742d4068caa3c,c3dbf861019ccd0f,train
CAT_COW_DANGI_0042,cow_dangi,Dangi,cattle,30,dataset/expanded_82_breeds_v2/cattle/cow_dangi/cow_dangi_0042.jpg,cow_dangi_0042.jpg,217,249,7a4e16a13b6d97b87ba9efc70bcf6f1ac5104860942c2aea4a6010f37ef273b5,328c5e3237394d69025be38b77fea3a0,bc38c363e2361e47,train
CAT_COW_DANGI_0040,cow_dangi,Dangi,cattle,30,dataset/expanded_82_breeds_v2/cattle/cow_dangi/cow_dangi_0040.jpg,cow_dangi_0040.jpg,772,427,9fbf2abe82569dd802d287ddc01b82c065c11d853954c43c9230b1da16d8efbc,f1c828513bb766e11b28591126f6437f,fef985a194c8915a,train
CAT_COW_DANGI_0002,cow_dangi,Dangi,cattle,30,dataset/expanded_82_breeds_v2/cattle/cow_dangi/dangi_0002.jpg,dangi_0002.jpg,4032,3024,36bd7b3a412e1e60529a20c5eabc8085bb3d2ae77c4a624209facd7b2fb532be,7943f66be29a4de4785205c6d532f5bb,9dd1f8860ffca103,train
CAT_COW_DANGI_0010,cow_dangi,Dangi,cattle,30,dataset/expanded_82_breeds_v2/cattle/cow_dangi/cow_dangi_0010.jpg,cow_dangi_0010.jpg,309,382,3e77889e8acd63106f690864876f049b4973857be597f3aaef18104b0fd571fb,7d494eb91dffe05d25f787174a1a5e54,aff8c200f407677c,train
CAT_COW_DANGI_0018,cow_dangi,Dangi,cattle,30,dataset/expanded_82_breeds_v2/cattle/cow_dangi/cow_dangi_0018.jpg,cow_dangi_0018.jpg,2592,1944,7937bb60086154e9e99f3f0b746de7dc2eb5453b96f2e7b704303cc9b0af5ff1,e61801253c17341f183ccb86fee89eef,e232f8e91d3c9c46,train
CAT_COW_DANGI_0014,cow_dangi,Dangi,cattle,30,dataset/expanded_82_breeds_v2/cattle/cow_dangi/cow_dangi_0014.jpg,cow_dangi_0014.jpg,488,336,41b199b86065c59b68b012c1a679be44783513e48c9092359b9915ed43dbf7fb,f9ee8719c9c85b58eee1eb1b49cba2e4,abf5b0c8816a9c8f,train
CAT_COW_DANGI_0009,cow_dangi,Dangi,cattle,30,dataset/expanded_82_breeds_v2/cattle/cow_dangi/cow_dangi_0009.jpg,cow_dangi_0009.jpg,355,452,4ca7a7ef5f140bdf16c99b2fbdf9e2a15bfa901b2b57008d3159eff1e148d026,8a15a31b22a066c7c650408eb116af33,bfcef431202427cb,train
CAT_COW_DANGI_0012,cow_dangi,Dangi,cattle,30,dataset/expanded_82_breeds_v2/cattle/cow_dangi/cow_dangi_0012.jpg,cow_dangi_0012.jpg,382,432,b4331345ebca9bea3ce49b44dfb506d573024116f8da43144dddeb3b62e81991,a0740ad5466addd96a75861ccc4939b3,acb4903bc373368b,train
CAT_COW_DANGI_0033,cow_dangi,Dangi,cattle,30,dataset/expanded_82_breeds_v2/cattle/cow_dangi/cow_dangi_0033.jpg,cow_dangi_0033.jpg,291,301,af611d734158639931ac9f811068ae10b7956e5087de1b9ff199fc26c940ac41,268d3f2c3154129a0e8b856c3731def9,e89a81b5c72d3762,train
CAT_COW_DANGI_0037,cow_dangi,Dangi,cattle,30,dataset/expanded_82_breeds_v2/cattle/cow_dangi/cow_dangi_0037.jpg,cow_dangi_0037.jpg,228,265,db1167f0b611527f59e3731d3833e00ab477bfdac2751800a57743b67017db4a,6faf9281dfab2fde351882f3befaa596,eeb0c5cb902ed8f0,train
CAT_COW_DANGI_0025,cow_dangi,Dangi,cattle,30,dataset/expanded_82_breeds_v2/cattle/cow_dangi/cow_dangi_0025.jpg,cow_dangi_0025.jpg,1236,1754,adb1f8ead9a5fc17cbf9314c6192167f7646cc8af67827f948e16c74158bbc0f,c1fc99b7a3326159dc5efaa65b02b766,fe7a81b59dc1c0c4,train
CAT_COW_DANGI_0023,cow_dangi,Dangi,cattle,30,dataset/expanded_82_breeds_v2/cattle/cow_dangi/cow_dangi_0023.jpg,cow_dangi_0023.jpg,1236,1754,a62f7642da6a0c3407febce4234c09eff839fdb2eadf31bb95166aaed2e07036,d70f9dfcb02b629805af3b96416be34d,e73e99658681e598,train
CAT_COW_DANGI_0019,cow_dangi,Dangi,cattle,30,dataset/expanded_82_breeds_v2/cattle/cow_dangi/cow_dangi_0019.jpg,cow_dangi_0019.jpg,2592,1944,e94fed632a2be65addcffcac49230e3da6ff12c5958fc2c4f1ae32ebb041f4b4,91c20c893ed69e1a4cca3ea178320b5e,87a679187a66c699,train
CAT_COW_DANGI_0003,cow_dangi,Dangi,cattle,30,dataset/expanded_82_breeds_v2/cattle/cow_dangi/dangi_0003.jpg,dangi_0003.jpg,4220,3456,d993a3444f608be9f8ac688f51b33bf91fde9c8f9580a4907a5fa626d87a0711,60d03a049c1cd1d2cd111e2ad494bb59,ce48a1a73d5ac356,train
CAT_COW_DANGI_0021,cow_dangi,Dangi,cattle,30,dataset/expanded_82_breeds_v2/cattle/cow_dangi/cow_dangi_0021.jpg,cow_dangi_0021.jpg,6016,3384,6a5e281b810b462c07d6573c91e979b290619e86d3be83cddcd6ef2875968dbe,5d6b60bea346378268994477598e8e83,f48798e7681a1f1c,train
CAT_COW_DANGI_0015,cow_dangi,Dangi,cattle,30,dataset/expanded_82_breeds_v2/cattle/cow_dangi/cow_dangi_0015.jpg,cow_dangi_0015.jpg,199,251,8cd43a8fece29c4550ecc611ab559408df1a26103064946dc18f623cdf0f0fe9,77b876714bf894d6d42913bf79af525f,ec3a1bc1949ae51e,train
CAT_COW_DANGI_0022,cow_dangi,Dangi,cattle,30,dataset/expanded_82_breeds_v2/cattle/cow_dangi/cow_dangi_0022.jpg,cow_dangi_0022.jpg,6016,3384,cc8efb0782358bd5e6f98d3a9386d7f097c2466d3c2807e90de23913f512325d,9deaac865d1e7a1d4adb0815a15a5f5a,b8c693629f685ca5,train
CAT_COW_DANGI_0036,cow_dangi,Dangi,cattle,30,dataset/expanded_82_breeds_v2/cattle/cow_dangi/cow_dangi_0036.jpg,cow_dangi_0036.jpg,680,445,fd2b55e7bd49ac009af8ba9c4b8c47d4461e7a301bd211af7cdb66224c21898d,c5d20cea78d72f14668963e4f3c95468,ba9bc9693cc98133,train
CAT_COW_DANGI_0032,cow_dangi,Dangi,cattle,30,dataset/expanded_82_breeds_v2/cattle/cow_dangi/cow_dangi_0032.jpg,cow_dangi_0032.jpg,3968,2976,e85ea042e5fba7d0aa16c46544e9fcfc0ed9773cd102e2b48c8bdfe77524219c,217e633a93a7c20db18ed6a6f3bc9192,db08e5c9c9da2b58,train
CAT_COW_DANGI_0006,cow_dangi,Dangi,cattle,30,dataset/expanded_82_breeds_v2/cattle/cow_dangi/cow_dangi_0006.jpg,cow_dangi_0006.jpg,348,348,d1b7995a9d915ce02e16f6fabd34b781dac05f837872f7f4895c8a5ab4a84b92,568fbf182ffb16092cbaa97d1b95f459,ca4f8cb0f6b1b1a4,train
CAT_COW_DANGI_0035,cow_dangi,Dangi,cattle,30,dataset/expanded_82_breeds_v2/cattle/cow_dangi/cow_dangi_0035.jpg,cow_dangi_0035.jpg,640,654,e5b04774061f7bf6d8c802f14b726a3b3addb381eb71314df5624eac4695db9d,1a69cd2ba65be95baa18ff580cd47300,d2c0523fc43d27d6,train
CAT_COW_DANGI_0004,cow_dangi,Dangi,cattle,30,dataset/expanded_82_breeds_v2/cattle/cow_dangi/dangi_0004.jpg,dangi_0004.jpg,5184,3456,0112319dcaa4b7dd49451b6016558a5c7f005a362a577eb92141ad7037fa7c55,4272ed5c2b3e6e2530ccc94e07bbcc28,9e14e6e3691a9279,train
CAT_COW_DANGI_0011,cow_dangi,Dangi,cattle,30,dataset/expanded_82_breeds_v2/cattle/cow_dangi/cow_dangi_0011.jpg,cow_dangi_0011.jpg,189,254,c68b431eee20bf8cb716d02d50b0b9f557bc2f2d17b4c3f2853db0075e943882,1e1f67d0399d71d6629743cd52098e01,b82ec730f07266c7,train
CAT_COW_DANGI_0017,cow_dangi,Dangi,cattle,30,dataset/expanded_82_breeds_v2/cattle/cow_dangi/cow_dangi_0017.jpg,cow_dangi_0017.jpg,2592,1944,bbd957afa38a3946b73dc142a9fa3449b272fbc3031ee0a91eeaa73fced96349,cdb3d93073d6bae257929178e1ac9f71,d4adeb5a2553055a,train
CAT_COW_DANGI_0038,cow_dangi,Dangi,cattle,30,dataset/expanded_82_breeds_v2/cattle/cow_dangi/cow_dangi_0038.jpg,cow_dangi_0038.jpg,272,325,ac335b7469bd5761c01bbc7171725a04112489653a402f35d7b33c995d6cfdb1,d0286bd064260b3fa2fc95706794132e,e9e98694972ee48c,train
CAT_COW_DANGI_0007,cow_dangi,Dangi,cattle,30,dataset/expanded_82_breeds_v2/cattle/cow_dangi/cow_dangi_0007.jpg,cow_dangi_0007.jpg,271,294,4585fce0a74458e9c6947a063bb9f5f1774894f6e9b86c000f06530dbbf39ed2,995ff4d855ce2702c61f1d4301f13a03,edc4665bb006d89b,train
CAT_COW_DANGI_0005,cow_dangi,Dangi,cattle,30,dataset/expanded_82_breeds_v2/cattle/cow_dangi/dangi_0005.jpg,dangi_0005.jpg,600,700,7da61b6da45841fe31d0aa7f211ff8d1092064dfd4a40e3b28efa5269b2f0bf7,6d7742c70301e1a4627945081b574bdf,d80d29f80eb3e327,train
CAT_COW_DANGI_0027,cow_dangi,Dangi,cattle,30,dataset/expanded_82_breeds_v2/cattle/cow_dangi/cow_dangi_0027.jpg,cow_dangi_0027.jpg,345,169,099aa75624c6196713470d6854e3b54febba3c221f005c2c657762cb1852e830,f5402956fb6e0c09fcf7756f3b58217c,bce7cc0063fdb2c0,train
CAT_COW_DEONI_0001,cow_deoni,Deoni,cattle,31,dataset/expanded_82_breeds_v2/cattle/cow_deoni/deoni_0001.jpg,deoni_0001.jpg,5184,3456,b44a343268a256430dca29f7d3cfc46e6cf0624be436a7d5d19ab960c7f37f5d,6b8348fc037f3cbfa79fdc8227ee4249,8e02723939fccd8d,train
CAT_COW_DEONI_0003,cow_deoni,Deoni,cattle,31,dataset/expanded_82_breeds_v2/cattle/cow_deoni/deoni_0003.jpg,deoni_0003.jpg,1144,1322,257916074e3a9841d48edc38857f17b112940718962d38bf59bea5fc0f1dec53,3f2d2d1e1461c3dd2c40d9da678e2a67,a1d794e5641679a5,train
CAT_COW_GANGATIRI_0002,cow_gangatiri,Gangatiri,cattle,32,dataset/expanded_82_breeds_v2/cattle/cow_gangatiri/gangatiri_0002.jpg,gangatiri_0002.jpg,5184,3456,4d1c74989a2a1e34735a053d82b3eec58fa9abea780665444c3231ba3c3ab5ff,5ad2ced6b25b2b632dbba13da0bd40ff,9a1a2367ccb89b9a,train
CAT_COW_GANGATIRI_0006,cow_gangatiri,Gangatiri,cattle,32,dataset/expanded_82_breeds_v2/cattle/cow_gangatiri/gangatiri_0006.jpg,gangatiri_0006.jpg,4000,2000,16c2d3f0d26f705cca44bc6361fa87bba2ff651026435792963b2fa7c15ac1a1,b472af0a5e44af16e2c9cd0fe84e1cbe,d5816ec478d3f065,train
CAT_COW_GANGATIRI_0001,cow_gangatiri,Gangatiri,cattle,32,dataset/expanded_82_breeds_v2/cattle/cow_gangatiri/gangatiri_0001.jpg,gangatiri_0001.jpg,3294,1647,17236ffb086601258d87f6627b8ca3f852e3aa72e2aa89b049348af74ec50f2c,a792f4b7c05daf6d4ec3d0fe28a4e1cc,86e35e495e954696,train
CAT_COW_GANGATIRI_0008,cow_gangatiri,Gangatiri,cattle,32,dataset/expanded_82_breeds_v2/cattle/cow_gangatiri/gangatiri_0008.jpg,gangatiri_0008.jpg,2200,1233,8802bfb8772862eb33a7ca70cd8cd46da13c3be16da19b7ea55ea808ddfb5af1,a8603d4d6cb3ea007e0c46d1397ed054,b7dc4a23f1d1903a,train
CAT_COW_GANGATIRI_0003,cow_gangatiri,Gangatiri,cattle,32,dataset/expanded_82_breeds_v2/cattle/cow_gangatiri/gangatiri_0003.jpg,gangatiri_0003.jpg,4908,3456,06abc2bac103ffc5a04349aea5393a0bc265652ddd2c939ae041de8412ae92be,3037455dd7d67ac9e52a5d50e8662472,d0606567efdcd0c2,train
CAT_COW_GANGATIRI_0005,cow_gangatiri,Gangatiri,cattle,32,dataset/expanded_82_breeds_v2/cattle/cow_gangatiri/gangatiri_0005.jpg,gangatiri_0005.jpg,2701,2091,85dd7a9275acf569fd4cf3be9bd65534ffbb1c7d5a326d4f8eae36ad0337d621,b5f4d888a285927e270fac12030883ad,90901ec7859f367e,train
CAT_COW_GAOLAO_0001,cow_gaolao,Gaolao,cattle,33,dataset/expanded_82_breeds_v2/cattle/cow_gaolao/gaolao_0001.jpg,gaolao_0001.jpg,5184,3456,717005b0ec6fded10dec9c3bf708fcc0f1b3db5faff9263e351fa768da856900,fbf4f0af3de207f4ff6531de235d2194,e648713397cecca1,train
CAT_COW_GAOLAO_0018,cow_gaolao,Gaolao,cattle,33,dataset/expanded_82_breeds_v2/cattle/cow_gaolao/cow_gaolao_0018.jpg,cow_gaolao_0018.jpg,2592,3888,3679ced235fb131ea767f5f37a94e2fa8444c5dcddd64f9b575f707223fc54d2,54cecbbc062bff8dccc9ee5a5ce4c82a,ede9c75e0a84d0e4,train
CAT_COW_GAOLAO_0029,cow_gaolao,Gaolao,cattle,33,dataset/expanded_82_breeds_v2/cattle/cow_gaolao/cow_gaolao_0029.jpg,cow_gaolao_0029.jpg,3112,4500,76e306d2cb80e42745bcb8e269a1e7b5e6e9c2b95b0857ed2dbec8e0cf588ea0,afb0775f2bf7f41741a9220106a63fee,98b1664e3331de36,train
CAT_COW_GAOLAO_0020,cow_gaolao,Gaolao,cattle,33,dataset/expanded_82_breeds_v2/cattle/cow_gaolao/cow_gaolao_0020.jpg,cow_gaolao_0020.jpg,299,479,70df9bcb38347d565025c3463347221becb383b251f2ab62a3f24fd593d75e13,3944717cfaf7cdd5ff4f02622531ed39,f4a4c3d64abd6892,train
CAT_COW_GAOLAO_0011,cow_gaolao,Gaolao,cattle,33,dataset/expanded_82_breeds_v2/cattle/cow_gaolao/cow_gaolao_0011.jpg,cow_gaolao_0011.jpg,540,720,2fbe3af1b4dc2f4954e113fd6f9f3357e54ade56af6f50224637ec9d13b96e30,5bc1c57a810decea08021ee9981fea3a,e9b9d0566e2dc550,train
CAT_COW_GAOLAO_0012,cow_gaolao,Gaolao,cattle,33,dataset/expanded_82_breeds_v2/cattle/cow_gaolao/cow_gaolao_0012.jpg,cow_gaolao_0012.jpg,371,423,95ce5cba852b2cc85ea3114fee5d4daf231c9ff84f056d9779ccb5faf87e3890,8144584dc90b849c707a3abea6417690,ecb4934aa643dba4,train
CAT_COW_GAOLAO_0022,cow_gaolao,Gaolao,cattle,33,dataset/expanded_82_breeds_v2/cattle/cow_gaolao/cow_gaolao_0022.jpg,cow_gaolao_0022.jpg,894,1264,05ce84a0d32f493f91837db97547d0367848ba7a4462c65136ebb9c7a48e4f6d,d7055139ba965b375a1884a807a6f229,c22afe293c4371f4,train
CAT_COW_GAOLAO_0024,cow_gaolao,Gaolao,cattle,33,dataset/expanded_82_breeds_v2/cattle/cow_gaolao/cow_gaolao_0024.jpg,cow_gaolao_0024.jpg,2809,1873,bccc374004e5ee9a36e27956d3af6add187fa3964c95db8e037adfd04bd196bc,3bdf6a7ce82a46c88ec913fae413a454,a4f5734cd4ab88e4,train
CAT_COW_GAOLAO_0015,cow_gaolao,Gaolao,cattle,33,dataset/expanded_82_breeds_v2/cattle/cow_gaolao/cow_gaolao_0015.jpg,cow_gaolao_0015.jpg,3264,2448,9115181095061f67b593711f78e11617d5b3d915027e4dad81dbb825de29b709,47c72daee0fd4f91b4d54759049f0769,c3d01de724adc539,train
CAT_COW_GAOLAO_0003,cow_gaolao,Gaolao,cattle,33,dataset/expanded_82_breeds_v2/cattle/cow_gaolao/cow_gaolao_0003.jpg,cow_gaolao_0003.jpg,2048,1365,8fe87f7293709316d56c67837efa5619ddb180713fe02a0a7a72fd71ee477907,c526d4229855bc48bff58b3bbf39a3cc,a2e24fb531da4b45,train
CAT_COW_GAOLAO_0007,cow_gaolao,Gaolao,cattle,33,dataset/expanded_82_breeds_v2/cattle/cow_gaolao/cow_gaolao_0007.jpg,cow_gaolao_0007.jpg,1536,2048,9026dccd03526eeca04ac8f840e2e9693266faa81ea54488cc977cc59c530f9f,8de025ad727c6f0cbbd7ceb72eade40b,8f879d6aeb234d40,train
CAT_COW_GAOLAO_0019,cow_gaolao,Gaolao,cattle,33,dataset/expanded_82_breeds_v2/cattle/cow_gaolao/cow_gaolao_0019.jpg,cow_gaolao_0019.jpg,2592,3888,2d5757382ba79f201b601c4b88c42f3a7e13beab75c21112481c7377cb677697,6e8e846824d3025f92fe826c23435b38,dadaf2752c071706,train
CAT_COW_GAOLAO_0008,cow_gaolao,Gaolao,cattle,33,dataset/expanded_82_breeds_v2/cattle/cow_gaolao/cow_gaolao_0008.jpg,cow_gaolao_0008.jpg,1080,1920,348daa9b78d53e9be07a09dacb79977eb7eae26004dc78a6f0e46f3131038cb4,6c9c5bffaf59fe0c863033aac5e2f3fc,e038c717d530ee1b,train
CAT_COW_GAOLAO_0016,cow_gaolao,Gaolao,cattle,33,dataset/expanded_82_breeds_v2/cattle/cow_gaolao/cow_gaolao_0016.jpg,cow_gaolao_0016.jpg,3264,2448,8cc0f90837e50839675fd5ca7a34b001f575c0a14e27e61720a384df6b62c30e,b3fbda2f2ef2f25e1a6fb9b71c8f022b,930c7b7c086b74f4,train
CAT_COW_GAOLAO_0014,cow_gaolao,Gaolao,cattle,33,dataset/expanded_82_breeds_v2/cattle/cow_gaolao/cow_gaolao_0014.jpg,cow_gaolao_0014.jpg,3264,2448,4f32f07d01620a71d043aa2db16c2906f6a0b75fcd772eb93b7c6262b0e63209,55a7e4563143ef60e78c2d49f47c69b9,d0d69cc07f2129f6,train
CAT_COW_GAOLAO_0027,cow_gaolao,Gaolao,cattle,33,dataset/expanded_82_breeds_v2/cattle/cow_gaolao/cow_gaolao_0027.jpg,cow_gaolao_0027.jpg,802,590,aaf34d899d4e244a6f1c35f16cb6c48d313f99b675bcb0e86e2ead9b9627ac4c,b2013a6834e4f1566c43d7a741114d75,db2fe8908bc62e98,train
CAT_COW_GAOLAO_0004,cow_gaolao,Gaolao,cattle,33,dataset/expanded_82_breeds_v2/cattle/cow_gaolao/cow_gaolao_0004.jpg,cow_gaolao_0004.jpg,2048,899,28dc88ed836ca5300a510870ba7b609ae65f37f2c507c962ae281b21b8d0ef86,c5df3bf2705a1143f525e7c4de20efbe,b1668b8f2cc18ee6,train
CAT_COW_GAOLAO_0005,cow_gaolao,Gaolao,cattle,33,dataset/expanded_82_breeds_v2/cattle/cow_gaolao/cow_gaolao_0005.jpg,cow_gaolao_0005.jpg,899,2048,32cc4644912abebffaf0e5ecc329f942402f7e49ddecef179dadc4a2ae07b53f,6e18163ca95f7fc3b78860ee818ed524,f34c99e338591ca5,train
CAT_COW_GAOLAO_0032,cow_gaolao,Gaolao,cattle,33,dataset/expanded_82_breeds_v2/cattle/cow_gaolao/cow_gaolao_0032.jpg,cow_gaolao_0032.jpg,2000,3000,eaaf8eb0de0136b261f744757d7d719e3e77dc6b5f8574ee7fe380a685cce48b,691364e1972bc12c024912e3419a03c6,addce7083ae598c2,train
CAT_COW_GAOLAO_0006,cow_gaolao,Gaolao,cattle,33,dataset/expanded_82_breeds_v2/cattle/cow_gaolao/cow_gaolao_0006.jpg,cow_gaolao_0006.jpg,2048,899,6761bd834bd01dec6223c2812bc07fff940ed233d8b995de0124c9265ba1e83d,1153e3fdcf7fc922a2a7ec32be4bf387,a3d2d69d8d89898b,train
CAT_COW_GAOLAO_0030,cow_gaolao,Gaolao,cattle,33,dataset/expanded_82_breeds_v2/cattle/cow_gaolao/cow_gaolao_0030.jpg,cow_gaolao_0030.jpg,5250,3508,9444bb81cce44f57d7e9faf2cc316204b3f588f5ef861a5a8d0f1336848ab952,ab0e1e8bd78d59aa4eed8eb2388dcfee,b483feb8b70943c1,train
CAT_COW_GAOLAO_0026,cow_gaolao,Gaolao,cattle,33,dataset/expanded_82_breeds_v2/cattle/cow_gaolao/cow_gaolao_0026.jpg,cow_gaolao_0026.jpg,1149,1653,4157aed2ddda09bbfeca5f8fcee6d7764bdaa397c1a153358a1ac4d510966e62,a508102195080058f16d94ea74f3619d,8cc6b3dd66496992,train
CAT_COW_GAOLAO_0033,cow_gaolao,Gaolao,cattle,33,dataset/expanded_82_breeds_v2/cattle/cow_gaolao/cow_gaolao_0033.jpg,cow_gaolao_0033.jpg,3000,4512,324bc4316e6ab2c8bab42ef76ab3575ad0e198f24e3669a6bf12f34011b4aa09,c0208c228849a7d36f09c77c34f22087,b5a60efa31c2322f,train
CAT_COW_GHUMUSARI_0001,cow_ghumusari,Ghumusari,cattle,34,dataset/expanded_82_breeds_v2/cattle/cow_ghumusari/ghumusari_0001.jpg,ghumusari_0001.jpg,232,149,e80d65563301b40be97e912859397f8462e1c18e1351e8296819826899a7c304,3e059a6fb3563d7118b30ad5bf06c089,9e4e43793034fcc6,train
CAT_COW_GIR_0028,cow_gir,Gir,cattle,35,dataset/expanded_82_breeds_v2/cattle/cow_gir/gir_0028.jpg,gir_0028.jpg,5712,4284,3f0431bdf6044bdbfe689b43b38ff69e234150a740276232ca2ece1f7f9c273e,92c32cca4bc9186e3603ee943aa8655c,afe184b419c3cec9,train
CAT_COW_GIR_0016,cow_gir,Gir,cattle,35,dataset/expanded_82_breeds_v2/cattle/cow_gir/gir_0016.jpg,gir_0016.jpg,6123,4082,4d8d216fd4101bf7b6ea994dc6ebf6cf8e88588c210bade695c8ecb9dd72059f,f8dc79f7e053cdd4f5da408a129007f1,9dc1227e9d80729f,train
CAT_COW_GIR_0024,cow_gir,Gir,cattle,35,dataset/expanded_82_breeds_v2/cattle/cow_gir/gir_0024.jpg,gir_0024.jpg,2432,3648,fa7d66695050d5e8186d45571bb1ddcaa4cfa5c9659fcbc7c769c997a7ace5fb,062dc398eacade42a89065e7779f472c,b72cc8e3a3d81d83,train
CAT_COW_GIR_0018,cow_gir,Gir,cattle,35,dataset/expanded_82_breeds_v2/cattle/cow_gir/gir_0018.jpg,gir_0018.jpg,3661,2495,53bf1737cbfe545b91c493271576bac76ce1e1bf74384a597226cb941f17a764,5c35faf501c5aca9c72ddbb45f0dedad,eab5c82c93ccf126,train
CAT_COW_GIR_0009,cow_gir,Gir,cattle,35,dataset/expanded_82_breeds_v2/cattle/cow_gir/gir_0009.jpg,gir_0009.jpg,4608,3456,c36d231ece1c79e416a942f3a5858508d9cac09e1b1364170637dba66a86c6f0,bf22751604e73f0cc5f549cd98b45945,f782b3bb90ab1710,train
CAT_COW_GIR_0010,cow_gir,Gir,cattle,35,dataset/expanded_82_breeds_v2/cattle/cow_gir/gir_0010.jpg,gir_0010.jpg,4208,2368,7d8824c6b6c9078f1b450ca53fbab9ac639b25eac35737484d5531f87920c422,a8e3c1f2d71581aebbf6935f37c34eba,bbbf95b8a1634244,train
CAT_COW_GIR_0030,cow_gir,Gir,cattle,35,dataset/expanded_82_breeds_v2/cattle/cow_gir/gir_0030.jpg,gir_0030.jpg,4032,3024,ae7b21ce3d0794894a13e630339e9f3e21f6f602a4de239072b80f3b8515cbc2,3db613c1b9e60404394018f256d17c1d,f033997131b3606f,train
CAT_COW_GIR_0025,cow_gir,Gir,cattle,35,dataset/expanded_82_breeds_v2/cattle/cow_gir/gir_0025.jpg,gir_0025.jpg,5712,4284,dc72cdd347f9d1fce28a50c27ead80da269f6b2b26240fe3e95cfbc1464f70fb,9f66ed3f0be3b5fc23143286692d02ee,a7eac0b59dc0cf84,train
CAT_COW_GIR_0013,cow_gir,Gir,cattle,35,dataset/expanded_82_breeds_v2/cattle/cow_gir/gir_0013.jpg,gir_0013.jpg,4608,3456,88901a9eb8558e8c42f97a13b620a8b8b0f2da064c1f6b0ea141c7cddb80d17a,ea4d02a870cc3ddcb4fe60389b1f2bca,f20d86690eb6fe82,train
CAT_COW_GIR_0001,cow_gir,Gir,cattle,35,dataset/expanded_82_breeds_v2/cattle/cow_gir/gir_0001.jpg,gir_0001.jpg,6039,4026,2a5e27bf03b57f24e6de2d536b4a7d19093c6ff52f04dc2bb4e462c63c93d7df,1c9dab35a181862a189cbcabb911c65f,f1c7a936b027622b,train
CAT_COW_GIR_0005,cow_gir,Gir,cattle,35,dataset/expanded_82_breeds_v2/cattle/cow_gir/gir_0005.jpg,gir_0005.jpg,1931,1855,a5e8d6caa83b81f3a0cbc031507456add88481fe3e90494aab73a1a773bef672,089a9acf4f2c1c77d55a550cf8e6579a,b5dacb779caa001c,train
CAT_COW_GIR_0017,cow_gir,Gir,cattle,35,dataset/expanded_82_breeds_v2/cattle/cow_gir/gir_0017.jpg,gir_0017.jpg,633,594,80c73f5ffa46eedc9335075984bb3b4ef0c9de42f7946529674e8a7559d19e48,e92ea41e7a3a8d9f0931d3db8c5c1606,a61353bca53f9c03,train
CAT_COW_GIR_0006,cow_gir,Gir,cattle,35,dataset/expanded_82_breeds_v2/cattle/cow_gir/gir_0006.jpg,gir_0006.jpg,5456,3992,8a1438141e4bb5178e1bfcfe8f141a39f67f6e6b3d2bd6dc2cf46c8aa39975d1,7e714d141011114c4a88765e60f477c6,c3bcbc838ccb3543,train
CAT_COW_GIR_0014,cow_gir,Gir,cattle,35,dataset/expanded_82_breeds_v2/cattle/cow_gir/gir_0014.jpg,gir_0014.jpg,3264,2448,8e5edf63a5a6e53f1086b41622ec5f2641d914384897298a494f720729d057f1,504e636a000bb4c710e1bdb7e1c34661,f4d68bc945959923,train
CAT_COW_GIR_0012,cow_gir,Gir,cattle,35,dataset/expanded_82_breeds_v2/cattle/cow_gir/gir_0012.jpg,gir_0012.jpg,4608,3456,4a20f84bc97b15ba52733431d9f04f4414924cf926676b2bf19a84350609afce,b4c081d580cc0194a064fab5bec40e31,c3e1e98c8e1b9356,train
CAT_COW_GIR_0023,cow_gir,Gir,cattle,35,dataset/expanded_82_breeds_v2/cattle/cow_gir/gir_0023.jpg,gir_0023.jpg,4320,3240,15b78dceeaa1d93f05c0b83452e241a57c6b94d59231c642a63806930207743e,db90f9ba14506c4aa5a6093a3b1d2c1f,d4542d2949cbfe16,train
CAT_COW_GIR_0002,cow_gir,Gir,cattle,35,dataset/expanded_82_breeds_v2/cattle/cow_gir/gir_0002.jpg,gir_0002.jpg,236,157,2c429caacf825933f66b161234c5b41a2b32577542ec4a0e6dc276eb8fffc854,de0be4394d605e2648c5c66fb0b5aac2,e34c482a67774733,train
CAT_COW_GIR_0003,cow_gir,Gir,cattle,35,dataset/expanded_82_breeds_v2/cattle/cow_gir/gir_0003.jpg,gir_0003.jpg,600,450,373562b9768d8db3562f5cf5cd88e2c46338c0a9bdc6171df17e965778e76751,827f96272410f5c274caa5153da83fc0,a089c6b4919f5b3b,train
CAT_COW_GIR_0026,cow_gir,Gir,cattle,35,dataset/expanded_82_breeds_v2/cattle/cow_gir/gir_0026.jpg,gir_0026.jpg,1080,1294,546074aafc798ffafb7afa1c874e1728ea307c42a155305f0dcd4b79894f6ad5,10decb7686f6116dccc0ab3fb16bb2e9,a12b1e2ee3e984e5,train
CAT_COW_GIR_0004,cow_gir,Gir,cattle,35,dataset/expanded_82_breeds_v2/cattle/cow_gir/gir_0004.jpg,gir_0004.jpg,2700,1851,ea43c80367a325b04dcd67908e734b07eb7d915ca87698c1459f150783bc8e3f,1f7e265fe56ae75e81058ebf4ce6df88,bf15c12b3ac9e80b,train
CAT_COW_GIR_0022,cow_gir,Gir,cattle,35,dataset/expanded_82_breeds_v2/cattle/cow_gir/gir_0022.jpg,gir_0022.jpg,1600,1292,558f794ba5e40beb41c1079633e21c46b3b69ae77e63fd28fc3772c9c6d19194,e5b006563585a56aca4fc3839e161c1d,d3d2dae22f053c2c,train
CAT_COW_HALLIKAR_0001,cow_hallikar,Hallikar,cattle,36,dataset/expanded_82_breeds_v2/cattle/cow_hallikar/hallikar_0001.jpg,hallikar_0001.jpg,1536,2048,50d7a358a9fe406b98f4f47df192d2f6c4f87e7607942f7b13b19cddef2a48cb,f7db9eb0a51036481ca173b617b616ed,911472e4f5ac29ed,train
CAT_COW_HALLIKAR_0002,cow_hallikar,Hallikar,cattle,36,dataset/expanded_82_breeds_v2/cattle/cow_hallikar/hallikar_0002.jpg,hallikar_0002.jpg,2344,2516,3762697eff497605bccbcdae04ad948c54ba3020eee655920dcd433e55c8e7b1,6d43d6773a5bdb96dfc9b13ba53951ee,f994bc6bc13434d2,train
CAT_COW_HALLIKAR_0006,cow_hallikar,Hallikar,cattle,36,dataset/expanded_82_breeds_v2/cattle/cow_hallikar/hallikar_0006.jpg,hallikar_0006.jpg,5184,3456,faecd6f37f38284e55e6a85aedf1712887b1401739c3983225c98daba83f0640,b6723c92b4b0c9943b255355b19dd051,e5757575f0e08581,train
CAT_COW_HALLIKAR_0003,cow_hallikar,Hallikar,cattle,36,dataset/expanded_82_breeds_v2/cattle/cow_hallikar/hallikar_0003.jpg,hallikar_0003.jpg,2147,1702,3d6b3cd7b52daf5961bdddfc3ebbff1e1c64cf2fcbe4e511cd0e8f6f4a69efb8,08438bd530d54f43bdee3f889bcefe84,ab9994e3f138b445,train
CAT_COW_HARIANA_0001,cow_hariana,Hariana,cattle,37,dataset/expanded_82_breeds_v2/cattle/cow_hariana/hariana_0001.jpg,hariana_0001.jpg,5184,3456,feb13d255d4f982e448fc1436b22a5f22413afd2b459298bd4b63da4a52eff5b,0be59d809206c0e9aaff7374c3229506,de2693c3acccc171,train
CAT_COW_HIMACHALI_PAHARI_0002,cow_himachali_pahari,Himachali Pahari,cattle,38,dataset/expanded_82_breeds_v2/cattle/cow_himachali_pahari/himachali_pahari_0002.jpg,himachali_pahari_0002.jpg,682,457,662ea92d6ca579ccd5ce2a82bb96c302f8e762a062a95443c57eaea2b3be192f,fa334f5d56dd391dc9e4a63b5fc9081d,a95a8b657c3b8b14,train
CAT_COW_KANGAYAM_0001,cow_kangayam,Kangayam,cattle,39,dataset/expanded_82_breeds_v2/cattle/cow_kangayam/kangayam_0001.jpg,kangayam_0001.jpg,720,744,5d7fe6c7216bba4f6b51f18351d510dea7ca5f0980690f00ddea02dc3033d538,d4aed9535c57fb684cd5f1403e1e95fa,8f11908f8de6392f,train
CAT_COW_KANGAYAM_0002,cow_kangayam,Kangayam,cattle,39,dataset/expanded_82_breeds_v2/cattle/cow_kangayam/kangayam_0002.jpg,kangayam_0002.jpg,4208,2368,4c7e3a1903193a95adc5f5f5dd052d5cd44d81c5f47d98194bd909e1db3997f9,d392dcc1dc2230d830362c13a9d68663,a9145563e5999ed8,train
CAT_COW_KANGAYAM_0006,cow_kangayam,Kangayam,cattle,39,dataset/expanded_82_breeds_v2/cattle/cow_kangayam/kangayam_0006.jpg,kangayam_0006.jpg,3307,2772,0d1e4b671a34ba203b9fb393d0dc0eeaedeb30a179611051e95d4d8098d49c30,bbabacf2e72b2f0201ad5240cab80f63,a210d9cbb3f6d861,train
CAT_COW_KANGAYAM_0016,cow_kangayam,Kangayam,cattle,39,dataset/expanded_82_breeds_v2/cattle/cow_kangayam/kangayam_0016.jpg,kangayam_0016.jpg,2394,3055,e3b60fdf2ff7022a4309b1f6d7de52ed95a6f1517c6475f3757e423f7e7a6523,d7997382f5f16cf5ab8564596c82ba8a,8d4d38394dce523b,train
CAT_COW_KANGAYAM_0012,cow_kangayam,Kangayam,cattle,39,dataset/expanded_82_breeds_v2/cattle/cow_kangayam/kangayam_0012.jpg,kangayam_0012.jpg,4000,6000,511e76da95745b5d487b5de83e3fe69b06ebfaa412fbd346e37b5c338bdd3370,5f7fdc40509632246f04c81f2cc2c644,b4c81f43b3b44c3d,train
CAT_COW_KANGAYAM_0015,cow_kangayam,Kangayam,cattle,39,dataset/expanded_82_breeds_v2/cattle/cow_kangayam/kangayam_0015.jpg,kangayam_0015.jpg,2250,3072,2ba0b0eab80c194dd5b0ecbb772710a2a83b72e0a99cfc577bf5bc4a5393b27f,768c308657ea71f7689877a1c6fb7e0c,f1755efce21e0e00,train
CAT_COW_KANGAYAM_0009,cow_kangayam,Kangayam,cattle,39,dataset/expanded_82_breeds_v2/cattle/cow_kangayam/kangayam_0009.jpg,kangayam_0009.jpg,1010,1150,879a8f5403ed2e87113dc45d5ee5efc46596178ded7724801489d5c12f6ffaf2,722e5644ee91d651457970b4439ca062,d1132a1ac7edf0a9,train
CAT_COW_KANGAYAM_0014,cow_kangayam,Kangayam,cattle,39,dataset/expanded_82_breeds_v2/cattle/cow_kangayam/kangayam_0014.jpg,kangayam_0014.jpg,1967,1858,ab08c1856a73da3afc3db9ffea02ed2a27c95f7b9e3f1b91f4ea471e98d5a832,5d8c6559a710696bdfa27dd371285793,ec49123ac9c6b8ee,train
CAT_COW_KANGAYAM_0003,cow_kangayam,Kangayam,cattle,39,dataset/expanded_82_breeds_v2/cattle/cow_kangayam/kangayam_0003.jpg,kangayam_0003.jpg,2592,1944,533d12f3ac4094ce49c3c1f931ed4fcfbede4a8463ec769e06b4af52f3c70188,a34bec68f98efe5bf19765d5d594c5d7,b07ccfc36646454e,train
CAT_COW_KANGAYAM_0010,cow_kangayam,Kangayam,cattle,39,dataset/expanded_82_breeds_v2/cattle/cow_kangayam/kangayam_0010.jpg,kangayam_0010.jpg,1161,952,987b96a3b517880d2d3057e13c4fdb291fef92849eba5c58c81e96cd11471d8a,b1faa31c18d9314303f2d847b270b6b6,e5c1626ed861ecb1,train
CAT_COW_KANGAYAM_0017,cow_kangayam,Kangayam,cattle,39,dataset/expanded_82_breeds_v2/cattle/cow_kangayam/kangayam_0017.jpg,kangayam_0017.jpg,4032,3024,dc5332525b5f8834a04f66382b70d454859d5a4bca1abb34649347e5aa9f7a59,3bc6f92435360052f0789e453256d047,bc1ff0cf70ce8230,train
CAT_COW_KANKREJ_0010,cow_kankrej,Kankrej,cattle,40,dataset/expanded_82_breeds_v2/cattle/cow_kankrej/kankrej_0010.jpg,kankrej_0010.jpg,5184,3456,f3bab42b53068e672238c9ab006d13718713ae08803eabebf4b16ee34d9b8017,e98d9a2eb07ac6b3ce5bf0e75adecaad,a601988ced63dbe3,train
CAT_COW_KANKREJ_0012,cow_kankrej,Kankrej,cattle,40,dataset/expanded_82_breeds_v2/cattle/cow_kankrej/kankrej_0012.jpg,kankrej_0012.jpg,4416,3072,fe1d10018b351904c53e775f1ed8145dd5d585a0ec6e2564bf97d35a062953dd,dbf1c55f91960c1a9fa38da752e6c95d,d49473632e6e3923,train
CAT_COW_KANKREJ_0001,cow_kankrej,Kankrej,cattle,40,dataset/expanded_82_breeds_v2/cattle/cow_kankrej/kankrej_0001.jpg,kankrej_0001.jpg,3840,2160,e35a951386903b93bfaf461b8cfcd1d7f4293ab16c6828e9f98356697e8d167f,baf4406959788f99b785d7f1739d706b,a6c5d1b2be70130f,train
CAT_COW_KANKREJ_0015,cow_kankrej,Kankrej,cattle,40,dataset/expanded_82_breeds_v2/cattle/cow_kankrej/kankrej_0015.jpg,kankrej_0015.jpg,1416,906,c7f068786a83762708b6825ce7513d89768eb1907589a819bf9c164972ec503e,7a93871c9e0f28d88179a93216071f90,fd168157d4ba04e9,train
CAT_COW_KANKREJ_0006,cow_kankrej,Kankrej,cattle,40,dataset/expanded_82_breeds_v2/cattle/cow_kankrej/kankrej_0006.jpg,kankrej_0006.jpg,1920,1280,ff58dfec937b58b6cdbf585f0a369f40f5c437aa34a95fad16ccfe2466aadc10,a1464f2573767127058e9332aa9b58de,802cf799add61d4a,train
CAT_COW_KANKREJ_0009,cow_kankrej,Kankrej,cattle,40,dataset/expanded_82_breeds_v2/cattle/cow_kankrej/kankrej_0009.jpg,kankrej_0009.jpg,3759,2821,c0274845ac08253204e8ce9c2d39ed60d85fdb4f82ce9dbd47b0188936e3c49c,ddaed5bbc6b03937ce8da61fdc66831f,ae40d1123eefe1d8,train
CAT_COW_KANKREJ_0003,cow_kankrej,Kankrej,cattle,40,dataset/expanded_82_breeds_v2/cattle/cow_kankrej/kankrej_0003.jpg,kankrej_0003.jpg,3264,1836,133319de06e225d6909d807d4303adb3fc0fd7d8026f5b0a4e628a2e0b0e4eb9,4180c6aa8e0c1d0b569f4355fb79cdaf,b6b390a4a5e1c9cb,train
CAT_COW_KANKREJ_0002,cow_kankrej,Kankrej,cattle,40,dataset/expanded_82_breeds_v2/cattle/cow_kankrej/kankrej_0002.jpg,kankrej_0002.jpg,1920,1280,19d2e0e661efbfb434d04055aecd7663d370a97744c18c14df0ded22e9e80e97,32be093e46bdad336be2a6b55bb40e13,ad2d89b4315bfa48,train
CAT_COW_KANKREJ_0016,cow_kankrej,Kankrej,cattle,40,dataset/expanded_82_breeds_v2/cattle/cow_kankrej/kankrej_0016.jpg,kankrej_0016.jpg,1600,790,f8f7c6718058e7a0972eea4fe1c849e63ecde6645b8ad768b6c12914e517f3a9,8002624b113c6b69d104115cee7fd4f4,d51e4510eb3e1ba5,train
CAT_COW_KANKREJ_0005,cow_kankrej,Kankrej,cattle,40,dataset/expanded_82_breeds_v2/cattle/cow_kankrej/kankrej_0005.jpg,kankrej_0005.jpg,1920,1280,2e1308606bac8b1f5c9ad499b26bf8e51da632c4dc2b0cd6a280bd9c03f24c41,b9f263eeb916b46a9c92b34073199493,f648a463f6264cbc,train
CAT_COW_KANKREJ_0008,cow_kankrej,Kankrej,cattle,40,dataset/expanded_82_breeds_v2/cattle/cow_kankrej/kankrej_0008.jpg,kankrej_0008.jpg,5184,3456,97cfc33bae1077138944506eca8f05b0eea9341da760f57cbebd893ab1f2b3c7,69564af4d7eaad0ffb934ea9ca46df86,b64403c33eece70b,train
CAT_COW_KATHANI_0002,cow_kathani,Kathani,cattle,41,dataset/expanded_82_breeds_v2/cattle/cow_kathani/kathani_0002.jpg,kathani_0002.jpg,253,190,6d0cf646031d319c3f2792a2e0ebe96d78a9cfea2dba95406d9c0cb82452f609,871e0f33e25de53cfb1ccb28b2d0e6c9,c79a782741d8de83,train
CAT_COW_KENKATHA_0002,cow_kenkatha,Kenkatha,cattle,42,dataset/expanded_82_breeds_v2/cattle/cow_kenkatha/kenkatha_0002.jpg,kenkatha_0002.jpg,5184,3456,ae20a6133d690f8fe6987e008bfd127a2e40fce32766682ea51638a844efa94f,4b4edcfbc2b512441c242adc0d7480c8,aa39d5466c583a6e,train
CAT_COW_KHARIAR_0001,cow_khariar,Khariar,cattle,43,dataset/expanded_82_breeds_v2/cattle/cow_khariar/khariar_0001.jpg,khariar_0001.jpg,360,270,1d92edf8c10a72cf1d2ff89b8c509985456ef16e5552576fb1f23ff5089605aa,bba88d372407774c625ba0c55fefc849,f1d1c50d0d69f872,train
CAT_COW_KHERIGARH_0002,cow_kherigarh,Kherigarh,cattle,44,dataset/expanded_82_breeds_v2/cattle/cow_kherigarh/kherigarh_0002.jpg,kherigarh_0002.jpg,5184,3456,b857c7731088877c23d6a82079b23e2923c50bb6c2f6369daa81db5c575274ed,825f6e70ea52cae9900eb7a273282c51,c642fb3decc6c070,train
CAT_COW_KHILLAR_0002,cow_khillar,Khillar,cattle,45,dataset/expanded_82_breeds_v2/cattle/cow_khillar/khillar_0002.jpg,khillar_0002.jpg,5184,3456,7504e35976f58dfa4a9ce88412fc94069c6c77c3f29df542a6218c7e80b0f8ba,84d904bd4f6b5669bc0ba4f994674963,96166868f3b89e33,train
CAT_COW_KONKAN_KAPILA_0002,cow_konkan_kapila,Konkan Kapila,cattle,46,dataset/expanded_82_breeds_v2/cattle/cow_konkan_kapila/konkan_kapila_0002.jpg,konkan_kapila_0002.jpg,593,445,ebc71fc7ac7563205130b662a85d45f731e660fec34d187867db428847793eaa,0c2298728b8fe24152df2ed1e4206c0a,fb8e94c0606a7b69,train
CAT_COW_KOPPAL_0001,cow_koppal,Koppal,cattle,47,dataset/expanded_82_breeds_v2/cattle/cow_koppal/koppal_0001.jpg,koppal_0001.jpg,5184,3456,86b1d104c2a835d91436ad3827c0a5fa69f8087f13d47dd027e137177fcb7a9c,0355193ca8fffb2b29cf5110bc9bb3c4,a4e8d5f2da22419f,train
CAT_COW_KOSALI_0001,cow_kosali,Kosali,cattle,48,dataset/expanded_82_breeds_v2/cattle/cow_kosali/kosali_0001.jpg,kosali_0001.jpg,360,185,75226a6ed9ec3248aa53323359a658e7feb647ab08925ef265099c5b67ef8a1a,06a1e89488b57cc670c767dabba1ec6a,e90fb796c4c853d0,train
CAT_COW_KRISHNA_VALLEY_0002,cow_krishna_valley,Krishna Valley,cattle,49,dataset/expanded_82_breeds_v2/cattle/cow_krishna_valley/krishna_valley_0002.jpg,krishna_valley_0002.jpg,5184,3456,2a70cc6ec057302cbbb4ececfd41997fed1362fa863775672c9335b2f1d016f9,d5f9c57023399a00191369a3827f326f,dd7e23f146bc9012,train
CAT_COW_LADAKHI_0002,cow_ladakhi,Ladakhi,cattle,50,dataset/expanded_82_breeds_v2/cattle/cow_ladakhi/ladakhi_0002.jpg,ladakhi_0002.jpg,4240,2400,039173eecec00477c5c9de1cf93d090c345fcfcfac6248f6fb4b3f07bec9cadc,064a2a7058f37cee8eddf164b558437f,98e4dcb56598378c,train
CAT_COW_LADAKHI_0005,cow_ladakhi,Ladakhi,cattle,50,dataset/expanded_82_breeds_v2/cattle/cow_ladakhi/ladakhi_0005.jpg,ladakhi_0005.jpg,4240,2400,97d3c5d90f3cf3b98f14768e1e61f7aedb900c3c72baf2128233d439a459b4b6,e8f32a5d078e986ac80352e44500b2d1,a3b85cc62c695af4,train
CAT_COW_LADAKHI_0003,cow_ladakhi,Ladakhi,cattle,50,dataset/expanded_82_breeds_v2/cattle/cow_ladakhi/ladakhi_0003.jpg,ladakhi_0003.jpg,4240,2400,466d7022a49d2ca2dfdd72bf27582f8e839431485183dbed7a14572684bbcd62,6422992fdbc2da78d57457f224d0d652,c2c4b86f6cd0d2e9,train
CAT_COW_LAKHIMI_0002,cow_lakhimi,Lakhimi,cattle,51,dataset/expanded_82_breeds_v2/cattle/cow_lakhimi/lakhimi_0002.jpg,lakhimi_0002.jpg,574,430,313af9be72d97032ffa339cff96993f42f400a3b0520a583e0ee8e6034e91fdf,7f3e0b13213eb27e50eebc5e61762302,a19d9c05236cdafa,train
CAT_COW_MAHAKAUSHALI_0002,cow_mahakaushali,Mahakaushali,cattle,52,dataset/expanded_82_breeds_v2/cattle/cow_mahakaushali/mahakaushali_0002.jpg,mahakaushali_0002.jpg,600,791,4edb4ae1f8f4a5497d9ada099276620953cd3a075ac00600a5dad0338bd50b21,38ffee25c0d3edd7a7064cb3aaec4198,eed3b0638d2c8cac,train
CAT_COW_MALNAD_GIDDA_0002,cow_malnad_gidda,Malnad Gidda,cattle,53,dataset/expanded_82_breeds_v2/cattle/cow_malnad_gidda/malnad_gidda_0002.jpg,malnad_gidda_0002.jpg,5184,3456,1cdaf1512231b59df6b84e628dc2c92d012548bbfb1f161fce7d8cd2e3e5609f,2f00aa456652cdd0076185f919f75bc4,ec19d2b47992c669,train
CAT_COW_MALVI_0001,cow_malvi,Malvi,cattle,54,dataset/expanded_82_breeds_v2/cattle/cow_malvi/malvi_0001.jpg,malvi_0001.jpg,5184,3456,678ba3abb596d53192d17b9eed76e25a2da7ef5c8df97fcac66c17623780c74c,a952829388f6d76b339ba3f7e9542100,cd4d3d3932e2e0cc,train
CAT_COW_MASILUM_0002,cow_masilum,Masilum,cattle,55,dataset/expanded_82_breeds_v2/cattle/cow_masilum/masilum_0002.jpg,masilum_0002.jpg,300,240,31b7df408f270353bedc9fe391c6a03b45db630d876e2150bf0f4c5cafb184b0,3f141722a90eaa2a489b88c856ba2895,f6ac93b624ed2930,train
CAT_COW_MEDINI_0001,cow_medini,Medini,cattle,56,dataset/expanded_82_breeds_v2/cattle/cow_medini/medini_0001.jpg,medini_0001.jpg,2369,1814,8c0eaae7f74dfb08a39f3c9d9069efbf82bbe8b5e0bfa7ce7f1dbe46a84c4633,750e0b5a79704274b114d22d12cee07f,8050a1975eddbc5d,train
CAT_COW_MEWATI_0002,cow_mewati,Mewati,cattle,57,dataset/expanded_82_breeds_v2/cattle/cow_mewati/mewati_0002.jpg,mewati_0002.jpg,300,300,bac3bc489e40194dc84d3106b5d27f63e6b8ddb50569109d2cd6309ab24d1afe,57b693bda406942f3b65423f94ece34f,8f1fb1c46ce898b1,train
CAT_COW_MOTU_0002,cow_motu,Motu,cattle,58,dataset/expanded_82_breeds_v2/cattle/cow_motu/motu_0002.jpg,motu_0002.jpg,3264,2448,0b000c2bb33f1657a885d85106aa8506d99beb114141157564dc889de84e6d9f,58118edb7e73f00a8f26d081d314cf7f,dfb0b9d63c03808f,train
CAT_COW_NAGORI_0001,cow_nagori,Nagori,cattle,59,dataset/expanded_82_breeds_v2/cattle/cow_nagori/nagori_0001.jpg,nagori_0001.jpg,1147,780,4179b149e75d27c109a47375fbd42d3707653805b781406dbd1d4e04e035134d,2b72dc95b1e989e7ed45cd2f3f86788d,9cb51d10ebf466c8,train
CAT_COW_NAGORI_0002,cow_nagori,Nagori,cattle,59,dataset/expanded_82_breeds_v2/cattle/cow_nagori/nagori_0002.jpg,nagori_0002.jpg,4032,3024,e2cb83d85f20ea9e5ec453f6f0daf8754f82bb82b5948fec46127dee81a68ff2,ff140c719af79950a7f9859785bd75cd,969daf1699817529,train
CAT_COW_NAGORI_0006,cow_nagori,Nagori,cattle,59,dataset/expanded_82_breeds_v2/cattle/cow_nagori/nagori_0006.jpg,nagori_0006.jpg,4032,3024,0626d18ba3b7794673301658832198c3263ecb5b409205f0ee89ac45ff70fa8d,b59f74478110465d8639e00d51ce923c,eee8ca5834d3cea0,train
CAT_COW_NAGORI_0016,cow_nagori,Nagori,cattle,59,dataset/expanded_82_breeds_v2/cattle/cow_nagori/nagori_0016.jpg,nagori_0016.jpg,4032,3024,b359116c62773d9cd5467f0a549bcfe882cda4377522b5412b93d31c7a2b0d0a,9c42d3a57acc8454785375d3a97f576a,9537a0442d7f178e,train
CAT_COW_NAGORI_0012,cow_nagori,Nagori,cattle,59,dataset/expanded_82_breeds_v2/cattle/cow_nagori/nagori_0012.jpg,nagori_0012.jpg,2736,3648,13c9fd2e97ae9b8c27d681294de9b9c4174dcf6c4f10a2aa19c36c7002c97a88,a5838ca710a052f6b8028fce7d4f187c,8b99784e4c459dab,train
CAT_COW_NAGORI_0015,cow_nagori,Nagori,cattle,59,dataset/expanded_82_breeds_v2/cattle/cow_nagori/nagori_0015.jpg,nagori_0015.jpg,4032,3024,242bec24901bdb89a08d91ff7d739df969a20fe38ccc632fa70db55857c403f8,29bed3bb55b8fb4af06fb0a025c7284c,cd4af3d3d262f110,train
CAT_COW_NAGORI_0009,cow_nagori,Nagori,cattle,59,dataset/expanded_82_breeds_v2/cattle/cow_nagori/nagori_0009.jpg,nagori_0009.jpg,540,300,fa5be4b707e58d8760074389ffbbb57649037237b226950a517d2f2b258ec288,d70558710a093301f5faedab1a835297,d4806b2f8d343c9f,train
CAT_COW_NAGORI_0014,cow_nagori,Nagori,cattle,59,dataset/expanded_82_breeds_v2/cattle/cow_nagori/nagori_0014.jpg,nagori_0014.jpg,4032,3024,a72baa005cb183184d9bc309f16c99631118664815082e27c4926d5684f0bcad,a4b10b0ec99c83523cca0119205d26cc,af4d95b33395c488,train
CAT_COW_NAGORI_0003,cow_nagori,Nagori,cattle,59,dataset/expanded_82_breeds_v2/cattle/cow_nagori/nagori_0003.jpg,nagori_0003.jpg,1280,1263,3dac423213a628d47e57687078ffad074f7c2ef122e360129d86985223d9d515,430d23ff4238db6be0b7e84b2adc1d54,d6766e28b4f2d230,train
CAT_COW_NAGORI_0010,cow_nagori,Nagori,cattle,59,dataset/expanded_82_breeds_v2/cattle/cow_nagori/nagori_0010.jpg,nagori_0010.jpg,5184,3456,3f1fb924c0b6f368ec5acb6ae93df67b46bf800a179ec4603c07aaee54ed4dc0,d26df8065aaa98a2337e126a68eca777,83037634b95b5b8d,train
CAT_COW_NAGORI_0017,cow_nagori,Nagori,cattle,59,dataset/expanded_82_breeds_v2/cattle/cow_nagori/nagori_0017.jpg,nagori_0017.jpg,535,700,42f9a492842307af6531ba6cf49b7d7fd0512c4cb413dde774c9f287602d0cd1,764107c9d965bf24762fc957422b369d,c4316d1fc198ee63,train
CAT_COW_NARI_0001,cow_nari,Nari,cattle,60,dataset/expanded_82_breeds_v2/cattle/cow_nari/nari_0001.jpg,nari_0001.jpg,1061,720,297f46352b10c6a44f675a5916f8b79320545f8f4f9486a119390f76bfc969bf,9b2f627230fb730ba1130c07e87c6196,bbd9d5a40a8f9035,train
CAT_COW_NIMARI_0011,cow_nimari,Nimari,cattle,61,dataset/expanded_82_breeds_v2/cattle/cow_nimari/nimari_0011.jpg,nimari_0011.jpg,5184,3456,308257f3dfd65495f979d15e06277fa06a26b83b51aaeb9eb9fa2f1ca4afc1a4,1f095915658d8606e9c0d23ebfab216b,84f3fa05cea5710e,train
CAT_COW_NIMARI_0010,cow_nimari,Nimari,cattle,61,dataset/expanded_82_breeds_v2/cattle/cow_nimari/nimari_0010.jpg,nimari_0010.jpg,5184,3456,cc9e3ba666d9246b9aaf8aa6d4da3c1ee625a7e3df1520f2bdb599a034751dfa,ad867266d9591fd0bf3e7687406c6a54,f96896c383d02edc,train
CAT_COW_NIMARI_0001,cow_nimari,Nimari,cattle,61,dataset/expanded_82_breeds_v2/cattle/cow_nimari/nimari_0001.jpg,nimari_0001.jpg,8192,5464,d2cd885b4544224f048b2a05fdb1fe5719cd5281b50fbd2b8f96bf6b15a9b5d9,2e2888cd04e075ccd84979a052088ba9,ab895956656664ae,train
CAT_COW_NIMARI_0009,cow_nimari,Nimari,cattle,61,dataset/expanded_82_breeds_v2/cattle/cow_nimari/nimari_0009.jpg,nimari_0009.jpg,5184,3456,ac439119254d622553f9d2a709f7e0834da7e8edf64bc203bf8456d6add2d373,0e041a70d972a55a8b3cc2eb60da0c97,a17886df67615d90,train
CAT_COW_NIMARI_0006,cow_nimari,Nimari,cattle,61,dataset/expanded_82_breeds_v2/cattle/cow_nimari/nimari_0006.jpg,nimari_0006.jpg,2065,3097,cf06184026ee3c69feb4951a27de533b6266f37937202b656e8adf71f8f32ec7,06b338cd8db4caf94206d8a95af03b02,d74b8a44b46178e7,train
CAT_COW_NIMARI_0003,cow_nimari,Nimari,cattle,61,dataset/expanded_82_breeds_v2/cattle/cow_nimari/nimari_0003.jpg,nimari_0003.jpg,1391,2086,716a4e5b2be054a74f22ecee16b90696e8ac4dcd6dd656933c92c95bca2e08eb,b0256ebbc1d5af680fff059cc03431d0,ce35d5e8122eea25,train
CAT_COW_NIMARI_0002,cow_nimari,Nimari,cattle,61,dataset/expanded_82_breeds_v2/cattle/cow_nimari/nimari_0002.jpg,nimari_0002.jpg,2683,2683,4e27212e8bf820b928748687cde5188afdadd82aa760a32ba799e3757c83758e,05edd8a3db9617e73a0776a52fd3b88f,e94a1a65377106dd,train
CAT_COW_NIMARI_0012,cow_nimari,Nimari,cattle,61,dataset/expanded_82_breeds_v2/cattle/cow_nimari/nimari_0012.jpg,nimari_0012.jpg,1735,2765,0a2986259b611e10c1505427d4dcad9643531a5e004322a8f60bf826d897805a,a480227a129d3690422fcb0594c4d085,9467f368999a24ce,train
CAT_COW_ONGOLE_0028,cow_ongole,Ongole,cattle,62,dataset/expanded_82_breeds_v2/cattle/cow_ongole/ongole_0028.jpg,ongole_0028.jpg,4928,3264,4fc485f0aa36ff8849ccc9a9bdfef67e874e4e632d1a8baaf27fa5ccc25c1147,d67b9e56e6c4715b88813eb6f56d51cf,b193d25266ae1e56,train
CAT_COW_ONGOLE_0017,cow_ongole,Ongole,cattle,62,dataset/expanded_82_breeds_v2/cattle/cow_ongole/ongole_0017.jpg,ongole_0017.jpg,1620,1080,701759b39bb20529374db88bd381a51ec6e248480fc2c5826bad809bf66947e6,293b1b171eef90a5f5f25d9fb6d06eea,b636363680c0e9fd,train
CAT_COW_ONGOLE_0013,cow_ongole,Ongole,cattle,62,dataset/expanded_82_breeds_v2/cattle/cow_ongole/ongole_0013.jpg,ongole_0013.jpg,5712,4284,69531e79ee6a4051eca4c269b04259e4557373f6c334b38f616f14e6f76863d1,1402e5dda95cbe39243e28a0f8b6588d,b4b07293934979a7,train
CAT_COW_ONGOLE_0023,cow_ongole,Ongole,cattle,62,dataset/expanded_82_breeds_v2/cattle/cow_ongole/ongole_0023.jpg,ongole_0023.jpg,4160,3120,05ae2d41cd610d681cb8c63c7ee652e965775ffcbe19c50373527a77b226ac93,ee7e407295c3def28acbdd9417e3bc0c,9e17a1b2a263dbc8,train
CAT_COW_ONGOLE_0009,cow_ongole,Ongole,cattle,62,dataset/expanded_82_breeds_v2/cattle/cow_ongole/ongole_0009.jpg,ongole_0009.jpg,2592,1456,a8ae96ef46a85d4c7a7211ca88245c40fe8b92e1fe1bdf69b4e7607c30140c2b,6b0b95f8ec65cff888df4b851676600c,e7e5e8b989091f14,train
CAT_COW_ONGOLE_0010,cow_ongole,Ongole,cattle,62,dataset/expanded_82_breeds_v2/cattle/cow_ongole/ongole_0010.jpg,ongole_0010.jpg,5712,3213,2ea919e2dbca10eb1dafcc24a2e111151fc3bb64333ab750f3a60add39211bc5,f93ed4f3b9149737ebfef0b46a403ae7,d5d5360ae8904bbb,train
CAT_COW_ONGOLE_0022,cow_ongole,Ongole,cattle,62,dataset/expanded_82_breeds_v2/cattle/cow_ongole/ongole_0022.jpg,ongole_0022.jpg,3039,2592,643b98fe958e410319384ef43b04cf2632428c37b4e200d652ec0948cd76b22d,5658cd419213ecf9af378868af9d5432,8588b6f6dadd6122,train
CAT_COW_ONGOLE_0001,cow_ongole,Ongole,cattle,62,dataset/expanded_82_breeds_v2/cattle/cow_ongole/ongole_0001.jpg,ongole_0001.jpg,1439,1079,3f56ab905113c64ba73a38e37feba91e4ba5b4152983437e93c0c8fbbc9875af,948233c2a9dcb78393ca1392466b9590,e4d29ce6c1c8d699,train
CAT_COW_ONGOLE_0027,cow_ongole,Ongole,cattle,62,dataset/expanded_82_breeds_v2/cattle/cow_ongole/ongole_0027.jpg,ongole_0027.jpg,4928,3264,c1de0c35219d0339c9f19709a87415daf19f52cc62e3d2dc0244579226def60c,b015f466e08dadab3a2a7734317f10af,86a69c787f8e0672,train
CAT_COW_ONGOLE_0014,cow_ongole,Ongole,cattle,62,dataset/expanded_82_breeds_v2/cattle/cow_ongole/ongole_0014.jpg,ongole_0014.jpg,1620,1080,6982a501c0221feabdcd6c9af2866df58447ada13b676b790384d6b550e0f51a,49f7a098e9d748a61824b5122e57ddde,f3a38c4cdd31ae42,train
CAT_COW_ONGOLE_0016,cow_ongole,Ongole,cattle,62,dataset/expanded_82_breeds_v2/cattle/cow_ongole/ongole_0016.jpg,ongole_0016.jpg,1620,1080,734dc27b80d7035ea6a79ad63bf93db4964c2b4fa0e9bcb6ce4d1b95b7c3f4e9,d6b3bc72945d0a95cd8ff88d6b0a208a,ebca94b465694ad8,train
CAT_COW_ONGOLE_0012,cow_ongole,Ongole,cattle,62,dataset/expanded_82_breeds_v2/cattle/cow_ongole/ongole_0012.jpg,ongole_0012.jpg,4032,2268,d8880ff9218b0f30b7da0659a2c0a4765672e09cb70697311cf7b3e9cf6618aa,f737d1bf1579fa20bd9f3a69a9625861,cdcdb092026ffc54,train
CAT_COW_ONGOLE_0018,cow_ongole,Ongole,cattle,62,dataset/expanded_82_breeds_v2/cattle/cow_ongole/ongole_0018.jpg,ongole_0018.jpg,1620,1080,a81cd9bb6900457569515ec1142939cc1a6343ad6b99def5cd8693a292152dee,50d71596fc29ca60793163e14709380e,a4bd8bc6c33d3c28,train
CAT_COW_ONGOLE_0002,cow_ongole,Ongole,cattle,62,dataset/expanded_82_breeds_v2/cattle/cow_ongole/ongole_0002.jpg,ongole_0002.jpg,1012,720,596afbf34b1099f0bd0b11fa49b997bd4eaafc6e6f89e0b2dc06141e61ba8f34,e23825c9ed74b0e4d0192ed87c0d421e,af307ac4e6ab9286,train
CAT_COW_ONGOLE_0005,cow_ongole,Ongole,cattle,62,dataset/expanded_82_breeds_v2/cattle/cow_ongole/ongole_0005.jpg,ongole_0005.jpg,5184,3456,f1a5d5d2b3e410c7e3dcc97658ef6e435e54b60dd53c485b7e36c1c49b5e7894,5b7d2b2d8fdff74a81470164906eee21,9e4e25654bc6a666,train
CAT_COW_ONGOLE_0006,cow_ongole,Ongole,cattle,62,dataset/expanded_82_breeds_v2/cattle/cow_ongole/ongole_0006.jpg,ongole_0006.jpg,1080,1440,a3583690ee911252b036f7a4e638ec8d3517618cab8e34931cf3200e148b8767,29ed533414da337a54e465f0a8739c9e,fbdc8426f89803d5,train
CAT_COW_ONGOLE_0003,cow_ongole,Ongole,cattle,62,dataset/expanded_82_breeds_v2/cattle/cow_ongole/ongole_0003.jpg,ongole_0003.jpg,700,496,3819fc1ca0eff7f3acaed94b7fe7ad4bbe78c19097a97c76ca041c83e150dac5,01f5c398cd43e2d7f6be4a157860ed58,bf31146be9968724,train
CAT_COW_ONGOLE_0025,cow_ongole,Ongole,cattle,62,dataset/expanded_82_breeds_v2/cattle/cow_ongole/ongole_0025.jpg,ongole_0025.jpg,4032,3024,47a61ca0d2a6c3d25d3f56fa0a9047347ee06303bffd7cd6eefd7eb9eeb6b96c,c617ced28c68998ee34a1fd9e7835684,9590d9d912e64b6b,train
CAT_COW_ONGOLE_0004,cow_ongole,Ongole,cattle,62,dataset/expanded_82_breeds_v2/cattle/cow_ongole/ongole_0004.jpg,ongole_0004.jpg,5184,3456,2df038997fbf67214fae9530c8cb27615336be7e91f1730dc0e1bfcf7228b3c6,210f1ae93f865e7928e338975a40c1ae,855cd7f03d19163c,train
CAT_COW_ONGOLE_0024,cow_ongole,Ongole,cattle,62,dataset/expanded_82_breeds_v2/cattle/cow_ongole/ongole_0024.jpg,ongole_0024.jpg,231,287,bd00f791f43e15cf46c550df663bf009fc0cec392aae0ccbc379314446d4d26b,a44c77d494075eb4ea0ea2dbad79d7f1,869639f97934b262,train
CAT_COW_ONGOLE_0026,cow_ongole,Ongole,cattle,62,dataset/expanded_82_breeds_v2/cattle/cow_ongole/ongole_0026.jpg,ongole_0026.jpg,640,412,0dd66c891e040aa883f19cc56cd7b850a40bf0ed97c79f82b0b198dad695adb0,6a6d6758f3cbda00fc0c3af3ef595c80,c86e7f888ac7898e,train
CAT_COW_PERIYAR_0001,cow_periyar,Periyar,cattle,63,dataset/expanded_82_breeds_v2/cattle/cow_periyar/periyar_0001.jpg,periyar_0001.jpg,780,953,b9f401063758f1219072cc1cefcad28df36e25beca0129d8e8e58ec567bd1a16,e4e29015943574f58d20a4b72255b83a,f1f18ca8d1f0ba07,train
CAT_COW_PERIYAR_0002,cow_periyar,Periyar,cattle,63,dataset/expanded_82_breeds_v2/cattle/cow_periyar/periyar_0002.jpg,periyar_0002.jpg,720,405,07fd410b4bfcb7c496397d5f2b0b1d393a5c283c20d16bbb198c1b775fd7a163,1b18348b90bef1e6f897a7f48f046551,dc00507ac7afe4f2,train
CAT_COW_PERIYAR_0006,cow_periyar,Periyar,cattle,63,dataset/expanded_82_breeds_v2/cattle/cow_periyar/periyar_0006.jpg,periyar_0006.jpg,720,624,c1264bbc940228dce52bb776fad865f19e26a82d41c96428a850c69a1ffabd7c,1946e2fc6060215f454aa4dfd1b885df,d7086837857c5a57,train
CAT_COW_PERIYAR_0003,cow_periyar,Periyar,cattle,63,dataset/expanded_82_breeds_v2/cattle/cow_periyar/periyar_0003.jpg,periyar_0003.jpg,720,405,b602ccfed40fb65024d6b72d672cf71943acad8e5061f3cdbd3ca43de2423fbd,da2aa194ab421f8fcb6137af7c748e6a,ab53de90532c8ec6,train
CAT_COW_PODA_THURPU_0002,cow_poda_thurpu,Poda Thurpu,cattle,64,dataset/expanded_82_breeds_v2/cattle/cow_poda_thurpu/poda_thurpu_0002.jpg,poda_thurpu_0002.jpg,619,464,4c438a909b275525ad318c4d7896322e4b7c8cc2cb2bf724e05fc22aec18478a,0a17efc6bf9d5bd1cc7626a01c5e1881,8980b4d5ddcf3331,train
CAT_COW_PONWAR_0001,cow_ponwar,Ponwar,cattle,65,dataset/expanded_82_breeds_v2/cattle/cow_ponwar/ponwar_0001.jpg,ponwar_0001.jpg,5184,3456,d1158a2bdaa473910e75d7e56918ecc2cce04f6e4fb74b703b3021cea12bcaed,e4b6cf4baa4d4bbdd8337f52cf71aa86,e019dea6e8d1e2a9,train
CAT_COW_PULIKULAM_0002,cow_pulikulam,Pulikulam,cattle,66,dataset/expanded_82_breeds_v2/cattle/cow_pulikulam/pulikulam_0002.jpg,pulikulam_0002.jpg,4080,2296,4ecb5362c798472ec48b6fea02ea098e3bd31789a7632127b36a63bb56914137,6f479b7636b0611b1fc39eb041899cee,c34dde93ce065989,train
CAT_COW_PUNGANUR_0001,cow_punganur,Punganur,cattle,67,dataset/expanded_82_breeds_v2/cattle/cow_punganur/punganur_0001.jpg,punganur_0001.jpg,1181,1692,00d9ced858995f7def1068e9e422025bcb85cd51ad93728542c44b2143399f52,fe18cd51d0e6b19d06fdcf359de7070a,91029fd7cc2bc49d,train
CAT_COW_PUNGANUR_0002,cow_punganur,Punganur,cattle,67,dataset/expanded_82_breeds_v2/cattle/cow_punganur/punganur_0002.jpg,punganur_0002.jpg,896,836,7156c1094102a12e126fd2fab028b844e9b78942cb924813401673f78b62ab1d,4d6fc4f4e7c91ecf481170f428fe69db,be42e1cec440e74f,train
CAT_COW_PUNGANUR_0006,cow_punganur,Punganur,cattle,67,dataset/expanded_82_breeds_v2/cattle/cow_punganur/punganur_0006.jpg,punganur_0006.jpg,4608,3456,34e3428e1b384318632dc26ce8f1db2d3b85b64aaca85b4fe9b98d95ca72395d,ed4aa839a83cb3aeb1cab12160fe6676,e8801776d878d66b,train
CAT_COW_PUNGANUR_0015,cow_punganur,Punganur,cattle,67,dataset/expanded_82_breeds_v2/cattle/cow_punganur/punganur_0015.jpg,punganur_0015.jpg,901,1031,19bbf31be9639296589893d507f1560220b6bc0f55fa1b55ed4cbe22adbaf5b6,a35558216118d2c9a3964f8a126f0274,baa0553be1a783ca,train
CAT_COW_PUNGANUR_0014,cow_punganur,Punganur,cattle,67,dataset/expanded_82_breeds_v2/cattle/cow_punganur/punganur_0014.jpg,punganur_0014.jpg,3024,4032,f67279723ac4fbe73cab0c837c49d9b21f7cae3934f8b6930f73014d8a1e2b7b,e258696df975018a6dfce2011324e65b,f882e7b7702c0f8a,train
CAT_COW_PUNGANUR_0012,cow_punganur,Punganur,cattle,67,dataset/expanded_82_breeds_v2/cattle/cow_punganur/punganur_0012.jpg,punganur_0012.jpg,779,582,e39651aa91114ae4f0f94609451448c809c7147302ae3dbeadafec2cf8d7d456,1c69baa94e1c05da51fc9e29f7b66ef9,c0d6b789a365651e,train
CAT_COW_PUNGANUR_0009,cow_punganur,Punganur,cattle,67,dataset/expanded_82_breeds_v2/cattle/cow_punganur/punganur_0009.jpg,punganur_0009.jpg,4608,3456,bd56b9be11aa1d4abf9aa7b63a6c38b1c8052fca8cfcfb3b797e1b3b86b64eca,69d61461483cb94e4e905ffc7f0201e5,b1c98b7e53126273,train
CAT_COW_PUNGANUR_0010,cow_punganur,Punganur,cattle,67,dataset/expanded_82_breeds_v2/cattle/cow_punganur/punganur_0010.jpg,punganur_0010.jpg,1036,492,f04372d81c4e5e41f90af84c288e71842a2e901e865f0d01cba6617510bc79ba,44d7917ae075b507b55f858d5f46651c,d18736f9ccec8d02,train
CAT_COW_PUNGANUR_0003,cow_punganur,Punganur,cattle,67,dataset/expanded_82_breeds_v2/cattle/cow_punganur/punganur_0003.jpg,punganur_0003.jpg,4608,3456,243baf92c9fcf8a2ae8996f31351e89bced3063220221771775b78fa2a542391,f07f5e9cb9f3986c86dd13785ded8a6d,a99894d7b82f542b,train
CAT_COW_PUNGANUR_0016,cow_punganur,Punganur,cattle,67,dataset/expanded_82_breeds_v2/cattle/cow_punganur/punganur_0016.jpg,punganur_0016.jpg,1734,1187,b894715741bd88c6e969397194b08d0514f87f113d7e3bfb324ba142e503237a,889186f33f67bd56b2c71040737bd972,8c95436f8aba3c8b,train
CAT_COW_PUNGANUR_0005,cow_punganur,Punganur,cattle,67,dataset/expanded_82_breeds_v2/cattle/cow_punganur/punganur_0005.jpg,punganur_0005.jpg,4608,3456,a8d97dac990ed828d3b5b2029856788f1d5eaa261059e5525adfbdfa02345d96,f395ba2ca20e7299bb76d735ec2a7953,a88187d5da32da6d,train
CAT_COW_PUNGANUR_0008,cow_punganur,Punganur,cattle,67,dataset/expanded_82_breeds_v2/cattle/cow_punganur/punganur_0008.jpg,punganur_0008.jpg,4608,3456,e5e6f821f96ad253744a533d92c2b6879009e5ff6b87f73360f66b9d097abbdb,078767c2ee6172613228c4063b536b34,b3538f7e361cf004,train
CAT_COW_PURNEA_0002,cow_purnea,Purnea,cattle,68,dataset/expanded_82_breeds_v2/cattle/cow_purnea/purnea_0002.jpg,purnea_0002.jpg,535,327,57ba4bbf22086e0cb6567a1c14a6f19233194cdccd150632b44d2bb96f326ebf,00c719d548a5ae93725a6f67dfbf27f5,9cb862e3635a7427,train
CAT_COW_RATHI_0002,cow_rathi,Rathi,cattle,69,dataset/expanded_82_breeds_v2/cattle/cow_rathi/rathi_0002.jpg,rathi_0002.jpg,5184,3456,6ed6b666d0616b5e035a6a5c09b203af9ebd95787d2c49e180864e078e41e292,29505a069f2c5d4510feb526ea2c2181,e96e0343a43cdc9b,train
CAT_COW_RED_KANDHARI_0001,cow_red_kandhari,Red Kandhari,cattle,70,dataset/expanded_82_breeds_v2/cattle/cow_red_kandhari/red_kandhari_0001.jpg,red_kandhari_0001.jpg,2958,2395,51b94aebe52a45f59c5d73d30049e269d2611319753d76c382174809bf685f77,8aad9b764e40b61fd0a43b4edc677e1d,bb3f465270606d59,train
CAT_COW_RED_SINDHI_0002,cow_red_sindhi,Red Sindhi,cattle,71,dataset/expanded_82_breeds_v2/cattle/cow_red_sindhi/red_sindhi_0002.jpg,red_sindhi_0002.jpg,960,720,0555c82c1f0ca7d7cc937086dba2d58d09ab8883315ab51a912e5d08445aa4fa,0f66008c38fe36b493cb0d136be0cf0b,aa2f8465f99b8694,train
CAT_COW_RED_SINDHI_0005,cow_red_sindhi,Red Sindhi,cattle,71,dataset/expanded_82_breeds_v2/cattle/cow_red_sindhi/red_sindhi_0005.jpg,red_sindhi_0005.jpg,960,720,68c87013381d6796fe6a2e08e6463a31155aa3e9a4ed2397b94b7e69b36b9f6d,fe8cc984ac5633e40be37cf78dcfb910,81c76d6c3233b78c,train
CAT_COW_RED_SINDHI_0003,cow_red_sindhi,Red Sindhi,cattle,71,dataset/expanded_82_breeds_v2/cattle/cow_red_sindhi/red_sindhi_0003.jpg,red_sindhi_0003.jpg,4160,3120,45f524e3e35a4634662da6893d97c076b2635f08076f71b35d4a8bbb652ae35e,f43771fd068d4bd0c6e92cbc8268b8a6,e9ed85458d69852b,train
CAT_COW_ROHILKHANDI_0002,cow_rohilkhandi,Rohilkhandi,cattle,72,dataset/expanded_82_breeds_v2/cattle/cow_rohilkhandi/rohilkhandi_0002.jpg,rohilkhandi_0002.jpg,736,345,a2cd37416aa99a6dbea43ebe71fa22f57881193b4a801eb7d0183e375810b9c5,ae8f0874d3a44da34f5f9d85940f177f,a92bbae5b51aec80,train
CAT_COW_SAHIWAL_0001,cow_sahiwal,Sahiwal,cattle,73,dataset/expanded_82_breeds_v2/cattle/cow_sahiwal/sahiwal_0001.jpg,sahiwal_0001.jpg,700,654,14a4b18463aa743116d330a3c2ffa0f7703fbb920f6fc8d25917527671e456cf,b355413ffdfd8b837ca66e028f3226d9,c4a1ba7a65d4d9b0,train
CAT_COW_SAHIWAL_0014,cow_sahiwal,Sahiwal,cattle,73,dataset/expanded_82_breeds_v2/cattle/cow_sahiwal/sahiwal_0014.jpg,sahiwal_0014.jpg,3248,1440,1c45722a588912eb2013157d4a685087a512d27a93c9bcb13b38c29a103bdf4d,b55f7a77346295540a53e5bb2efc161d,f1c79d78e2a94982,train
CAT_COW_SAHIWAL_0009,cow_sahiwal,Sahiwal,cattle,73,dataset/expanded_82_breeds_v2/cattle/cow_sahiwal/sahiwal_0009.jpg,sahiwal_0009.jpg,3000,4000,69b86bcf604359f0cf059b752d8f20562cd8e8e56db8f8bdea658b6f9fd74c76,c32653f6d061c9adfa7424acec2445dd,d30cbc73cc991a66,train
CAT_COW_SAHIWAL_0002,cow_sahiwal,Sahiwal,cattle,73,dataset/expanded_82_breeds_v2/cattle/cow_sahiwal/sahiwal_0002.jpg,sahiwal_0002.jpg,691,700,ba22d26e86d6995fcc7ff2fd1a7ce3be4320dbda16691d402fff40d425177d30,cab12e1d4850093f8299df81bb182f0a,f3d3d816b6444cb2,train
CAT_COW_SAHIWAL_0016,cow_sahiwal,Sahiwal,cattle,73,dataset/expanded_82_breeds_v2/cattle/cow_sahiwal/sahiwal_0016.jpg,sahiwal_0016.jpg,4413,2625,becedf40468160f29840760e49e4bbd85d92dbe3b71eb66a1abb58f47f50dde0,0454ecc886938aae1a5a86a17a339f94,af2a4a3a132e3673,train
CAT_COW_SAHIWAL_0006,cow_sahiwal,Sahiwal,cattle,73,dataset/expanded_82_breeds_v2/cattle/cow_sahiwal/sahiwal_0006.jpg,sahiwal_0006.jpg,700,700,90140308fb101d7b931fa519641135ce5879d0a68af93c3e015125f158f035a6,183b9470ac22594675809bc1300476cc,adafd0d2116d2d62,train
CAT_COW_SAHIWAL_0021,cow_sahiwal,Sahiwal,cattle,73,dataset/expanded_82_breeds_v2/cattle/cow_sahiwal/sahiwal_0021.jpg,sahiwal_0021.jpg,700,679,66dbaa06e7d06884d45377003420ae5e777a17ff1ba142c7988dffaa7bb42f6f,e517269eb8a309c5f9a7be91264b87d9,aac0c6e0d93f1e5a,train
CAT_COW_SAHIWAL_0012,cow_sahiwal,Sahiwal,cattle,73,dataset/expanded_82_breeds_v2/cattle/cow_sahiwal/sahiwal_0012.jpg,sahiwal_0012.jpg,4608,3456,5b65c69de7db7de2da73f42c63b9054045cd2aea2b0683ffbf277e57aa64fdd9,12516cb70e466af47c6e95be34e626cf,ae2a5e34656d7138,train
CAT_COW_SAHIWAL_0004,cow_sahiwal,Sahiwal,cattle,73,dataset/expanded_82_breeds_v2/cattle/cow_sahiwal/sahiwal_0004.jpg,sahiwal_0004.jpg,700,700,83d242bdf26b3e479b84c9826c61c749602bc3889438dbaae22a99a04d2aea69,2796f06c081cd551ddb22401feaa9582,d9dedbcbc9e02022,train
CAT_COW_SAHIWAL_0005,cow_sahiwal,Sahiwal,cattle,73,dataset/expanded_82_breeds_v2/cattle/cow_sahiwal/sahiwal_0005.jpg,sahiwal_0005.jpg,700,700,8e7c8e55d91126976e2d5aefeead20ef3a28ab494f57d1b95a8456c3378ac1a5,d8f04c621026580f8bb639602698e309,87e79fbcb80ac083,train
CAT_COW_SAHIWAL_0018,cow_sahiwal,Sahiwal,cattle,73,dataset/expanded_82_breeds_v2/cattle/cow_sahiwal/sahiwal_0018.jpg,sahiwal_0018.jpg,5184,3456,ca5ab935ff86b1da863189233aa0a557729daea42c20be6ae490b243407b7490,003deba97460070dfb1f246501a4a411,bc5e43c1b6364dc4,train
CAT_COW_SAHIWAL_0013,cow_sahiwal,Sahiwal,cattle,73,dataset/expanded_82_breeds_v2/cattle/cow_sahiwal/sahiwal_0013.jpg,sahiwal_0013.jpg,3248,1440,91c577043da01f2e656d99119b2015326d8a691c6df818f1abe8b40015940740,635237d3eb0c6eda4e7984590a01bf4f,c55793692187a5dc,train
CAT_COW_SAHIWAL_0019,cow_sahiwal,Sahiwal,cattle,73,dataset/expanded_82_breeds_v2/cattle/cow_sahiwal/sahiwal_0019.jpg,sahiwal_0019.jpg,3760,2768,513eb89161020d6e0aca65aa837947ead375f4424942a4bead9cd8b41959070d,b79561181fd67a065aeed2bb590736fa,fa1e87a36d1f8160,train
CAT_COW_SAHIWAL_0017,cow_sahiwal,Sahiwal,cattle,73,dataset/expanded_82_breeds_v2/cattle/cow_sahiwal/sahiwal_0017.jpg,sahiwal_0017.jpg,5184,3456,93ee759aca09cd8ccebb14bedf92c7c71c85548a99b8216da51cb009d29c2d6e,f12399a3506b65c6b1639f582a5a762f,a869cf377468aa23,train
CAT_COW_SAHIWAL_0003,cow_sahiwal,Sahiwal,cattle,73,dataset/expanded_82_breeds_v2/cattle/cow_sahiwal/sahiwal_0003.jpg,sahiwal_0003.jpg,700,700,ba38febe379da40e27dc246d13a98d9d7b7df742669092c3fe3bd298628d3fca,5f82029b67793b27afd31f9e044d1018,d6e64264b6901e3f,train
CAT_COW_SAHIWAL_0010,cow_sahiwal,Sahiwal,cattle,73,dataset/expanded_82_breeds_v2/cattle/cow_sahiwal/sahiwal_0010.jpg,sahiwal_0010.jpg,3648,2736,24c9a57203e8fde6fcae9413bfc71482888e8f193ad71c34648e746dcecd3d08,b3bc7b4d80287c0e5126e7cd92df28c6,d1c3a4781bc7e538,train
CAT_COW_SANCHORI_0002,cow_sanchori,Sanchori,cattle,74,dataset/expanded_82_breeds_v2/cattle/cow_sanchori/sanchori_0002.jpg,sanchori_0002.jpg,193,190,0579efb31c52c6ad51da78d2f076e94a124a10a25e27e193a308775237f267ac,5369f8bcfca63f0db02f023321432039,d3042d7ad88beb16,train
CAT_COW_SHWETA_KAPILA_0002,cow_shweta_kapila,Shweta Kapila,cattle,75,dataset/expanded_82_breeds_v2/cattle/cow_shweta_kapila/shweta_kapila_0002.jpg,shweta_kapila_0002.jpg,1000,429,fa3fe95547679b0b111a2875ee1d2c4fddff285cd215b2abf20ab2c90963c023,b008631fd2b697b8e8c744a80c327e60,95e36c1c0b4b96da,train
CAT_COW_SIRI_0001,cow_siri,Siri,cattle,76,dataset/expanded_82_breeds_v2/cattle/cow_siri/siri_0001.jpg,siri_0001.jpg,3472,4624,c47ed1b1ccb1f3d25900cdbed266eb0df27c89fbbae2d80685fed0427c08275a,3094f1a30cb97e3316c8e3ac3ee75c3c,a1e5f0261a4ccf9b,train
CAT_COW_SIRI_0018,cow_siri,Siri,cattle,76,dataset/expanded_82_breeds_v2/cattle/cow_siri/siri_0018.jpg,siri_0018.jpg,1024,1280,ac65c3be5bfc515e6b4b36fbb95f22848753cf3c67839bfca544280d1fd353ba,31d755e900528ab8f7f8c67f8cb46087,e0e0cce5f5b2872c,train
CAT_COW_SIRI_0016,cow_siri,Siri,cattle,76,dataset/expanded_82_breeds_v2/cattle/cow_siri/siri_0016.jpg,siri_0016.jpg,6048,4024,6e030aa39ec50839b55842342bd615f5ab05aabb1f97b1be9e36c6e14949d4dd,c58e9a4ea3f991caba96121175f31804,8c9f7060c6f64dcc,train
CAT_COW_SIRI_0002,cow_siri,Siri,cattle,76,dataset/expanded_82_breeds_v2/cattle/cow_siri/siri_0002.jpg,siri_0002.jpg,3472,4624,f8a462fea40a0f655d21c0a703c2b1e07bf2764967515655480334ef85e6edc1,5ed2f38df74c556c8723061cb4835736,eea5491eb0f8878c,train
CAT_COW_SIRI_0009,cow_siri,Siri,cattle,76,dataset/expanded_82_breeds_v2/cattle/cow_siri/siri_0009.jpg,siri_0009.jpg,3000,2000,ef66d85162c2ee20d7148b430cceb4d8cb5884289bbfc8cb244980a228f80c9c,c8d1346cff965ebfc8adf43094751913,9fc880272ece77c8,train
CAT_COW_SIRI_0006,cow_siri,Siri,cattle,76,dataset/expanded_82_breeds_v2/cattle/cow_siri/siri_0006.jpg,siri_0006.jpg,3264,2448,9155874587d1e73e61a523be6cdef6dae77bdd92aa681628c297c861ce5ec43a,52c8d37abdfb8bb7d1c555f42023f6d3,c5d5d4d5b5b52424,train
CAT_COW_SIRI_0012,cow_siri,Siri,cattle,76,dataset/expanded_82_breeds_v2/cattle/cow_siri/siri_0012.jpg,siri_0012.jpg,3072,2048,420cbf659cecc376ad0170d6687653dae9a713063cdcf259500a3f8a69a71989,b8a4279ef6064bb3193662b30d9656f9,f6631f20018fd89f,train
CAT_COW_SIRI_0004,cow_siri,Siri,cattle,76,dataset/expanded_82_breeds_v2/cattle/cow_siri/siri_0004.jpg,siri_0004.jpg,640,428,21b6454e3a9782a3bac725bff13694a674b4c2d83796454a28340b4f236163f8,69843e03e0d6e7e13c41849fb30e1f0c,84e4999b327750cf,train
CAT_COW_SIRI_0019,cow_siri,Siri,cattle,76,dataset/expanded_82_breeds_v2/cattle/cow_siri/siri_0019.jpg,siri_0019.jpg,1024,1280,336f6c925696f4bbd994d7ec9e96b04fbd43dcb7250ebb366fd9356bbaebc82f,600b4a3a70e90f2ba8d70a2eabae6840,c3827eb0cdcf3831,train
CAT_COW_SIRI_0017,cow_siri,Siri,cattle,76,dataset/expanded_82_breeds_v2/cattle/cow_siri/siri_0017.jpg,siri_0017.jpg,2560,1920,414a1e1f0062a99fe9628e84888cb2da7e8074955dc4cd742972072b6212b95a,dfee602b4b213103db51f5043955d5b6,e7669631b5921ec2,train
CAT_COW_SIRI_0014,cow_siri,Siri,cattle,76,dataset/expanded_82_breeds_v2/cattle/cow_siri/siri_0014.jpg,siri_0014.jpg,6048,4024,9b8d6d7d1187c85e9b9c4e027de407a3d53cbf9077d63a483547eef3692319a3,4a76aaef8665a8e1df6671a529018e6b,91c7354f2b34db09,train
CAT_COW_SIRI_0003,cow_siri,Siri,cattle,76,dataset/expanded_82_breeds_v2/cattle/cow_siri/siri_0003.jpg,siri_0003.jpg,2048,1536,eb20f1cef8a2ff2d383652656163cad304a778f293bd4f6ea640af7ca321b013,5de72c0ad797d77f4c4b9f94764eac0e,9194b4ac4a496f77,train
CAT_COW_SIRI_0010,cow_siri,Siri,cattle,76,dataset/expanded_82_breeds_v2/cattle/cow_siri/siri_0010.jpg,siri_0010.jpg,3264,2176,187f0439a57c33440286f265f8f6fedd0350b10225096f7e253c1caeb11ff36a,94b5960249cb9254260b8a6c2e0e48ce,d3b6be262cec8581,train
CAT_COW_SIRI_0021,cow_siri,Siri,cattle,76,dataset/expanded_82_breeds_v2/cattle/cow_siri/siri_0021.jpg,siri_0021.jpg,1024,1280,d771848d377ef400fed6823ecb84cf7fc0a1d769ea3feac481f630b1c71b82b1,951aeba3adf82b9bd40ce3bbaf23f7bf,f6aa0ef4640387d9,train
CAT_COW_SIRI_0005,cow_siri,Siri,cattle,76,dataset/expanded_82_breeds_v2/cattle/cow_siri/siri_0005.jpg,siri_0005.jpg,4000,3000,5b29d38e22aab813ee5372db9317e38e71755cc6e90479a2cfbb2b92010f2b3c,9bae180fb78db33ea8e02183c4ab5c71,ededc8869c1c5392,train
CAT_COW_THARPARKAR_0006,cow_tharparkar,Tharparkar,cattle,77,dataset/expanded_82_breeds_v2/cattle/cow_tharparkar/tharparkar_0006.jpg,tharparkar_0006.jpg,4160,3120,192dae7b3b856eae5e2b30e2fbe50bdc00f243d84e525f91c3b3f4bcab406d85,58e94ff57635c71df4dda86c04b06efe,a81837c5db1fe093,train
CAT_COW_THARPARKAR_0001,cow_tharparkar,Tharparkar,cattle,77,dataset/expanded_82_breeds_v2/cattle/cow_tharparkar/tharparkar_0001.jpg,tharparkar_0001.jpg,2592,1944,c366b759a0f3b68b8a55557a6657da4ae52256fb034275791369d68bbf50bcd1,1f6ced0bbaa19c0a98382428b1cbf649,d1813e378bf4530d,train
CAT_COW_THARPARKAR_0010,cow_tharparkar,Tharparkar,cattle,77,dataset/expanded_82_breeds_v2/cattle/cow_tharparkar/tharparkar_0010.jpg,tharparkar_0010.jpg,4160,2616,cb6958f14469928d03027e10a4c8241c22189816eef750334b0195871f2e010a,935f37a6e5a0acc3e3602932c536a111,b160969f4a9cc765,train
CAT_COW_THARPARKAR_0012,cow_tharparkar,Tharparkar,cattle,77,dataset/expanded_82_breeds_v2/cattle/cow_tharparkar/tharparkar_0012.jpg,tharparkar_0012.jpg,1380,920,1d3bf83a47ee366e9ab1bdd50f3104950bef26cc7f50076eb0549d40300cf937,e4d28cc5dffcb12f07b9d262b007eb1a,c5391227fb236e2c,train
CAT_COW_THARPARKAR_0003,cow_tharparkar,Tharparkar,cattle,77,dataset/expanded_82_breeds_v2/cattle/cow_tharparkar/tharparkar_0003.jpg,tharparkar_0003.jpg,5184,3456,d766323bf0c272dc6e0b48a69316bbe473d5b49bb3015b71fba981563ce13a60,a0798f98c9db9f909d83ebbea2c748a0,a707593c1c65d2d9,train
CAT_COW_THARPARKAR_0002,cow_tharparkar,Tharparkar,cattle,77,dataset/expanded_82_breeds_v2/cattle/cow_tharparkar/tharparkar_0002.jpg,tharparkar_0002.jpg,2448,3264,fe758df4830d49b3da1c4f272736275ed5b27ef2e94167112443be5fe7f715d6,054446e71bb2399cdc1c14d6453aed25,931771e08faf2833,train
CAT_COW_THARPARKAR_0009,cow_tharparkar,Tharparkar,cattle,77,dataset/expanded_82_breeds_v2/cattle/cow_tharparkar/tharparkar_0009.jpg,tharparkar_0009.jpg,2967,2961,fa3bba810a88c2851a4694680e20501ee25a5760af0859b00bbd240432cc9726,7fa20c17f1bc0091a0460f0bf5ff09df,b564d8075e7ee091,train
CAT_COW_THUTHO_0002,cow_thutho,Thutho,cattle,78,dataset/expanded_82_breeds_v2/cattle/cow_thutho/thutho_0002.jpg,thutho_0002.jpg,540,404,fbbcbd1db923678b57f665fa80af6cafa1ca21d237452cebc9c9b98b0e0466a8,493750f74e7e7329aa41f7e8f9018f17,92c4ca32cddab68b,train
CAT_COW_UMARDA_0002,cow_umarda,Umarda,cattle,79,dataset/expanded_82_breeds_v2/cattle/cow_umarda/umarda_0002.jpg,umarda_0002.jpg,1200,685,8ab8db03850c39d369385cefbeee746731ebac33ae4bc11462cd6012380999f8,200ec11aae60bffe9635f495339b6551,c1c43b9a9e8f3a1a,train
CAT_COW_UMBLACHERY_0002,cow_umblachery,Umblachery,cattle,80,dataset/expanded_82_breeds_v2/cattle/cow_umblachery/umblachery_0002.jpg,umblachery_0002.jpg,5184,3456,f9a39652b4c6cf020743adcba17c6406faf2049f1c94bb2bd51c28d9f0919c33,b2058e11f9dd9d9b343c91ecec58008c,ad79d2d23c6c0f81,train
CAT_COW_VECHUR_0001,cow_vechur,Vechur,cattle,81,dataset/expanded_82_breeds_v2/cattle/cow_vechur/vechur_0001.jpg,vechur_0001.jpg,4160,3120,9801f11ba4db300cacc0b5839e9c29acfb43712a71c258f60b2a5920b402f656,4289afcfc8c826fa9ed3fdf7148cc676,d696266e689b98d4,train
CAT_COW_VECHUR_0006,cow_vechur,Vechur,cattle,81,dataset/expanded_82_breeds_v2/cattle/cow_vechur/vechur_0006.jpg,vechur_0006.jpg,3991,2588,19a45fdb57505f1422e9bfb0de0f9e3e88e24cc68056fc12e16ccb1b05ed046e,699e85a998a940080c3f3731843c4ff1,b76cc3c396740c4b,train
CAT_COW_VECHUR_0012,cow_vechur,Vechur,cattle,81,dataset/expanded_82_breeds_v2/cattle/cow_vechur/vechur_0012.jpg,vechur_0012.jpg,4608,3072,bd20364f0c334f63c24836469ab15b4e4e2dbe91da872750cd6bf861823a0cfa,5874f7cf85891364bae7ec3d62beecf1,878750de4b1acec3,train
CAT_COW_VECHUR_0002,cow_vechur,Vechur,cattle,81,dataset/expanded_82_breeds_v2/cattle/cow_vechur/vechur_0002.jpg,vechur_0002.jpg,4160,3120,9a8e9204f8f28c742be644ff79c146d5579f388ba0c6172f13d6f09b703c8023,ae8fa0f2f241917a96046c18a17df29e,d49427676d6dc8c8,train
CAT_COW_VECHUR_0009,cow_vechur,Vechur,cattle,81,dataset/expanded_82_breeds_v2/cattle/cow_vechur/vechur_0009.jpg,vechur_0009.jpg,2898,3863,480eef221bab4eebd29b7694188b476716acc8cffc58e2a7620332fcc69e92ab,92f4426841a744ab3fb8b2922bf38044,d0462735593aaf8d,train
CAT_COW_VECHUR_0017,cow_vechur,Vechur,cattle,81,dataset/expanded_82_breeds_v2/cattle/cow_vechur/vechur_0017.jpg,vechur_0017.jpg,4608,3456,04a7ef1a80275fd4007ad1d62d399060bca46b2bc92cdfa502c7fa66c2dce06b,efa6ce260c30b1bc1eecdfbe2e6767dc,a121d3136e2eb7c9,train
CAT_COW_VECHUR_0004,cow_vechur,Vechur,cattle,81,dataset/expanded_82_breeds_v2/cattle/cow_vechur/vechur_0004.jpg,vechur_0004.jpg,4160,3120,ca1295cb4115721d700e65f9c122cf9625ba983c7dc5cc6a8169eb1c522fe2be,356ded73617423be0d9ba7fea8e95cbd,d3b02c686b439e8f,train
CAT_COW_VECHUR_0014,cow_vechur,Vechur,cattle,81,dataset/expanded_82_breeds_v2/cattle/cow_vechur/vechur_0014.jpg,vechur_0014.jpg,4608,3456,d2eab248898cad1c32881d02ce64883be14dea5288cf432f6e1250aed459491a,fbf05d3c6104d95b1041406ec37f6e0c,ad5cd8296d331a6c,train
CAT_COW_VECHUR_0016,cow_vechur,Vechur,cattle,81,dataset/expanded_82_breeds_v2/cattle/cow_vechur/vechur_0016.jpg,vechur_0016.jpg,4608,3456,f0f90d1b8a5891ad3660a62266d6018393d3bb5021de4645ff5dd8df22b21eb5,335852c001a173de3cec80d22724728d,ad2f8a516da8929b,train
CAT_COW_VECHUR_0018,cow_vechur,Vechur,cattle,81,dataset/expanded_82_breeds_v2/cattle/cow_vechur/vechur_0018.jpg,vechur_0018.jpg,4608,3456,9617b0f0e23e051e729de4dc85e4fef10348886be6b37c61f0748af13238bc04,ef00f787d3f870b55bfffeca54e9e9ce,b616d4644f1e347c,train
CAT_COW_VECHUR_0003,cow_vechur,Vechur,cattle,81,dataset/expanded_82_breeds_v2/cattle/cow_vechur/vechur_0003.jpg,vechur_0003.jpg,4160,3120,8c0bc6a85239b240fb8e7416f915e5a77685411be9f6173b86fc4783b3fea6f3,3d43dd2f964ab1062422db4de871c515,d3b06c6c49d3968d,train
CAT_COW_VECHUR_0010,cow_vechur,Vechur,cattle,81,dataset/expanded_82_breeds_v2/cattle/cow_vechur/vechur_0010.jpg,vechur_0010.jpg,4608,3456,0d7473439c3c5a453b2939b698c569f37e2dc0f13d8dffaabb54924ca93d6564,15eca31bfb08a9ea65f6a5381e13f363,bc45113bbfedc410,train
CAT_COW_VECHUR_0019,cow_vechur,Vechur,cattle,81,dataset/expanded_82_breeds_v2/cattle/cow_vechur/vechur_0019.jpg,vechur_0019.jpg,2048,1536,b56f72e9475b0f16f05a9f7a5002050e95a2e24d5f5df68ba1c7b2a2f7c2fa9e,281a6341492e2b4ba79f4d2ce96a74d1,b5aaf49c30a33a39,train
