image_id,breed_id,breed_name,species,source_url,source_name,license,download_date,original_filename,local_filename,sha256,width,height,format,quality_status,duplicate_status,near_duplicate_status,verification_status
CAT_AMRITMAHAL_0001,cow_amritmahal,Amritmahal,cattle,https://nbagr.res.in,ICAR-NBAGR / Baseline Archive,Government Open Access / Academic Research,2026-09-17,amritmahal_0001.jpg,cattle/cow_amritmahal/amritmahal_0001.jpg,c056eff99c51e75c3adf05ed7eb5836deaa009bb4b65fa665da0c2a87cd6e44f,4160,3120,JPEG,valid,original,original,verified
CAT_AMRITMAHAL_0002,cow_amritmahal,Amritmahal,cattle,https://nbagr.res.in,ICAR-NBAGR / Baseline Archive,Government Open Access / Academic Research,2026-09-17,amritmahal_0002.jpg,cattle/cow_amritmahal/amritmahal_0002.jpg,dda9ce7066ba45873d455b0e1e6e5354e5c350d746b2217b8455644d74fc6e92,2139,1638,JPEG,valid,original,original,verified
CAT_BACHAUR_0001,cow_bachaur,Bachaur,cattle,https://nbagr.res.in,ICAR-NBAGR / Baseline Archive,Government Open Access / Academic Research,2026-09-17,bachaur_0001.jpg,cattle/cow_bachaur/bachaur_0001.jpg,b6cbc3f41305aff4fcafc8f46e6d7409c3d2fdf8b7e8a9aaf5e89bdcc7f25cbe,360,209,JPEG,valid,original,original,verified
CAT_BACHAUR_0002,cow_bachaur,Bachaur,cattle,https://nbagr.res.in,ICAR-NBAGR / Baseline Archive,Government Open Access / Academic Research,2026-09-17,bachaur_0002.jpg,cattle/cow_bachaur/bachaur_0002.jpg,fc2c6df15c4225f0423b1fd0230da7d6838af3361b5080dff8077cf572dc9c85,678,432,JPEG,valid,original,original,verified
CAT_BARGUR_0001,cow_bargur,Bargur,cattle,https://nbagr.res.in,ICAR-NBAGR / Baseline Archive,Government Open Access / Academic Research,2026-09-17,bargur_0001.jpg,cattle/cow_bargur/bargur_0001.jpg,c75a9fa006f3991eb01d9db585da69833267e5e2a8713e8bd86cd916b2818d27,3888,2592,JPEG,valid,original,original,verified
CAT_DANGI_0001,cow_dangi,Dangi,cattle,https://nbagr.res.in,ICAR-NBAGR / Baseline Archive,Government Open Access / Academic Research,2026-09-17,dangi_0001.jpg,cattle/cow_dangi/dangi_0001.jpg,3e05377892731544cec82e8bd96d33c8b3876cb76aaa1ec9c792116debbee596,2400,2742,JPEG,valid,original,original,verified
CAT_DANGI_0002,cow_dangi,Dangi,cattle,https://nbagr.res.in,ICAR-NBAGR / Baseline Archive,Government Open Access / Academic Research,2026-09-17,dangi_0002.jpg,cattle/cow_dangi/dangi_0002.jpg,36bd7b3a412e1e60529a20c5eabc8085bb3d2ae77c4a624209facd7b2fb532be,4032,3024,JPEG,valid,original,original,verified
CAT_DANGI_0003,cow_dangi,Dangi,cattle,https://nbagr.res.in,ICAR-NBAGR / Baseline Archive,Government Open Access / Academic Research,2026-09-17,dangi_0003.jpg,cattle/cow_dangi/dangi_0003.jpg,d993a3444f608be9f8ac688f51b33bf91fde9c8f9580a4907a5fa626d87a0711,4220,3456,JPEG,valid,original,original,verified
CAT_DANGI_0004,cow_dangi,Dangi,cattle,https://nbagr.res.in,ICAR-NBAGR / Baseline Archive,Government Open Access / Academic Research,2026-09-17,dangi_0004.jpg,cattle/cow_dangi/dangi_0004.jpg,0112319dcaa4b7dd49451b6016558a5c7f005a362a577eb92141ad7037fa7c55,5184,3456,JPEG,valid,original,original,verified
CAT_DANGI_0005,cow_dangi,Dangi,cattle,https://nbagr.res.in,ICAR-NBAGR / Baseline Archive,Government Open Access / Academic Research,2026-09-17,dangi_0005.jpg,cattle/cow_dangi/dangi_0005.jpg,7da61b6da45841fe31d0aa7f211ff8d1092064dfd4a40e3b28efa5269b2f0bf7,600,700,JPEG,valid,original,original,verified
CAT_DEONI_0001,cow_deoni,Deoni,cattle,https://nbagr.res.in,ICAR-NBAGR / Baseline Archive,Government Open Access / Academic Research,2026-09-17,deoni_0001.jpg,cattle/cow_deoni/deoni_0001.jpg,b44a343268a256430dca29f7d3cfc46e6cf0624be436a7d5d19ab960c7f37f5d,5184,3456,JPEG,valid,original,original,verified
CAT_DEONI_0002,cow_deoni,Deoni,cattle,https://nbagr.res.in,ICAR-NBAGR / Baseline Archive,Government Open Access / Academic Research,2026-09-17,deoni_0002.jpg,cattle/cow_deoni/deoni_0002.jpg,8a327e65c242d4e1ec1178eb43d6717e53d9046e7a23e96a78384d089ca822b4,5184,3456,JPEG,valid,original,original,verified
CAT_DEONI_0003,cow_deoni,Deoni,cattle,https://nbagr.res.in,ICAR-NBAGR / Baseline Archive,Government Open Access / Academic Research,2026-09-17,deoni_0003.jpg,cattle/cow_deoni/deoni_0003.jpg,257916074e3a9841d48edc38857f17b112940718962d38bf59bea5fc0f1dec53,1144,1322,JPEG,valid,original,original,verified
CAT_GAOLAO_0001,cow_gaolao,Gaolao,cattle,https://nbagr.res.in,ICAR-NBAGR / Baseline Archive,Government Open Access / Academic Research,2026-09-17,gaolao_0001.jpg,cattle/cow_gaolao/gaolao_0001.jpg,717005b0ec6fded10dec9c3bf708fcc0f1b3db5faff9263e351fa768da856900,5184,3456,JPEG,valid,original,original,verified
CAT_GAOLAO_0002,cow_gaolao,Gaolao,cattle,https://nbagr.res.in,ICAR-NBAGR / Baseline Archive,Government Open Access / Academic Research,2026-09-17,gaolao_0002.jpg,cattle/cow_gaolao/gaolao_0002.jpg,0fc0455358b6cd59c5e8beb8cbd29d7d26e63b5d77f9e23c3edcbe497d214915,5184,3456,JPEG,valid,original,original,verified
CAT_GIR_0001,cow_gir,Gir,cattle,https://nbagr.res.in,ICAR-NBAGR / Baseline Archive,Government Open Access / Academic Research,2026-09-17,gir_0001.jpg,cattle/cow_gir/gir_0001.jpg,2a5e27bf03b57f24e6de2d536b4a7d19093c6ff52f04dc2bb4e462c63c93d7df,6039,4026,JPEG,valid,original,original,verified
CAT_GIR_0002,cow_gir,Gir,cattle,https://nbagr.res.in,ICAR-NBAGR / Baseline Archive,Government Open Access / Academic Research,2026-09-17,gir_0002.jpg,cattle/cow_gir/gir_0002.jpg,2c429caacf825933f66b161234c5b41a2b32577542ec4a0e6dc276eb8fffc854,236,157,JPEG,valid,original,original,verified
CAT_GIR_0003,cow_gir,Gir,cattle,https://nbagr.res.in,ICAR-NBAGR / Baseline Archive,Government Open Access / Academic Research,2026-09-17,gir_0003.jpg,cattle/cow_gir/gir_0003.jpg,373562b9768d8db3562f5cf5cd88e2c46338c0a9bdc6171df17e965778e76751,600,450,JPEG,valid,original,original,verified
CAT_GIR_0004,cow_gir,Gir,cattle,https://nbagr.res.in,ICAR-NBAGR / Baseline Archive,Government Open Access / Academic Research,2026-09-17,gir_0004.jpg,cattle/cow_gir/gir_0004.jpg,ea43c80367a325b04dcd67908e734b07eb7d915ca87698c1459f150783bc8e3f,2700,1851,JPEG,valid,original,original,verified
CAT_GIR_0005,cow_gir,Gir,cattle,https://nbagr.res.in,ICAR-NBAGR / Baseline Archive,Government Open Access / Academic Research,2026-09-17,gir_0005.jpg,cattle/cow_gir/gir_0005.jpg,a5e8d6caa83b81f3a0cbc031507456add88481fe3e90494aab73a1a773bef672,1931,1855,JPEG,valid,original,original,verified
CAT_GIR_0006,cow_gir,Gir,cattle,https://nbagr.res.in,ICAR-NBAGR / Baseline Archive,Government Open Access / Academic Research,2026-09-17,gir_0006.jpg,cattle/cow_gir/gir_0006.jpg,8a1438141e4bb5178e1bfcfe8f141a39f67f6e6b3d2bd6dc2cf46c8aa39975d1,5456,3992,JPEG,valid,original,original,verified
CAT_GIR_0007,cow_gir,Gir,cattle,https://nbagr.res.in,ICAR-NBAGR / Baseline Archive,Government Open Access / Academic Research,2026-09-17,gir_0007.jpg,cattle/cow_gir/gir_0007.jpg,a7f0adbe1d984be5317cb872e7ee95fcfd1fe75517fc1500356f5e5e3d2ce912,5184,3456,JPEG,valid,original,original,verified
CAT_GIR_0008,cow_gir,Gir,cattle,https://nbagr.res.in,ICAR-NBAGR / Baseline Archive,Government Open Access / Academic Research,2026-09-17,gir_0008.jpg,cattle/cow_gir/gir_0008.jpg,747bad06fddee1884bb0fcfb3961091b7a8fb495a8c373cf46a88ddb81442578,5184,3456,JPEG,valid,original,original,verified
CAT_GIR_0009,cow_gir,Gir,cattle,https://nbagr.res.in,ICAR-NBAGR / Baseline Archive,Government Open Access / Academic Research,2026-09-17,gir_0009.jpg,cattle/cow_gir/gir_0009.jpg,c36d231ece1c79e416a942f3a5858508d9cac09e1b1364170637dba66a86c6f0,4608,3456,JPEG,valid,original,original,verified
CAT_GIR_0010,cow_gir,Gir,cattle,https://nbagr.res.in,ICAR-NBAGR / Baseline Archive,Government Open Access / Academic Research,2026-09-17,gir_0010.jpg,cattle/cow_gir/gir_0010.jpg,7d8824c6b6c9078f1b450ca53fbab9ac639b25eac35737484d5531f87920c422,4208,2368,JPEG,valid,original,original,verified
CAT_GIR_0011,cow_gir,Gir,cattle,https://nbagr.res.in,ICAR-NBAGR / Baseline Archive,Government Open Access / Academic Research,2026-09-17,gir_0011.jpg,cattle/cow_gir/gir_0011.jpg,690b3a2283679f9a6e62cd036e3d131032d8e47611a2178fb849279fd3b9d1b8,5184,3456,JPEG,valid,original,original,verified
CAT_GIR_0012,cow_gir,Gir,cattle,https://nbagr.res.in,ICAR-NBAGR / Baseline Archive,Government Open Access / Academic Research,2026-09-17,gir_0012.jpg,cattle/cow_gir/gir_0012.jpg,4a20f84bc97b15ba52733431d9f04f4414924cf926676b2bf19a84350609afce,4608,3456,JPEG,valid,original,original,verified
CAT_GIR_0013,cow_gir,Gir,cattle,https://nbagr.res.in,ICAR-NBAGR / Baseline Archive,Government Open Access / Academic Research,2026-09-17,gir_0013.jpg,cattle/cow_gir/gir_0013.jpg,88901a9eb8558e8c42f97a13b620a8b8b0f2da064c1f6b0ea141c7cddb80d17a,4608,3456,JPEG,valid,original,original,verified
CAT_GIR_0014,cow_gir,Gir,cattle,https://nbagr.res.in,ICAR-NBAGR / Baseline Archive,Government Open Access / Academic Research,2026-09-17,gir_0014.jpg,cattle/cow_gir/gir_0014.jpg,8e5edf63a5a6e53f1086b41622ec5f2641d914384897298a494f720729d057f1,3264,2448,JPEG,valid,original,original,verified
CAT_GIR_0015,cow_gir,Gir,cattle,https://nbagr.res.in,ICAR-NBAGR / Baseline Archive,Government Open Access / Academic Research,2026-09-17,gir_0015.jpg,cattle/cow_gir/gir_0015.jpg,890c2b80eaeee4b818f21c3053004b64f57209074b80f1cd5335e1d72f94350e,5184,3456,JPEG,valid,original,original,verified
CAT_GIR_0016,cow_gir,Gir,cattle,https://nbagr.res.in,ICAR-NBAGR / Baseline Archive,Government Open Access / Academic Research,2026-09-17,gir_0016.jpg,cattle/cow_gir/gir_0016.jpg,4d8d216fd4101bf7b6ea994dc6ebf6cf8e88588c210bade695c8ecb9dd72059f,6123,4082,JPEG,valid,original,original,verified
CAT_GIR_0017,cow_gir,Gir,cattle,https://nbagr.res.in,ICAR-NBAGR / Baseline Archive,Government Open Access / Academic Research,2026-09-17,gir_0017.jpg,cattle/cow_gir/gir_0017.jpg,80c73f5ffa46eedc9335075984bb3b4ef0c9de42f7946529674e8a7559d19e48,633,594,JPEG,valid,original,original,verified
CAT_GIR_0018,cow_gir,Gir,cattle,https://nbagr.res.in,ICAR-NBAGR / Baseline Archive,Government Open Access / Academic Research,2026-09-17,gir_0018.jpg,cattle/cow_gir/gir_0018.jpg,53bf1737cbfe545b91c493271576bac76ce1e1bf74384a597226cb941f17a764,3661,2495,JPEG,valid,original,original,verified
CAT_GIR_0019,cow_gir,Gir,cattle,https://nbagr.res.in,ICAR-NBAGR / Baseline Archive,Government Open Access / Academic Research,2026-09-17,gir_0019.jpg,cattle/cow_gir/gir_0019.jpg,7645cb3fbd02fa21d9b31e8453c3b53cc7a6c85db81acc98106ee3700f8e45b8,960,946,JPEG,valid,original,original,verified
CAT_GIR_0020,cow_gir,Gir,cattle,https://nbagr.res.in,ICAR-NBAGR / Baseline Archive,Government Open Access / Academic Research,2026-09-17,gir_0020.jpg,cattle/cow_gir/gir_0020.jpg,9c5aeb9a9b63ac908fc2d6b987cd942773a5f58a20d122565324341c7b437a5a,718,537,JPEG,valid,original,original,verified
CAT_GIR_0021,cow_gir,Gir,cattle,https://nbagr.res.in,ICAR-NBAGR / Baseline Archive,Government Open Access / Academic Research,2026-09-17,gir_0021.jpg,cattle/cow_gir/gir_0021.jpg,fc527a2d382d5478b80e78d8c57a83f648815152b0ea0855807ab24843dfdd3b,4325,3044,JPEG,valid,original,original,verified
CAT_GIR_0022,cow_gir,Gir,cattle,https://nbagr.res.in,ICAR-NBAGR / Baseline Archive,Government Open Access / Academic Research,2026-09-17,gir_0022.jpg,cattle/cow_gir/gir_0022.jpg,558f794ba5e40beb41c1079633e21c46b3b69ae77e63fd28fc3772c9c6d19194,1600,1292,JPEG,valid,original,original,verified
CAT_GIR_0023,cow_gir,Gir,cattle,https://nbagr.res.in,ICAR-NBAGR / Baseline Archive,Government Open Access / Academic Research,2026-09-17,gir_0023.jpg,cattle/cow_gir/gir_0023.jpg,15b78dceeaa1d93f05c0b83452e241a57c6b94d59231c642a63806930207743e,4320,3240,JPEG,valid,original,original,verified
CAT_GIR_0024,cow_gir,Gir,cattle,https://nbagr.res.in,ICAR-NBAGR / Baseline Archive,Government Open Access / Academic Research,2026-09-17,gir_0024.jpg,cattle/cow_gir/gir_0024.jpg,fa7d66695050d5e8186d45571bb1ddcaa4cfa5c9659fcbc7c769c997a7ace5fb,2432,3648,JPEG,valid,original,original,verified
CAT_GIR_0025,cow_gir,Gir,cattle,https://nbagr.res.in,ICAR-NBAGR / Baseline Archive,Government Open Access / Academic Research,2026-09-17,gir_0025.jpg,cattle/cow_gir/gir_0025.jpg,dc72cdd347f9d1fce28a50c27ead80da269f6b2b26240fe3e95cfbc1464f70fb,5712,4284,JPEG,valid,original,original,verified
CAT_GIR_0026,cow_gir,Gir,cattle,https://nbagr.res.in,ICAR-NBAGR / Baseline Archive,Government Open Access / Academic Research,2026-09-17,gir_0026.jpg,cattle/cow_gir/gir_0026.jpg,546074aafc798ffafb7afa1c874e1728ea307c42a155305f0dcd4b79894f6ad5,1080,1294,JPEG,valid,original,original,verified
CAT_GIR_0027,cow_gir,Gir,cattle,https://nbagr.res.in,ICAR-NBAGR / Baseline Archive,Government Open Access / Academic Research,2026-09-17,gir_0027.jpg,cattle/cow_gir/gir_0027.jpg,e7d23a63d36c2b26fae33b93bb9eb0be17040c07fa448c6bd88f52dc970f2dac,3024,4032,JPEG,valid,original,original,verified
CAT_GIR_0028,cow_gir,Gir,cattle,https://nbagr.res.in,ICAR-NBAGR / Baseline Archive,Government Open Access / Academic Research,2026-09-17,gir_0028.jpg,cattle/cow_gir/gir_0028.jpg,3f0431bdf6044bdbfe689b43b38ff69e234150a740276232ca2ece1f7f9c273e,5712,4284,JPEG,valid,original,original,verified
CAT_GIR_0029,cow_gir,Gir,cattle,https://nbagr.res.in,ICAR-NBAGR / Baseline Archive,Government Open Access / Academic Research,2026-09-17,gir_0029.jpg,cattle/cow_gir/gir_0029.jpg,ecf277862287aeecc370daec6c94796daa6926094d3a495dd963e51219059521,4032,3024,JPEG,valid,original,original,verified
CAT_GIR_0030,cow_gir,Gir,cattle,https://nbagr.res.in,ICAR-NBAGR / Baseline Archive,Government Open Access / Academic Research,2026-09-17,gir_0030.jpg,cattle/cow_gir/gir_0030.jpg,ae7b21ce3d0794894a13e630339e9f3e21f6f602a4de239072b80f3b8515cbc2,4032,3024,JPEG,valid,original,original,verified
CAT_GIR_0031,cow_gir,Gir,cattle,https://nbagr.res.in,ICAR-NBAGR / Baseline Archive,Government Open Access / Academic Research,2026-09-17,gir_0031.jpg,cattle/cow_gir/gir_0031.jpg,7150b43e2d9dffbcaec0a1478d60511313b4adc066315c0651529a8e66b0829d,4032,3024,JPEG,valid,original,original,verified
CAT_HALLIKAR_0001,cow_hallikar,Hallikar,cattle,https://nbagr.res.in,ICAR-NBAGR / Baseline Archive,Government Open Access / Academic Research,2026-09-17,hallikar_0001.jpg,cattle/cow_hallikar/hallikar_0001.jpg,50d7a358a9fe406b98f4f47df192d2f6c4f87e7607942f7b13b19cddef2a48cb,1536,2048,JPEG,valid,original,original,verified
CAT_HALLIKAR_0002,cow_hallikar,Hallikar,cattle,https://nbagr.res.in,ICAR-NBAGR / Baseline Archive,Government Open Access / Academic Research,2026-09-17,hallikar_0002.jpg,cattle/cow_hallikar/hallikar_0002.jpg,3762697eff497605bccbcdae04ad948c54ba3020eee655920dcd433e55c8e7b1,2344,2516,JPEG,valid,original,original,verified
CAT_HALLIKAR_0003,cow_hallikar,Hallikar,cattle,https://nbagr.res.in,ICAR-NBAGR / Baseline Archive,Government Open Access / Academic Research,2026-09-17,hallikar_0003.jpg,cattle/cow_hallikar/hallikar_0003.jpg,3d6b3cd7b52daf5961bdddfc3ebbff1e1c64cf2fcbe4e511cd0e8f6f4a69efb8,2147,1702,JPEG,valid,original,original,verified
CAT_HALLIKAR_0004,cow_hallikar,Hallikar,cattle,https://nbagr.res.in,ICAR-NBAGR / Baseline Archive,Government Open Access / Academic Research,2026-09-17,hallikar_0004.jpg,cattle/cow_hallikar/hallikar_0004.jpg,b1ea6c4c05a3e253f02818551bbef54377c6cabb67454c820769a8ed16115479,513,598,JPEG,valid,original,original,verified
CAT_HALLIKAR_0005,cow_hallikar,Hallikar,cattle,https://nbagr.res.in,ICAR-NBAGR / Baseline Archive,Government Open Access / Academic Research,2026-09-17,hallikar_0005.jpg,cattle/cow_hallikar/hallikar_0005.jpg,2d83430c5074901ce6094b2450c3ce9164a98f1b4f63884473d4b3fe48481842,5184,3456,JPEG,valid,original,original,verified
CAT_HALLIKAR_0006,cow_hallikar,Hallikar,cattle,https://nbagr.res.in,ICAR-NBAGR / Baseline Archive,Government Open Access / Academic Research,2026-09-17,hallikar_0006.jpg,cattle/cow_hallikar/hallikar_0006.jpg,faecd6f37f38284e55e6a85aedf1712887b1401739c3983225c98daba83f0640,5184,3456,JPEG,valid,original,original,verified
CAT_HARIANA_0001,cow_hariana,Hariana,cattle,https://nbagr.res.in,ICAR-NBAGR / Baseline Archive,Government Open Access / Academic Research,2026-09-17,hariana_0001.jpg,cattle/cow_hariana/hariana_0001.jpg,feb13d255d4f982e448fc1436b22a5f22413afd2b459298bd4b63da4a52eff5b,5184,3456,JPEG,valid,original,original,verified
CAT_HARIANA_0002,cow_hariana,Hariana,cattle,https://nbagr.res.in,ICAR-NBAGR / Baseline Archive,Government Open Access / Academic Research,2026-09-17,hariana_0002.jpg,cattle/cow_hariana/hariana_0002.jpg,852ecff2c1c6710c4ebf6ee71b7bf46ece873fadd2a64f4298f0e77f5df9b9c4,5184,3456,JPEG,valid,original,original,verified
CAT_HARIANA_0003,cow_hariana,Hariana,cattle,https://nbagr.res.in,ICAR-NBAGR / Baseline Archive,Government Open Access / Academic Research,2026-09-17,hariana_0003.jpg,cattle/cow_hariana/hariana_0003.jpg,58cd68ad97dbfef81d44ccb14cccad3b7bbb1e6a5f8699ca23f90711d06ba414,3024,1931,JPEG,valid,original,original,verified
CAT_KANGAYAM_0001,cow_kangayam,Kangayam,cattle,https://nbagr.res.in,ICAR-NBAGR / Baseline Archive,Government Open Access / Academic Research,2026-09-17,kangayam_0001.jpg,cattle/cow_kangayam/kangayam_0001.jpg,5d7fe6c7216bba4f6b51f18351d510dea7ca5f0980690f00ddea02dc3033d538,720,744,JPEG,valid,original,original,verified
CAT_KANGAYAM_0002,cow_kangayam,Kangayam,cattle,https://nbagr.res.in,ICAR-NBAGR / Baseline Archive,Government Open Access / Academic Research,2026-09-17,kangayam_0002.jpg,cattle/cow_kangayam/kangayam_0002.jpg,4c7e3a1903193a95adc5f5f5dd052d5cd44d81c5f47d98194bd909e1db3997f9,4208,2368,JPEG,valid,original,original,verified
CAT_KANGAYAM_0003,cow_kangayam,Kangayam,cattle,https://nbagr.res.in,ICAR-NBAGR / Baseline Archive,Government Open Access / Academic Research,2026-09-17,kangayam_0003.jpg,cattle/cow_kangayam/kangayam_0003.jpg,533d12f3ac4094ce49c3c1f931ed4fcfbede4a8463ec769e06b4af52f3c70188,2592,1944,JPEG,valid,original,original,verified
CAT_KANGAYAM_0004,cow_kangayam,Kangayam,cattle,https://nbagr.res.in,ICAR-NBAGR / Baseline Archive,Government Open Access / Academic Research,2026-09-17,kangayam_0004.jpg,cattle/cow_kangayam/kangayam_0004.jpg,76c771f0470e6ceb6fda5e55a72085b647f1d59d20c47c08ad812abc1719640d,5184,3456,JPEG,valid,original,original,verified
CAT_KANGAYAM_0005,cow_kangayam,Kangayam,cattle,https://nbagr.res.in,ICAR-NBAGR / Baseline Archive,Government Open Access / Academic Research,2026-09-17,kangayam_0005.jpg,cattle/cow_kangayam/kangayam_0005.jpg,a06f8bf35598b75afab3b70733a8bac9d152c4b9ab04af4b55ac8f65d1c3da19,5184,3456,JPEG,valid,original,original,verified
CAT_KANGAYAM_0006,cow_kangayam,Kangayam,cattle,https://nbagr.res.in,ICAR-NBAGR / Baseline Archive,Government Open Access / Academic Research,2026-09-17,kangayam_0006.jpg,cattle/cow_kangayam/kangayam_0006.jpg,0d1e4b671a34ba203b9fb393d0dc0eeaedeb30a179611051e95d4d8098d49c30,3307,2772,JPEG,valid,original,original,verified
CAT_KANGAYAM_0007,cow_kangayam,Kangayam,cattle,https://nbagr.res.in,ICAR-NBAGR / Baseline Archive,Government Open Access / Academic Research,2026-09-17,kangayam_0007.jpg,cattle/cow_kangayam/kangayam_0007.jpg,b25636dc818bacfe68f6d6b620911b622a4ed2943b86e5c70c79da74cca323cc,480,800,JPEG,valid,original,original,verified
CAT_KANGAYAM_0008,cow_kangayam,Kangayam,cattle,https://nbagr.res.in,ICAR-NBAGR / Baseline Archive,Government Open Access / Academic Research,2026-09-17,kangayam_0008.jpg,cattle/cow_kangayam/kangayam_0008.jpg,771141e129b5bb1c1fbb43fe61d773bbea646ec2761ede09b47ab9ae385b0473,830,1150,JPEG,valid,original,original,verified
CAT_KANGAYAM_0009,cow_kangayam,Kangayam,cattle,https://nbagr.res.in,ICAR-NBAGR / Baseline Archive,Government Open Access / Academic Research,2026-09-17,kangayam_0009.jpg,cattle/cow_kangayam/kangayam_0009.jpg,879a8f5403ed2e87113dc45d5ee5efc46596178ded7724801489d5c12f6ffaf2,1010,1150,JPEG,valid,original,original,verified
CAT_KANGAYAM_0010,cow_kangayam,Kangayam,cattle,https://nbagr.res.in,ICAR-NBAGR / Baseline Archive,Government Open Access / Academic Research,2026-09-17,kangayam_0010.jpg,cattle/cow_kangayam/kangayam_0010.jpg,987b96a3b517880d2d3057e13c4fdb291fef92849eba5c58c81e96cd11471d8a,1161,952,JPEG,valid,original,original,verified
CAT_KANGAYAM_0011,cow_kangayam,Kangayam,cattle,https://nbagr.res.in,ICAR-NBAGR / Baseline Archive,Government Open Access / Academic Research,2026-09-17,kangayam_0011.jpg,cattle/cow_kangayam/kangayam_0011.jpg,96ee82b0199793929249da336f780687535bc8a25dfb35931c4bbee291e776d8,1110,900,JPEG,valid,original,original,verified
CAT_KANGAYAM_0012,cow_kangayam,Kangayam,cattle,https://nbagr.res.in,ICAR-NBAGR / Baseline Archive,Government Open Access / Academic Research,2026-09-17,kangayam_0012.jpg,cattle/cow_kangayam/kangayam_0012.jpg,511e76da95745b5d487b5de83e3fe69b06ebfaa412fbd346e37b5c338bdd3370,4000,6000,JPEG,valid,original,original,verified
CAT_KANGAYAM_0013,cow_kangayam,Kangayam,cattle,https://nbagr.res.in,ICAR-NBAGR / Baseline Archive,Government Open Access / Academic Research,2026-09-17,kangayam_0013.jpg,cattle/cow_kangayam/kangayam_0013.jpg,622da68e1a912b3c2c91aafef1dd73e676ff8cb5ee16b2bf3644c82d611c235d,2088,3072,JPEG,valid,original,original,verified
CAT_KANGAYAM_0014,cow_kangayam,Kangayam,cattle,https://nbagr.res.in,ICAR-NBAGR / Baseline Archive,Government Open Access / Academic Research,2026-09-17,kangayam_0014.jpg,cattle/cow_kangayam/kangayam_0014.jpg,ab08c1856a73da3afc3db9ffea02ed2a27c95f7b9e3f1b91f4ea471e98d5a832,1967,1858,JPEG,valid,original,original,verified
CAT_KANGAYAM_0015,cow_kangayam,Kangayam,cattle,https://nbagr.res.in,ICAR-NBAGR / Baseline Archive,Government Open Access / Academic Research,2026-09-17,kangayam_0015.jpg,cattle/cow_kangayam/kangayam_0015.jpg,2ba0b0eab80c194dd5b0ecbb772710a2a83b72e0a99cfc577bf5bc4a5393b27f,2250,3072,JPEG,valid,original,original,verified
CAT_KANGAYAM_0016,cow_kangayam,Kangayam,cattle,https://nbagr.res.in,ICAR-NBAGR / Baseline Archive,Government Open Access / Academic Research,2026-09-17,kangayam_0016.jpg,cattle/cow_kangayam/kangayam_0016.jpg,e3b60fdf2ff7022a4309b1f6d7de52ed95a6f1517c6475f3757e423f7e7a6523,2394,3055,JPEG,valid,original,original,verified
CAT_KANGAYAM_0017,cow_kangayam,Kangayam,cattle,https://nbagr.res.in,ICAR-NBAGR / Baseline Archive,Government Open Access / Academic Research,2026-09-17,kangayam_0017.jpg,cattle/cow_kangayam/kangayam_0017.jpg,dc5332525b5f8834a04f66382b70d454859d5a4bca1abb34649347e5aa9f7a59,4032,3024,JPEG,valid,original,original,verified
CAT_KANKREJ_0001,cow_kankrej,Kankrej,cattle,https://nbagr.res.in,ICAR-NBAGR / Baseline Archive,Government Open Access / Academic Research,2026-09-17,kankrej_0001.jpg,cattle/cow_kankrej/kankrej_0001.jpg,e35a951386903b93bfaf461b8cfcd1d7f4293ab16c6828e9f98356697e8d167f,3840,2160,JPEG,valid,original,original,verified
CAT_KANKREJ_0002,cow_kankrej,Kankrej,cattle,https://nbagr.res.in,ICAR-NBAGR / Baseline Archive,Government Open Access / Academic Research,2026-09-17,kankrej_0002.jpg,cattle/cow_kankrej/kankrej_0002.jpg,19d2e0e661efbfb434d04055aecd7663d370a97744c18c14df0ded22e9e80e97,1920,1280,JPEG,valid,original,original,verified
CAT_KANKREJ_0003,cow_kankrej,Kankrej,cattle,https://nbagr.res.in,ICAR-NBAGR / Baseline Archive,Government Open Access / Academic Research,2026-09-17,kankrej_0003.jpg,cattle/cow_kankrej/kankrej_0003.jpg,133319de06e225d6909d807d4303adb3fc0fd7d8026f5b0a4e628a2e0b0e4eb9,3264,1836,JPEG,valid,original,original,verified
CAT_KANKREJ_0004,cow_kankrej,Kankrej,cattle,https://nbagr.res.in,ICAR-NBAGR / Baseline Archive,Government Open Access / Academic Research,2026-09-17,kankrej_0004.jpg,cattle/cow_kankrej/kankrej_0004.jpg,1095fd36791a5408bb0e2efd94a920f89d39dec7beff0b9d8ce165d9c8588910,3264,1836,JPEG,valid,original,original,verified
CAT_KANKREJ_0005,cow_kankrej,Kankrej,cattle,https://nbagr.res.in,ICAR-NBAGR / Baseline Archive,Government Open Access / Academic Research,2026-09-17,kankrej_0005.jpg,cattle/cow_kankrej/kankrej_0005.jpg,2e1308606bac8b1f5c9ad499b26bf8e51da632c4dc2b0cd6a280bd9c03f24c41,1920,1280,JPEG,valid,original,original,verified
CAT_KANKREJ_0006,cow_kankrej,Kankrej,cattle,https://nbagr.res.in,ICAR-NBAGR / Baseline Archive,Government Open Access / Academic Research,2026-09-17,kankrej_0006.jpg,cattle/cow_kankrej/kankrej_0006.jpg,ff58dfec937b58b6cdbf585f0a369f40f5c437aa34a95fad16ccfe2466aadc10,1920,1280,JPEG,valid,original,original,verified
CAT_KANKREJ_0007,cow_kankrej,Kankrej,cattle,https://nbagr.res.in,ICAR-NBAGR / Baseline Archive,Government Open Access / Academic Research,2026-09-17,kankrej_0007.jpg,cattle/cow_kankrej/kankrej_0007.jpg,dec057a25e6b55c47ce7bbcacab86564b47a18d64cb88c6ed347ea5a4e6f78e0,1186,1186,JPEG,valid,original,original,verified
CAT_KANKREJ_0008,cow_kankrej,Kankrej,cattle,https://nbagr.res.in,ICAR-NBAGR / Baseline Archive,Government Open Access / Academic Research,2026-09-17,kankrej_0008.jpg,cattle/cow_kankrej/kankrej_0008.jpg,97cfc33bae1077138944506eca8f05b0eea9341da760f57cbebd893ab1f2b3c7,5184,3456,JPEG,valid,original,original,verified
CAT_KANKREJ_0009,cow_kankrej,Kankrej,cattle,https://nbagr.res.in,ICAR-NBAGR / Baseline Archive,Government Open Access / Academic Research,2026-09-17,kankrej_0009.jpg,cattle/cow_kankrej/kankrej_0009.jpg,c0274845ac08253204e8ce9c2d39ed60d85fdb4f82ce9dbd47b0188936e3c49c,3759,2821,JPEG,valid,original,original,verified
CAT_KANKREJ_0010,cow_kankrej,Kankrej,cattle,https://nbagr.res.in,ICAR-NBAGR / Baseline Archive,Government Open Access / Academic Research,2026-09-17,kankrej_0010.jpg,cattle/cow_kankrej/kankrej_0010.jpg,f3bab42b53068e672238c9ab006d13718713ae08803eabebf4b16ee34d9b8017,5184,3456,JPEG,valid,original,original,verified
CAT_KANKREJ_0011,cow_kankrej,Kankrej,cattle,https://nbagr.res.in,ICAR-NBAGR / Baseline Archive,Government Open Access / Academic Research,2026-09-17,kankrej_0011.jpg,cattle/cow_kankrej/kankrej_0011.jpg,a68e9c9cb23830fb509b7ee364a3bca808a0ba309ff1e67ae9d90a65458bf662,4060,3047,JPEG,valid,original,original,verified
CAT_KANKREJ_0012,cow_kankrej,Kankrej,cattle,https://nbagr.res.in,ICAR-NBAGR / Baseline Archive,Government Open Access / Academic Research,2026-09-17,kankrej_0012.jpg,cattle/cow_kankrej/kankrej_0012.jpg,fe1d10018b351904c53e775f1ed8145dd5d585a0ec6e2564bf97d35a062953dd,4416,3072,JPEG,valid,original,original,verified
CAT_KANKREJ_0013,cow_kankrej,Kankrej,cattle,https://nbagr.res.in,ICAR-NBAGR / Baseline Archive,Government Open Access / Academic Research,2026-09-17,kankrej_0013.jpg,cattle/cow_kankrej/kankrej_0013.jpg,70adf368161e6a4fa6ed566db22092d6743a3beedd89348cbb20a90d5355009a,1080,1440,JPEG,valid,original,original,verified
CAT_KANKREJ_0015,cow_kankrej,Kankrej,cattle,https://nbagr.res.in,ICAR-NBAGR / Baseline Archive,Government Open Access / Academic Research,2026-09-17,kankrej_0015.jpg,cattle/cow_kankrej/kankrej_0015.jpg,c7f068786a83762708b6825ce7513d89768eb1907589a819bf9c164972ec503e,1416,906,JPEG,valid,original,original,verified
CAT_KANKREJ_0016,cow_kankrej,Kankrej,cattle,https://nbagr.res.in,ICAR-NBAGR / Baseline Archive,Government Open Access / Academic Research,2026-09-17,kankrej_0016.jpg,cattle/cow_kankrej/kankrej_0016.jpg,f8f7c6718058e7a0972eea4fe1c849e63ecde6645b8ad768b6c12914e517f3a9,1600,790,JPEG,valid,original,original,verified
CAT_KENKATHA_0001,cow_kenkatha,Kenkatha,cattle,https://nbagr.res.in,ICAR-NBAGR / Baseline Archive,Government Open Access / Academic Research,2026-09-17,kenkatha_0001.jpg,cattle/cow_kenkatha/kenkatha_0001.jpg,029d8145dfb9809b0da14259a5d4e3b9445818d41b60d90930f2b7a5ff422ec8,5184,3456,JPEG,valid,original,original,verified
CAT_KENKATHA_0002,cow_kenkatha,Kenkatha,cattle,https://nbagr.res.in,ICAR-NBAGR / Baseline Archive,Government Open Access / Academic Research,2026-09-17,kenkatha_0002.jpg,cattle/cow_kenkatha/kenkatha_0002.jpg,ae20a6133d690f8fe6987e008bfd127a2e40fce32766682ea51638a844efa94f,5184,3456,JPEG,valid,original,original,verified
CAT_KHERIGARH_0001,cow_kherigarh,Kherigarh,cattle,https://nbagr.res.in,ICAR-NBAGR / Baseline Archive,Government Open Access / Academic Research,2026-09-17,kherigarh_0001.jpg,cattle/cow_kherigarh/kherigarh_0001.jpg,bc84f3dd116af784668262ed08da146d0b03b54b37df4801da012d5c639e8644,5184,3456,JPEG,valid,original,original,verified
CAT_KHERIGARH_0002,cow_kherigarh,Kherigarh,cattle,https://nbagr.res.in,ICAR-NBAGR / Baseline Archive,Government Open Access / Academic Research,2026-09-17,kherigarh_0002.jpg,cattle/cow_kherigarh/kherigarh_0002.jpg,b857c7731088877c23d6a82079b23e2923c50bb6c2f6369daa81db5c575274ed,5184,3456,JPEG,valid,original,original,verified
CAT_KHILLAR_0001,cow_khillar,Khillar,cattle,https://nbagr.res.in,ICAR-NBAGR / Baseline Archive,Government Open Access / Academic Research,2026-09-17,khillar_0001.jpg,cattle/cow_khillar/khillar_0001.jpg,f73eb1856d505c1d46d97cea8b423567cc703d63b0181f2300ba7e0d6db0e009,277,182,JPEG,valid,original,original,verified
CAT_KHILLAR_0002,cow_khillar,Khillar,cattle,https://nbagr.res.in,ICAR-NBAGR / Baseline Archive,Government Open Access / Academic Research,2026-09-17,khillar_0002.jpg,cattle/cow_khillar/khillar_0002.jpg,7504e35976f58dfa4a9ce88412fc94069c6c77c3f29df542a6218c7e80b0f8ba,5184,3456,JPEG,valid,original,original,verified
CAT_KRISHNA_VALLEY_0001,cow_krishna_valley,Krishna Valley,cattle,https://nbagr.res.in,ICAR-NBAGR / Baseline Archive,Government Open Access / Academic Research,2026-09-17,krishna_valley_0001.jpg,cattle/cow_krishna_valley/krishna_valley_0001.jpg,b37b4f7dddd1aa01f9831ef6f4c76f316ec778f621490f23bfcb0acd54e8b389,5184,3456,JPEG,valid,original,original,verified
CAT_KRISHNA_VALLEY_0002,cow_krishna_valley,Krishna Valley,cattle,https://nbagr.res.in,ICAR-NBAGR / Baseline Archive,Government Open Access / Academic Research,2026-09-17,krishna_valley_0002.jpg,cattle/cow_krishna_valley/krishna_valley_0002.jpg,2a70cc6ec057302cbbb4ececfd41997fed1362fa863775672c9335b2f1d016f9,5184,3456,JPEG,valid,original,original,verified
CAT_MALVI_0001,cow_malvi,Malvi,cattle,https://nbagr.res.in,ICAR-NBAGR / Baseline Archive,Government Open Access / Academic Research,2026-09-17,malvi_0001.jpg,cattle/cow_malvi/malvi_0001.jpg,678ba3abb596d53192d17b9eed76e25a2da7ef5c8df97fcac66c17623780c74c,5184,3456,JPEG,valid,original,original,verified
CAT_MALVI_0002,cow_malvi,Malvi,cattle,https://nbagr.res.in,ICAR-NBAGR / Baseline Archive,Government Open Access / Academic Research,2026-09-17,malvi_0002.jpg,cattle/cow_malvi/malvi_0002.jpg,c5cacc2783a4a42ef9ac3fbcdcfc1e646db5e32d0ddfb105831d705fc6edca06,5184,3456,JPEG,valid,original,original,verified
CAT_MALVI_0003,cow_malvi,Malvi,cattle,https://nbagr.res.in,ICAR-NBAGR / Baseline Archive,Government Open Access / Academic Research,2026-09-17,malvi_0003.jpg,cattle/cow_malvi/malvi_0003.jpg,6b165184cc9f1c239b2b614f6d2fcd5ef3f2d616691d466b07ba2115694882b8,3024,4032,JPEG,valid,original,original,verified
CAT_MEWATI_0001,cow_mewati,Mewati,cattle,https://nbagr.res.in,ICAR-NBAGR / Baseline Archive,Government Open Access / Academic Research,2026-09-17,mewati_0001.jpg,cattle/cow_mewati/mewati_0001.jpg,e190871c88b4ec60dcc1dd52ce059aa5515b3b0aef225d90d12c8ed004c33ce2,360,239,JPEG,valid,original,original,verified
CAT_MEWATI_0002,cow_mewati,Mewati,cattle,https://nbagr.res.in,ICAR-NBAGR / Baseline Archive,Government Open Access / Academic Research,2026-09-17,mewati_0002.jpg,cattle/cow_mewati/mewati_0002.jpg,bac3bc489e40194dc84d3106b5d27f63e6b8ddb50569109d2cd6309ab24d1afe,300,300,JPEG,valid,original,original,verified
CAT_NAGORI_0001,cow_nagori,Nagori,cattle,https://nbagr.res.in,ICAR-NBAGR / Baseline Archive,Government Open Access / Academic Research,2026-09-17,nagori_0001.jpg,cattle/cow_nagori/nagori_0001.jpg,4179b149e75d27c109a47375fbd42d3707653805b781406dbd1d4e04e035134d,1147,780,JPEG,valid,original,original,verified
CAT_NAGORI_0002,cow_nagori,Nagori,cattle,https://nbagr.res.in,ICAR-NBAGR / Baseline Archive,Government Open Access / Academic Research,2026-09-17,nagori_0002.jpg,cattle/cow_nagori/nagori_0002.jpg,e2cb83d85f20ea9e5ec453f6f0daf8754f82bb82b5948fec46127dee81a68ff2,4032,3024,JPEG,valid,original,original,verified
CAT_NAGORI_0003,cow_nagori,Nagori,cattle,https://nbagr.res.in,ICAR-NBAGR / Baseline Archive,Government Open Access / Academic Research,2026-09-17,nagori_0003.jpg,cattle/cow_nagori/nagori_0003.jpg,3dac423213a628d47e57687078ffad074f7c2ef122e360129d86985223d9d515,1280,1263,JPEG,valid,original,original,verified
CAT_NAGORI_0004,cow_nagori,Nagori,cattle,https://nbagr.res.in,ICAR-NBAGR / Baseline Archive,Government Open Access / Academic Research,2026-09-17,nagori_0004.jpg,cattle/cow_nagori/nagori_0004.jpg,c42ae2156b374de1880aeb56b61b3bebdf5b9575971857fd30b291585c207fa3,488,409,JPEG,valid,original,original,verified
CAT_NAGORI_0005,cow_nagori,Nagori,cattle,https://nbagr.res.in,ICAR-NBAGR / Baseline Archive,Government Open Access / Academic Research,2026-09-17,nagori_0005.jpg,cattle/cow_nagori/nagori_0005.jpg,91fd147bf3d3d977254de58af894080aac06dd87f1b132d69c7e8363f068a261,3024,2045,JPEG,valid,original,original,verified
CAT_NAGORI_0006,cow_nagori,Nagori,cattle,https://nbagr.res.in,ICAR-NBAGR / Baseline Archive,Government Open Access / Academic Research,2026-09-17,nagori_0006.jpg,cattle/cow_nagori/nagori_0006.jpg,0626d18ba3b7794673301658832198c3263ecb5b409205f0ee89ac45ff70fa8d,4032,3024,JPEG,valid,original,original,verified
CAT_NAGORI_0007,cow_nagori,Nagori,cattle,https://nbagr.res.in,ICAR-NBAGR / Baseline Archive,Government Open Access / Academic Research,2026-09-17,nagori_0007.jpg,cattle/cow_nagori/nagori_0007.jpg,f20cf4b54aae85b73314572077b64edfee6d6926da4006822ac2a72e2d11e784,4032,3024,JPEG,valid,original,original,verified
CAT_NAGORI_0008,cow_nagori,Nagori,cattle,https://nbagr.res.in,ICAR-NBAGR / Baseline Archive,Government Open Access / Academic Research,2026-09-17,nagori_0008.jpg,cattle/cow_nagori/nagori_0008.jpg,9b54d2fbd2356afef0b0f60f1d503f040abe0c701e5608eeb7f4a321304e8826,4032,2696,JPEG,valid,original,original,verified
CAT_NAGORI_0009,cow_nagori,Nagori,cattle,https://nbagr.res.in,ICAR-NBAGR / Baseline Archive,Government Open Access / Academic Research,2026-09-17,nagori_0009.jpg,cattle/cow_nagori/nagori_0009.jpg,fa5be4b707e58d8760074389ffbbb57649037237b226950a517d2f2b258ec288,540,300,JPEG,valid,original,original,verified
CAT_NAGORI_0010,cow_nagori,Nagori,cattle,https://nbagr.res.in,ICAR-NBAGR / Baseline Archive,Government Open Access / Academic Research,2026-09-17,nagori_0010.jpg,cattle/cow_nagori/nagori_0010.jpg,3f1fb924c0b6f368ec5acb6ae93df67b46bf800a179ec4603c07aaee54ed4dc0,5184,3456,JPEG,valid,original,original,verified
CAT_NAGORI_0011,cow_nagori,Nagori,cattle,https://nbagr.res.in,ICAR-NBAGR / Baseline Archive,Government Open Access / Academic Research,2026-09-17,nagori_0011.jpg,cattle/cow_nagori/nagori_0011.jpg,862e98eba92c573d35c42dbae1e0c39777a8c77fc3feffac47d5ef9a6bdb55ea,5184,3456,JPEG,valid,original,original,verified
CAT_NAGORI_0012,cow_nagori,Nagori,cattle,https://nbagr.res.in,ICAR-NBAGR / Baseline Archive,Government Open Access / Academic Research,2026-09-17,nagori_0012.jpg,cattle/cow_nagori/nagori_0012.jpg,13c9fd2e97ae9b8c27d681294de9b9c4174dcf6c4f10a2aa19c36c7002c97a88,2736,3648,JPEG,valid,original,original,verified
CAT_NAGORI_0013,cow_nagori,Nagori,cattle,https://nbagr.res.in,ICAR-NBAGR / Baseline Archive,Government Open Access / Academic Research,2026-09-17,nagori_0013.jpg,cattle/cow_nagori/nagori_0013.jpg,9d5f3b386427e9a2f13d48be69fad97a7aa8eef74be73c258c99bd7e70ddeb63,4032,3024,JPEG,valid,original,original,verified
CAT_NAGORI_0014,cow_nagori,Nagori,cattle,https://nbagr.res.in,ICAR-NBAGR / Baseline Archive,Government Open Access / Academic Research,2026-09-17,nagori_0014.jpg,cattle/cow_nagori/nagori_0014.jpg,a72baa005cb183184d9bc309f16c99631118664815082e27c4926d5684f0bcad,4032,3024,JPEG,valid,original,original,verified
CAT_NAGORI_0015,cow_nagori,Nagori,cattle,https://nbagr.res.in,ICAR-NBAGR / Baseline Archive,Government Open Access / Academic Research,2026-09-17,nagori_0015.jpg,cattle/cow_nagori/nagori_0015.jpg,242bec24901bdb89a08d91ff7d739df969a20fe38ccc632fa70db55857c403f8,4032,3024,JPEG,valid,original,original,verified
CAT_NAGORI_0016,cow_nagori,Nagori,cattle,https://nbagr.res.in,ICAR-NBAGR / Baseline Archive,Government Open Access / Academic Research,2026-09-17,nagori_0016.jpg,cattle/cow_nagori/nagori_0016.jpg,b359116c62773d9cd5467f0a549bcfe882cda4377522b5412b93d31c7a2b0d0a,4032,3024,JPEG,valid,original,original,verified
CAT_NAGORI_0017,cow_nagori,Nagori,cattle,https://nbagr.res.in,ICAR-NBAGR / Baseline Archive,Government Open Access / Academic Research,2026-09-17,nagori_0017.jpg,cattle/cow_nagori/nagori_0017.jpg,42f9a492842307af6531ba6cf49b7d7fd0512c4cb413dde774c9f287602d0cd1,535,700,JPEG,valid,original,original,verified
CAT_NIMARI_0001,cow_nimari,Nimari,cattle,https://nbagr.res.in,ICAR-NBAGR / Baseline Archive,Government Open Access / Academic Research,2026-09-17,nimari_0001.jpg,cattle/cow_nimari/nimari_0001.jpg,d2cd885b4544224f048b2a05fdb1fe5719cd5281b50fbd2b8f96bf6b15a9b5d9,8192,5464,JPEG,valid,original,original,verified
CAT_NIMARI_0002,cow_nimari,Nimari,cattle,https://nbagr.res.in,ICAR-NBAGR / Baseline Archive,Government Open Access / Academic Research,2026-09-17,nimari_0002.jpg,cattle/cow_nimari/nimari_0002.jpg,4e27212e8bf820b928748687cde5188afdadd82aa760a32ba799e3757c83758e,2683,2683,JPEG,valid,original,original,verified
CAT_NIMARI_0003,cow_nimari,Nimari,cattle,https://nbagr.res.in,ICAR-NBAGR / Baseline Archive,Government Open Access / Academic Research,2026-09-17,nimari_0003.jpg,cattle/cow_nimari/nimari_0003.jpg,716a4e5b2be054a74f22ecee16b90696e8ac4dcd6dd656933c92c95bca2e08eb,1391,2086,JPEG,valid,original,original,verified
CAT_NIMARI_0004,cow_nimari,Nimari,cattle,https://nbagr.res.in,ICAR-NBAGR / Baseline Archive,Government Open Access / Academic Research,2026-09-17,nimari_0004.jpg,cattle/cow_nimari/nimari_0004.jpg,7e08fec65a459860e08e7da332cf0bf16a4a5cb5192c40e0981f2388ba5766e9,1150,1724,JPEG,valid,original,original,verified
CAT_NIMARI_0005,cow_nimari,Nimari,cattle,https://nbagr.res.in,ICAR-NBAGR / Baseline Archive,Government Open Access / Academic Research,2026-09-17,nimari_0005.jpg,cattle/cow_nimari/nimari_0005.jpg,538f833f27f798957811f9a2e6d0021af4567b05149c4291a1f868fff4ee9e18,1260,2520,JPEG,valid,original,original,verified
CAT_NIMARI_0006,cow_nimari,Nimari,cattle,https://nbagr.res.in,ICAR-NBAGR / Baseline Archive,Government Open Access / Academic Research,2026-09-17,nimari_0006.jpg,cattle/cow_nimari/nimari_0006.jpg,cf06184026ee3c69feb4951a27de533b6266f37937202b656e8adf71f8f32ec7,2065,3097,JPEG,valid,original,original,verified
CAT_NIMARI_0007,cow_nimari,Nimari,cattle,https://nbagr.res.in,ICAR-NBAGR / Baseline Archive,Government Open Access / Academic Research,2026-09-17,nimari_0007.jpg,cattle/cow_nimari/nimari_0007.jpg,479fa00488d59d9cf65d611e84b0e354bfb6cd54ad8b5c0f2bcb497c4bb7469b,1548,3095,JPEG,valid,original,original,verified
CAT_NIMARI_0008,cow_nimari,Nimari,cattle,https://nbagr.res.in,ICAR-NBAGR / Baseline Archive,Government Open Access / Academic Research,2026-09-17,nimari_0008.jpg,cattle/cow_nimari/nimari_0008.jpg,b2eb396870007191ac178ce2cc70b70401b5e2023d233f0d039f13caf45f3012,1592,2388,JPEG,valid,original,original,verified
CAT_NIMARI_0009,cow_nimari,Nimari,cattle,https://nbagr.res.in,ICAR-NBAGR / Baseline Archive,Government Open Access / Academic Research,2026-09-17,nimari_0009.jpg,cattle/cow_nimari/nimari_0009.jpg,ac439119254d622553f9d2a709f7e0834da7e8edf64bc203bf8456d6add2d373,5184,3456,JPEG,valid,original,original,verified
CAT_NIMARI_0010,cow_nimari,Nimari,cattle,https://nbagr.res.in,ICAR-NBAGR / Baseline Archive,Government Open Access / Academic Research,2026-09-17,nimari_0010.jpg,cattle/cow_nimari/nimari_0010.jpg,cc9e3ba666d9246b9aaf8aa6d4da3c1ee625a7e3df1520f2bdb599a034751dfa,5184,3456,JPEG,valid,original,original,verified
CAT_NIMARI_0011,cow_nimari,Nimari,cattle,https://nbagr.res.in,ICAR-NBAGR / Baseline Archive,Government Open Access / Academic Research,2026-09-17,nimari_0011.jpg,cattle/cow_nimari/nimari_0011.jpg,308257f3dfd65495f979d15e06277fa06a26b83b51aaeb9eb9fa2f1ca4afc1a4,5184,3456,JPEG,valid,original,original,verified
CAT_NIMARI_0012,cow_nimari,Nimari,cattle,https://nbagr.res.in,ICAR-NBAGR / Baseline Archive,Government Open Access / Academic Research,2026-09-17,nimari_0012.jpg,cattle/cow_nimari/nimari_0012.jpg,0a2986259b611e10c1505427d4dcad9643531a5e004322a8f60bf826d897805a,1735,2765,JPEG,valid,original,original,verified
CAT_ONGOLE_0001,cow_ongole,Ongole,cattle,https://nbagr.res.in,ICAR-NBAGR / Baseline Archive,Government Open Access / Academic Research,2026-09-17,ongole_0001.jpg,cattle/cow_ongole/ongole_0001.jpg,3f56ab905113c64ba73a38e37feba91e4ba5b4152983437e93c0c8fbbc9875af,1439,1079,JPEG,valid,original,original,verified
CAT_ONGOLE_0002,cow_ongole,Ongole,cattle,https://nbagr.res.in,ICAR-NBAGR / Baseline Archive,Government Open Access / Academic Research,2026-09-17,ongole_0002.jpg,cattle/cow_ongole/ongole_0002.jpg,596afbf34b1099f0bd0b11fa49b997bd4eaafc6e6f89e0b2dc06141e61ba8f34,1012,720,JPEG,valid,original,original,verified
CAT_ONGOLE_0003,cow_ongole,Ongole,cattle,https://nbagr.res.in,ICAR-NBAGR / Baseline Archive,Government Open Access / Academic Research,2026-09-17,ongole_0003.jpg,cattle/cow_ongole/ongole_0003.jpg,3819fc1ca0eff7f3acaed94b7fe7ad4bbe78c19097a97c76ca041c83e150dac5,700,496,JPEG,valid,original,original,verified
CAT_ONGOLE_0004,cow_ongole,Ongole,cattle,https://nbagr.res.in,ICAR-NBAGR / Baseline Archive,Government Open Access / Academic Research,2026-09-17,ongole_0004.jpg,cattle/cow_ongole/ongole_0004.jpg,2df038997fbf67214fae9530c8cb27615336be7e91f1730dc0e1bfcf7228b3c6,5184,3456,JPEG,valid,original,original,verified
CAT_ONGOLE_0005,cow_ongole,Ongole,cattle,https://nbagr.res.in,ICAR-NBAGR / Baseline Archive,Government Open Access / Academic Research,2026-09-17,ongole_0005.jpg,cattle/cow_ongole/ongole_0005.jpg,f1a5d5d2b3e410c7e3dcc97658ef6e435e54b60dd53c485b7e36c1c49b5e7894,5184,3456,JPEG,valid,original,original,verified
CAT_ONGOLE_0006,cow_ongole,Ongole,cattle,https://nbagr.res.in,ICAR-NBAGR / Baseline Archive,Government Open Access / Academic Research,2026-09-17,ongole_0006.jpg,cattle/cow_ongole/ongole_0006.jpg,a3583690ee911252b036f7a4e638ec8d3517618cab8e34931cf3200e148b8767,1080,1440,JPEG,valid,original,original,verified
CAT_ONGOLE_0007,cow_ongole,Ongole,cattle,https://nbagr.res.in,ICAR-NBAGR / Baseline Archive,Government Open Access / Academic Research,2026-09-17,ongole_0007.jpg,cattle/cow_ongole/ongole_0007.jpg,a950009565d776c48d339043a351b84191012b1acd6056f9fe27619312fea174,1620,1080,JPEG,valid,original,original,verified
CAT_ONGOLE_0008,cow_ongole,Ongole,cattle,https://nbagr.res.in,ICAR-NBAGR / Baseline Archive,Government Open Access / Academic Research,2026-09-17,ongole_0008.jpg,cattle/cow_ongole/ongole_0008.jpg,71cc6457f1d379a648b831a207999afef78a2c9794346fe010048f5b9d3b314a,530,403,JPEG,valid,original,original,verified
CAT_ONGOLE_0009,cow_ongole,Ongole,cattle,https://nbagr.res.in,ICAR-NBAGR / Baseline Archive,Government Open Access / Academic Research,2026-09-17,ongole_0009.jpg,cattle/cow_ongole/ongole_0009.jpg,a8ae96ef46a85d4c7a7211ca88245c40fe8b92e1fe1bdf69b4e7607c30140c2b,2592,1456,JPEG,valid,original,original,verified
CAT_ONGOLE_0010,cow_ongole,Ongole,cattle,https://nbagr.res.in,ICAR-NBAGR / Baseline Archive,Government Open Access / Academic Research,2026-09-17,ongole_0010.jpg,cattle/cow_ongole/ongole_0010.jpg,2ea919e2dbca10eb1dafcc24a2e111151fc3bb64333ab750f3a60add39211bc5,5712,3213,JPEG,valid,original,original,verified
CAT_ONGOLE_0011,cow_ongole,Ongole,cattle,https://nbagr.res.in,ICAR-NBAGR / Baseline Archive,Government Open Access / Academic Research,2026-09-17,ongole_0011.jpg,cattle/cow_ongole/ongole_0011.jpg,639597bb488d9812de67c2907edccfb2e5cfe1549dc1904acafd1b6abb94eaaf,5712,3213,JPEG,valid,original,original,verified
CAT_ONGOLE_0012,cow_ongole,Ongole,cattle,https://nbagr.res.in,ICAR-NBAGR / Baseline Archive,Government Open Access / Academic Research,2026-09-17,ongole_0012.jpg,cattle/cow_ongole/ongole_0012.jpg,d8880ff9218b0f30b7da0659a2c0a4765672e09cb70697311cf7b3e9cf6618aa,4032,2268,JPEG,valid,original,original,verified
CAT_ONGOLE_0013,cow_ongole,Ongole,cattle,https://nbagr.res.in,ICAR-NBAGR / Baseline Archive,Government Open Access / Academic Research,2026-09-17,ongole_0013.jpg,cattle/cow_ongole/ongole_0013.jpg,69531e79ee6a4051eca4c269b04259e4557373f6c334b38f616f14e6f76863d1,5712,4284,JPEG,valid,original,original,verified
CAT_ONGOLE_0014,cow_ongole,Ongole,cattle,https://nbagr.res.in,ICAR-NBAGR / Baseline Archive,Government Open Access / Academic Research,2026-09-17,ongole_0014.jpg,cattle/cow_ongole/ongole_0014.jpg,6982a501c0221feabdcd6c9af2866df58447ada13b676b790384d6b550e0f51a,1620,1080,JPEG,valid,original,original,verified
CAT_ONGOLE_0015,cow_ongole,Ongole,cattle,https://nbagr.res.in,ICAR-NBAGR / Baseline Archive,Government Open Access / Academic Research,2026-09-17,ongole_0015.jpg,cattle/cow_ongole/ongole_0015.jpg,ee95a5012c2335821bc635680e3f8374028f71ea7511f5d21be60e4d051f7a9c,1620,1080,JPEG,valid,original,original,verified
CAT_ONGOLE_0016,cow_ongole,Ongole,cattle,https://nbagr.res.in,ICAR-NBAGR / Baseline Archive,Government Open Access / Academic Research,2026-09-17,ongole_0016.jpg,cattle/cow_ongole/ongole_0016.jpg,734dc27b80d7035ea6a79ad63bf93db4964c2b4fa0e9bcb6ce4d1b95b7c3f4e9,1620,1080,JPEG,valid,original,original,verified
CAT_ONGOLE_0017,cow_ongole,Ongole,cattle,https://nbagr.res.in,ICAR-NBAGR / Baseline Archive,Government Open Access / Academic Research,2026-09-17,ongole_0017.jpg,cattle/cow_ongole/ongole_0017.jpg,701759b39bb20529374db88bd381a51ec6e248480fc2c5826bad809bf66947e6,1620,1080,JPEG,valid,original,original,verified
CAT_ONGOLE_0018,cow_ongole,Ongole,cattle,https://nbagr.res.in,ICAR-NBAGR / Baseline Archive,Government Open Access / Academic Research,2026-09-17,ongole_0018.jpg,cattle/cow_ongole/ongole_0018.jpg,a81cd9bb6900457569515ec1142939cc1a6343ad6b99def5cd8693a292152dee,1620,1080,JPEG,valid,original,original,verified
CAT_ONGOLE_0019,cow_ongole,Ongole,cattle,https://nbagr.res.in,ICAR-NBAGR / Baseline Archive,Government Open Access / Academic Research,2026-09-17,ongole_0019.jpg,cattle/cow_ongole/ongole_0019.jpg,06f5687676d84888129fc5eafd0dd8cfa4e3f0f5fa519e99f985dd3ebc242b7c,1620,1080,JPEG,valid,original,original,verified
CAT_ONGOLE_0020,cow_ongole,Ongole,cattle,https://nbagr.res.in,ICAR-NBAGR / Baseline Archive,Government Open Access / Academic Research,2026-09-17,ongole_0020.jpg,cattle/cow_ongole/ongole_0020.jpg,281bd5d28f8788dd52aa03f11ff3ba48f2874dfc654216dd9dce69a21ebb5258,793,567,JPEG,valid,original,original,verified
CAT_ONGOLE_0021,cow_ongole,Ongole,cattle,https://nbagr.res.in,ICAR-NBAGR / Baseline Archive,Government Open Access / Academic Research,2026-09-17,ongole_0021.jpg,cattle/cow_ongole/ongole_0021.jpg,2f7a4599e69940ebb6aaa2828b5ddcf42f3d2f469889339b40211117de82d756,1800,1200,JPEG,valid,original,original,verified
CAT_ONGOLE_0022,cow_ongole,Ongole,cattle,https://nbagr.res.in,ICAR-NBAGR / Baseline Archive,Government Open Access / Academic Research,2026-09-17,ongole_0022.jpg,cattle/cow_ongole/ongole_0022.jpg,643b98fe958e410319384ef43b04cf2632428c37b4e200d652ec0948cd76b22d,3039,2592,JPEG,valid,original,original,verified
CAT_ONGOLE_0023,cow_ongole,Ongole,cattle,https://nbagr.res.in,ICAR-NBAGR / Baseline Archive,Government Open Access / Academic Research,2026-09-17,ongole_0023.jpg,cattle/cow_ongole/ongole_0023.jpg,05ae2d41cd610d681cb8c63c7ee652e965775ffcbe19c50373527a77b226ac93,4160,3120,JPEG,valid,original,original,verified
CAT_ONGOLE_0024,cow_ongole,Ongole,cattle,https://nbagr.res.in,ICAR-NBAGR / Baseline Archive,Government Open Access / Academic Research,2026-09-17,ongole_0024.jpg,cattle/cow_ongole/ongole_0024.jpg,bd00f791f43e15cf46c550df663bf009fc0cec392aae0ccbc379314446d4d26b,231,287,JPEG,valid,original,original,verified
CAT_ONGOLE_0025,cow_ongole,Ongole,cattle,https://nbagr.res.in,ICAR-NBAGR / Baseline Archive,Government Open Access / Academic Research,2026-09-17,ongole_0025.jpg,cattle/cow_ongole/ongole_0025.jpg,47a61ca0d2a6c3d25d3f56fa0a9047347ee06303bffd7cd6eefd7eb9eeb6b96c,4032,3024,JPEG,valid,original,original,verified
CAT_ONGOLE_0026,cow_ongole,Ongole,cattle,https://nbagr.res.in,ICAR-NBAGR / Baseline Archive,Government Open Access / Academic Research,2026-09-17,ongole_0026.jpg,cattle/cow_ongole/ongole_0026.jpg,0dd66c891e040aa883f19cc56cd7b850a40bf0ed97c79f82b0b198dad695adb0,640,412,JPEG,valid,original,original,verified
CAT_ONGOLE_0027,cow_ongole,Ongole,cattle,https://nbagr.res.in,ICAR-NBAGR / Baseline Archive,Government Open Access / Academic Research,2026-09-17,ongole_0027.jpg,cattle/cow_ongole/ongole_0027.jpg,c1de0c35219d0339c9f19709a87415daf19f52cc62e3d2dc0244579226def60c,4928,3264,JPEG,valid,original,original,verified
CAT_ONGOLE_0028,cow_ongole,Ongole,cattle,https://nbagr.res.in,ICAR-NBAGR / Baseline Archive,Government Open Access / Academic Research,2026-09-17,ongole_0028.jpg,cattle/cow_ongole/ongole_0028.jpg,4fc485f0aa36ff8849ccc9a9bdfef67e874e4e632d1a8baaf27fa5ccc25c1147,4928,3264,JPEG,valid,original,original,verified
CAT_ONGOLE_0029,cow_ongole,Ongole,cattle,https://nbagr.res.in,ICAR-NBAGR / Baseline Archive,Government Open Access / Academic Research,2026-09-17,ongole_0029.jpg,cattle/cow_ongole/ongole_0029.jpg,eee582505e6faafdf0ac6ebbefba42a372d00857a761cb5ca5352e3f912079e7,4928,3264,JPEG,valid,original,original,verified
CAT_PONWAR_0001,cow_ponwar,Ponwar,cattle,https://nbagr.res.in,ICAR-NBAGR / Baseline Archive,Government Open Access / Academic Research,2026-09-17,ponwar_0001.jpg,cattle/cow_ponwar/ponwar_0001.jpg,d1158a2bdaa473910e75d7e56918ecc2cce04f6e4fb74b703b3021cea12bcaed,5184,3456,JPEG,valid,original,original,verified
CAT_PONWAR_0002,cow_ponwar,Ponwar,cattle,https://nbagr.res.in,ICAR-NBAGR / Baseline Archive,Government Open Access / Academic Research,2026-09-17,ponwar_0002.jpg,cattle/cow_ponwar/ponwar_0002.jpg,823507378e7302036df55c51d4b7c4b278038ca2e6c86679a9dfa6a6e0f2c3e6,5184,3456,JPEG,valid,original,original,verified
CAT_PONWAR_0003,cow_ponwar,Ponwar,cattle,https://nbagr.res.in,ICAR-NBAGR / Baseline Archive,Government Open Access / Academic Research,2026-09-17,ponwar_0003.jpg,cattle/cow_ponwar/ponwar_0003.jpg,32d3ae727ca38e59ddf8b019405d0feb31f5bba2108e79a9f27a763cd1fc555c,3456,2304,JPEG,valid,original,original,verified
CAT_PUNGANUR_0001,cow_punganur,Punganur,cattle,https://nbagr.res.in,ICAR-NBAGR / Baseline Archive,Government Open Access / Academic Research,2026-09-17,punganur_0001.jpg,cattle/cow_punganur/punganur_0001.jpg,00d9ced858995f7def1068e9e422025bcb85cd51ad93728542c44b2143399f52,1181,1692,JPEG,valid,original,original,verified
CAT_PUNGANUR_0002,cow_punganur,Punganur,cattle,https://nbagr.res.in,ICAR-NBAGR / Baseline Archive,Government Open Access / Academic Research,2026-09-17,punganur_0002.jpg,cattle/cow_punganur/punganur_0002.jpg,7156c1094102a12e126fd2fab028b844e9b78942cb924813401673f78b62ab1d,896,836,JPEG,valid,original,original,verified
CAT_PUNGANUR_0003,cow_punganur,Punganur,cattle,https://nbagr.res.in,ICAR-NBAGR / Baseline Archive,Government Open Access / Academic Research,2026-09-17,punganur_0003.jpg,cattle/cow_punganur/punganur_0003.jpg,243baf92c9fcf8a2ae8996f31351e89bced3063220221771775b78fa2a542391,4608,3456,JPEG,valid,original,original,verified
CAT_PUNGANUR_0004,cow_punganur,Punganur,cattle,https://nbagr.res.in,ICAR-NBAGR / Baseline Archive,Government Open Access / Academic Research,2026-09-17,punganur_0004.jpg,cattle/cow_punganur/punganur_0004.jpg,a7c043f1f7b21196e8ca05d867afc9568c4b61291b2988dfe56b949381ed2ecb,4608,3456,JPEG,valid,original,original,verified
CAT_PUNGANUR_0005,cow_punganur,Punganur,cattle,https://nbagr.res.in,ICAR-NBAGR / Baseline Archive,Government Open Access / Academic Research,2026-09-17,punganur_0005.jpg,cattle/cow_punganur/punganur_0005.jpg,a8d97dac990ed828d3b5b2029856788f1d5eaa261059e5525adfbdfa02345d96,4608,3456,JPEG,valid,original,original,verified
CAT_PUNGANUR_0006,cow_punganur,Punganur,cattle,https://nbagr.res.in,ICAR-NBAGR / Baseline Archive,Government Open Access / Academic Research,2026-09-17,punganur_0006.jpg,cattle/cow_punganur/punganur_0006.jpg,34e3428e1b384318632dc26ce8f1db2d3b85b64aaca85b4fe9b98d95ca72395d,4608,3456,JPEG,valid,original,original,verified
CAT_PUNGANUR_0007,cow_punganur,Punganur,cattle,https://nbagr.res.in,ICAR-NBAGR / Baseline Archive,Government Open Access / Academic Research,2026-09-17,punganur_0007.jpg,cattle/cow_punganur/punganur_0007.jpg,3de3c74f8ce4d0ad04069f18d2d261b57654cad872c048d31f3f8006af914e54,4608,3456,JPEG,valid,original,original,verified
CAT_PUNGANUR_0008,cow_punganur,Punganur,cattle,https://nbagr.res.in,ICAR-NBAGR / Baseline Archive,Government Open Access / Academic Research,2026-09-17,punganur_0008.jpg,cattle/cow_punganur/punganur_0008.jpg,e5e6f821f96ad253744a533d92c2b6879009e5ff6b87f73360f66b9d097abbdb,4608,3456,JPEG,valid,original,original,verified
CAT_PUNGANUR_0009,cow_punganur,Punganur,cattle,https://nbagr.res.in,ICAR-NBAGR / Baseline Archive,Government Open Access / Academic Research,2026-09-17,punganur_0009.jpg,cattle/cow_punganur/punganur_0009.jpg,bd56b9be11aa1d4abf9aa7b63a6c38b1c8052fca8cfcfb3b797e1b3b86b64eca,4608,3456,JPEG,valid,original,original,verified
CAT_PUNGANUR_0010,cow_punganur,Punganur,cattle,https://nbagr.res.in,ICAR-NBAGR / Baseline Archive,Government Open Access / Academic Research,2026-09-17,punganur_0010.jpg,cattle/cow_punganur/punganur_0010.jpg,f04372d81c4e5e41f90af84c288e71842a2e901e865f0d01cba6617510bc79ba,1036,492,JPEG,valid,original,original,verified
CAT_PUNGANUR_0011,cow_punganur,Punganur,cattle,https://nbagr.res.in,ICAR-NBAGR / Baseline Archive,Government Open Access / Academic Research,2026-09-17,punganur_0011.jpg,cattle/cow_punganur/punganur_0011.jpg,c1ba3881c5f1d3934e18734817f8197562321340802e9e05dc9083b518f3c9c2,1449,727,JPEG,valid,original,original,verified
CAT_PUNGANUR_0012,cow_punganur,Punganur,cattle,https://nbagr.res.in,ICAR-NBAGR / Baseline Archive,Government Open Access / Academic Research,2026-09-17,punganur_0012.jpg,cattle/cow_punganur/punganur_0012.jpg,e39651aa91114ae4f0f94609451448c809c7147302ae3dbeadafec2cf8d7d456,779,582,JPEG,valid,original,original,verified
CAT_PUNGANUR_0013,cow_punganur,Punganur,cattle,https://nbagr.res.in,ICAR-NBAGR / Baseline Archive,Government Open Access / Academic Research,2026-09-17,punganur_0013.jpg,cattle/cow_punganur/punganur_0013.jpg,8e8a7f3352518bc4c8c2e0b5880de7bb45ae7d6151b36d205b48e4c7b571af2d,1080,1708,JPEG,valid,original,original,verified
CAT_PUNGANUR_0014,cow_punganur,Punganur,cattle,https://nbagr.res.in,ICAR-NBAGR / Baseline Archive,Government Open Access / Academic Research,2026-09-17,punganur_0014.jpg,cattle/cow_punganur/punganur_0014.jpg,f67279723ac4fbe73cab0c837c49d9b21f7cae3934f8b6930f73014d8a1e2b7b,3024,4032,JPEG,valid,original,original,verified
CAT_PUNGANUR_0015,cow_punganur,Punganur,cattle,https://nbagr.res.in,ICAR-NBAGR / Baseline Archive,Government Open Access / Academic Research,2026-09-17,punganur_0015.jpg,cattle/cow_punganur/punganur_0015.jpg,19bbf31be9639296589893d507f1560220b6bc0f55fa1b55ed4cbe22adbaf5b6,901,1031,JPEG,valid,original,original,verified
CAT_PUNGANUR_0016,cow_punganur,Punganur,cattle,https://nbagr.res.in,ICAR-NBAGR / Baseline Archive,Government Open Access / Academic Research,2026-09-17,punganur_0016.jpg,cattle/cow_punganur/punganur_0016.jpg,b894715741bd88c6e969397194b08d0514f87f113d7e3bfb324ba142e503237a,1734,1187,JPEG,valid,original,original,verified
CAT_RATHI_0001,cow_rathi,Rathi,cattle,https://nbagr.res.in,ICAR-NBAGR / Baseline Archive,Government Open Access / Academic Research,2026-09-17,rathi_0001.jpg,cattle/cow_rathi/rathi_0001.jpg,53e519d311a5aac11dc3a0f72ced5e243ea34eb8b0a8eeef9e86cc7e2b060a6f,5184,3456,JPEG,valid,original,original,verified
CAT_RATHI_0002,cow_rathi,Rathi,cattle,https://nbagr.res.in,ICAR-NBAGR / Baseline Archive,Government Open Access / Academic Research,2026-09-17,rathi_0002.jpg,cattle/cow_rathi/rathi_0002.jpg,6ed6b666d0616b5e035a6a5c09b203af9ebd95787d2c49e180864e078e41e292,5184,3456,JPEG,valid,original,original,verified
CAT_RED_KANDHARI_0001,cow_red_kandhari,Red Kandhari,cattle,https://nbagr.res.in,ICAR-NBAGR / Baseline Archive,Government Open Access / Academic Research,2026-09-17,red_kandhari_0001.jpg,cattle/cow_red_kandhari/red_kandhari_0001.jpg,51b94aebe52a45f59c5d73d30049e269d2611319753d76c382174809bf685f77,2958,2395,JPEG,valid,original,original,verified
CAT_RED_KANDHARI_0002,cow_red_kandhari,Red Kandhari,cattle,https://nbagr.res.in,ICAR-NBAGR / Baseline Archive,Government Open Access / Academic Research,2026-09-17,red_kandhari_0002.jpg,cattle/cow_red_kandhari/red_kandhari_0002.jpg,1af5dba507d3b249bb21eb5384cc0caaed55c989ec23f7176a6ac8bb504fc530,5184,3456,JPEG,valid,original,original,verified
CAT_RED_KANDHARI_0003,cow_red_kandhari,Red Kandhari,cattle,https://nbagr.res.in,ICAR-NBAGR / Baseline Archive,Government Open Access / Academic Research,2026-09-17,red_kandhari_0003.jpg,cattle/cow_red_kandhari/red_kandhari_0003.jpg,7a2ff3559d3ef9ddc2123d6ee80fdd7cc6b090f59d77069eb13136e3086e60dc,4608,3456,JPEG,valid,original,original,verified
CAT_RED_SINDHI_0001,cow_red_sindhi,Red Sindhi,cattle,https://nbagr.res.in,ICAR-NBAGR / Baseline Archive,Government Open Access / Academic Research,2026-09-17,red_sindhi_0001.jpg,cattle/cow_red_sindhi/red_sindhi_0001.jpg,463d76014bb3d9d6492547ef14ff604d47439106cc6f7dc14da26e432ca81137,719,475,JPEG,valid,original,original,verified
CAT_RED_SINDHI_0002,cow_red_sindhi,Red Sindhi,cattle,https://nbagr.res.in,ICAR-NBAGR / Baseline Archive,Government Open Access / Academic Research,2026-09-17,red_sindhi_0002.jpg,cattle/cow_red_sindhi/red_sindhi_0002.jpg,0555c82c1f0ca7d7cc937086dba2d58d09ab8883315ab51a912e5d08445aa4fa,960,720,JPEG,valid,original,original,verified
CAT_RED_SINDHI_0003,cow_red_sindhi,Red Sindhi,cattle,https://nbagr.res.in,ICAR-NBAGR / Baseline Archive,Government Open Access / Academic Research,2026-09-17,red_sindhi_0003.jpg,cattle/cow_red_sindhi/red_sindhi_0003.jpg,45f524e3e35a4634662da6893d97c076b2635f08076f71b35d4a8bbb652ae35e,4160,3120,JPEG,valid,original,original,verified
CAT_RED_SINDHI_0004,cow_red_sindhi,Red Sindhi,cattle,https://nbagr.res.in,ICAR-NBAGR / Baseline Archive,Government Open Access / Academic Research,2026-09-17,red_sindhi_0004.jpg,cattle/cow_red_sindhi/red_sindhi_0004.jpg,bb1b0ad216eb7db0bb6148c27cc3481ecb943aada371672ab5974eb5bdfeb90b,5184,3456,JPEG,valid,original,original,verified
CAT_RED_SINDHI_0005,cow_red_sindhi,Red Sindhi,cattle,https://nbagr.res.in,ICAR-NBAGR / Baseline Archive,Government Open Access / Academic Research,2026-09-17,red_sindhi_0005.jpg,cattle/cow_red_sindhi/red_sindhi_0005.jpg,68c87013381d6796fe6a2e08e6463a31155aa3e9a4ed2397b94b7e69b36b9f6d,960,720,JPEG,valid,original,original,verified
CAT_SAHIWAL_0001,cow_sahiwal,Sahiwal,cattle,https://nbagr.res.in,ICAR-NBAGR / Baseline Archive,Government Open Access / Academic Research,2026-09-17,sahiwal_0001.jpg,cattle/cow_sahiwal/sahiwal_0001.jpg,14a4b18463aa743116d330a3c2ffa0f7703fbb920f6fc8d25917527671e456cf,700,654,JPEG,valid,original,original,verified
CAT_SAHIWAL_0002,cow_sahiwal,Sahiwal,cattle,https://nbagr.res.in,ICAR-NBAGR / Baseline Archive,Government Open Access / Academic Research,2026-09-17,sahiwal_0002.jpg,cattle/cow_sahiwal/sahiwal_0002.jpg,ba22d26e86d6995fcc7ff2fd1a7ce3be4320dbda16691d402fff40d425177d30,691,700,JPEG,valid,original,original,verified
CAT_SAHIWAL_0003,cow_sahiwal,Sahiwal,cattle,https://nbagr.res.in,ICAR-NBAGR / Baseline Archive,Government Open Access / Academic Research,2026-09-17,sahiwal_0003.jpg,cattle/cow_sahiwal/sahiwal_0003.jpg,ba38febe379da40e27dc246d13a98d9d7b7df742669092c3fe3bd298628d3fca,700,700,JPEG,valid,original,original,verified
CAT_SAHIWAL_0004,cow_sahiwal,Sahiwal,cattle,https://nbagr.res.in,ICAR-NBAGR / Baseline Archive,Government Open Access / Academic Research,2026-09-17,sahiwal_0004.jpg,cattle/cow_sahiwal/sahiwal_0004.jpg,83d242bdf26b3e479b84c9826c61c749602bc3889438dbaae22a99a04d2aea69,700,700,JPEG,valid,original,original,verified
CAT_SAHIWAL_0005,cow_sahiwal,Sahiwal,cattle,https://nbagr.res.in,ICAR-NBAGR / Baseline Archive,Government Open Access / Academic Research,2026-09-17,sahiwal_0005.jpg,cattle/cow_sahiwal/sahiwal_0005.jpg,8e7c8e55d91126976e2d5aefeead20ef3a28ab494f57d1b95a8456c3378ac1a5,700,700,JPEG,valid,original,original,verified
CAT_SAHIWAL_0006,cow_sahiwal,Sahiwal,cattle,https://nbagr.res.in,ICAR-NBAGR / Baseline Archive,Government Open Access / Academic Research,2026-09-17,sahiwal_0006.jpg,cattle/cow_sahiwal/sahiwal_0006.jpg,90140308fb101d7b931fa519641135ce5879d0a68af93c3e015125f158f035a6,700,700,JPEG,valid,original,original,verified
CAT_SAHIWAL_0007,cow_sahiwal,Sahiwal,cattle,https://nbagr.res.in,ICAR-NBAGR / Baseline Archive,Government Open Access / Academic Research,2026-09-17,sahiwal_0007.jpg,cattle/cow_sahiwal/sahiwal_0007.jpg,0e6ceafa8cdd94702bb7e7599278b423f5f5d1ad847b1cef719765f28774090b,665,498,JPEG,valid,original,original,verified
CAT_SAHIWAL_0008,cow_sahiwal,Sahiwal,cattle,https://nbagr.res.in,ICAR-NBAGR / Baseline Archive,Government Open Access / Academic Research,2026-09-17,sahiwal_0008.jpg,cattle/cow_sahiwal/sahiwal_0008.jpg,61f210f6b901ee3a93b4a4d85a0550743afa79b1480b8f44b557f771caf94dc6,700,700,JPEG,valid,original,original,verified
CAT_SAHIWAL_0009,cow_sahiwal,Sahiwal,cattle,https://nbagr.res.in,ICAR-NBAGR / Baseline Archive,Government Open Access / Academic Research,2026-09-17,sahiwal_0009.jpg,cattle/cow_sahiwal/sahiwal_0009.jpg,69b86bcf604359f0cf059b752d8f20562cd8e8e56db8f8bdea658b6f9fd74c76,3000,4000,JPEG,valid,original,original,verified
CAT_SAHIWAL_0010,cow_sahiwal,Sahiwal,cattle,https://nbagr.res.in,ICAR-NBAGR / Baseline Archive,Government Open Access / Academic Research,2026-09-17,sahiwal_0010.jpg,cattle/cow_sahiwal/sahiwal_0010.jpg,24c9a57203e8fde6fcae9413bfc71482888e8f193ad71c34648e746dcecd3d08,3648,2736,JPEG,valid,original,original,verified
CAT_SAHIWAL_0011,cow_sahiwal,Sahiwal,cattle,https://nbagr.res.in,ICAR-NBAGR / Baseline Archive,Government Open Access / Academic Research,2026-09-17,sahiwal_0011.jpg,cattle/cow_sahiwal/sahiwal_0011.jpg,280854038490b20bbb6a48cbffc4b44c166285e0cdcb6a9fa6e4ae330cafa8f1,4143,2540,JPEG,valid,original,original,verified
CAT_SAHIWAL_0012,cow_sahiwal,Sahiwal,cattle,https://nbagr.res.in,ICAR-NBAGR / Baseline Archive,Government Open Access / Academic Research,2026-09-17,sahiwal_0012.jpg,cattle/cow_sahiwal/sahiwal_0012.jpg,5b65c69de7db7de2da73f42c63b9054045cd2aea2b0683ffbf277e57aa64fdd9,4608,3456,JPEG,valid,original,original,verified
CAT_SAHIWAL_0013,cow_sahiwal,Sahiwal,cattle,https://nbagr.res.in,ICAR-NBAGR / Baseline Archive,Government Open Access / Academic Research,2026-09-17,sahiwal_0013.jpg,cattle/cow_sahiwal/sahiwal_0013.jpg,91c577043da01f2e656d99119b2015326d8a691c6df818f1abe8b40015940740,3248,1440,JPEG,valid,original,original,verified
CAT_SAHIWAL_0014,cow_sahiwal,Sahiwal,cattle,https://nbagr.res.in,ICAR-NBAGR / Baseline Archive,Government Open Access / Academic Research,2026-09-17,sahiwal_0014.jpg,cattle/cow_sahiwal/sahiwal_0014.jpg,1c45722a588912eb2013157d4a685087a512d27a93c9bcb13b38c29a103bdf4d,3248,1440,JPEG,valid,original,original,verified
CAT_SAHIWAL_0015,cow_sahiwal,Sahiwal,cattle,https://nbagr.res.in,ICAR-NBAGR / Baseline Archive,Government Open Access / Academic Research,2026-09-17,sahiwal_0015.jpg,cattle/cow_sahiwal/sahiwal_0015.jpg,0d62c25e4816b2940902b5b0df72c851bceb7a5f9333fe99387b34cef6ce173e,616,591,JPEG,valid,original,original,verified
CAT_SAHIWAL_0016,cow_sahiwal,Sahiwal,cattle,https://nbagr.res.in,ICAR-NBAGR / Baseline Archive,Government Open Access / Academic Research,2026-09-17,sahiwal_0016.jpg,cattle/cow_sahiwal/sahiwal_0016.jpg,becedf40468160f29840760e49e4bbd85d92dbe3b71eb66a1abb58f47f50dde0,4413,2625,JPEG,valid,original,original,verified
CAT_SAHIWAL_0017,cow_sahiwal,Sahiwal,cattle,https://nbagr.res.in,ICAR-NBAGR / Baseline Archive,Government Open Access / Academic Research,2026-09-17,sahiwal_0017.jpg,cattle/cow_sahiwal/sahiwal_0017.jpg,93ee759aca09cd8ccebb14bedf92c7c71c85548a99b8216da51cb009d29c2d6e,5184,3456,JPEG,valid,original,original,verified
CAT_SAHIWAL_0018,cow_sahiwal,Sahiwal,cattle,https://nbagr.res.in,ICAR-NBAGR / Baseline Archive,Government Open Access / Academic Research,2026-09-17,sahiwal_0018.jpg,cattle/cow_sahiwal/sahiwal_0018.jpg,ca5ab935ff86b1da863189233aa0a557729daea42c20be6ae490b243407b7490,5184,3456,JPEG,valid,original,original,verified
CAT_SAHIWAL_0019,cow_sahiwal,Sahiwal,cattle,https://nbagr.res.in,ICAR-NBAGR / Baseline Archive,Government Open Access / Academic Research,2026-09-17,sahiwal_0019.jpg,cattle/cow_sahiwal/sahiwal_0019.jpg,513eb89161020d6e0aca65aa837947ead375f4424942a4bead9cd8b41959070d,3760,2768,JPEG,valid,original,original,verified
CAT_SAHIWAL_0020,cow_sahiwal,Sahiwal,cattle,https://nbagr.res.in,ICAR-NBAGR / Baseline Archive,Government Open Access / Academic Research,2026-09-17,sahiwal_0020.jpg,cattle/cow_sahiwal/sahiwal_0020.jpg,f5890d15c29025d0a894d85b5d62fda191f516732c2609bcd6c1509b9676cc72,305,254,JPEG,valid,original,original,verified
CAT_SAHIWAL_0021,cow_sahiwal,Sahiwal,cattle,https://nbagr.res.in,ICAR-NBAGR / Baseline Archive,Government Open Access / Academic Research,2026-09-17,sahiwal_0021.jpg,cattle/cow_sahiwal/sahiwal_0021.jpg,66dbaa06e7d06884d45377003420ae5e777a17ff1ba142c7988dffaa7bb42f6f,700,679,JPEG,valid,original,original,verified
CAT_SAHIWAL_0022,cow_sahiwal,Sahiwal,cattle,https://nbagr.res.in,ICAR-NBAGR / Baseline Archive,Government Open Access / Academic Research,2026-09-17,sahiwal_0022.jpg,cattle/cow_sahiwal/sahiwal_0022.jpg,aa60a5d24c7ce357fc0021be3de85344f2a4ebb3e9c7697961eac3b5d6cae1eb,3248,1440,JPEG,valid,original,original,verified
CAT_SIRI_0001,cow_siri,Siri,cattle,https://nbagr.res.in,ICAR-NBAGR / Baseline Archive,Government Open Access / Academic Research,2026-09-17,siri_0001.jpg,cattle/cow_siri/siri_0001.jpg,c47ed1b1ccb1f3d25900cdbed266eb0df27c89fbbae2d80685fed0427c08275a,3472,4624,JPEG,valid,original,original,verified
CAT_SIRI_0002,cow_siri,Siri,cattle,https://nbagr.res.in,ICAR-NBAGR / Baseline Archive,Government Open Access / Academic Research,2026-09-17,siri_0002.jpg,cattle/cow_siri/siri_0002.jpg,f8a462fea40a0f655d21c0a703c2b1e07bf2764967515655480334ef85e6edc1,3472,4624,JPEG,valid,original,original,verified
CAT_SIRI_0003,cow_siri,Siri,cattle,https://nbagr.res.in,ICAR-NBAGR / Baseline Archive,Government Open Access / Academic Research,2026-09-17,siri_0003.jpg,cattle/cow_siri/siri_0003.jpg,eb20f1cef8a2ff2d383652656163cad304a778f293bd4f6ea640af7ca321b013,2048,1536,JPEG,valid,original,original,verified
CAT_SIRI_0004,cow_siri,Siri,cattle,https://nbagr.res.in,ICAR-NBAGR / Baseline Archive,Government Open Access / Academic Research,2026-09-17,siri_0004.jpg,cattle/cow_siri/siri_0004.jpg,21b6454e3a9782a3bac725bff13694a674b4c2d83796454a28340b4f236163f8,640,428,JPEG,valid,original,original,verified
CAT_SIRI_0005,cow_siri,Siri,cattle,https://nbagr.res.in,ICAR-NBAGR / Baseline Archive,Government Open Access / Academic Research,2026-09-17,siri_0005.jpg,cattle/cow_siri/siri_0005.jpg,5b29d38e22aab813ee5372db9317e38e71755cc6e90479a2cfbb2b92010f2b3c,4000,3000,JPEG,valid,original,original,verified
CAT_SIRI_0006,cow_siri,Siri,cattle,https://nbagr.res.in,ICAR-NBAGR / Baseline Archive,Government Open Access / Academic Research,2026-09-17,siri_0006.jpg,cattle/cow_siri/siri_0006.jpg,9155874587d1e73e61a523be6cdef6dae77bdd92aa681628c297c861ce5ec43a,3264,2448,JPEG,valid,original,original,verified
CAT_SIRI_0007,cow_siri,Siri,cattle,https://nbagr.res.in,ICAR-NBAGR / Baseline Archive,Government Open Access / Academic Research,2026-09-17,siri_0007.jpg,cattle/cow_siri/siri_0007.jpg,7bfae7aae8475c69a74a029e65326b63a16ae48bd02216ef122fd15a97a2859a,5040,3360,JPEG,valid,original,original,verified
CAT_SIRI_0008,cow_siri,Siri,cattle,https://nbagr.res.in,ICAR-NBAGR / Baseline Archive,Government Open Access / Academic Research,2026-09-17,siri_0008.jpg,cattle/cow_siri/siri_0008.jpg,40b904c5a5d0350161f39b461eec41fc8cf1e0ffd09e6a1e4ffdc20323831dfb,3000,4000,JPEG,valid,original,original,verified
CAT_SIRI_0009,cow_siri,Siri,cattle,https://nbagr.res.in,ICAR-NBAGR / Baseline Archive,Government Open Access / Academic Research,2026-09-17,siri_0009.jpg,cattle/cow_siri/siri_0009.jpg,ef66d85162c2ee20d7148b430cceb4d8cb5884289bbfc8cb244980a228f80c9c,3000,2000,JPEG,valid,original,original,verified
CAT_SIRI_0010,cow_siri,Siri,cattle,https://nbagr.res.in,ICAR-NBAGR / Baseline Archive,Government Open Access / Academic Research,2026-09-17,siri_0010.jpg,cattle/cow_siri/siri_0010.jpg,187f0439a57c33440286f265f8f6fedd0350b10225096f7e253c1caeb11ff36a,3264,2176,JPEG,valid,original,original,verified
CAT_SIRI_0011,cow_siri,Siri,cattle,https://nbagr.res.in,ICAR-NBAGR / Baseline Archive,Government Open Access / Academic Research,2026-09-17,siri_0011.jpg,cattle/cow_siri/siri_0011.jpg,606cd5d11120c3f8cd305f9c1f5b84f0f8573cdbfdd52d4499d47eacddfa7dad,2048,1536,JPEG,valid,original,original,verified
CAT_SIRI_0012,cow_siri,Siri,cattle,https://nbagr.res.in,ICAR-NBAGR / Baseline Archive,Government Open Access / Academic Research,2026-09-17,siri_0012.jpg,cattle/cow_siri/siri_0012.jpg,420cbf659cecc376ad0170d6687653dae9a713063cdcf259500a3f8a69a71989,3072,2048,JPEG,valid,original,original,verified
CAT_SIRI_0013,cow_siri,Siri,cattle,https://nbagr.res.in,ICAR-NBAGR / Baseline Archive,Government Open Access / Academic Research,2026-09-17,siri_0013.jpg,cattle/cow_siri/siri_0013.jpg,ba5086375ddf4733b80601cd196c3002b191bedfc3a9da2060efa32247f77f14,3072,2048,JPEG,valid,original,original,verified
CAT_SIRI_0014,cow_siri,Siri,cattle,https://nbagr.res.in,ICAR-NBAGR / Baseline Archive,Government Open Access / Academic Research,2026-09-17,siri_0014.jpg,cattle/cow_siri/siri_0014.jpg,9b8d6d7d1187c85e9b9c4e027de407a3d53cbf9077d63a483547eef3692319a3,6048,4024,JPEG,valid,original,original,verified
CAT_SIRI_0015,cow_siri,Siri,cattle,https://nbagr.res.in,ICAR-NBAGR / Baseline Archive,Government Open Access / Academic Research,2026-09-17,siri_0015.jpg,cattle/cow_siri/siri_0015.jpg,fee287cdc24dbca6478cd66e0000e872547f55470ec228223e60fb55a2841375,6048,4024,JPEG,valid,original,original,verified
CAT_SIRI_0016,cow_siri,Siri,cattle,https://nbagr.res.in,ICAR-NBAGR / Baseline Archive,Government Open Access / Academic Research,2026-09-17,siri_0016.jpg,cattle/cow_siri/siri_0016.jpg,6e030aa39ec50839b55842342bd615f5ab05aabb1f97b1be9e36c6e14949d4dd,6048,4024,JPEG,valid,original,original,verified
CAT_SIRI_0017,cow_siri,Siri,cattle,https://nbagr.res.in,ICAR-NBAGR / Baseline Archive,Government Open Access / Academic Research,2026-09-17,siri_0017.jpg,cattle/cow_siri/siri_0017.jpg,414a1e1f0062a99fe9628e84888cb2da7e8074955dc4cd742972072b6212b95a,2560,1920,JPEG,valid,original,original,verified
CAT_SIRI_0018,cow_siri,Siri,cattle,https://nbagr.res.in,ICAR-NBAGR / Baseline Archive,Government Open Access / Academic Research,2026-09-17,siri_0018.jpg,cattle/cow_siri/siri_0018.jpg,ac65c3be5bfc515e6b4b36fbb95f22848753cf3c67839bfca544280d1fd353ba,1024,1280,JPEG,valid,original,original,verified
CAT_SIRI_0019,cow_siri,Siri,cattle,https://nbagr.res.in,ICAR-NBAGR / Baseline Archive,Government Open Access / Academic Research,2026-09-17,siri_0019.jpg,cattle/cow_siri/siri_0019.jpg,336f6c925696f4bbd994d7ec9e96b04fbd43dcb7250ebb366fd9356bbaebc82f,1024,1280,JPEG,valid,original,original,verified
CAT_SIRI_0020,cow_siri,Siri,cattle,https://nbagr.res.in,ICAR-NBAGR / Baseline Archive,Government Open Access / Academic Research,2026-09-17,siri_0020.jpg,cattle/cow_siri/siri_0020.jpg,72af2cee841a701a73bd48df9af8c51e91f924d97f7d8295f326fcbb744008f3,1024,1280,JPEG,valid,original,original,verified
CAT_SIRI_0021,cow_siri,Siri,cattle,https://nbagr.res.in,ICAR-NBAGR / Baseline Archive,Government Open Access / Academic Research,2026-09-17,siri_0021.jpg,cattle/cow_siri/siri_0021.jpg,d771848d377ef400fed6823ecb84cf7fc0a1d769ea3feac481f630b1c71b82b1,1024,1280,JPEG,valid,original,original,verified
CAT_THARPARKAR_0001,cow_tharparkar,Tharparkar,cattle,https://nbagr.res.in,ICAR-NBAGR / Baseline Archive,Government Open Access / Academic Research,2026-09-17,tharparkar_0001.jpg,cattle/cow_tharparkar/tharparkar_0001.jpg,c366b759a0f3b68b8a55557a6657da4ae52256fb034275791369d68bbf50bcd1,2592,1944,JPEG,valid,original,original,verified
CAT_THARPARKAR_0002,cow_tharparkar,Tharparkar,cattle,https://nbagr.res.in,ICAR-NBAGR / Baseline Archive,Government Open Access / Academic Research,2026-09-17,tharparkar_0002.jpg,cattle/cow_tharparkar/tharparkar_0002.jpg,fe758df4830d49b3da1c4f272736275ed5b27ef2e94167112443be5fe7f715d6,2448,3264,JPEG,valid,original,original,verified
CAT_THARPARKAR_0003,cow_tharparkar,Tharparkar,cattle,https://nbagr.res.in,ICAR-NBAGR / Baseline Archive,Government Open Access / Academic Research,2026-09-17,tharparkar_0003.jpg,cattle/cow_tharparkar/tharparkar_0003.jpg,d766323bf0c272dc6e0b48a69316bbe473d5b49bb3015b71fba981563ce13a60,5184,3456,JPEG,valid,original,original,verified
CAT_THARPARKAR_0004,cow_tharparkar,Tharparkar,cattle,https://nbagr.res.in,ICAR-NBAGR / Baseline Archive,Government Open Access / Academic Research,2026-09-17,tharparkar_0004.jpg,cattle/cow_tharparkar/tharparkar_0004.jpg,07dcf9613d9eccbc1a4485d68b4b6aac5f9df76389cb2c5b815d18f2e3f648fb,4349,3456,JPEG,valid,original,original,verified
CAT_THARPARKAR_0005,cow_tharparkar,Tharparkar,cattle,https://nbagr.res.in,ICAR-NBAGR / Baseline Archive,Government Open Access / Academic Research,2026-09-17,tharparkar_0005.jpg,cattle/cow_tharparkar/tharparkar_0005.jpg,c22e3f324fdfb40d4d8d94bd737209b5a7c6921bb15ee6a8db8996e84490905e,1200,800,JPEG,valid,original,original,verified
CAT_THARPARKAR_0006,cow_tharparkar,Tharparkar,cattle,https://nbagr.res.in,ICAR-NBAGR / Baseline Archive,Government Open Access / Academic Research,2026-09-17,tharparkar_0006.jpg,cattle/cow_tharparkar/tharparkar_0006.jpg,192dae7b3b856eae5e2b30e2fbe50bdc00f243d84e525f91c3b3f4bcab406d85,4160,3120,JPEG,valid,original,original,verified
CAT_THARPARKAR_0007,cow_tharparkar,Tharparkar,cattle,https://nbagr.res.in,ICAR-NBAGR / Baseline Archive,Government Open Access / Academic Research,2026-09-17,tharparkar_0007.jpg,cattle/cow_tharparkar/tharparkar_0007.jpg,bd4a9ede63556bed36c72de4ddb235dcf83b51466635ac38bf4ac12a220e8d65,3120,4160,JPEG,valid,original,original,verified
CAT_THARPARKAR_0008,cow_tharparkar,Tharparkar,cattle,https://nbagr.res.in,ICAR-NBAGR / Baseline Archive,Government Open Access / Academic Research,2026-09-17,tharparkar_0008.jpg,cattle/cow_tharparkar/tharparkar_0008.jpg,cad00d8447a79c4a55d5a50eace71cf8443400daf56482136f7a84f0219d4d3b,1120,905,JPEG,valid,original,original,verified
CAT_THARPARKAR_0009,cow_tharparkar,Tharparkar,cattle,https://nbagr.res.in,ICAR-NBAGR / Baseline Archive,Government Open Access / Academic Research,2026-09-17,tharparkar_0009.jpg,cattle/cow_tharparkar/tharparkar_0009.jpg,fa3bba810a88c2851a4694680e20501ee25a5760af0859b00bbd240432cc9726,2967,2961,JPEG,valid,original,original,verified
CAT_THARPARKAR_0010,cow_tharparkar,Tharparkar,cattle,https://nbagr.res.in,ICAR-NBAGR / Baseline Archive,Government Open Access / Academic Research,2026-09-17,tharparkar_0010.jpg,cattle/cow_tharparkar/tharparkar_0010.jpg,cb6958f14469928d03027e10a4c8241c22189816eef750334b0195871f2e010a,4160,2616,JPEG,valid,original,original,verified
CAT_THARPARKAR_0012,cow_tharparkar,Tharparkar,cattle,https://nbagr.res.in,ICAR-NBAGR / Baseline Archive,Government Open Access / Academic Research,2026-09-17,tharparkar_0012.jpg,cattle/cow_tharparkar/tharparkar_0012.jpg,1d3bf83a47ee366e9ab1bdd50f3104950bef26cc7f50076eb0549d40300cf937,1380,920,JPEG,valid,original,original,verified
CAT_UMBLACHERY_0001,cow_umblachery,Umblachery,cattle,https://nbagr.res.in,ICAR-NBAGR / Baseline Archive,Government Open Access / Academic Research,2026-09-17,umblachery_0001.jpg,cattle/cow_umblachery/umblachery_0001.jpg,804f967224a0d7a1094f671618489654512716b22f0bf03c484db1d09f7aefd4,3060,4080,JPEG,valid,original,original,verified
CAT_UMBLACHERY_0002,cow_umblachery,Umblachery,cattle,https://nbagr.res.in,ICAR-NBAGR / Baseline Archive,Government Open Access / Academic Research,2026-09-17,umblachery_0002.jpg,cattle/cow_umblachery/umblachery_0002.jpg,f9a39652b4c6cf020743adcba17c6406faf2049f1c94bb2bd51c28d9f0919c33,5184,3456,JPEG,valid,original,original,verified
CAT_VECHUR_0001,cow_vechur,Vechur,cattle,https://nbagr.res.in,ICAR-NBAGR / Baseline Archive,Government Open Access / Academic Research,2026-09-17,vechur_0001.jpg,cattle/cow_vechur/vechur_0001.jpg,9801f11ba4db300cacc0b5839e9c29acfb43712a71c258f60b2a5920b402f656,4160,3120,JPEG,valid,original,original,verified
CAT_VECHUR_0002,cow_vechur,Vechur,cattle,https://nbagr.res.in,ICAR-NBAGR / Baseline Archive,Government Open Access / Academic Research,2026-09-17,vechur_0002.jpg,cattle/cow_vechur/vechur_0002.jpg,9a8e9204f8f28c742be644ff79c146d5579f388ba0c6172f13d6f09b703c8023,4160,3120,JPEG,valid,original,original,verified
CAT_VECHUR_0003,cow_vechur,Vechur,cattle,https://nbagr.res.in,ICAR-NBAGR / Baseline Archive,Government Open Access / Academic Research,2026-09-17,vechur_0003.jpg,cattle/cow_vechur/vechur_0003.jpg,8c0bc6a85239b240fb8e7416f915e5a77685411be9f6173b86fc4783b3fea6f3,4160,3120,JPEG,valid,original,original,verified
CAT_VECHUR_0004,cow_vechur,Vechur,cattle,https://nbagr.res.in,ICAR-NBAGR / Baseline Archive,Government Open Access / Academic Research,2026-09-17,vechur_0004.jpg,cattle/cow_vechur/vechur_0004.jpg,ca1295cb4115721d700e65f9c122cf9625ba983c7dc5cc6a8169eb1c522fe2be,4160,3120,JPEG,valid,original,original,verified
CAT_VECHUR_0005,cow_vechur,Vechur,cattle,https://nbagr.res.in,ICAR-NBAGR / Baseline Archive,Government Open Access / Academic Research,2026-09-17,vechur_0005.jpg,cattle/cow_vechur/vechur_0005.jpg,26249d216755876152607c3de564a747377b05e75c60a313c37067fa159bea5c,4160,3120,JPEG,valid,original,original,verified
CAT_VECHUR_0006,cow_vechur,Vechur,cattle,https://nbagr.res.in,ICAR-NBAGR / Baseline Archive,Government Open Access / Academic Research,2026-09-17,vechur_0006.jpg,cattle/cow_vechur/vechur_0006.jpg,19a45fdb57505f1422e9bfb0de0f9e3e88e24cc68056fc12e16ccb1b05ed046e,3991,2588,JPEG,valid,original,original,verified
CAT_VECHUR_0007,cow_vechur,Vechur,cattle,https://nbagr.res.in,ICAR-NBAGR / Baseline Archive,Government Open Access / Academic Research,2026-09-17,vechur_0007.jpg,cattle/cow_vechur/vechur_0007.jpg,b55348d20d9cd27197118d2b96dacd7c6f5bb4eb328e7d2747a6e6913096c270,5184,3456,JPEG,valid,original,original,verified
CAT_VECHUR_0008,cow_vechur,Vechur,cattle,https://nbagr.res.in,ICAR-NBAGR / Baseline Archive,Government Open Access / Academic Research,2026-09-17,vechur_0008.jpg,cattle/cow_vechur/vechur_0008.jpg,c59d2e0002d28ccb67bce30485417c207e829e440577a0ca31c9f554d2b7372a,4608,3456,JPEG,valid,original,original,verified
CAT_VECHUR_0009,cow_vechur,Vechur,cattle,https://nbagr.res.in,ICAR-NBAGR / Baseline Archive,Government Open Access / Academic Research,2026-09-17,vechur_0009.jpg,cattle/cow_vechur/vechur_0009.jpg,480eef221bab4eebd29b7694188b476716acc8cffc58e2a7620332fcc69e92ab,2898,3863,JPEG,valid,original,original,verified
CAT_VECHUR_0010,cow_vechur,Vechur,cattle,https://nbagr.res.in,ICAR-NBAGR / Baseline Archive,Government Open Access / Academic Research,2026-09-17,vechur_0010.jpg,cattle/cow_vechur/vechur_0010.jpg,0d7473439c3c5a453b2939b698c569f37e2dc0f13d8dffaabb54924ca93d6564,4608,3456,JPEG,valid,original,original,verified
CAT_VECHUR_0011,cow_vechur,Vechur,cattle,https://nbagr.res.in,ICAR-NBAGR / Baseline Archive,Government Open Access / Academic Research,2026-09-17,vechur_0011.jpg,cattle/cow_vechur/vechur_0011.jpg,2ec738eff46c97469d0a78af1d63d48888a17a29e36f3e083acf630f8c63641d,4128,3096,JPEG,valid,original,original,verified
CAT_VECHUR_0012,cow_vechur,Vechur,cattle,https://nbagr.res.in,ICAR-NBAGR / Baseline Archive,Government Open Access / Academic Research,2026-09-17,vechur_0012.jpg,cattle/cow_vechur/vechur_0012.jpg,bd20364f0c334f63c24836469ab15b4e4e2dbe91da872750cd6bf861823a0cfa,4608,3072,JPEG,valid,original,original,verified
CAT_VECHUR_0013,cow_vechur,Vechur,cattle,https://nbagr.res.in,ICAR-NBAGR / Baseline Archive,Government Open Access / Academic Research,2026-09-17,vechur_0013.jpg,cattle/cow_vechur/vechur_0013.jpg,7bb67dd2d3f5020ca247a2c03ed035568d5f6d32bb3a31f045414b0ac8a74d73,4608,3456,JPEG,valid,original,original,verified
CAT_VECHUR_0014,cow_vechur,Vechur,cattle,https://nbagr.res.in,ICAR-NBAGR / Baseline Archive,Government Open Access / Academic Research,2026-09-17,vechur_0014.jpg,cattle/cow_vechur/vechur_0014.jpg,d2eab248898cad1c32881d02ce64883be14dea5288cf432f6e1250aed459491a,4608,3456,JPEG,valid,original,original,verified
CAT_VECHUR_0015,cow_vechur,Vechur,cattle,https://nbagr.res.in,ICAR-NBAGR / Baseline Archive,Government Open Access / Academic Research,2026-09-17,vechur_0015.jpg,cattle/cow_vechur/vechur_0015.jpg,905b86b421db3136bd35726c28f1c4c70e77f64d74c9e8580300196fb8557098,4608,3456,JPEG,valid,original,original,verified
CAT_VECHUR_0016,cow_vechur,Vechur,cattle,https://nbagr.res.in,ICAR-NBAGR / Baseline Archive,Government Open Access / Academic Research,2026-09-17,vechur_0016.jpg,cattle/cow_vechur/vechur_0016.jpg,f0f90d1b8a5891ad3660a62266d6018393d3bb5021de4645ff5dd8df22b21eb5,4608,3456,JPEG,valid,original,original,verified
CAT_VECHUR_0017,cow_vechur,Vechur,cattle,https://nbagr.res.in,ICAR-NBAGR / Baseline Archive,Government Open Access / Academic Research,2026-09-17,vechur_0017.jpg,cattle/cow_vechur/vechur_0017.jpg,04a7ef1a80275fd4007ad1d62d399060bca46b2bc92cdfa502c7fa66c2dce06b,4608,3456,JPEG,valid,original,original,verified
CAT_VECHUR_0018,cow_vechur,Vechur,cattle,https://nbagr.res.in,ICAR-NBAGR / Baseline Archive,Government Open Access / Academic Research,2026-09-17,vechur_0018.jpg,cattle/cow_vechur/vechur_0018.jpg,9617b0f0e23e051e729de4dc85e4fef10348886be6b37c61f0748af13238bc04,4608,3456,JPEG,valid,original,original,verified
CAT_VECHUR_0019,cow_vechur,Vechur,cattle,https://nbagr.res.in,ICAR-NBAGR / Baseline Archive,Government Open Access / Academic Research,2026-09-17,vechur_0019.jpg,cattle/cow_vechur/vechur_0019.jpg,b56f72e9475b0f16f05a9f7a5002050e95a2e24d5f5df68ba1c7b2a2f7c2fa9e,2048,1536,JPEG,valid,original,original,verified
CAT_MOTU_0001,cow_motu,Motu,cattle,https://nbagr.res.in,ICAR-NBAGR / Baseline Archive,Government Open Access / Academic Research,2026-09-17,motu_0001.jpg,cattle/cow_motu/motu_0001.jpg,c997679537a61806957b09dca48af77f274fbb56e22c227644145b2195a90039,1440,3200,JPEG,valid,original,original,verified
CAT_MOTU_0002,cow_motu,Motu,cattle,https://nbagr.res.in,ICAR-NBAGR / Baseline Archive,Government Open Access / Academic Research,2026-09-17,motu_0002.jpg,cattle/cow_motu/motu_0002.jpg,0b000c2bb33f1657a885d85106aa8506d99beb114141157564dc889de84e6d9f,3264,2448,JPEG,valid,original,original,verified
CAT_BINJHARPURI_0001,cow_binjharpuri,Binjharpuri,cattle,https://nbagr.res.in,ICAR-NBAGR / Baseline Archive,Government Open Access / Academic Research,2026-09-17,binjharpuri_0001.jpg,cattle/cow_binjharpuri/binjharpuri_0001.jpg,b42f85047abce8eb13677e15fca991d02759aaa876d328e732dc53e726b35670,360,237,JPEG,valid,original,original,verified
CAT_BINJHARPURI_0002,cow_binjharpuri,Binjharpuri,cattle,https://nbagr.res.in,ICAR-NBAGR / Baseline Archive,Government Open Access / Academic Research,2026-09-17,binjharpuri_0002.jpg,cattle/cow_binjharpuri/binjharpuri_0002.jpg,080e70cd936def55514f4c80e700dfaa98b60ed9d7952e986dbec6f67a293a08,2966,1668,JPEG,valid,original,original,verified
CAT_KHARIAR_0001,cow_khariar,Khariar,cattle,https://nbagr.res.in,ICAR-NBAGR / Baseline Archive,Government Open Access / Academic Research,2026-09-17,khariar_0001.jpg,cattle/cow_khariar/khariar_0001.jpg,1d92edf8c10a72cf1d2ff89b8c509985456ef16e5552576fb1f23ff5089605aa,360,270,JPEG,valid,original,original,verified
CAT_PULIKULAM_0001,cow_pulikulam,Pulikulam,cattle,https://nbagr.res.in,ICAR-NBAGR / Baseline Archive,Government Open Access / Academic Research,2026-09-17,pulikulam_0001.jpg,cattle/cow_pulikulam/pulikulam_0001.jpg,3f55589b2673d2e477af45ad4e91b9933b0934c6c4f65a1e86b5674d6ea00f11,5134,3447,JPEG,valid,original,original,verified
CAT_PULIKULAM_0002,cow_pulikulam,Pulikulam,cattle,https://nbagr.res.in,ICAR-NBAGR / Baseline Archive,Government Open Access / Academic Research,2026-09-17,pulikulam_0002.jpg,cattle/cow_pulikulam/pulikulam_0002.jpg,4ecb5362c798472ec48b6fea02ea098e3bd31789a7632127b36a63bb56914137,4080,2296,JPEG,valid,original,original,verified
CAT_KOSALI_0001,cow_kosali,Kosali,cattle,https://nbagr.res.in,ICAR-NBAGR / Baseline Archive,Government Open Access / Academic Research,2026-09-17,kosali_0001.jpg,cattle/cow_kosali/kosali_0001.jpg,75226a6ed9ec3248aa53323359a658e7feb647ab08925ef265099c5b67ef8a1a,360,185,JPEG,valid,original,original,verified
CAT_MALNAD_GIDDA_0001,cow_malnad_gidda,Malnad Gidda,cattle,https://nbagr.res.in,ICAR-NBAGR / Baseline Archive,Government Open Access / Academic Research,2026-09-17,malnad_gidda_0001.jpg,cattle/cow_malnad_gidda/malnad_gidda_0001.jpg,828a0cc53a14446e8abee8195c858772191e226603fe751b26ee6c4dabd2f31a,5184,3456,JPEG,valid,original,original,verified
CAT_MALNAD_GIDDA_0002,cow_malnad_gidda,Malnad Gidda,cattle,https://nbagr.res.in,ICAR-NBAGR / Baseline Archive,Government Open Access / Academic Research,2026-09-17,malnad_gidda_0002.jpg,cattle/cow_malnad_gidda/malnad_gidda_0002.jpg,1cdaf1512231b59df6b84e628dc2c92d012548bbfb1f161fce7d8cd2e3e5609f,5184,3456,JPEG,valid,original,original,verified
CAT_BELAHI_0001,cow_belahi,Belahi,cattle,https://nbagr.res.in,ICAR-NBAGR / Baseline Archive,Government Open Access / Academic Research,2026-09-17,belahi_0001.jpg,cattle/cow_belahi/belahi_0001.jpg,8013d7f66fc19ae43eac82a5d0bca719a27b137b8d407418cc678610cb26f1af,2048,1536,JPEG,valid,original,original,verified
CAT_BELAHI_0002,cow_belahi,Belahi,cattle,https://nbagr.res.in,ICAR-NBAGR / Baseline Archive,Government Open Access / Academic Research,2026-09-17,belahi_0002.jpg,cattle/cow_belahi/belahi_0002.jpg,6acf68dd0ac8c827dd98b10f3c7962909afba3ddf54663494d8c65c4a804b770,274,184,JPEG,valid,original,original,verified
CAT_GANGATIRI_0001,cow_gangatiri,Gangatiri,cattle,https://nbagr.res.in,ICAR-NBAGR / Baseline Archive,Government Open Access / Academic Research,2026-09-17,gangatiri_0001.jpg,cattle/cow_gangatiri/gangatiri_0001.jpg,17236ffb086601258d87f6627b8ca3f852e3aa72e2aa89b049348af74ec50f2c,3294,1647,JPEG,valid,original,original,verified
CAT_GANGATIRI_0002,cow_gangatiri,Gangatiri,cattle,https://nbagr.res.in,ICAR-NBAGR / Baseline Archive,Government Open Access / Academic Research,2026-09-17,gangatiri_0002.jpg,cattle/cow_gangatiri/gangatiri_0002.jpg,4d1c74989a2a1e34735a053d82b3eec58fa9abea780665444c3231ba3c3ab5ff,5184,3456,JPEG,valid,original,original,verified
CAT_GANGATIRI_0003,cow_gangatiri,Gangatiri,cattle,https://nbagr.res.in,ICAR-NBAGR / Baseline Archive,Government Open Access / Academic Research,2026-09-17,gangatiri_0003.jpg,cattle/cow_gangatiri/gangatiri_0003.jpg,06abc2bac103ffc5a04349aea5393a0bc265652ddd2c939ae041de8412ae92be,4908,3456,JPEG,valid,original,original,verified
CAT_GANGATIRI_0004,cow_gangatiri,Gangatiri,cattle,https://nbagr.res.in,ICAR-NBAGR / Baseline Archive,Government Open Access / Academic Research,2026-09-17,gangatiri_0004.jpg,cattle/cow_gangatiri/gangatiri_0004.jpg,3a9bb487020ab01e5a0ad0e352cc9c49f51bd57e20992e8b5a8ba9166fba66ab,4080,3072,JPEG,valid,original,original,verified
CAT_GANGATIRI_0005,cow_gangatiri,Gangatiri,cattle,https://nbagr.res.in,ICAR-NBAGR / Baseline Archive,Government Open Access / Academic Research,2026-09-17,gangatiri_0005.jpg,cattle/cow_gangatiri/gangatiri_0005.jpg,85dd7a9275acf569fd4cf3be9bd65534ffbb1c7d5a326d4f8eae36ad0337d621,2701,2091,JPEG,valid,original,original,verified
CAT_GANGATIRI_0006,cow_gangatiri,Gangatiri,cattle,https://nbagr.res.in,ICAR-NBAGR / Baseline Archive,Government Open Access / Academic Research,2026-09-17,gangatiri_0006.jpg,cattle/cow_gangatiri/gangatiri_0006.jpg,16c2d3f0d26f705cca44bc6361fa87bba2ff651026435792963b2fa7c15ac1a1,4000,2000,JPEG,valid,original,original,verified
CAT_GANGATIRI_0007,cow_gangatiri,Gangatiri,cattle,https://nbagr.res.in,ICAR-NBAGR / Baseline Archive,Government Open Access / Academic Research,2026-09-17,gangatiri_0007.jpg,cattle/cow_gangatiri/gangatiri_0007.jpg,58d3db9094993b17dde14ea063b9f45185971b033add6bba10d19d0999d9e366,2200,1339,JPEG,valid,original,original,verified
CAT_GANGATIRI_0008,cow_gangatiri,Gangatiri,cattle,https://nbagr.res.in,ICAR-NBAGR / Baseline Archive,Government Open Access / Academic Research,2026-09-17,gangatiri_0008.jpg,cattle/cow_gangatiri/gangatiri_0008.jpg,8802bfb8772862eb33a7ca70cd8cd46da13c3be16da19b7ea55ea808ddfb5af1,2200,1233,JPEG,valid,original,original,verified
CAT_BADRI_0001,cow_badri,Badri,cattle,https://nbagr.res.in,ICAR-NBAGR / Baseline Archive,Government Open Access / Academic Research,2026-09-17,badri_0001.jpg,cattle/cow_badri/badri_0001.jpg,550a3f22a94526620db04856087c812f1df65a281003ad865dd12694b4d37704,800,800,JPEG,valid,original,original,verified
CAT_BADRI_0003,cow_badri,Badri,cattle,https://nbagr.res.in,ICAR-NBAGR / Baseline Archive,Government Open Access / Academic Research,2026-09-17,badri_0003.jpg,cattle/cow_badri/badri_0003.jpg,800e3601bdbba469e059aba353180d49b08183fd8fea9a637317979d73116a51,253,320,JPEG,valid,original,original,verified
CAT_BADRI_0004,cow_badri,Badri,cattle,https://nbagr.res.in,ICAR-NBAGR / Baseline Archive,Government Open Access / Academic Research,2026-09-17,badri_0004.jpg,cattle/cow_badri/badri_0004.jpg,ff6c2f97f0c1b843e8b9814997b21abd16667e7d3ff7ba77a45f194cfa22c9e0,600,800,JPEG,valid,original,original,verified
CAT_BADRI_0005,cow_badri,Badri,cattle,https://nbagr.res.in,ICAR-NBAGR / Baseline Archive,Government Open Access / Academic Research,2026-09-17,badri_0005.jpg,cattle/cow_badri/badri_0005.jpg,ffc5ad989ddf6c243d28455cf57913212240e510e00e8333ef36de38e8bc8894,195,263,JPEG,valid,original,original,verified
CAT_BADRI_0006,cow_badri,Badri,cattle,https://nbagr.res.in,ICAR-NBAGR / Baseline Archive,Government Open Access / Academic Research,2026-09-17,badri_0006.jpg,cattle/cow_badri/badri_0006.jpg,0c3380c0a836214d7f6d55ed9ea50c28a5a34603838b4eaa64500043ae02089e,325,509,JPEG,valid,original,original,verified
CAT_BADRI_0007,cow_badri,Badri,cattle,https://nbagr.res.in,ICAR-NBAGR / Baseline Archive,Government Open Access / Academic Research,2026-09-17,badri_0007.jpg,cattle/cow_badri/badri_0007.jpg,53d153decc787b04188049170b1cb1281dadfc8f20cf2179d933d0c4bbf158d7,3712,2784,JPEG,valid,original,original,verified
CAT_BADRI_0008,cow_badri,Badri,cattle,https://nbagr.res.in,ICAR-NBAGR / Baseline Archive,Government Open Access / Academic Research,2026-09-17,badri_0008.jpg,cattle/cow_badri/badri_0008.jpg,cf6277112a85cfbeebc87ea2003fc65599100db94a993dc019844c2165738cc6,356,575,JPEG,valid,original,original,verified
CAT_BADRI_0009,cow_badri,Badri,cattle,https://nbagr.res.in,ICAR-NBAGR / Baseline Archive,Government Open Access / Academic Research,2026-09-17,badri_0009.jpg,cattle/cow_badri/badri_0009.jpg,1be0525690dae6258c0fa739f5ee0379121ec03a4e4e153e78e9ef9eae888148,772,852,JPEG,valid,original,original,verified
CAT_BADRI_0010,cow_badri,Badri,cattle,https://nbagr.res.in,ICAR-NBAGR / Baseline Archive,Government Open Access / Academic Research,2026-09-17,badri_0010.jpg,cattle/cow_badri/badri_0010.jpg,938beb0d7ec20e957c5e99e7cfba5b4cb3233730e68e9a02c925485be0e756f5,1464,2150,JPEG,valid,original,original,verified
CAT_BADRI_0011,cow_badri,Badri,cattle,https://nbagr.res.in,ICAR-NBAGR / Baseline Archive,Government Open Access / Academic Research,2026-09-17,badri_0011.jpg,cattle/cow_badri/badri_0011.jpg,782a0887523c1c037a0ce643cc5d5fad490b218cee79e2f82d7b5787b54a1406,733,840,JPEG,valid,original,original,verified
CAT_BADRI_0012,cow_badri,Badri,cattle,https://nbagr.res.in,ICAR-NBAGR / Baseline Archive,Government Open Access / Academic Research,2026-09-17,badri_0012.jpg,cattle/cow_badri/badri_0012.jpg,2656910c455dddfe1cc19e0da95c4ba27554275a91d1688532c4797e505bf064,490,550,JPEG,valid,original,original,verified
CAT_BADRI_0013,cow_badri,Badri,cattle,https://nbagr.res.in,ICAR-NBAGR / Baseline Archive,Government Open Access / Academic Research,2026-09-17,badri_0013.jpg,cattle/cow_badri/badri_0013.jpg,cbfc0d6fbc44898f6e456f45e6b2a48a125ea7a8673d1d88c713926127b05d91,2736,3648,JPEG,valid,original,original,verified
CAT_BADRI_0014,cow_badri,Badri,cattle,https://nbagr.res.in,ICAR-NBAGR / Baseline Archive,Government Open Access / Academic Research,2026-09-17,badri_0014.jpg,cattle/cow_badri/badri_0014.jpg,df2d312cb012ad306220cda71305561d7318256d275e03ca7dc610c3de330076,2736,3648,JPEG,valid,original,original,verified
CAT_BADRI_0015,cow_badri,Badri,cattle,https://nbagr.res.in,ICAR-NBAGR / Baseline Archive,Government Open Access / Academic Research,2026-09-17,badri_0015.jpg,cattle/cow_badri/badri_0015.jpg,50cc7057ca2129eb7bda6cdffa4abf20bab163ae50631660c803c35bfb8f4093,2592,1728,JPEG,valid,original,original,verified
CAT_BADRI_0016,cow_badri,Badri,cattle,https://nbagr.res.in,ICAR-NBAGR / Baseline Archive,Government Open Access / Academic Research,2026-09-17,badri_0016.jpg,cattle/cow_badri/badri_0016.jpg,b3c9f59d2be1f6344c502e3deb75a1e50232c06429a97a63f155425eaa466cda,742,1170,JPEG,valid,original,original,verified
CAT_BADRI_0017,cow_badri,Badri,cattle,https://nbagr.res.in,ICAR-NBAGR / Baseline Archive,Government Open Access / Academic Research,2026-09-17,badri_0017.jpg,cattle/cow_badri/badri_0017.jpg,d27e9bd508c4d2312d6d86c9e43e385357aafc191f9423dc252547995af195ef,2465,2048,JPEG,valid,original,original,verified
CAT_LAKHIMI_0001,cow_lakhimi,Lakhimi,cattle,https://nbagr.res.in,ICAR-NBAGR / Baseline Archive,Government Open Access / Academic Research,2026-09-17,lakhimi_0001.jpg,cattle/cow_lakhimi/lakhimi_0001.jpg,b3901c01b4dffa3d6efc06896c396b4baa82f70abae9773978c3dd3a3b6210ff,574,430,JPEG,valid,original,original,verified
CAT_LAKHIMI_0002,cow_lakhimi,Lakhimi,cattle,https://nbagr.res.in,ICAR-NBAGR / Baseline Archive,Government Open Access / Academic Research,2026-09-17,lakhimi_0002.jpg,cattle/cow_lakhimi/lakhimi_0002.jpg,313af9be72d97032ffa339cff96993f42f400a3b0520a583e0ee8e6034e91fdf,574,430,JPEG,valid,original,original,verified
CAT_LADAKHI_0001,cow_ladakhi,Ladakhi,cattle,https://nbagr.res.in,ICAR-NBAGR / Baseline Archive,Government Open Access / Academic Research,2026-09-17,ladakhi_0001.jpg,cattle/cow_ladakhi/ladakhi_0001.jpg,b235b1424d8d37ff81078434e9a0b7c238bc66dffaccac2c5de61f342ab88257,4240,2400,JPEG,valid,original,original,verified
CAT_LADAKHI_0002,cow_ladakhi,Ladakhi,cattle,https://nbagr.res.in,ICAR-NBAGR / Baseline Archive,Government Open Access / Academic Research,2026-09-17,ladakhi_0002.jpg,cattle/cow_ladakhi/ladakhi_0002.jpg,039173eecec00477c5c9de1cf93d090c345fcfcfac6248f6fb4b3f07bec9cadc,4240,2400,JPEG,valid,original,original,verified
CAT_LADAKHI_0003,cow_ladakhi,Ladakhi,cattle,https://nbagr.res.in,ICAR-NBAGR / Baseline Archive,Government Open Access / Academic Research,2026-09-17,ladakhi_0003.jpg,cattle/cow_ladakhi/ladakhi_0003.jpg,466d7022a49d2ca2dfdd72bf27582f8e839431485183dbed7a14572684bbcd62,4240,2400,JPEG,valid,original,original,verified
CAT_LADAKHI_0004,cow_ladakhi,Ladakhi,cattle,https://nbagr.res.in,ICAR-NBAGR / Baseline Archive,Government Open Access / Academic Research,2026-09-17,ladakhi_0004.jpg,cattle/cow_ladakhi/ladakhi_0004.jpg,9599658be7d24e6936dd7961ef9c43fc9a3ee727af1e005da604a3ac5a24ca66,4240,2400,JPEG,valid,original,original,verified
CAT_LADAKHI_0005,cow_ladakhi,Ladakhi,cattle,https://nbagr.res.in,ICAR-NBAGR / Baseline Archive,Government Open Access / Academic Research,2026-09-17,ladakhi_0005.jpg,cattle/cow_ladakhi/ladakhi_0005.jpg,97d3c5d90f3cf3b98f14768e1e61f7aedb900c3c72baf2128233d439a459b4b6,4240,2400,JPEG,valid,original,original,verified
CAT_KONKAN_KAPILA_0001,cow_konkan_kapila,Konkan Kapila,cattle,https://nbagr.res.in,ICAR-NBAGR / Baseline Archive,Government Open Access / Academic Research,2026-09-17,konkan_kapila_0001.jpg,cattle/cow_konkan_kapila/konkan_kapila_0001.jpg,d0a3bf5cb400002e51032c3c9c52f2007a0409222f50ff0f57e564cc386a4851,598,448,JPEG,valid,original,original,verified
CAT_KONKAN_KAPILA_0002,cow_konkan_kapila,Konkan Kapila,cattle,https://nbagr.res.in,ICAR-NBAGR / Baseline Archive,Government Open Access / Academic Research,2026-09-17,konkan_kapila_0002.jpg,cattle/cow_konkan_kapila/konkan_kapila_0002.jpg,ebc71fc7ac7563205130b662a85d45f731e660fec34d187867db428847793eaa,593,445,JPEG,valid,original,original,verified
CAT_PODA_THURPU_0001,cow_poda_thurpu,Poda Thurpu,cattle,https://nbagr.res.in,ICAR-NBAGR / Baseline Archive,Government Open Access / Academic Research,2026-09-17,poda_thurpu_0001.jpg,cattle/cow_poda_thurpu/poda_thurpu_0001.jpg,4bdaf34704da140bd0bf69826a9e99b43dd5fd530fcc8889e4a2e6caec5804a4,696,464,JPEG,valid,original,original,verified
CAT_PODA_THURPU_0002,cow_poda_thurpu,Poda Thurpu,cattle,https://nbagr.res.in,ICAR-NBAGR / Baseline Archive,Government Open Access / Academic Research,2026-09-17,poda_thurpu_0002.jpg,cattle/cow_poda_thurpu/poda_thurpu_0002.jpg,4c438a909b275525ad318c4d7896322e4b7c8cc2cb2bf724e05fc22aec18478a,619,464,JPEG,valid,original,original,verified
CAT_NARI_0001,cow_nari,Nari,cattle,https://nbagr.res.in,ICAR-NBAGR / Baseline Archive,Government Open Access / Academic Research,2026-09-17,nari_0001.jpg,cattle/cow_nari/nari_0001.jpg,297f46352b10c6a44f675a5916f8b79320545f8f4f9486a119390f76bfc969bf,1061,720,JPEG,valid,original,original,verified
CAT_NARI_0002,cow_nari,Nari,cattle,https://nbagr.res.in,ICAR-NBAGR / Baseline Archive,Government Open Access / Academic Research,2026-09-17,nari_0002.jpg,cattle/cow_nari/nari_0002.jpg,aaf4de51512efa11baab42334a64ddfb96329b32f24ea0ea5aecf8ce5d79bc52,1440,1312,JPEG,valid,original,original,verified
CAT_NARI_0003,cow_nari,Nari,cattle,https://nbagr.res.in,ICAR-NBAGR / Baseline Archive,Government Open Access / Academic Research,2026-09-17,nari_0003.jpg,cattle/cow_nari/nari_0003.jpg,760a9f141632fa25989d421899f9d52d75ba1ed9032fdcdf904687e3be76e30f,2496,1708,JPEG,valid,original,original,verified
CAT_DAGRI_0001,cow_dagri,Dagri,cattle,https://nbagr.res.in,ICAR-NBAGR / Baseline Archive,Government Open Access / Academic Research,2026-09-17,dagri_0001.jpg,cattle/cow_dagri/dagri_0001.jpg,048a1e02fb6a74663d5de1d67c9e8d43b9ad576162120b5864c5f74ce23a6d90,612,459,JPEG,valid,original,original,verified
CAT_DAGRI_0002,cow_dagri,Dagri,cattle,https://nbagr.res.in,ICAR-NBAGR / Baseline Archive,Government Open Access / Academic Research,2026-09-17,dagri_0002.jpg,cattle/cow_dagri/dagri_0002.jpg,a79118f4b63bf9a9966be62b4c2b6b6ac3a7bb99ae4ed87227825c5a87911f2c,689,459,JPEG,valid,original,original,verified
CAT_THUTHO_0001,cow_thutho,Thutho,cattle,https://nbagr.res.in,ICAR-NBAGR / Baseline Archive,Government Open Access / Academic Research,2026-09-17,thutho_0001.jpg,cattle/cow_thutho/thutho_0001.jpg,114398d3a7aa2543ab10d89e2171a644dfb96678097b456101d6ce6fa10ad420,598,398,JPEG,valid,original,original,verified
CAT_THUTHO_0002,cow_thutho,Thutho,cattle,https://nbagr.res.in,ICAR-NBAGR / Baseline Archive,Government Open Access / Academic Research,2026-09-17,thutho_0002.jpg,cattle/cow_thutho/thutho_0002.jpg,fbbcbd1db923678b57f665fa80af6cafa1ca21d237452cebc9c9b98b0e0466a8,540,404,JPEG,valid,original,original,verified
CAT_SHWETA_KAPILA_0001,cow_shweta_kapila,Shweta Kapila,cattle,https://nbagr.res.in,ICAR-NBAGR / Baseline Archive,Government Open Access / Academic Research,2026-09-17,shweta_kapila_0001.jpg,cattle/cow_shweta_kapila/shweta_kapila_0001.jpg,b0722e1f22eb4767251272aabd485b5f3db5a5dc38dce903579f9670c7af8587,660,367,JPEG,valid,original,original,verified
CAT_SHWETA_KAPILA_0002,cow_shweta_kapila,Shweta Kapila,cattle,https://nbagr.res.in,ICAR-NBAGR / Baseline Archive,Government Open Access / Academic Research,2026-09-17,shweta_kapila_0002.jpg,cattle/cow_shweta_kapila/shweta_kapila_0002.jpg,fa3fe95547679b0b111a2875ee1d2c4fddff285cd215b2abf20ab2c90963c023,1000,429,JPEG,valid,original,original,verified
CAT_HIMACHALI_PAHARI_0001,cow_himachali_pahari,Himachali Pahari,cattle,https://nbagr.res.in,ICAR-NBAGR / Baseline Archive,Government Open Access / Academic Research,2026-09-17,himachali_pahari_0001.jpg,cattle/cow_himachali_pahari/himachali_pahari_0001.jpg,e869a8f1b81432d3b83d7c52a7bd54bea7aa8e3eb2a5cb7cee517c17cfc05c05,682,455,JPEG,valid,original,original,verified
CAT_HIMACHALI_PAHARI_0002,cow_himachali_pahari,Himachali Pahari,cattle,https://nbagr.res.in,ICAR-NBAGR / Baseline Archive,Government Open Access / Academic Research,2026-09-17,himachali_pahari_0002.jpg,cattle/cow_himachali_pahari/himachali_pahari_0002.jpg,662ea92d6ca579ccd5ce2a82bb96c302f8e762a062a95443c57eaea2b3be192f,682,457,JPEG,valid,original,original,verified
CAT_PURNEA_0001,cow_purnea,Purnea,cattle,https://nbagr.res.in,ICAR-NBAGR / Baseline Archive,Government Open Access / Academic Research,2026-09-17,purnea_0001.jpg,cattle/cow_purnea/purnea_0001.jpg,cca2d28e75505bbe80016c0e38e11a4c0a00aa905caebb64061de3923f11b391,682,315,JPEG,valid,original,original,verified
CAT_PURNEA_0002,cow_purnea,Purnea,cattle,https://nbagr.res.in,ICAR-NBAGR / Baseline Archive,Government Open Access / Academic Research,2026-09-17,purnea_0002.jpg,cattle/cow_purnea/purnea_0002.jpg,57ba4bbf22086e0cb6567a1c14a6f19233194cdccd150632b44d2bb96f326ebf,535,327,JPEG,valid,original,original,verified
CAT_KATHANI_0001,cow_kathani,Kathani,cattle,https://nbagr.res.in,ICAR-NBAGR / Baseline Archive,Government Open Access / Academic Research,2026-09-17,kathani_0001.jpg,cattle/cow_kathani/kathani_0001.jpg,56656f4434258a89f59b9a0042828f32a883a1ee3d557bea86779640912d7854,900,496,JPEG,valid,original,original,verified
CAT_KATHANI_0002,cow_kathani,Kathani,cattle,https://nbagr.res.in,ICAR-NBAGR / Baseline Archive,Government Open Access / Academic Research,2026-09-17,kathani_0002.jpg,cattle/cow_kathani/kathani_0002.jpg,6d0cf646031d319c3f2792a2e0ebe96d78a9cfea2dba95406d9c0cb82452f609,253,190,JPEG,valid,original,original,verified
CAT_SANCHORI_0001,cow_sanchori,Sanchori,cattle,https://nbagr.res.in,ICAR-NBAGR / Baseline Archive,Government Open Access / Academic Research,2026-09-17,sanchori_0001.jpg,cattle/cow_sanchori/sanchori_0001.jpg,87997a26507972874e09c8acce23237effae3dfcebb95b1174a2d2e7e7b9168e,2560,1920,JPEG,valid,original,original,verified
CAT_SANCHORI_0002,cow_sanchori,Sanchori,cattle,https://nbagr.res.in,ICAR-NBAGR / Baseline Archive,Government Open Access / Academic Research,2026-09-17,sanchori_0002.jpg,cattle/cow_sanchori/sanchori_0002.jpg,0579efb31c52c6ad51da78d2f076e94a124a10a25e27e193a308775237f267ac,193,190,JPEG,valid,original,original,verified
CAT_MASILUM_0001,cow_masilum,Masilum,cattle,https://nbagr.res.in,ICAR-NBAGR / Baseline Archive,Government Open Access / Academic Research,2026-09-17,masilum_0001.jpg,cattle/cow_masilum/masilum_0001.jpg,530b8c59005689c4f1282437e44f27b009c9e6d644250f19ba82b07172f6548d,268,190,JPEG,valid,original,original,verified
CAT_MASILUM_0002,cow_masilum,Masilum,cattle,https://nbagr.res.in,ICAR-NBAGR / Baseline Archive,Government Open Access / Academic Research,2026-09-17,masilum_0002.jpg,cattle/cow_masilum/masilum_0002.jpg,31b7df408f270353bedc9fe391c6a03b45db630d876e2150bf0f4c5cafb184b0,300,240,JPEG,valid,original,original,verified
CAT_MEDINI_0001,cow_medini,Medini,cattle,https://nbagr.res.in,ICAR-NBAGR / Baseline Archive,Government Open Access / Academic Research,2026-09-17,medini_0001.jpg,cattle/cow_medini/medini_0001.jpg,8c0eaae7f74dfb08a39f3c9d9069efbf82bbe8b5e0bfa7ce7f1dbe46a84c4633,2369,1814,JPEG,valid,original,original,verified
CAT_MEDINI_0002,cow_medini,Medini,cattle,https://nbagr.res.in,ICAR-NBAGR / Baseline Archive,Government Open Access / Academic Research,2026-09-17,medini_0002.jpg,cattle/cow_medini/medini_0002.jpg,afed1c9ce90aa5575c37315e47ba794bffff4162c5f4fe87f126d4907839a9e5,3000,2193,JPEG,valid,original,original,verified
CAT_MEDINI_0003,cow_medini,Medini,cattle,https://nbagr.res.in,ICAR-NBAGR / Baseline Archive,Government Open Access / Academic Research,2026-09-17,medini_0003.jpg,cattle/cow_medini/medini_0003.jpg,efbbe0ce1cc7bcad68f04e1ab029018012097de6230d03b1a594d26e300272f7,3000,2469,JPEG,valid,original,original,verified
CAT_ROHILKHANDI_0001,cow_rohilkhandi,Rohilkhandi,cattle,https://nbagr.res.in,ICAR-NBAGR / Baseline Archive,Government Open Access / Academic Research,2026-09-17,rohilkhandi_0001.jpg,cattle/cow_rohilkhandi/rohilkhandi_0001.jpg,e65ffc7f1acd5436b8957469bf5451f9e36fb98148e6938d06cb8645c526a9cf,785,474,JPEG,valid,original,original,verified
CAT_ROHILKHANDI_0002,cow_rohilkhandi,Rohilkhandi,cattle,https://nbagr.res.in,ICAR-NBAGR / Baseline Archive,Government Open Access / Academic Research,2026-09-17,rohilkhandi_0002.jpg,cattle/cow_rohilkhandi/rohilkhandi_0002.jpg,a2cd37416aa99a6dbea43ebe71fa22f57881193b4a801eb7d0183e375810b9c5,736,345,JPEG,valid,original,original,verified
CAT_KOPPAL_0001,cow_koppal,Koppal,cattle,https://nbagr.res.in,ICAR-NBAGR / Baseline Archive,Government Open Access / Academic Research,2026-09-17,koppal_0001.jpg,cattle/cow_koppal/koppal_0001.jpg,86b1d104c2a835d91436ad3827c0a5fa69f8087f13d47dd027e137177fcb7a9c,5184,3456,JPEG,valid,original,original,verified
CAT_KOPPAL_0002,cow_koppal,Koppal,cattle,https://nbagr.res.in,ICAR-NBAGR / Baseline Archive,Government Open Access / Academic Research,2026-09-17,koppal_0002.jpg,cattle/cow_koppal/koppal_0002.jpg,7f8fb2202ad71810c94f7a1192d1c859e6e4b732e75081e5eec22ba8d69d1086,1600,1200,JPEG,valid,original,original,verified
CAT_KOPPAL_0003,cow_koppal,Koppal,cattle,https://nbagr.res.in,ICAR-NBAGR / Baseline Archive,Government Open Access / Academic Research,2026-09-17,koppal_0003.jpg,cattle/cow_koppal/koppal_0003.jpg,a2ee0b12f01b02bf177152f6e52f71b08372470fe0a5916d07bbb48a910ee4dd,1600,1200,JPEG,valid,original,original,verified
CAT_MAHAKAUSHALI_0001,cow_mahakaushali,Mahakaushali,cattle,https://nbagr.res.in,ICAR-NBAGR / Baseline Archive,Government Open Access / Academic Research,2026-09-17,mahakaushali_0001.jpg,cattle/cow_mahakaushali/mahakaushali_0001.jpg,ac9cffe8aac36460d77ed63062b74d191ab5881f4a2f5a4db4a9f4fe71670006,492,327,JPEG,valid,original,original,verified
CAT_MAHAKAUSHALI_0002,cow_mahakaushali,Mahakaushali,cattle,https://nbagr.res.in,ICAR-NBAGR / Baseline Archive,Government Open Access / Academic Research,2026-09-17,mahakaushali_0002.jpg,cattle/cow_mahakaushali/mahakaushali_0002.jpg,4edb4ae1f8f4a5497d9ada099276620953cd3a075ac00600a5dad0338bd50b21,600,791,JPEG,valid,original,original,verified
CAT_PERIYAR_0001,cow_periyar,Periyar,cattle,https://nbagr.res.in,ICAR-NBAGR / Baseline Archive,Government Open Access / Academic Research,2026-09-17,periyar_0001.jpg,cattle/cow_periyar/periyar_0001.jpg,b9f401063758f1219072cc1cefcad28df36e25beca0129d8e8e58ec567bd1a16,780,953,JPEG,valid,original,original,verified
CAT_PERIYAR_0002,cow_periyar,Periyar,cattle,https://nbagr.res.in,ICAR-NBAGR / Baseline Archive,Government Open Access / Academic Research,2026-09-17,periyar_0002.jpg,cattle/cow_periyar/periyar_0002.jpg,07fd410b4bfcb7c496397d5f2b0b1d393a5c283c20d16bbb198c1b775fd7a163,720,405,JPEG,valid,original,original,verified
CAT_PERIYAR_0003,cow_periyar,Periyar,cattle,https://nbagr.res.in,ICAR-NBAGR / Baseline Archive,Government Open Access / Academic Research,2026-09-17,periyar_0003.jpg,cattle/cow_periyar/periyar_0003.jpg,b602ccfed40fb65024d6b72d672cf71943acad8e5061f3cdbd3ca43de2423fbd,720,405,JPEG,valid,original,original,verified
CAT_PERIYAR_0004,cow_periyar,Periyar,cattle,https://nbagr.res.in,ICAR-NBAGR / Baseline Archive,Government Open Access / Academic Research,2026-09-17,periyar_0004.jpg,cattle/cow_periyar/periyar_0004.jpg,4efaf202a62428a2db27dd8b282c9ac01d80765160fba9b93abb28bc2c017bd7,4320,3240,JPEG,valid,original,original,verified
CAT_PERIYAR_0005,cow_periyar,Periyar,cattle,https://nbagr.res.in,ICAR-NBAGR / Baseline Archive,Government Open Access / Academic Research,2026-09-17,periyar_0005.jpg,cattle/cow_periyar/periyar_0005.jpg,a3f45c2f0de7cfc16bb5aed8288a045750e239e71340f00caad6240e9079196f,3456,4608,JPEG,valid,original,original,verified
CAT_PERIYAR_0006,cow_periyar,Periyar,cattle,https://nbagr.res.in,ICAR-NBAGR / Baseline Archive,Government Open Access / Academic Research,2026-09-17,periyar_0006.jpg,cattle/cow_periyar/periyar_0006.jpg,c1264bbc940228dce52bb776fad865f19e26a82d41c96428a850c69a1ffabd7c,720,624,JPEG,valid,original,original,verified
CAT_UMARDA_0001,cow_umarda,Umarda,cattle,https://nbagr.res.in,ICAR-NBAGR / Baseline Archive,Government Open Access / Academic Research,2026-09-17,umarda_0001.jpg,cattle/cow_umarda/umarda_0001.jpg,8c42fe5e37959883e3d1dc052f1bfa86485970ba29e6a22b244f29d97c032640,1200,675,JPEG,valid,original,original,verified
CAT_UMARDA_0002,cow_umarda,Umarda,cattle,https://nbagr.res.in,ICAR-NBAGR / Baseline Archive,Government Open Access / Academic Research,2026-09-17,umarda_0002.jpg,cattle/cow_umarda/umarda_0002.jpg,8ab8db03850c39d369385cefbeee746731ebac33ae4bc11462cd6012380999f8,1200,685,JPEG,valid,original,original,verified
BUF_MURRAH_0001,buffalo_murrah,Murrah,buffalo,https://nbagr.res.in,ICAR-NBAGR / Baseline Archive,Government Open Access / Academic Research,2026-09-17,murrah_0001.jpg,buffalo/buffalo_murrah/murrah_0001.jpg,c57a65a8f7f9af158537bac47786e9f670e2aa4248cff65d406533d8b78613af,654,530,JPEG,valid,original,original,verified
BUF_MURRAH_0002,buffalo_murrah,Murrah,buffalo,https://nbagr.res.in,ICAR-NBAGR / Baseline Archive,Government Open Access / Academic Research,2026-09-17,murrah_0002.jpg,buffalo/buffalo_murrah/murrah_0002.jpg,ce930a339c91616ab17b6ca722c458232db2a28a00e3820a6e872a6e882c37d2,654,530,JPEG,valid,original,original,verified
BUF_MURRAH_0003,buffalo_murrah,Murrah,buffalo,https://nbagr.res.in,ICAR-NBAGR / Baseline Archive,Government Open Access / Academic Research,2026-09-17,murrah_0003.jpg,buffalo/buffalo_murrah/murrah_0003.jpg,f3512c2e6fb06334edb8249ad39b91553b519be06f2009009f241844baccd82e,5712,4284,JPEG,valid,original,original,verified
BUF_MURRAH_0004,buffalo_murrah,Murrah,buffalo,https://nbagr.res.in,ICAR-NBAGR / Baseline Archive,Government Open Access / Academic Research,2026-09-17,murrah_0004.jpg,buffalo/buffalo_murrah/murrah_0004.jpg,8deef66f4d4054f26d9463b15f9c2fd9d0547a17b6ce4d25e266d62c32083f0d,1800,1200,JPEG,valid,original,original,verified
BUF_MURRAH_0005,buffalo_murrah,Murrah,buffalo,https://nbagr.res.in,ICAR-NBAGR / Baseline Archive,Government Open Access / Academic Research,2026-09-17,murrah_0005.jpg,buffalo/buffalo_murrah/murrah_0005.jpg,b74b9e3c2bdd7242c4d73840b58fb93b33e4ac42bef7aa45d9f4b817f2b38905,3072,2048,JPEG,valid,original,original,verified
BUF_MURRAH_0006,buffalo_murrah,Murrah,buffalo,https://nbagr.res.in,ICAR-NBAGR / Baseline Archive,Government Open Access / Academic Research,2026-09-17,murrah_0006.jpg,buffalo/buffalo_murrah/murrah_0006.jpg,e61326ecfd497c7a8b4579102b7dc2b5f637254744c2afe810dbff431de2c822,4032,3024,JPEG,valid,original,original,verified
BUF_MURRAH_0007,buffalo_murrah,Murrah,buffalo,https://nbagr.res.in,ICAR-NBAGR / Baseline Archive,Government Open Access / Academic Research,2026-09-17,murrah_0007.jpg,buffalo/buffalo_murrah/murrah_0007.jpg,e439dbc1ff6351343e3aca87f152cb509d4e8a37c74625b2a427daba173f219d,4032,3024,JPEG,valid,original,original,verified
BUF_MURRAH_0008,buffalo_murrah,Murrah,buffalo,https://nbagr.res.in,ICAR-NBAGR / Baseline Archive,Government Open Access / Academic Research,2026-09-17,murrah_0008.jpg,buffalo/buffalo_murrah/murrah_0008.jpg,871486851c331d2961a98661cd98c3776a191e91658af665a90cd47e3b531026,4608,3456,JPEG,valid,original,original,verified
BUF_MURRAH_0009,buffalo_murrah,Murrah,buffalo,https://nbagr.res.in,ICAR-NBAGR / Baseline Archive,Government Open Access / Academic Research,2026-09-17,murrah_0009.jpg,buffalo/buffalo_murrah/murrah_0009.jpg,74dcb38d5dafc154a6d69877f64311fd85351760d9544e0b0210d1be06da7a0a,4608,3456,JPEG,valid,original,original,verified
BUF_MURRAH_0010,buffalo_murrah,Murrah,buffalo,https://nbagr.res.in,ICAR-NBAGR / Baseline Archive,Government Open Access / Academic Research,2026-09-17,murrah_0010.jpg,buffalo/buffalo_murrah/murrah_0010.jpg,0818e6a2bdd47ce898bfb12bd71f51c8d777aecdc28687f15542c761af4797aa,2048,1536,JPEG,valid,original,original,verified
BUF_NILI_RAVI_0001,buffalo_nili_ravi,Nili Ravi,buffalo,https://nbagr.res.in,ICAR-NBAGR / Baseline Archive,Government Open Access / Academic Research,2026-09-17,nili_ravi_0001.jpg,buffalo/buffalo_nili_ravi/nili_ravi_0001.jpg,446394afa6ccbaba3f424383aec4a9f6cf7f07338aa9e2f4dad37c98d43d3b25,650,550,JPEG,valid,original,original,verified
BUF_NILI_RAVI_0002,buffalo_nili_ravi,Nili Ravi,buffalo,https://nbagr.res.in,ICAR-NBAGR / Baseline Archive,Government Open Access / Academic Research,2026-09-17,nili_ravi_0002.jpg,buffalo/buffalo_nili_ravi/nili_ravi_0002.jpg,dfa00a65c281746c7b491652563c8e259350f2fcc244b811190299509a96ada3,650,550,JPEG,valid,original,original,verified
BUF_NILI_RAVI_0003,buffalo_nili_ravi,Nili Ravi,buffalo,https://nbagr.res.in,ICAR-NBAGR / Baseline Archive,Government Open Access / Academic Research,2026-09-17,nili_ravi_0003.jpg,buffalo/buffalo_nili_ravi/nili_ravi_0003.jpg,bd893cab1283f7a4c9f1a12fff3a9a9061207e7ae4c2ffe9303734f1ef034c65,737,539,JPEG,valid,original,original,verified
BUF_BHADAWARI_0001,buffalo_bhadawari,Bhadawari,buffalo,https://nbagr.res.in,ICAR-NBAGR / Baseline Archive,Government Open Access / Academic Research,2026-09-17,bhadawari_0001.jpg,buffalo/buffalo_bhadawari/bhadawari_0001.jpg,ae8429673929f593b771eac810370418e5b4c6c97b7c0f5ad517a6d5e9e94cb7,650,550,JPEG,valid,original,original,verified
BUF_BHADAWARI_0002,buffalo_bhadawari,Bhadawari,buffalo,https://nbagr.res.in,ICAR-NBAGR / Baseline Archive,Government Open Access / Academic Research,2026-09-17,bhadawari_0002.jpg,buffalo/buffalo_bhadawari/bhadawari_0002.jpg,d5b390a20390bdb95eff275542625be87f6928becff19cf1c3df24fde4fa2f4d,650,550,JPEG,valid,original,original,verified
BUF_MEHSANA_0001,buffalo_mehsana,Mehsana,buffalo,https://nbagr.res.in,ICAR-NBAGR / Baseline Archive,Government Open Access / Academic Research,2026-09-17,mehsana_0001.jpg,buffalo/buffalo_mehsana/mehsana_0001.jpg,e2d703d4d732b4acf77092c34a76581c04475dc2789b953c38f02ae8b80e7074,650,550,JPEG,valid,original,original,verified
BUF_MEHSANA_0002,buffalo_mehsana,Mehsana,buffalo,https://nbagr.res.in,ICAR-NBAGR / Baseline Archive,Government Open Access / Academic Research,2026-09-17,mehsana_0002.jpg,buffalo/buffalo_mehsana/mehsana_0002.jpg,857ba70f474ec391714753beb7d5214c7c92a1598de70191ab81953d46b02767,4096,2304,JPEG,valid,original,original,verified
BUF_MEHSANA_0003,buffalo_mehsana,Mehsana,buffalo,https://nbagr.res.in,ICAR-NBAGR / Baseline Archive,Government Open Access / Academic Research,2026-09-17,mehsana_0003.jpg,buffalo/buffalo_mehsana/mehsana_0003.jpg,0d71acf4278d9bd0d88976ceceaa9230b11b5a7d9ac62f29eac1e23ccdd3f80b,4000,3000,JPEG,valid,original,original,verified
BUF_MEHSANA_0004,buffalo_mehsana,Mehsana,buffalo,https://nbagr.res.in,ICAR-NBAGR / Baseline Archive,Government Open Access / Academic Research,2026-09-17,mehsana_0004.jpg,buffalo/buffalo_mehsana/mehsana_0004.jpg,312515d7a417ac6c453451e5846b275187f280e52ffe61218ca2a4e916d8c277,2120,1348,JPEG,valid,original,original,verified
BUF_MEHSANA_0005,buffalo_mehsana,Mehsana,buffalo,https://nbagr.res.in,ICAR-NBAGR / Baseline Archive,Government Open Access / Academic Research,2026-09-17,mehsana_0005.jpg,buffalo/buffalo_mehsana/mehsana_0005.jpg,388bad850554bb7c4e56454674b04ecee4cdaac9b38b409a8906c4be7f7cd4ce,2820,2116,JPEG,valid,original,original,verified
BUF_MEHSANA_0007,buffalo_mehsana,Mehsana,buffalo,https://nbagr.res.in,ICAR-NBAGR / Baseline Archive,Government Open Access / Academic Research,2026-09-17,mehsana_0007.jpg,buffalo/buffalo_mehsana/mehsana_0007.jpg,6c281f085f7dfb7b41ea399a39be6b97fbb7f98e2a977f13c0489e5c4ae8fc5e,3096,1800,JPEG,valid,original,original,verified
BUF_MEHSANA_0010,buffalo_mehsana,Mehsana,buffalo,https://nbagr.res.in,ICAR-NBAGR / Baseline Archive,Government Open Access / Academic Research,2026-09-17,mehsana_0010.jpg,buffalo/buffalo_mehsana/mehsana_0010.jpg,5c0af492c3d1922badd842e0f58a6e1ce6fb4daf24ac29fca1a7e55f7a6cfc9e,3456,2304,JPEG,valid,original,original,verified
BUF_MEHSANA_0011,buffalo_mehsana,Mehsana,buffalo,https://nbagr.res.in,ICAR-NBAGR / Baseline Archive,Government Open Access / Academic Research,2026-09-17,mehsana_0011.jpg,buffalo/buffalo_mehsana/mehsana_0011.jpg,8ac45ff128e777b75fddaa3ef44007cc66c7bd0aa48a4ab6426079e65d8500ca,3456,2304,JPEG,valid,original,original,verified
BUF_MEHSANA_0012,buffalo_mehsana,Mehsana,buffalo,https://nbagr.res.in,ICAR-NBAGR / Baseline Archive,Government Open Access / Academic Research,2026-09-17,mehsana_0012.jpg,buffalo/buffalo_mehsana/mehsana_0012.jpg,4a98a5f490f31909df7dbdeb681daafe490e1101079afa953ce491da91069e70,3456,2304,JPEG,valid,original,original,verified
BUF_SURTI_0001,buffalo_surti,Surti,buffalo,https://nbagr.res.in,ICAR-NBAGR / Baseline Archive,Government Open Access / Academic Research,2026-09-17,surti_0001.jpg,buffalo/buffalo_surti/surti_0001.jpg,1962efab463181663b7ceaad1f680d9f23e70ed0eac7a1a3f11e12ac6c349b17,650,500,JPEG,valid,original,original,verified
BUF_SURTI_0002,buffalo_surti,Surti,buffalo,https://nbagr.res.in,ICAR-NBAGR / Baseline Archive,Government Open Access / Academic Research,2026-09-17,surti_0002.jpg,buffalo/buffalo_surti/surti_0002.jpg,f5040e98eca998d8c5cdf2bf6579d58d9db2941ae4951658a2ac70bde5637878,650,500,JPEG,valid,original,original,verified
BUF_SURTI_0003,buffalo_surti,Surti,buffalo,https://nbagr.res.in,ICAR-NBAGR / Baseline Archive,Government Open Access / Academic Research,2026-09-17,surti_0003.jpg,buffalo/buffalo_surti/surti_0003.jpg,b7b7370f308a819d7177d70352d8f33e1a27950456ce90760d76708353a87ecf,3423,3286,JPEG,valid,original,original,verified
BUF_SURTI_0004,buffalo_surti,Surti,buffalo,https://nbagr.res.in,ICAR-NBAGR / Baseline Archive,Government Open Access / Academic Research,2026-09-17,surti_0004.jpg,buffalo/buffalo_surti/surti_0004.jpg,82dd33f10799531865a2741136eea856bae9ee874371a55ac76fac06af90a2f8,2137,3912,JPEG,valid,original,original,verified
BUF_SURTI_0005,buffalo_surti,Surti,buffalo,https://nbagr.res.in,ICAR-NBAGR / Baseline Archive,Government Open Access / Academic Research,2026-09-17,surti_0005.jpg,buffalo/buffalo_surti/surti_0005.jpg,15a9c1569ec61f8168f647df0aec251eb589440e6239583bb7d3795192564353,2135,4320,JPEG,valid,original,original,verified
BUF_SURTI_0006,buffalo_surti,Surti,buffalo,https://nbagr.res.in,ICAR-NBAGR / Baseline Archive,Government Open Access / Academic Research,2026-09-17,surti_0006.jpg,buffalo/buffalo_surti/surti_0006.jpg,ba091e2825c4bb752fa56d11359e403bc188d2e2a41bfbfe2cdd3190381fd31d,3662,2356,JPEG,valid,original,original,verified
BUF_SURTI_0007,buffalo_surti,Surti,buffalo,https://nbagr.res.in,ICAR-NBAGR / Baseline Archive,Government Open Access / Academic Research,2026-09-17,surti_0007.jpg,buffalo/buffalo_surti/surti_0007.jpg,5573ea3f9131e9051b0aefa946e23c00514297c885a2392cb32577d812c067c8,3638,3332,JPEG,valid,original,original,verified
BUF_SURTI_0008,buffalo_surti,Surti,buffalo,https://nbagr.res.in,ICAR-NBAGR / Baseline Archive,Government Open Access / Academic Research,2026-09-17,surti_0008.jpg,buffalo/buffalo_surti/surti_0008.jpg,a878df536fc12a78301bbef91e9d044461c7939e87890d8ee26dd227d263b2c8,4264,3149,JPEG,valid,original,original,verified
BUF_SURTI_0009,buffalo_surti,Surti,buffalo,https://nbagr.res.in,ICAR-NBAGR / Baseline Archive,Government Open Access / Academic Research,2026-09-17,surti_0009.jpg,buffalo/buffalo_surti/surti_0009.jpg,33f0a0eaec90387b9baabce31638d1367eeb53bd28d09e5978b7614caa068023,2549,4199,JPEG,valid,original,original,verified
BUF_SURTI_0010,buffalo_surti,Surti,buffalo,https://nbagr.res.in,ICAR-NBAGR / Baseline Archive,Government Open Access / Academic Research,2026-09-17,surti_0010.jpg,buffalo/buffalo_surti/surti_0010.jpg,47b97b4ed8415dff87f19fc8c3eae28f34cc4a76f15d5d5b4b5616a1fdddb2e9,1936,1296,JPEG,valid,original,original,verified
BUF_SURTI_0011,buffalo_surti,Surti,buffalo,https://nbagr.res.in,ICAR-NBAGR / Baseline Archive,Government Open Access / Academic Research,2026-09-17,surti_0011.jpg,buffalo/buffalo_surti/surti_0011.jpg,95674b1c91b59170764df07e1ab390b645ebd683f84589d48eb0f491fe50e516,1080,720,JPEG,valid,original,original,verified
BUF_SURTI_0012,buffalo_surti,Surti,buffalo,https://nbagr.res.in,ICAR-NBAGR / Baseline Archive,Government Open Access / Academic Research,2026-09-17,surti_0012.jpg,buffalo/buffalo_surti/surti_0012.jpg,e4f63e888bd4a8cdbdafccbfa9a0d4a41542dd44c0c556f5b76b638a9123b9ea,637,639,JPEG,valid,original,original,verified
BUF_SURTI_0013,buffalo_surti,Surti,buffalo,https://nbagr.res.in,ICAR-NBAGR / Baseline Archive,Government Open Access / Academic Research,2026-09-17,surti_0013.jpg,buffalo/buffalo_surti/surti_0013.jpg,336b39e96738546a1c2581eb86abb602a3949fa613a2d8d0e15be7aa8c266af0,801,840,JPEG,valid,original,original,verified
BUF_SURTI_0014,buffalo_surti,Surti,buffalo,https://nbagr.res.in,ICAR-NBAGR / Baseline Archive,Government Open Access / Academic Research,2026-09-17,surti_0014.jpg,buffalo/buffalo_surti/surti_0014.jpg,8e180fee0e55c7ccf278bad74e97d1c29ff4fb6f19416f0360cb8d6f8bcf81c1,532,532,JPEG,valid,original,original,verified
BUF_SURTI_0015,buffalo_surti,Surti,buffalo,https://nbagr.res.in,ICAR-NBAGR / Baseline Archive,Government Open Access / Academic Research,2026-09-17,surti_0015.jpg,buffalo/buffalo_surti/surti_0015.jpg,84843b8dd1f2835e91cd2254a7ff17750c76c502d774f79c124c70d56d1a5821,706,718,JPEG,valid,original,original,verified
BUF_SURTI_0016,buffalo_surti,Surti,buffalo,https://nbagr.res.in,ICAR-NBAGR / Baseline Archive,Government Open Access / Academic Research,2026-09-17,surti_0016.jpg,buffalo/buffalo_surti/surti_0016.jpg,94894cadbd435beed9788c25e2739862e569ca07de285484a00d95f74ade633a,576,576,JPEG,valid,original,original,verified
BUF_SURTI_0017,buffalo_surti,Surti,buffalo,https://nbagr.res.in,ICAR-NBAGR / Baseline Archive,Government Open Access / Academic Research,2026-09-17,surti_0017.jpg,buffalo/buffalo_surti/surti_0017.jpg,1004af5cfe52e0aee2548d35a964e8275f740bf23ba6085fa5c149a70079ca2e,4608,3456,JPEG,valid,original,original,verified
BUF_SURTI_0018,buffalo_surti,Surti,buffalo,https://nbagr.res.in,ICAR-NBAGR / Baseline Archive,Government Open Access / Academic Research,2026-09-17,surti_0018.jpg,buffalo/buffalo_surti/surti_0018.jpg,29c1f4553178f50396912dd5b537912c5c897f6f29c2a4353a3614f918dcf1f4,213,160,JPEG,valid,original,original,verified
BUF_SURTI_0019,buffalo_surti,Surti,buffalo,https://nbagr.res.in,ICAR-NBAGR / Baseline Archive,Government Open Access / Academic Research,2026-09-17,surti_0019.jpg,buffalo/buffalo_surti/surti_0019.jpg,b381bc14a15ccf96b345d6b0563d28343607f125fbb4859f2a3ee6ffec536eb3,960,1280,JPEG,valid,original,original,verified
BUF_SURTI_0020,buffalo_surti,Surti,buffalo,https://nbagr.res.in,ICAR-NBAGR / Baseline Archive,Government Open Access / Academic Research,2026-09-17,surti_0020.jpg,buffalo/buffalo_surti/surti_0020.jpg,43ac0f0a9110d660f78d1ba4f2d0247fcd09813ad9510592f1799bb5947e6b21,1080,2400,JPEG,valid,original,original,verified
BUF_SURTI_0021,buffalo_surti,Surti,buffalo,https://nbagr.res.in,ICAR-NBAGR / Baseline Archive,Government Open Access / Academic Research,2026-09-17,surti_0021.jpg,buffalo/buffalo_surti/surti_0021.jpg,87f6c56c0e26b15e54bc132b1163b515054a962918055d82423fff447970272f,720,920,JPEG,valid,original,original,verified
BUF_JAFFARABADI_0001,buffalo_jaffarabadi,Jaffarabadi,buffalo,https://nbagr.res.in,ICAR-NBAGR / Baseline Archive,Government Open Access / Academic Research,2026-09-17,jaffarabadi_0001.jpg,buffalo/buffalo_jaffarabadi/jaffarabadi_0001.jpg,e3ae9e08bedb767113098a2ab7c240b7a204b066f571a7826c17b6b60313f90c,4096,2304,JPEG,valid,original,original,verified
BUF_JAFFARABADI_0002,buffalo_jaffarabadi,Jaffarabadi,buffalo,https://nbagr.res.in,ICAR-NBAGR / Baseline Archive,Government Open Access / Academic Research,2026-09-17,jaffarabadi_0002.jpg,buffalo/buffalo_jaffarabadi/jaffarabadi_0002.jpg,392d855bd73c2a59687cdd5c3a3fdc7fb8aeaf2a7a06066353c2eaa366810211,1799,1198,JPEG,valid,original,original,verified
BUF_NAGPURI_0001,buffalo_nagpuri,Nagpuri,buffalo,https://nbagr.res.in,ICAR-NBAGR / Baseline Archive,Government Open Access / Academic Research,2026-09-17,nagpuri_0001.jpg,buffalo/buffalo_nagpuri/nagpuri_0001.jpg,a4a93433c7605d388d4ae25c0aead1933a5a7e3275e658d9a1782b94e417a82e,4160,1952,JPEG,valid,original,original,verified
BUF_NAGPURI_0002,buffalo_nagpuri,Nagpuri,buffalo,https://nbagr.res.in,ICAR-NBAGR / Baseline Archive,Government Open Access / Academic Research,2026-09-17,nagpuri_0002.jpg,buffalo/buffalo_nagpuri/nagpuri_0002.jpg,c17f1cc5d81b833929fbd15d624b519e837f2f81a3dedb7f66258b22660ca0f5,1369,1097,JPEG,valid,original,original,verified
BUF_NAGPURI_0003,buffalo_nagpuri,Nagpuri,buffalo,https://nbagr.res.in,ICAR-NBAGR / Baseline Archive,Government Open Access / Academic Research,2026-09-17,nagpuri_0003.jpg,buffalo/buffalo_nagpuri/nagpuri_0003.jpg,6c5957f2498779ac4b7a2f101f9a62964db129e3cd53743e9c4bdedd0777d6eb,1379,915,JPEG,valid,original,original,verified
BUF_NAGPURI_0004,buffalo_nagpuri,Nagpuri,buffalo,https://nbagr.res.in,ICAR-NBAGR / Baseline Archive,Government Open Access / Academic Research,2026-09-17,nagpuri_0004.jpg,buffalo/buffalo_nagpuri/nagpuri_0004.jpg,a4179576e563eea65a253b09da6c37b85984552354e43f89fbe61362912fa4c8,1761,2365,JPEG,valid,original,original,verified
BUF_NAGPURI_0005,buffalo_nagpuri,Nagpuri,buffalo,https://nbagr.res.in,ICAR-NBAGR / Baseline Archive,Government Open Access / Academic Research,2026-09-17,nagpuri_0005.jpg,buffalo/buffalo_nagpuri/nagpuri_0005.jpg,91858bbfe660b424399e402cadc483df249b58a22bd4baf0f5a0b5cfe95d2a7f,2659,1853,JPEG,valid,original,original,verified
BUF_NAGPURI_0006,buffalo_nagpuri,Nagpuri,buffalo,https://nbagr.res.in,ICAR-NBAGR / Baseline Archive,Government Open Access / Academic Research,2026-09-17,nagpuri_0006.jpg,buffalo/buffalo_nagpuri/nagpuri_0006.jpg,3125c0ea19bf63caed853f744e742d033885fcc7d32445c60ea3844aba587a85,1902,2048,JPEG,valid,original,original,verified
BUF_NAGPURI_0007,buffalo_nagpuri,Nagpuri,buffalo,https://nbagr.res.in,ICAR-NBAGR / Baseline Archive,Government Open Access / Academic Research,2026-09-17,nagpuri_0007.jpg,buffalo/buffalo_nagpuri/nagpuri_0007.jpg,1379bfc22fd3bdd5e689fb5a4dfa49672017f71457351a6435d5037421866df3,4000,2261,JPEG,valid,original,original,verified
BUF_NAGPURI_0008,buffalo_nagpuri,Nagpuri,buffalo,https://nbagr.res.in,ICAR-NBAGR / Baseline Archive,Government Open Access / Academic Research,2026-09-17,nagpuri_0008.jpg,buffalo/buffalo_nagpuri/nagpuri_0008.jpg,12987db988878166be0f25b06e424b64311ae3dc929109a4e74ad27f124815db,4000,3000,JPEG,valid,original,original,verified
BUF_NAGPURI_0009,buffalo_nagpuri,Nagpuri,buffalo,https://nbagr.res.in,ICAR-NBAGR / Baseline Archive,Government Open Access / Academic Research,2026-09-17,nagpuri_0009.jpg,buffalo/buffalo_nagpuri/nagpuri_0009.jpg,19b42b442872b021bd70ad5cd2041a167706f0269e917d3ceabc5f156761b5d8,1136,720,JPEG,valid,original,original,verified
BUF_NAGPURI_0010,buffalo_nagpuri,Nagpuri,buffalo,https://nbagr.res.in,ICAR-NBAGR / Baseline Archive,Government Open Access / Academic Research,2026-09-17,nagpuri_0010.jpg,buffalo/buffalo_nagpuri/nagpuri_0010.jpg,0c5cae401cd5da16a392e5e4dfd5af18dd75de52656379cf3e99b5d34b981c7e,1600,1600,JPEG,valid,original,original,verified
BUF_NAGPURI_0011,buffalo_nagpuri,Nagpuri,buffalo,https://nbagr.res.in,ICAR-NBAGR / Baseline Archive,Government Open Access / Academic Research,2026-09-17,nagpuri_0011.jpg,buffalo/buffalo_nagpuri/nagpuri_0011.jpg,be56fd7ea3b9fcab0d252093538caab100675f47d452fe4a628af95b31ea314d,3334,2632,JPEG,valid,original,original,verified
BUF_PANDHARPURI_0001,buffalo_pandharpuri,Pandharpuri,buffalo,https://nbagr.res.in,ICAR-NBAGR / Baseline Archive,Government Open Access / Academic Research,2026-09-17,pandharpuri_0001.jpg,buffalo/buffalo_pandharpuri/pandharpuri_0001.jpg,1df3b5a17b88c16b72dfa65bfae412244e300e9fb7562d556f155d57c1713984,650,550,JPEG,valid,original,original,verified
BUF_PANDHARPURI_0002,buffalo_pandharpuri,Pandharpuri,buffalo,https://nbagr.res.in,ICAR-NBAGR / Baseline Archive,Government Open Access / Academic Research,2026-09-17,pandharpuri_0002.jpg,buffalo/buffalo_pandharpuri/pandharpuri_0002.jpg,d41a55bdbbaa45b496392adbfef528ec599b40cfd18002b04723e2599104a3ea,650,550,JPEG,valid,original,original,verified
BUF_MARATHWADI_0001,buffalo_marathwadi,Marathwadi,buffalo,https://nbagr.res.in,ICAR-NBAGR / Baseline Archive,Government Open Access / Academic Research,2026-09-17,marathwadi_0001.jpg,buffalo/buffalo_marathwadi/marathwadi_0001.jpg,626902e3763dae57b37cde5ea03667bfe5f7c2bf894bbff8921189edf5f7dae3,360,279,JPEG,valid,original,original,verified
BUF_MARATHWADI_0002,buffalo_marathwadi,Marathwadi,buffalo,https://nbagr.res.in,ICAR-NBAGR / Baseline Archive,Government Open Access / Academic Research,2026-09-17,marathwadi_0002.jpg,buffalo/buffalo_marathwadi/marathwadi_0002.jpg,f1e7cb176b56dcc0dc337019ab9817cf73d94fa5b01c956cebe33bbb63dc09df,462,175,JPEG,valid,original,original,verified
BUF_TODA_0001,buffalo_toda,Toda,buffalo,https://nbagr.res.in,ICAR-NBAGR / Baseline Archive,Government Open Access / Academic Research,2026-09-17,toda_0001.jpg,buffalo/buffalo_toda/toda_0001.jpg,c799a1e92430abef9402c1f07b741084b71fbe797ccf21357797444587242193,650,550,JPEG,valid,original,original,verified
BUF_TODA_0002,buffalo_toda,Toda,buffalo,https://nbagr.res.in,ICAR-NBAGR / Baseline Archive,Government Open Access / Academic Research,2026-09-17,toda_0002.jpg,buffalo/buffalo_toda/toda_0002.jpg,7b2847b00c485371129fc86cdef58f48fda1e1376ce1be027b007344785670bb,650,550,JPEG,valid,original,original,verified
BUF_TODA_0003,buffalo_toda,Toda,buffalo,https://nbagr.res.in,ICAR-NBAGR / Baseline Archive,Government Open Access / Academic Research,2026-09-17,toda_0003.jpg,buffalo/buffalo_toda/toda_0003.jpg,ce474e1fdeaa6bf4f8b437211a62e6f5238fed2c503cdab1412511f629007ce7,736,1200,JPEG,valid,original,original,verified
BUF_TODA_0004,buffalo_toda,Toda,buffalo,https://nbagr.res.in,ICAR-NBAGR / Baseline Archive,Government Open Access / Academic Research,2026-09-17,toda_0004.jpg,buffalo/buffalo_toda/toda_0004.jpg,01a83b9bc96163c4a1969a958b1891f530b92721d3324d64812f30a45f7c1fc2,800,534,JPEG,valid,original,original,verified
BUF_TODA_0005,buffalo_toda,Toda,buffalo,https://nbagr.res.in,ICAR-NBAGR / Baseline Archive,Government Open Access / Academic Research,2026-09-17,toda_0005.jpg,buffalo/buffalo_toda/toda_0005.jpg,dc2f5d952e00771c982bb17d51370fdbfc7692861d9a6e012497a903af593a6a,1692,2258,JPEG,valid,original,original,verified
BUF_TODA_0006,buffalo_toda,Toda,buffalo,https://nbagr.res.in,ICAR-NBAGR / Baseline Archive,Government Open Access / Academic Research,2026-09-17,toda_0006.jpg,buffalo/buffalo_toda/toda_0006.jpg,f60236bef7229b923bc1d8a89b7777f51e6d52697714d4131d35f84382b3bc4d,389,600,JPEG,valid,original,original,verified
BUF_TODA_0007,buffalo_toda,Toda,buffalo,https://nbagr.res.in,ICAR-NBAGR / Baseline Archive,Government Open Access / Academic Research,2026-09-17,toda_0007.jpg,buffalo/buffalo_toda/toda_0007.jpg,6be1b80be8b240f214d17678d10a08b230a9f8864233800c36ceb7e0d021b91c,2653,1990,JPEG,valid,original,original,verified
BUF_TODA_0008,buffalo_toda,Toda,buffalo,https://nbagr.res.in,ICAR-NBAGR / Baseline Archive,Government Open Access / Academic Research,2026-09-17,toda_0008.jpg,buffalo/buffalo_toda/toda_0008.jpg,7afcdd178cb647b6fc33ad879b3ff12c4991834c87cd66b5ec921ace4174e48e,3129,2347,JPEG,valid,original,original,verified
BUF_TODA_0009,buffalo_toda,Toda,buffalo,https://nbagr.res.in,ICAR-NBAGR / Baseline Archive,Government Open Access / Academic Research,2026-09-17,toda_0009.jpg,buffalo/buffalo_toda/toda_0009.jpg,cccc664ef8c1dd28ad9b8c55ad7c137afde5d523a84715806d1c25212fcf4c46,3581,2686,JPEG,valid,original,original,verified
BUF_TODA_0010,buffalo_toda,Toda,buffalo,https://nbagr.res.in,ICAR-NBAGR / Baseline Archive,Government Open Access / Academic Research,2026-09-17,toda_0010.jpg,buffalo/buffalo_toda/toda_0010.jpg,c5338855378575099570420875dab96b79703a7db13d6e886d85f2cc233749b3,5150,3342,JPEG,valid,original,original,verified
BUF_TODA_0011,buffalo_toda,Toda,buffalo,https://nbagr.res.in,ICAR-NBAGR / Baseline Archive,Government Open Access / Academic Research,2026-09-17,toda_0011.jpg,buffalo/buffalo_toda/toda_0011.jpg,781dfe8a52debc08e9c3aa4b8d89d7fb0cb77f8556cb78c5965a50c413535b1d,4000,3034,JPEG,valid,original,original,verified
BUF_TODA_0013,buffalo_toda,Toda,buffalo,https://nbagr.res.in,ICAR-NBAGR / Baseline Archive,Government Open Access / Academic Research,2026-09-17,toda_0013.jpg,buffalo/buffalo_toda/toda_0013.jpg,bfb551942eca9f7ea5d2d14b4a01eaa313f953de9e7538f1f0aab553e08f5f79,181,250,JPEG,valid,original,original,verified
BUF_TODA_0014,buffalo_toda,Toda,buffalo,https://nbagr.res.in,ICAR-NBAGR / Baseline Archive,Government Open Access / Academic Research,2026-09-17,toda_0014.jpg,buffalo/buffalo_toda/toda_0014.jpg,b9e66c773ba390192484f554e7b1ff5799bda556cb9e0b5863b75ee2c1ddf581,3272,4000,JPEG,valid,original,original,verified
BUF_TODA_0015,buffalo_toda,Toda,buffalo,https://nbagr.res.in,ICAR-NBAGR / Baseline Archive,Government Open Access / Academic Research,2026-09-17,toda_0015.jpg,buffalo/buffalo_toda/toda_0015.jpg,67bca53aff454471ace05d75b5264b1655c7fdfe47362b5517b9626ce19f3aa1,1200,800,JPEG,valid,original,original,verified
BUF_TODA_0016,buffalo_toda,Toda,buffalo,https://nbagr.res.in,ICAR-NBAGR / Baseline Archive,Government Open Access / Academic Research,2026-09-17,toda_0016.jpg,buffalo/buffalo_toda/toda_0016.jpg,f3a2b04f5201e52c0e2f46d2415609ae53dbdbf813391eec35e30e544f715678,588,720,JPEG,valid,original,original,verified
BUF_TODA_0017,buffalo_toda,Toda,buffalo,https://nbagr.res.in,ICAR-NBAGR / Baseline Archive,Government Open Access / Academic Research,2026-09-17,toda_0017.jpg,buffalo/buffalo_toda/toda_0017.jpg,4843618420cca7392e9f218d51b3371ce354aab557638aaa8625ca7f5a473f29,201,200,JPEG,valid,original,original,verified
BUF_TODA_0018,buffalo_toda,Toda,buffalo,https://nbagr.res.in,ICAR-NBAGR / Baseline Archive,Government Open Access / Academic Research,2026-09-17,toda_0018.jpg,buffalo/buffalo_toda/toda_0018.jpg,b64b822b545bd086f9347fc5515b55e1c19c460a2d923669ffaeec4476c8de2a,298,400,JPEG,valid,original,original,verified
BUF_BANNI_0001,buffalo_banni,Banni,buffalo,https://nbagr.res.in,ICAR-NBAGR / Baseline Archive,Government Open Access / Academic Research,2026-09-17,banni_0001.jpg,buffalo/buffalo_banni/banni_0001.jpg,638681a013197e9fedc3e0b6d432818c3b49104a3427db6c24c832e790360738,650,550,JPEG,valid,original,original,verified
BUF_BANNI_0002,buffalo_banni,Banni,buffalo,https://nbagr.res.in,ICAR-NBAGR / Baseline Archive,Government Open Access / Academic Research,2026-09-17,banni_0002.jpg,buffalo/buffalo_banni/banni_0002.jpg,e82ff9d6bf01895c8e9932fa846446a58aa4adb056deede6e26e0d2b0cb08fe5,650,550,JPEG,valid,original,original,verified
BUF_BANNI_0003,buffalo_banni,Banni,buffalo,https://nbagr.res.in,ICAR-NBAGR / Baseline Archive,Government Open Access / Academic Research,2026-09-17,banni_0003.jpg,buffalo/buffalo_banni/banni_0003.jpg,633516792932367a7044774e82bb65f77eb4df229fd2afd34de4d0bd97bd0db1,5600,3728,JPEG,valid,original,original,verified
BUF_CHILIKA_0001,buffalo_chilika,Chilika,buffalo,https://nbagr.res.in,ICAR-NBAGR / Baseline Archive,Government Open Access / Academic Research,2026-09-17,chilika_0001.jpg,buffalo/buffalo_chilika/chilika_0001.jpg,f95659dde3dae289d8aaf76cccba357417dd26ef4c9d1f428a9d478c26aa4989,650,550,JPEG,valid,original,original,verified
BUF_CHILIKA_0002,buffalo_chilika,Chilika,buffalo,https://nbagr.res.in,ICAR-NBAGR / Baseline Archive,Government Open Access / Academic Research,2026-09-17,chilika_0002.jpg,buffalo/buffalo_chilika/chilika_0002.jpg,503ec558d8eaf19a45cea1dbc86b171bbf7ddf49f3a96de559fd110b6612aac8,650,550,JPEG,valid,original,original,verified
BUF_KALAHANDI_0001,buffalo_kalahandi,Kalahandi,buffalo,https://nbagr.res.in,ICAR-NBAGR / Baseline Archive,Government Open Access / Academic Research,2026-09-17,kalahandi_0001.jpg,buffalo/buffalo_kalahandi/kalahandi_0001.jpg,19785dd9d37091c9f659dad39da2922e356de124f63e25b9405bc7f7ed3ba855,650,550,JPEG,valid,original,original,verified
BUF_KALAHANDI_0002,buffalo_kalahandi,Kalahandi,buffalo,https://nbagr.res.in,ICAR-NBAGR / Baseline Archive,Government Open Access / Academic Research,2026-09-17,kalahandi_0002.jpg,buffalo/buffalo_kalahandi/kalahandi_0002.jpg,440868f7a04cc50b81b666bfed32754646543c1084faa2e4b0afc017c089a55d,650,550,JPEG,valid,original,original,verified
BUF_LUIT_SWAMP_0001,buffalo_luit_swamp,Luit (Swamp),buffalo,https://nbagr.res.in,ICAR-NBAGR / Baseline Archive,Government Open Access / Academic Research,2026-09-17,luit_swamp_0001.jpg,buffalo/buffalo_luit_swamp/luit_swamp_0001.jpg,817eb3217904b2b25f095864218f0c57aba5f3c2e8b4eab17c3f409be6e06261,650,550,JPEG,valid,original,original,verified
BUF_LUIT_SWAMP_0002,buffalo_luit_swamp,Luit (Swamp),buffalo,https://nbagr.res.in,ICAR-NBAGR / Baseline Archive,Government Open Access / Academic Research,2026-09-17,luit_swamp_0002.jpg,buffalo/buffalo_luit_swamp/luit_swamp_0002.jpg,cce8fd5ce311fd45e6362a2948da42eedf3fff53e91a68a6c320f47b5aca4011,650,550,JPEG,valid,original,original,verified
BUF_BARGUR_0001,buffalo_bargur,Bargur,buffalo,https://nbagr.res.in,ICAR-NBAGR / Baseline Archive,Government Open Access / Academic Research,2026-09-17,bargur_0001.jpg,buffalo/buffalo_bargur/bargur_0001.jpg,4cf82453815c118b09b65bdb9ecbcde4dea0c4bad6272f1998c598e49e275178,650,550,JPEG,valid,original,original,verified
BUF_BARGUR_0002,buffalo_bargur,Bargur,buffalo,https://nbagr.res.in,ICAR-NBAGR / Baseline Archive,Government Open Access / Academic Research,2026-09-17,bargur_0002.jpg,buffalo/buffalo_bargur/bargur_0002.jpg,4432e52c80dceea916b0ff96ea6d3d2844ff535138b456606d6eb98aa1f439f7,650,550,JPEG,valid,original,original,verified
BUF_BARGUR_0004,buffalo_bargur,Bargur,buffalo,https://nbagr.res.in,ICAR-NBAGR / Baseline Archive,Government Open Access / Academic Research,2026-09-17,bargur_0004.jpg,buffalo/buffalo_bargur/bargur_0004.jpg,15d220e60d6691a5e8a6693d19b90835b80e6490d2c96c52ee9ed6899c2d7f39,1600,1200,JPEG,valid,original,original,verified
BUF_BARGUR_0005,buffalo_bargur,Bargur,buffalo,https://nbagr.res.in,ICAR-NBAGR / Baseline Archive,Government Open Access / Academic Research,2026-09-17,bargur_0005.jpg,buffalo/buffalo_bargur/bargur_0005.jpg,e9a3fec53ab958ac2b041b649ef28768619bb3ded12e63f18de8d9c34bb0bfef,640,426,JPEG,valid,original,original,verified
BUF_BARGUR_0006,buffalo_bargur,Bargur,buffalo,https://nbagr.res.in,ICAR-NBAGR / Baseline Archive,Government Open Access / Academic Research,2026-09-17,bargur_0006.jpg,buffalo/buffalo_bargur/bargur_0006.jpg,e20db4ca2937ec3d2b6a3df5ab184502ba2b73c7b2c6e493806158547c2b019e,720,711,JPEG,valid,original,original,verified
BUF_BARGUR_0007,buffalo_bargur,Bargur,buffalo,https://nbagr.res.in,ICAR-NBAGR / Baseline Archive,Government Open Access / Academic Research,2026-09-17,bargur_0007.jpg,buffalo/buffalo_bargur/bargur_0007.jpg,83dc10e330409b8d69f1943fcfa16729c66385364928bc562cf4046b2a3980a3,160,240,JPEG,valid,original,original,verified
BUF_CHHATTISGARHI_0001,buffalo_chhattisgarhi,Chhattisgarhi,buffalo,https://nbagr.res.in,ICAR-NBAGR / Baseline Archive,Government Open Access / Academic Research,2026-09-17,chhattisgarhi_0001.jpg,buffalo/buffalo_chhattisgarhi/chhattisgarhi_0001.jpg,d4f6d030af896eb5202abcbe11fe2b4de210b199385865bc99f1c1ab1b9916d1,650,550,JPEG,valid,original,original,verified
BUF_CHHATTISGARHI_0002,buffalo_chhattisgarhi,Chhattisgarhi,buffalo,https://nbagr.res.in,ICAR-NBAGR / Baseline Archive,Government Open Access / Academic Research,2026-09-17,chhattisgarhi_0002.jpg,buffalo/buffalo_chhattisgarhi/chhattisgarhi_0002.jpg,bd40473a741a29400cdea63baf92300048b9a268c4d0afbd722bb102eeeb2526,650,550,JPEG,valid,original,original,verified
BUF_GOJRI_0001,buffalo_gojri,Gojri,buffalo,https://nbagr.res.in,ICAR-NBAGR / Baseline Archive,Government Open Access / Academic Research,2026-09-17,gojri_0001.jpg,buffalo/buffalo_gojri/gojri_0001.jpg,aa790ba442bb3033802eaecc4b54ff733e759aa61d0a623d53bce15b96908cd7,650,550,JPEG,valid,original,original,verified
BUF_GOJRI_0002,buffalo_gojri,Gojri,buffalo,https://nbagr.res.in,ICAR-NBAGR / Baseline Archive,Government Open Access / Academic Research,2026-09-17,gojri_0002.jpg,buffalo/buffalo_gojri/gojri_0002.jpg,4cc95c53cad507e03a9ff9939ec17aef64fd9a079638c468ca56ee0c4be86735,650,550,JPEG,valid,original,original,verified
BUF_DHARWADI_0001,buffalo_dharwadi,Dharwadi,buffalo,https://nbagr.res.in,ICAR-NBAGR / Baseline Archive,Government Open Access / Academic Research,2026-09-17,dharwadi_0001.jpg,buffalo/buffalo_dharwadi/dharwadi_0001.jpg,9db9c69456f6f4b3a2c476e5fc570e7721663c79eaf447cf14ba305b8c1c365d,650,550,JPEG,valid,original,original,verified
BUF_DHARWADI_0002,buffalo_dharwadi,Dharwadi,buffalo,https://nbagr.res.in,ICAR-NBAGR / Baseline Archive,Government Open Access / Academic Research,2026-09-17,dharwadi_0002.jpg,buffalo/buffalo_dharwadi/dharwadi_0002.jpg,5d21dd8813ea2c35cd488a3213978eb0ef970b3c7838f463fd19d138386ff387,650,550,JPEG,valid,original,original,verified
BUF_MANDA_0001,buffalo_manda,Manda,buffalo,https://nbagr.res.in,ICAR-NBAGR / Baseline Archive,Government Open Access / Academic Research,2026-09-17,manda_0001.jpg,buffalo/buffalo_manda/manda_0001.jpg,eea75257a32a4745da91ab01d718ebdf8e8aa92e0c2f66418688bdd3fdd9831e,650,550,JPEG,valid,original,original,verified
BUF_MANDA_0002,buffalo_manda,Manda,buffalo,https://nbagr.res.in,ICAR-NBAGR / Baseline Archive,Government Open Access / Academic Research,2026-09-17,manda_0002.jpg,buffalo/buffalo_manda/manda_0002.jpg,dde35cf18cbd141ccb0bd1195ed54fc305892ad435128adbc798c261606fff24,650,550,JPEG,valid,original,original,verified
BUF_MANDA_0003,buffalo_manda,Manda,buffalo,https://nbagr.res.in,ICAR-NBAGR / Baseline Archive,Government Open Access / Academic Research,2026-09-17,manda_0003.jpg,buffalo/buffalo_manda/manda_0003.jpg,8076df5c892dafaa201ee348759df392af8c1dc73e1fb82b595756f6c13b1b69,2560,1920,JPEG,valid,original,original,verified
BUF_MANDA_0004,buffalo_manda,Manda,buffalo,https://nbagr.res.in,ICAR-NBAGR / Baseline Archive,Government Open Access / Academic Research,2026-09-17,manda_0004.jpg,buffalo/buffalo_manda/manda_0004.jpg,bfcfe8e8cd4b62ae0c421ed377c5026581b6264bb50796fc830dae8ba8b1d0dc,2250,1479,JPEG,valid,original,original,verified
BUF_MANDA_0006,buffalo_manda,Manda,buffalo,https://nbagr.res.in,ICAR-NBAGR / Baseline Archive,Government Open Access / Academic Research,2026-09-17,manda_0006.jpg,buffalo/buffalo_manda/manda_0006.jpg,497aab6cf3f614bcf881f1848acf6258a48008dda623fe7d59bc9d92923f334d,4032,3024,JPEG,valid,original,original,verified
BUF_MANDA_0007,buffalo_manda,Manda,buffalo,https://nbagr.res.in,ICAR-NBAGR / Baseline Archive,Government Open Access / Academic Research,2026-09-17,manda_0007.jpg,buffalo/buffalo_manda/manda_0007.jpg,d9e4b58696ac08229d257885338cb690c27a11f8a24b8c4b1562c8f31f55bba1,4032,3024,JPEG,valid,original,original,verified
BUF_MANDA_0008,buffalo_manda,Manda,buffalo,https://nbagr.res.in,ICAR-NBAGR / Baseline Archive,Government Open Access / Academic Research,2026-09-17,manda_0008.jpg,buffalo/buffalo_manda/manda_0008.jpg,c1fdbe4ec3b4045808a98835a906163f6d009fcf1f8f357424e1102e8619f4da,4032,3024,JPEG,valid,original,original,verified
BUF_MANDA_0009,buffalo_manda,Manda,buffalo,https://nbagr.res.in,ICAR-NBAGR / Baseline Archive,Government Open Access / Academic Research,2026-09-17,manda_0009.jpg,buffalo/buffalo_manda/manda_0009.jpg,c404ee0957bbba58342633ed78ee30e3ad5d2950b600669ce259c17353180256,4032,3024,JPEG,valid,original,original,verified
BUF_MANDA_0010,buffalo_manda,Manda,buffalo,https://nbagr.res.in,ICAR-NBAGR / Baseline Archive,Government Open Access / Academic Research,2026-09-17,manda_0010.jpg,buffalo/buffalo_manda/manda_0010.jpg,8004da732618d1854b831c1686f3a68ec78c29611347428de5c4d4b89c1fd6ac,4250,2834,JPEG,valid,original,original,verified
BUF_MANDA_0011,buffalo_manda,Manda,buffalo,https://nbagr.res.in,ICAR-NBAGR / Baseline Archive,Government Open Access / Academic Research,2026-09-17,manda_0011.jpg,buffalo/buffalo_manda/manda_0011.jpg,c023eadbd7c1fea18df03c656fac30e11c714a6999d5aad46a403745fdaa2b57,4250,2833,JPEG,valid,original,original,verified
BUF_MANDA_0012,buffalo_manda,Manda,buffalo,https://nbagr.res.in,ICAR-NBAGR / Baseline Archive,Government Open Access / Academic Research,2026-09-17,manda_0012.jpg,buffalo/buffalo_manda/manda_0012.jpg,e187d651f7694441733be6b58727bb988d9132ccab723467e3314eeb3694e9c3,5472,3648,JPEG,valid,original,original,verified
BUF_MANDA_0013,buffalo_manda,Manda,buffalo,https://nbagr.res.in,ICAR-NBAGR / Baseline Archive,Government Open Access / Academic Research,2026-09-17,manda_0013.jpg,buffalo/buffalo_manda/manda_0013.jpg,d7a27f185daec6f8ec75c57d513d6df2b21a30c654b2b8325a936a13a0b3d5df,5472,3648,JPEG,valid,original,original,verified
BUF_MANDA_0014,buffalo_manda,Manda,buffalo,https://nbagr.res.in,ICAR-NBAGR / Baseline Archive,Government Open Access / Academic Research,2026-09-17,manda_0014.jpg,buffalo/buffalo_manda/manda_0014.jpg,1b0a461ce5964d6ebf052c9b4174b52f657202011ffd22f564353d5c0189835c,2560,1920,JPEG,valid,original,original,verified
BUF_MANDA_0015,buffalo_manda,Manda,buffalo,https://nbagr.res.in,ICAR-NBAGR / Baseline Archive,Government Open Access / Academic Research,2026-09-17,manda_0015.jpg,buffalo/buffalo_manda/manda_0015.jpg,4e2a1b612c6871098c2f5d8fe296dc381cbd4d73ce0d578b14ce7d32f421d6b2,2560,1920,JPEG,valid,original,original,verified
BUF_MANDA_0016,buffalo_manda,Manda,buffalo,https://nbagr.res.in,ICAR-NBAGR / Baseline Archive,Government Open Access / Academic Research,2026-09-17,manda_0016.jpg,buffalo/buffalo_manda/manda_0016.jpg,5a1b3aee229565e2aea6d760faf1904c1063b8ccd2bc874ae1aa38d5693f24cb,3883,2589,JPEG,valid,original,original,verified
BUF_MANDA_0017,buffalo_manda,Manda,buffalo,https://nbagr.res.in,ICAR-NBAGR / Baseline Archive,Government Open Access / Academic Research,2026-09-17,manda_0017.jpg,buffalo/buffalo_manda/manda_0017.jpg,3ccc3a6ef92441d4258a43211720c5724e7ba8c30fa2d726190877ead3751c9b,2535,1690,JPEG,valid,original,original,verified
BUF_MANDA_0018,buffalo_manda,Manda,buffalo,https://nbagr.res.in,ICAR-NBAGR / Baseline Archive,Government Open Access / Academic Research,2026-09-17,manda_0018.jpg,buffalo/buffalo_manda/manda_0018.jpg,daa50015faf75bf6b8fa2edc6b70f23a1d8cc42eda661f0870d63f4b2eb072ff,6393,3596,JPEG,valid,original,original,verified
BUF_MANDA_0019,buffalo_manda,Manda,buffalo,https://nbagr.res.in,ICAR-NBAGR / Baseline Archive,Government Open Access / Academic Research,2026-09-17,manda_0019.jpg,buffalo/buffalo_manda/manda_0019.jpg,9bcdbb14b3d5fc1c008113c0258b1f52350f612e6f2ef7b9c6fa7e80b45a1dce,3894,3894,JPEG,valid,original,original,verified
BUF_MANDA_0020,buffalo_manda,Manda,buffalo,https://nbagr.res.in,ICAR-NBAGR / Baseline Archive,Government Open Access / Academic Research,2026-09-17,manda_0020.jpg,buffalo/buffalo_manda/manda_0020.jpg,20e54931317ca33a04b9dc7215bddb7960074888794e4e1244871041f9bbd003,5735,4301,JPEG,valid,original,original,verified
BUF_MANDA_0021,buffalo_manda,Manda,buffalo,https://nbagr.res.in,ICAR-NBAGR / Baseline Archive,Government Open Access / Academic Research,2026-09-17,manda_0021.jpg,buffalo/buffalo_manda/manda_0021.jpg,adb50b48d57ef51c89e7f598b06a1e266dbaeb49e687de56c04e91b2da610983,3072,2304,JPEG,valid,original,original,verified
BUF_MANDA_0022,buffalo_manda,Manda,buffalo,https://nbagr.res.in,ICAR-NBAGR / Baseline Archive,Government Open Access / Academic Research,2026-09-17,manda_0022.jpg,buffalo/buffalo_manda/manda_0022.jpg,4af924198535ddceba4b257d733144b1d802cb34c76719caa52c3e87b3cdebc1,5996,3373,JPEG,valid,original,original,verified
BUF_MANDA_0023,buffalo_manda,Manda,buffalo,https://nbagr.res.in,ICAR-NBAGR / Baseline Archive,Government Open Access / Academic Research,2026-09-17,manda_0023.jpg,buffalo/buffalo_manda/manda_0023.jpg,f3dd9f2d612e017daa0471bb00192bf51062af2ea374df4c7b1c65effdf3a7e6,6456,4304,JPEG,valid,original,original,verified
BUF_MANDA_0024,buffalo_manda,Manda,buffalo,https://nbagr.res.in,ICAR-NBAGR / Baseline Archive,Government Open Access / Academic Research,2026-09-17,manda_0024.jpg,buffalo/buffalo_manda/manda_0024.jpg,0cf4dc3f68e11b2dd0b15436cec8474a4b37962a73786c98ddd0d79200977ff5,5176,3451,JPEG,valid,original,original,verified
BUF_MANDA_0025,buffalo_manda,Manda,buffalo,https://nbagr.res.in,ICAR-NBAGR / Baseline Archive,Government Open Access / Academic Research,2026-09-17,manda_0025.jpg,buffalo/buffalo_manda/manda_0025.jpg,32214509c277aac7405ea8f68c884bc3e82a7fa52bb326a24992afa4b95d60fa,6368,3980,JPEG,valid,original,original,verified
BUF_MANDA_0026,buffalo_manda,Manda,buffalo,https://nbagr.res.in,ICAR-NBAGR / Baseline Archive,Government Open Access / Academic Research,2026-09-17,manda_0026.jpg,buffalo/buffalo_manda/manda_0026.jpg,a51b335bed74a7f5e940253ce1a5c996daee4e57a2731f6def29ee182e454215,3886,3886,JPEG,valid,original,original,verified
BUF_MANDA_0027,buffalo_manda,Manda,buffalo,https://nbagr.res.in,ICAR-NBAGR / Baseline Archive,Government Open Access / Academic Research,2026-09-17,manda_0027.jpg,buffalo/buffalo_manda/manda_0027.jpg,4d597751630f2cd2d4f7a26535a99375d352517ba31f7ffa202701a294c87fda,5472,3648,JPEG,valid,original,original,verified
BUF_MANDA_0028,buffalo_manda,Manda,buffalo,https://nbagr.res.in,ICAR-NBAGR / Baseline Archive,Government Open Access / Academic Research,2026-09-17,manda_0028.jpg,buffalo/buffalo_manda/manda_0028.jpg,c5a166c548776c5d0739bd04fecbd68a7b889cfcb68ef2a0334cd2da1ac359eb,5892,3346,JPEG,valid,original,original,verified
BUF_MANDA_0029,buffalo_manda,Manda,buffalo,https://nbagr.res.in,ICAR-NBAGR / Baseline Archive,Government Open Access / Academic Research,2026-09-17,manda_0029.jpg,buffalo/buffalo_manda/manda_0029.jpg,93ea0ef45d032decc6d782a069660e498203f667d9fa0de2ea75397b7418e686,2736,2060,JPEG,valid,original,original,verified
BUF_MANDA_0030,buffalo_manda,Manda,buffalo,https://nbagr.res.in,ICAR-NBAGR / Baseline Archive,Government Open Access / Academic Research,2026-09-17,manda_0030.jpg,buffalo/buffalo_manda/manda_0030.jpg,f0c18a5e0e6ff239a935df50031921a811c3006c2e367425c6f9f3d2c7629bf5,2764,1868,JPEG,valid,original,original,verified
BUF_MANDA_0031,buffalo_manda,Manda,buffalo,https://nbagr.res.in,ICAR-NBAGR / Baseline Archive,Government Open Access / Academic Research,2026-09-17,manda_0031.jpg,buffalo/buffalo_manda/manda_0031.jpg,6b532315283d3176a1f138980bf27d3ec65d2364ed1479e13ad71b10b4b79739,3456,2304,JPEG,valid,original,original,verified
BUF_MANDA_0032,buffalo_manda,Manda,buffalo,https://nbagr.res.in,ICAR-NBAGR / Baseline Archive,Government Open Access / Academic Research,2026-09-17,manda_0032.jpg,buffalo/buffalo_manda/manda_0032.jpg,3ce009ecab54c9a89b2c16535e196512c9ace911e7c82d6f045a6bacf7d44854,3577,2395,JPEG,valid,original,original,verified
BUF_PURNATHADI_0001,buffalo_purnathadi,Purnathadi,buffalo,https://nbagr.res.in,ICAR-NBAGR / Baseline Archive,Government Open Access / Academic Research,2026-09-17,purnathadi_0001.jpg,buffalo/buffalo_purnathadi/purnathadi_0001.jpg,444d4a52f11b76fb5a2d2de622f9c53c19337371d7c78820c834682945ed1075,650,550,JPEG,valid,original,original,verified
BUF_PURNATHADI_0002,buffalo_purnathadi,Purnathadi,buffalo,https://nbagr.res.in,ICAR-NBAGR / Baseline Archive,Government Open Access / Academic Research,2026-09-17,purnathadi_0002.jpg,buffalo/buffalo_purnathadi/purnathadi_0002.jpg,1ad8cca9ed0b52e4d8878049e22111746cf493fd346fc7edf1cc74194d90eef9,650,550,JPEG,valid,original,original,verified
BUF_MANAH_0001,buffalo_manah,Manah,buffalo,https://nbagr.res.in,ICAR-NBAGR / Baseline Archive,Government Open Access / Academic Research,2026-09-17,manah_0001.jpg,buffalo/buffalo_manah/manah_0001.jpg,ffb2eadc96b8afbb2f9df6281fc3ad799c952fedc502368f28a9b3bed59820c3,650,550,JPEG,valid,original,original,verified
BUF_MANAH_0002,buffalo_manah,Manah,buffalo,https://nbagr.res.in,ICAR-NBAGR / Baseline Archive,Government Open Access / Academic Research,2026-09-17,manah_0002.jpg,buffalo/buffalo_manah/manah_0002.jpg,01976fa4fa2db3ccdc5cbf0185a2e12715a5fe691914703629f9d3e035538426,650,550,JPEG,valid,original,original,verified
BUF_MELGHATI_0001,buffalo_melghati,Melghati,buffalo,https://nbagr.res.in,ICAR-NBAGR / Baseline Archive,Government Open Access / Academic Research,2026-09-17,melghati_0001.jpg,buffalo/buffalo_melghati/melghati_0001.jpg,b28105a5c04216f6cd3b1d2e60269261cef3fb24364e78c4762f3da41594ec15,1026,789,JPEG,valid,original,original,verified
BUF_MELGHATI_0002,buffalo_melghati,Melghati,buffalo,https://nbagr.res.in,ICAR-NBAGR / Baseline Archive,Government Open Access / Academic Research,2026-09-17,melghati_0002.jpg,buffalo/buffalo_melghati/melghati_0002.jpg,54562dfcf5e9268e9a3d6caad26c20671fe80b4bc09249997ea2bdc5222a8d89,815,635,JPEG,valid,original,original,verified
BUF_GOMANCHALI_0001,buffalo_gomanchali,Gomanchali,buffalo,https://nbagr.res.in,ICAR-NBAGR / Baseline Archive,Government Open Access / Academic Research,2026-09-17,gomanchali_0001.jpg,buffalo/buffalo_gomanchali/gomanchali_0001.jpg,4d8446f95adb835e5993e6263ffe3f4277c6cac7cd3e0ec13b2bc4c0071777a3,881,661,JPEG,valid,original,original,verified
BUF_GOMANCHALI_0002,buffalo_gomanchali,Gomanchali,buffalo,https://nbagr.res.in,ICAR-NBAGR / Baseline Archive,Government Open Access / Academic Research,2026-09-17,gomanchali_0002.jpg,buffalo/buffalo_gomanchali/gomanchali_0002.jpg,3660e67d7754ba068b6eaa117770844f875da0500cfcc97ede88ea90a16dce32,881,661,JPEG,valid,original,original,verified
BUF_GOMANCHALI_0003,buffalo_gomanchali,Gomanchali,buffalo,https://nbagr.res.in,ICAR-NBAGR / Baseline Archive,Government Open Access / Academic Research,2026-09-17,gomanchali_0003.jpg,buffalo/buffalo_gomanchali/gomanchali_0003.jpg,0e77dc970b877e687183e2809645ff9029b2615cd7ed2fc9fbdad1b9919312d0,881,661,JPEG,valid,original,original,verified
CAT_COW_AMRITMAHAL_0008,cow_amritmahal,Amritmahal,cattle,https://upload.wikimedia.org/wikipedia/commons/a/ae/Ajjampura_Amrit_Mahal.jpg?utm_source=commons.wikimedia.org&utm_campaign=imageinfo&utm_content=original,Wikimedia Commons,CC BY-SA 4.0,2026-09-17,File:Ajjampura Amrit Mahal.jpg,cattle/cow_amritmahal/cow_amritmahal_0008.jpg,203dffdd998e5fde992bca74e974796546a0dd0c6a8e83973fc97b2061e87a74,3446,2562,JPEG,valid,original,original,verified
CAT_COW_AMRITMAHAL_0009,cow_amritmahal,Amritmahal,cattle,https://upload.wikimedia.org/wikipedia/commons/f/f3/Amruthamahal_01.JPG?utm_source=commons.wikimedia.org&utm_campaign=imageinfo&utm_content=original,Wikimedia Commons,CC BY-SA 3.0,2026-09-17,File:Amruthamahal 01.JPG,cattle/cow_amritmahal/cow_amritmahal_0009.jpg,5eaf4dd83b3f6ceaab52649508a0b71da70bc204d21e75c8a8c943baf4a75767,5184,3456,JPEG,valid,original,original,verified
CAT_COW_AMRITMAHAL_0010,cow_amritmahal,Amritmahal,cattle,https://upload.wikimedia.org/wikipedia/commons/b/ba/Amruthamahal_02.JPG?utm_source=commons.wikimedia.org&utm_campaign=imageinfo&utm_content=original,Wikimedia Commons,CC BY-SA 3.0,2026-09-17,File:Amruthamahal 02.JPG,cattle/cow_amritmahal/cow_amritmahal_0010.jpg,7024fbbcfa8e04ab8c616297ae902a761727ce8838784e3aeff9291d34c23a14,5184,3456,JPEG,valid,original,original,verified
CAT_COW_AMRITMAHAL_0011,cow_amritmahal,Amritmahal,cattle,https://upload.wikimedia.org/wikipedia/commons/4/4a/Commissariat_farm_Hunsur_1889.jpg?utm_source=commons.wikimedia.org&utm_campaign=imageinfo&utm_content=original,Wikimedia Commons,Public domain,2026-09-17,File:Commissariat farm Hunsur 1889.jpg,cattle/cow_amritmahal/cow_amritmahal_0011.jpg,0436ef40731fc32d4228c2ae5a0a29f24b399db0d6f0e12150194c036db21a3f,1546,1036,JPEG,valid,original,original,verified
CAT_COW_BACHAUR_0003,cow_bachaur,Bachaur,cattle,https://upload.wikimedia.org/wikipedia/commons/5/5c/2017_Chess_Champion_Inter_School%2C_Sitamarhi.jpg?utm_source=commons.wikimedia.org&utm_campaign=imageinfo&utm_content=original,Wikimedia Commons,CC0,2026-09-17,"File:2017 Chess Champion Inter School, Sitamarhi.jpg",cattle/cow_bachaur/cow_bachaur_0003.jpg,f53ea52e04f2cd24d402a97e21f1fea65937528226701f4b2d91af1890a8b115,798,776,JPEG,valid,original,original,verified
CAT_COW_BACHAUR_0004,cow_bachaur,Bachaur,cattle,https://upload.wikimedia.org/wikipedia/commons/9/99/An_Evening_of_Sitamarhi.jpg?utm_source=commons.wikimedia.org&utm_campaign=imageinfo&utm_content=original,Wikimedia Commons,CC BY-SA 4.0,2026-09-17,File:An Evening of Sitamarhi.jpg,cattle/cow_bachaur/cow_bachaur_0004.jpg,25eee2cdb37840e28df3c585bb1c20512a07333c0b881d62c2da6263a4fd65d2,1200,748,JPEG,valid,original,original,verified
CAT_COW_BACHAUR_0005,cow_bachaur,Bachaur,cattle,https://upload.wikimedia.org/wikipedia/commons/7/79/Bagahi_Math_Sitamarhi%2C_Bihar.jpg?utm_source=commons.wikimedia.org&utm_campaign=imageinfo&utm_content=original,Wikimedia Commons,CC BY-SA 3.0,2026-09-17,"File:Bagahi Math Sitamarhi, Bihar.jpg",cattle/cow_bachaur/cow_bachaur_0005.jpg,372981914fdde37558044fdfe7c89344384279fa07cfe07dcad88ba823d2cc49,600,450,JPEG,valid,original,original,verified
CAT_COW_BACHAUR_0006,cow_bachaur,Bachaur,cattle,https://upload.wikimedia.org/wikipedia/commons/4/4e/Baidehi_Nivash%2C_Sitamarhi_%28Singh_Family_of_Tilaktajpur%29.jpg?utm_source=commons.wikimedia.org&utm_campaign=imageinfo&utm_content=original,Wikimedia Commons,CC0,2026-09-17,"File:Baidehi Nivash, Sitamarhi (Singh Family of Tilaktajpur).jpg",cattle/cow_bachaur/cow_bachaur_0006.jpg,2cf265d9c0ed6f6de9337d4bd5f2b2e13ff4a4d82f00ba251a39e8441c1fc1c1,3373,2991,JPEG,valid,original,original,verified
CAT_COW_BACHAUR_0007,cow_bachaur,Bachaur,cattle,https://upload.wikimedia.org/wikipedia/commons/6/6f/Building_at_Sitamarhi_Mandir.jpg?utm_source=commons.wikimedia.org&utm_campaign=imageinfo&utm_content=original,Wikimedia Commons,CC BY-SA 4.0,2026-09-17,File:Building at Sitamarhi Mandir.jpg,cattle/cow_bachaur/cow_bachaur_0007.jpg,6c18ca3d3debd93fe8378d8d60ff9bbf2e3c9ed5c1f65ae8a7607a7d719dfd25,4608,3456,JPEG,valid,original,original,verified
CAT_COW_BACHAUR_0008,cow_bachaur,Bachaur,cattle,https://upload.wikimedia.org/wikipedia/commons/2/2e/D._A._V._Public_School%2C_Runnisaidpur%2C_Sitamarhi_Building.jpg?utm_source=commons.wikimedia.org&utm_campaign=imageinfo&utm_content=original,Wikimedia Commons,CC BY-SA 4.0,2026-09-17,"File:D. A. V. Public School, Runnisaidpur, Sitamarhi Building.jpg",cattle/cow_bachaur/cow_bachaur_0008.jpg,8293e309e29d18ef5802f1396b77ff628ffea4d07aa42058481ad9f04127967e,720,900,JPEG,valid,original,original,verified
CAT_COW_BACHAUR_0009,cow_bachaur,Bachaur,cattle,https://upload.wikimedia.org/wikipedia/commons/1/1b/Dyan_kothi%2C_Dhang%2C_Sitamarhi%2C_bihar_.jpg?utm_source=commons.wikimedia.org&utm_campaign=imageinfo&utm_content=original,Wikimedia Commons,CC BY-SA 4.0,2026-09-17,"File:Dyan kothi, Dhang, Sitamarhi, bihar .jpg",cattle/cow_bachaur/cow_bachaur_0009.jpg,aa37fa12801c6b70d4dea161a6e4641c503f03d967f61abcc51a3ed39126460d,1024,768,JPEG,valid,original,original,verified
CAT_COW_BACHAUR_0010,cow_bachaur,Bachaur,cattle,https://upload.wikimedia.org/wikipedia/commons/5/56/Edutech_Soft_stall_in_sitamarhi_mahotasav.JPG?utm_source=commons.wikimedia.org&utm_campaign=imageinfo&utm_content=original,Wikimedia Commons,CC BY-SA 3.0,2026-09-17,File:Edutech Soft stall in sitamarhi mahotasav.JPG,cattle/cow_bachaur/cow_bachaur_0010.jpg,9d784ab2ae7e1dc60df3ad12e515713725528f4031d27a6f8af4e5098a4e6178,4000,3000,JPEG,valid,original,original,verified
CAT_COW_BACHAUR_0011,cow_bachaur,Bachaur,cattle,https://upload.wikimedia.org/wikipedia/commons/4/47/Goddess_Sita_in_Sitamarhi.jpg?utm_source=commons.wikimedia.org&utm_campaign=imageinfo&utm_content=original,Wikimedia Commons,CC BY-SA 4.0,2026-09-17,File:Goddess Sita in Sitamarhi.jpg,cattle/cow_bachaur/cow_bachaur_0011.jpg,a89db52e6a810852c8cbf72b461fc7cdd122bc866d6bc82857ef073347f1eba7,720,1179,JPEG,valid,original,original,verified
CAT_COW_BACHAUR_0012,cow_bachaur,Bachaur,cattle,https://upload.wikimedia.org/wikipedia/commons/d/da/Government_Hospital_Bhiswa_Bazar%2C_Sitamarhi.jpg?utm_source=commons.wikimedia.org&utm_campaign=imageinfo&utm_content=original,Wikimedia Commons,CC BY-SA 4.0,2026-09-17,"File:Government Hospital Bhiswa Bazar, Sitamarhi.jpg",cattle/cow_bachaur/cow_bachaur_0012.jpg,ede49243330022f7a581843407ae61e3972a9aaa10f562fd21b43847451a877a,1128,602,JPEG,valid,original,original,verified
CAT_COW_BACHAUR_0013,cow_bachaur,Bachaur,cattle,https://upload.wikimedia.org/wikipedia/commons/c/c6/Janaki_kund%2C_Sitamarhi%2C_Bihar.jpg?utm_source=commons.wikimedia.org&utm_campaign=imageinfo&utm_content=original,Wikimedia Commons,CC BY-SA 3.0,2026-09-17,"File:Janaki kund, Sitamarhi, Bihar.jpg",cattle/cow_bachaur/cow_bachaur_0013.jpg,fad8b40f4776ea6e867b9aef1f08397784d277cfd415086e717f314e5ccf5729,600,450,JPEG,valid,original,original,verified
CAT_COW_BACHAUR_0014,cow_bachaur,Bachaur,cattle,https://upload.wikimedia.org/wikipedia/commons/d/da/Janakisthan%2C_Sitamarhi%2C_Bihar.jpg?utm_source=commons.wikimedia.org&utm_campaign=imageinfo&utm_content=original,Wikimedia Commons,CC BY-SA 3.0,2026-09-17,"File:Janakisthan, Sitamarhi, Bihar.jpg",cattle/cow_bachaur/cow_bachaur_0014.jpg,5c01b8e61138065f43c78be1f1b56fb57d1a4dd56b80fb8c4232c06ce6be215a,598,328,JPEG,valid,original,original,verified
CAT_COW_BACHAUR_0015,cow_bachaur,Bachaur,cattle,https://upload.wikimedia.org/wikipedia/commons/3/38/Kolkata_Sitamarhi_Express_at_Madhupur_Junction.jpg?utm_source=commons.wikimedia.org&utm_campaign=imageinfo&utm_content=original,Wikimedia Commons,CC BY-SA 4.0,2026-09-17,File:Kolkata Sitamarhi Express at Madhupur Junction.jpg,cattle/cow_bachaur/cow_bachaur_0015.jpg,fe22cd09969bc478d8d66a7b3bffdbc19e1f3c220312133b725bb793575d05e8,4080,3060,JPEG,valid,original,original,verified
CAT_COW_BACHAUR_0016,cow_bachaur,Bachaur,cattle,https://upload.wikimedia.org/wikipedia/commons/5/5f/Ma_Janki%2C_Sitamarhi.jpg?utm_source=commons.wikimedia.org&utm_campaign=imageinfo&utm_content=original,Wikimedia Commons,GFDL,2026-09-17,"File:Ma Janki, Sitamarhi.jpg",cattle/cow_bachaur/cow_bachaur_0016.jpg,1a548acf41318b057d5196a5967c1b09a21e8ce58437828be1a634ffb5c108b2,720,504,JPEG,valid,original,original,verified
CAT_COW_BACHAUR_0017,cow_bachaur,Bachaur,cattle,https://upload.wikimedia.org/wikipedia/commons/7/76/Ram_Sakal_Singh_Science_College%2C_Sitamarhi.jpg?utm_source=commons.wikimedia.org&utm_campaign=imageinfo&utm_content=original,Wikimedia Commons,CC0,2026-09-17,"File:Ram Sakal Singh Science College, Sitamarhi.jpg",cattle/cow_bachaur/cow_bachaur_0017.jpg,b830a3fd25c41ee0dbb8ed3341b4ac8df40d76a0bf1cf7e4782647c51d3805a2,2016,1512,JPEG,valid,original,original,verified
CAT_COW_BACHAUR_0018,cow_bachaur,Bachaur,cattle,https://upload.wikimedia.org/wikipedia/commons/d/db/Shiv_Mandir%2C_Nepali_Architecture%2C_Sitamarhi..jpg?utm_source=commons.wikimedia.org&utm_campaign=imageinfo&utm_content=original,Wikimedia Commons,CC BY-SA 4.0,2026-09-17,"File:Shiv Mandir, Nepali Architecture, Sitamarhi..jpg",cattle/cow_bachaur/cow_bachaur_0018.jpg,6cbff43dc2e040f6c03646e439c52fc14b1698f6e34fb3c17835c794441ec6bc,3120,4160,JPEG,valid,original,original,verified
CAT_COW_BACHAUR_0019,cow_bachaur,Bachaur,cattle,https://upload.wikimedia.org/wikipedia/commons/7/78/Sitamarhi%2C_Nawada.jpg?utm_source=commons.wikimedia.org&utm_campaign=imageinfo&utm_content=original,Wikimedia Commons,CC BY-SA 4.0,2026-09-17,"File:Sitamarhi, Nawada.jpg",cattle/cow_bachaur/cow_bachaur_0019.jpg,b2c292f75ca0003d5613d745817e5c7a32626243e7b18af0aa795e0d75993ff6,2876,2040,JPEG,valid,original,original,verified
CAT_COW_BACHAUR_0020,cow_bachaur,Bachaur,cattle,https://upload.wikimedia.org/wikipedia/commons/9/9c/Sitamarhi_Delhi_AB_Express.jpg?utm_source=commons.wikimedia.org&utm_campaign=imageinfo&utm_content=original,Wikimedia Commons,CC0,2026-09-17,File:Sitamarhi Delhi AB Express.jpg,cattle/cow_bachaur/cow_bachaur_0020.jpg,0667f305cc7cc231e688d6f0323c22a48f11a757bee23824e59eea7e6de8fb44,1807,1080,JPEG,valid,original,original,verified
CAT_COW_BACHAUR_0021,cow_bachaur,Bachaur,cattle,https://upload.wikimedia.org/wikipedia/commons/6/6e/Sitamarhi_Jn_Station.jpg?utm_source=commons.wikimedia.org&utm_campaign=imageinfo&utm_content=original,Wikimedia Commons,CC BY-SA 3.0,2026-09-17,File:Sitamarhi Jn Station.jpg,cattle/cow_bachaur/cow_bachaur_0021.jpg,d29be610d2af76b2f9888a7455b630db65313e51ff776328f35bd611b9a53830,4160,2340,JPEG,valid,original,original,verified
CAT_COW_BACHAUR_0022,cow_bachaur,Bachaur,cattle,https://upload.wikimedia.org/wikipedia/commons/4/41/Sitamarhi_Mahotav.jpg?utm_source=commons.wikimedia.org&utm_campaign=imageinfo&utm_content=original,Wikimedia Commons,CC BY-SA 3.0,2026-09-17,File:Sitamarhi Mahotav.jpg,cattle/cow_bachaur/cow_bachaur_0022.jpg,6678e8088bf31b100f95dc7875a68749c28c23327bcad00732559be16f56c4d7,1280,720,JPEG,valid,original,original,verified
CAT_COW_BACHAUR_0023,cow_bachaur,Bachaur,cattle,https://upload.wikimedia.org/wikipedia/commons/8/8e/Sitamarhi_cave.jpg?utm_source=commons.wikimedia.org&utm_campaign=imageinfo&utm_content=original,Wikimedia Commons,Public domain,2026-09-17,File:Sitamarhi cave.jpg,cattle/cow_bachaur/cow_bachaur_0023.jpg,f081798edb3a29575af92bc6308b8cb03a324701c4821ad44ac6577c7773fb01,784,611,JPEG,valid,original,original,verified
CAT_COW_BARGUR_0002,cow_bargur,Bargur,cattle,https://upload.wikimedia.org/wikipedia/commons/7/75/Baragur_01.JPG?utm_source=commons.wikimedia.org&utm_campaign=imageinfo&utm_content=original,Wikimedia Commons,CC BY-SA 3.0,2026-09-17,File:Baragur 01.JPG,cattle/cow_bargur/cow_bargur_0002.jpg,cfb03973d7f961f4a81b1655a82e5a3131a38392fc4462bde9dff605a457ea64,5184,3456,JPEG,valid,original,original,verified
CAT_COW_BARGUR_0003,cow_bargur,Bargur,cattle,https://upload.wikimedia.org/wikipedia/commons/5/5e/Baragur_02.JPG?utm_source=commons.wikimedia.org&utm_campaign=imageinfo&utm_content=original,Wikimedia Commons,CC BY-SA 3.0,2026-09-17,File:Baragur 02.JPG,cattle/cow_bargur/cow_bargur_0003.jpg,299dd3037aeee915addf7cfeb1ea0c8dd1570b032707c97ae0be2ee558ed7e54,5184,3456,JPEG,valid,original,original,verified
CAT_COW_BARGUR_0004,cow_bargur,Bargur,cattle,https://upload.wikimedia.org/wikipedia/commons/6/67/BargurEng.jpg?utm_source=commons.wikimedia.org&utm_campaign=imageinfo&utm_content=original,Wikimedia Commons,CC BY-SA 3.0,2026-09-17,File:BargurEng.jpg,cattle/cow_bargur/cow_bargur_0004.jpg,db3bcdb8dff256660c5347e95fa0d6aacc707132d89007b32a47f264646cbad4,1600,1200,JPEG,valid,original,original,verified
CAT_COW_BARGUR_0005,cow_bargur,Bargur,cattle,https://upload.wikimedia.org/wikipedia/commons/3/3f/Bargur_Road.jpg?utm_source=commons.wikimedia.org&utm_campaign=imageinfo&utm_content=original,Wikimedia Commons,CC BY-SA 4.0,2026-09-17,File:Bargur Road.jpg,cattle/cow_bargur/cow_bargur_0005.jpg,83db308f964854c35a0a93535a5aa1ad88e74fd7576ba71ba58f5905ba3ac25e,640,426,JPEG,valid,original,original,verified
CAT_COW_BARGUR_0006,cow_bargur,Bargur,cattle,https://upload.wikimedia.org/wikipedia/commons/d/d5/Railroad%2Cbargur.jpg?utm_source=commons.wikimedia.org&utm_campaign=imageinfo&utm_content=original,Wikimedia Commons,CC BY-SA 4.0,2026-09-17,"File:Railroad,bargur.jpg",cattle/cow_bargur/cow_bargur_0006.jpg,0e2d45a20b9279f713ec638d6a3a82833daa6b84be65a4d833675369c88cc475,720,711,JPEG,valid,original,original,verified
CAT_COW_BARGUR_0007,cow_bargur,Bargur,cattle,https://upload.wikimedia.org/wikipedia/commons/2/2f/Suda_bargur.jpg?utm_source=commons.wikimedia.org&utm_campaign=imageinfo&utm_content=original,Wikimedia Commons,CC BY-SA 4.0,2026-09-17,File:Suda bargur.jpg,cattle/cow_bargur/cow_bargur_0007.jpg,19808791523ce800b0c3dd80896742490d3b85e78f4adc47d6d54a2d43070551,160,240,JPEG,valid,original,original,verified
CAT_COW_DANGI_0006,cow_dangi,Dangi,cattle,https://upload.wikimedia.org/wikipedia/commons/0/05/Butterfly-konkani_vishwakosh.jpg?utm_source=commons.wikimedia.org&utm_campaign=imageinfo&utm_content=original,Wikimedia Commons,CC BY-SA 3.0,2026-09-17,File:Butterfly-konkani vishwakosh.jpg,cattle/cow_dangi/cow_dangi_0006.jpg,d1b7995a9d915ce02e16f6fabd34b781dac05f837872f7f4895c8a5ab4a84b92,348,348,JPEG,valid,original,original,verified
CAT_COW_DANGI_0007,cow_dangi,Dangi,cattle,https://upload.wikimedia.org/wikipedia/commons/8/84/Charles_Dickens-Konkani_Vishwakosh.png?utm_source=commons.wikimedia.org&utm_campaign=imageinfo&utm_content=original,Wikimedia Commons,CC BY-SA 3.0,2026-09-17,File:Charles Dickens-Konkani Vishwakosh.png,cattle/cow_dangi/cow_dangi_0007.jpg,4585fce0a74458e9c6947a063bb9f5f1774894f6e9b86c000f06530dbbf39ed2,271,294,PNG,valid,original,original,verified
CAT_COW_DANGI_0008,cow_dangi,Dangi,cattle,https://upload.wikimedia.org/wikipedia/commons/f/fd/Cross-Konkani_Vishwakosh.png?utm_source=commons.wikimedia.org&utm_campaign=imageinfo&utm_content=original,Wikimedia Commons,CC BY-SA 3.0,2026-09-17,File:Cross-Konkani Vishwakosh.png,cattle/cow_dangi/cow_dangi_0008.jpg,2afd21b8595658c8d52c9898fb94512c201b766f06141ca30d0650648e26034e,558,378,PNG,valid,original,original,verified
CAT_COW_DANGI_0009,cow_dangi,Dangi,cattle,https://upload.wikimedia.org/wikipedia/commons/6/60/Dharmananda_Damodar_Kosambi-Konkani_Vishwakosh.png?utm_source=commons.wikimedia.org&utm_campaign=imageinfo&utm_content=original,Wikimedia Commons,CC BY-SA 3.0,2026-09-17,File:Dharmananda Damodar Kosambi-Konkani Vishwakosh.png,cattle/cow_dangi/cow_dangi_0009.jpg,4ca7a7ef5f140bdf16c99b2fbdf9e2a15bfa901b2b57008d3159eff1e148d026,355,452,PNG,valid,original,original,verified
CAT_COW_DANGI_0010,cow_dangi,Dangi,cattle,https://upload.wikimedia.org/wikipedia/commons/5/58/Dr_Pandurang_Sakharam_Pissurlekar_-_Konkani_Vishwakosh.jpg?utm_source=commons.wikimedia.org&utm_campaign=imageinfo&utm_content=original,Wikimedia Commons,CC BY-SA 3.0,2026-09-17,File:Dr Pandurang Sakharam Pissurlekar - Konkani Vishwakosh.jpg,cattle/cow_dangi/cow_dangi_0010.jpg,3e77889e8acd63106f690864876f049b4973857be597f3aaef18104b0fd571fb,309,382,JPEG,valid,original,original,verified
CAT_COW_DANGI_0011,cow_dangi,Dangi,cattle,https://upload.wikimedia.org/wikipedia/commons/3/3a/Gajanan_Digambar_Madgulkar_-_Konkani_Vishwakosh.png?utm_source=commons.wikimedia.org&utm_campaign=imageinfo&utm_content=original,Wikimedia Commons,CC BY-SA 3.0,2026-09-17,File:Gajanan Digambar Madgulkar - Konkani Vishwakosh.png,cattle/cow_dangi/cow_dangi_0011.jpg,c68b431eee20bf8cb716d02d50b0b9f557bc2f2d17b4c3f2853db0075e943882,189,254,PNG,valid,original,original,verified
CAT_COW_DANGI_0012,cow_dangi,Dangi,cattle,https://upload.wikimedia.org/wikipedia/commons/2/22/Galileo_Galilei-Konkani_Vishwakosh.png?utm_source=commons.wikimedia.org&utm_campaign=imageinfo&utm_content=original,Wikimedia Commons,CC BY-SA 3.0,2026-09-17,File:Galileo Galilei-Konkani Vishwakosh.png,cattle/cow_dangi/cow_dangi_0012.jpg,b4331345ebca9bea3ce49b44dfb506d573024116f8da43144dddeb3b62e81991,382,432,PNG,valid,original,original,verified
CAT_COW_DANGI_0013,cow_dangi,Dangi,cattle,https://upload.wikimedia.org/wikipedia/commons/b/bd/George_Orwell-Konkani_Vishwakosh.jpg?utm_source=commons.wikimedia.org&utm_campaign=imageinfo&utm_content=original,Wikimedia Commons,CC BY-SA 3.0,2026-09-17,File:George Orwell-Konkani Vishwakosh.jpg,cattle/cow_dangi/cow_dangi_0013.jpg,c82fb720fc2f4f60da26c7149d25582522c143b14a5592dba30b2e217c852b8e,162,195,JPEG,valid,original,original,verified
CAT_COW_DANGI_0014,cow_dangi,Dangi,cattle,https://upload.wikimedia.org/wikipedia/commons/2/25/Goan_Catholic_Konkani_Bible.jpg?utm_source=commons.wikimedia.org&utm_campaign=imageinfo&utm_content=original,Wikimedia Commons,Public domain,2026-09-17,File:Goan Catholic Konkani Bible.jpg,cattle/cow_dangi/cow_dangi_0014.jpg,41b199b86065c59b68b012c1a679be44783513e48c9092359b9915ed43dbf7fb,488,336,JPEG,valid,original,original,verified
CAT_COW_DANGI_0015,cow_dangi,Dangi,cattle,https://upload.wikimedia.org/wikipedia/commons/c/c2/Govind_Narayan_Madgaonkar_-_Konkani_Vishwakosh.png?utm_source=commons.wikimedia.org&utm_campaign=imageinfo&utm_content=original,Wikimedia Commons,CC BY-SA 3.0,2026-09-17,File:Govind Narayan Madgaonkar - Konkani Vishwakosh.png,cattle/cow_dangi/cow_dangi_0015.jpg,8cd43a8fece29c4550ecc611ab559408df1a26103064946dc18f623cdf0f0fe9,199,251,PNG,valid,original,original,verified
CAT_COW_DANGI_0016,cow_dangi,Dangi,cattle,https://upload.wikimedia.org/wikipedia/commons/d/de/Kanada_%28p%C5%99%C3%ADrodn%C3%AD_rezervace%29%2C_stul%C3%ADky_4.jpg?utm_source=commons.wikimedia.org&utm_campaign=imageinfo&utm_content=original,Wikimedia Commons,CC BY 3.0,2026-09-17,"File:Kanada (přírodní rezervace), stulíky 4.jpg",cattle/cow_dangi/cow_dangi_0016.jpg,d49da154c1c4c551abc00d8555017cbc6f3aa8531590bcd82071702d81867ed5,4000,3000,JPEG,valid,original,original,verified
CAT_COW_DANGI_0017,cow_dangi,Dangi,cattle,https://upload.wikimedia.org/wikipedia/commons/0/0f/Kanada_Auschwitz.jpg?utm_source=commons.wikimedia.org&utm_campaign=imageinfo&utm_content=original,Wikimedia Commons,CC BY-SA 3.0,2026-09-17,File:Kanada Auschwitz.jpg,cattle/cow_dangi/cow_dangi_0017.jpg,bbd957afa38a3946b73dc142a9fa3449b272fbc3031ee0a91eeaa73fced96349,2592,1944,JPEG,valid,original,original,verified
CAT_COW_DANGI_0018,cow_dangi,Dangi,cattle,https://upload.wikimedia.org/wikipedia/commons/0/02/Kanada_Ortseingang.JPG?utm_source=commons.wikimedia.org&utm_campaign=imageinfo&utm_content=original,Wikimedia Commons,CC BY-SA 3.0,2026-09-17,File:Kanada Ortseingang.JPG,cattle/cow_dangi/cow_dangi_0018.jpg,7937bb60086154e9e99f3f0b746de7dc2eb5453b96f2e7b704303cc9b0af5ff1,2592,1944,JPEG,valid,original,original,verified
CAT_COW_DANGI_0019,cow_dangi,Dangi,cattle,https://upload.wikimedia.org/wikipedia/commons/6/63/Kanada_Ortseingangsschild.JPG?utm_source=commons.wikimedia.org&utm_campaign=imageinfo&utm_content=original,Wikimedia Commons,CC BY-SA 3.0,2026-09-17,File:Kanada Ortseingangsschild.JPG,cattle/cow_dangi/cow_dangi_0019.jpg,e94fed632a2be65addcffcac49230e3da6ff12c5958fc2c4f1ae32ebb041f4b4,2592,1944,JPEG,valid,original,original,verified
CAT_COW_DANGI_0020,cow_dangi,Dangi,cattle,https://upload.wikimedia.org/wikipedia/commons/e/e9/Kanada_Station.JPG?utm_source=commons.wikimedia.org&utm_campaign=imageinfo&utm_content=original,Wikimedia Commons,CC BY-SA 3.0,2026-09-17,File:Kanada Station.JPG,cattle/cow_dangi/cow_dangi_0020.jpg,9585726935685472ec895f5e1f006094fb7b0782699a61ab5fd7ae01c3db0cfb,2816,2112,JPEG,valid,original,original,verified
CAT_COW_DANGI_0021,cow_dangi,Dangi,cattle,https://upload.wikimedia.org/wikipedia/commons/e/e7/Konkani_Lokotsav_2017_Konkani_Wikipedia_Stall_01.jpg?utm_source=commons.wikimedia.org&utm_campaign=imageinfo&utm_content=original,Wikimedia Commons,CC BY-SA 4.0,2026-09-17,File:Konkani Lokotsav 2017 Konkani Wikipedia Stall 01.jpg,cattle/cow_dangi/cow_dangi_0021.jpg,6a5e281b810b462c07d6573c91e979b290619e86d3be83cddcd6ef2875968dbe,6016,3384,MPO,valid,original,original,verified
CAT_COW_DANGI_0022,cow_dangi,Dangi,cattle,https://upload.wikimedia.org/wikipedia/commons/4/41/Konkani_Lokotsav_2017_Konkani_Wikipedia_Stall_02.jpg?utm_source=commons.wikimedia.org&utm_campaign=imageinfo&utm_content=original,Wikimedia Commons,CC BY-SA 4.0,2026-09-17,File:Konkani Lokotsav 2017 Konkani Wikipedia Stall 02.jpg,cattle/cow_dangi/cow_dangi_0022.jpg,cc8efb0782358bd5e6f98d3a9386d7f097c2466d3c2807e90de23913f512325d,6016,3384,MPO,valid,original,original,verified
CAT_COW_DANGI_0023,cow_dangi,Dangi,cattle,https://upload.wikimedia.org/wikipedia/commons/e/e0/Kulturabkommen_Kanada_1976_1.jpg?utm_source=commons.wikimedia.org&utm_campaign=imageinfo&utm_content=original,Wikimedia Commons,Public domain,2026-09-17,File:Kulturabkommen Kanada 1976 1.jpg,cattle/cow_dangi/cow_dangi_0023.jpg,a62f7642da6a0c3407febce4234c09eff839fdb2eadf31bb95166aaed2e07036,1236,1754,JPEG,valid,original,original,verified
CAT_COW_DANGI_0024,cow_dangi,Dangi,cattle,https://upload.wikimedia.org/wikipedia/commons/6/66/Kulturabkommen_Kanada_1976_2.jpg?utm_source=commons.wikimedia.org&utm_campaign=imageinfo&utm_content=original,Wikimedia Commons,Public domain,2026-09-17,File:Kulturabkommen Kanada 1976 2.jpg,cattle/cow_dangi/cow_dangi_0024.jpg,c3e46887d6ff55153055cd981a5522c4b6df95400e609ff68fb44524f5c70e1d,1236,1754,JPEG,valid,original,original,verified
CAT_COW_DANGI_0025,cow_dangi,Dangi,cattle,https://upload.wikimedia.org/wikipedia/commons/0/08/Kulturabkommen_Kanada_1976_3.jpg?utm_source=commons.wikimedia.org&utm_campaign=imageinfo&utm_content=original,Wikimedia Commons,Public domain,2026-09-17,File:Kulturabkommen Kanada 1976 3.jpg,cattle/cow_dangi/cow_dangi_0025.jpg,adb1f8ead9a5fc17cbf9314c6192167f7646cc8af67827f948e16c74158bbc0f,1236,1754,JPEG,valid,original,original,verified
CAT_COW_DANGI_0026,cow_dangi,Dangi,cattle,https://upload.wikimedia.org/wikipedia/commons/8/84/Leo_Tolstoy-Konkani_Vishwakosh.png?utm_source=commons.wikimedia.org&utm_campaign=imageinfo&utm_content=original,Wikimedia Commons,CC BY-SA 3.0,2026-09-17,File:Leo Tolstoy-Konkani Vishwakosh.png,cattle/cow_dangi/cow_dangi_0026.jpg,f4c80f22e034608f7f52f5599faee5ceaab63f08d98d5e8d6b5d930a452c0aca,294,413,PNG,valid,original,original,verified
CAT_COW_DANGI_0027,cow_dangi,Dangi,cattle,https://upload.wikimedia.org/wikipedia/commons/4/43/Lizard-Konkani_Vishwakosh.jpg?utm_source=commons.wikimedia.org&utm_campaign=imageinfo&utm_content=original,Wikimedia Commons,CC BY-SA 3.0,2026-09-17,File:Lizard-Konkani Vishwakosh.jpg,cattle/cow_dangi/cow_dangi_0027.jpg,099aa75624c6196713470d6854e3b54febba3c221f005c2c657762cb1852e830,345,169,JPEG,valid,original,original,verified
CAT_COW_DANGI_0028,cow_dangi,Dangi,cattle,https://upload.wikimedia.org/wikipedia/commons/c/c1/Malviya%2C_Pandit_Madanmohan_-_Konkani_Vishwakosh.png?utm_source=commons.wikimedia.org&utm_campaign=imageinfo&utm_content=original,Wikimedia Commons,CC BY-SA 3.0,2026-09-17,"File:Malviya, Pandit Madanmohan - Konkani Vishwakosh.png",cattle/cow_dangi/cow_dangi_0028.jpg,24908b943eabee3a7c5c644b6966dc658234e251cb0ed803b6313fa96e4d7faf,221,240,PNG,valid,original,original,verified
CAT_COW_DANGI_0029,cow_dangi,Dangi,cattle,https://upload.wikimedia.org/wikipedia/commons/1/17/Manoharbua_Shirgaonkar_-_Konkani_Vishwakosh.jpg?utm_source=commons.wikimedia.org&utm_campaign=imageinfo&utm_content=original,Wikimedia Commons,CC BY-SA 3.0,2026-09-17,File:Manoharbua Shirgaonkar - Konkani Vishwakosh.jpg,cattle/cow_dangi/cow_dangi_0029.jpg,b684e8d8b9e1d410ded5424c1da69969fafd4b00fb87622d16eeee8adbc6693b,398,526,JPEG,valid,original,original,verified
CAT_COW_DANGI_0030,cow_dangi,Dangi,cattle,https://upload.wikimedia.org/wikipedia/commons/1/13/PR_Kanada%2C_%C4%8Desnek_medv%C4%9Bd%C3%AD.jpg?utm_source=commons.wikimedia.org&utm_campaign=imageinfo&utm_content=original,Wikimedia Commons,CC BY-SA 4.0,2026-09-17,"File:PR Kanada, česnek medvědí.jpg",cattle/cow_dangi/cow_dangi_0030.jpg,9af8c01858999b0b5d3c052475ede810b9364d87c5892e9c9052418b4fa74ffb,3968,2976,JPEG,valid,original,original,verified
CAT_COW_DANGI_0031,cow_dangi,Dangi,cattle,https://upload.wikimedia.org/wikipedia/commons/b/b9/PR_Kanada_%281%29.jpg?utm_source=commons.wikimedia.org&utm_campaign=imageinfo&utm_content=original,Wikimedia Commons,CC BY-SA 4.0,2026-09-17,File:PR Kanada (1).jpg,cattle/cow_dangi/cow_dangi_0031.jpg,b238cac0ec5bb9fd6455495f0f83a16e18e7b8ed5ac22ee299de1d0a048e2d3b,3968,2976,JPEG,valid,original,original,verified
CAT_COW_DANGI_0032,cow_dangi,Dangi,cattle,https://upload.wikimedia.org/wikipedia/commons/a/a0/PR_Kanada_%282%29.jpg?utm_source=commons.wikimedia.org&utm_campaign=imageinfo&utm_content=original,Wikimedia Commons,CC BY-SA 4.0,2026-09-17,File:PR Kanada (2).jpg,cattle/cow_dangi/cow_dangi_0032.jpg,e85ea042e5fba7d0aa16c46544e9fcfc0ed9773cd102e2b48c8bdfe77524219c,3968,2976,JPEG,valid,original,original,verified
CAT_COW_DANGI_0033,cow_dangi,Dangi,cattle,https://upload.wikimedia.org/wikipedia/commons/2/24/Pablo_Picasso-Konkani_Vishwakosh.jpg?utm_source=commons.wikimedia.org&utm_campaign=imageinfo&utm_content=original,Wikimedia Commons,CC BY-SA 3.0,2026-09-17,File:Pablo Picasso-Konkani Vishwakosh.jpg,cattle/cow_dangi/cow_dangi_0033.jpg,af611d734158639931ac9f811068ae10b7956e5087de1b9ff199fc26c940ac41,291,301,JPEG,valid,original,original,verified
CAT_COW_DANGI_0034,cow_dangi,Dangi,cattle,https://upload.wikimedia.org/wikipedia/commons/3/30/Pannalal_Patel_-_Konkani_Vishwakosh.jpg?utm_source=commons.wikimedia.org&utm_campaign=imageinfo&utm_content=original,Wikimedia Commons,CC BY-SA 3.0,2026-09-17,File:Pannalal Patel - Konkani Vishwakosh.jpg,cattle/cow_dangi/cow_dangi_0034.jpg,56b51f4a3473234a7548300e134b0e761d0dd2472bae4217148fb903f26d3afc,476,530,JPEG,valid,original,original,verified
CAT_COW_DANGI_0035,cow_dangi,Dangi,cattle,https://upload.wikimedia.org/wikipedia/commons/a/ac/Portraits_of_Konkani_Muslim_women_in_Bombay%2C_1905.png?utm_source=commons.wikimedia.org&utm_campaign=imageinfo&utm_content=original,Wikimedia Commons,Public domain,2026-09-17,"File:Portraits of Konkani Muslim women in Bombay, 1905.png",cattle/cow_dangi/cow_dangi_0035.jpg,e5b04774061f7bf6d8c802f14b726a3b3addb381eb71314df5624eac4695db9d,640,654,PNG,valid,original,original,verified
CAT_COW_DANGI_0036,cow_dangi,Dangi,cattle,https://upload.wikimedia.org/wikipedia/commons/b/b3/Rain-konkani_vishwakosh.jpg?utm_source=commons.wikimedia.org&utm_campaign=imageinfo&utm_content=original,Wikimedia Commons,CC BY-SA 3.0,2026-09-17,File:Rain-konkani vishwakosh.jpg,cattle/cow_dangi/cow_dangi_0036.jpg,fd2b55e7bd49ac009af8ba9c4b8c47d4461e7a301bd211af7cdb66224c21898d,680,445,JPEG,valid,original,original,verified
CAT_COW_DANGI_0037,cow_dangi,Dangi,cattle,https://upload.wikimedia.org/wikipedia/commons/6/6e/Sir_Jagdishchandra_Bose-Konkani_Vishwakosh.png?utm_source=commons.wikimedia.org&utm_campaign=imageinfo&utm_content=original,Wikimedia Commons,CC BY-SA 3.0,2026-09-17,File:Sir Jagdishchandra Bose-Konkani Vishwakosh.png,cattle/cow_dangi/cow_dangi_0037.jpg,db1167f0b611527f59e3731d3833e00ab477bfdac2751800a57743b67017db4a,228,265,PNG,valid,original,original,verified
CAT_COW_DANGI_0038,cow_dangi,Dangi,cattle,https://upload.wikimedia.org/wikipedia/commons/d/d8/Subashchandra_Bose_-_Konkani_Vishwakosh.png?utm_source=commons.wikimedia.org&utm_campaign=imageinfo&utm_content=original,Wikimedia Commons,CC BY-SA 3.0,2026-09-17,File:Subashchandra Bose - Konkani Vishwakosh.png,cattle/cow_dangi/cow_dangi_0038.jpg,ac335b7469bd5761c01bbc7171725a04112489653a402f35d7b33c995d6cfdb1,272,325,PNG,valid,original,original,verified
CAT_COW_DANGI_0039,cow_dangi,Dangi,cattle,https://upload.wikimedia.org/wikipedia/commons/f/fe/Television%2Ckonkani_vishwakosh.png?utm_source=commons.wikimedia.org&utm_campaign=imageinfo&utm_content=original,Wikimedia Commons,CC BY-SA 3.0,2026-09-17,"File:Television,konkani vishwakosh.png",cattle/cow_dangi/cow_dangi_0039.jpg,f2b2280700180951d44709e6075f90336eaa10b6683ec5a1c77911901012ef3c,241,291,PNG,valid,original,original,verified
CAT_COW_DANGI_0040,cow_dangi,Dangi,cattle,https://upload.wikimedia.org/wikipedia/commons/5/50/Tokyo_Railway_Station-Konkani_Vishwakosh.png?utm_source=commons.wikimedia.org&utm_campaign=imageinfo&utm_content=original,Wikimedia Commons,CC BY-SA 3.0,2026-09-17,File:Tokyo Railway Station-Konkani Vishwakosh.png,cattle/cow_dangi/cow_dangi_0040.jpg,9fbf2abe82569dd802d287ddc01b82c065c11d853954c43c9230b1da16d8efbc,772,427,PNG,valid,original,original,verified
CAT_COW_DANGI_0041,cow_dangi,Dangi,cattle,https://upload.wikimedia.org/wikipedia/commons/3/3b/Tongue-Konkani_Vishwakosh.png?utm_source=commons.wikimedia.org&utm_campaign=imageinfo&utm_content=original,Wikimedia Commons,CC BY-SA 3.0,2026-09-17,File:Tongue-Konkani Vishwakosh.png,cattle/cow_dangi/cow_dangi_0041.jpg,9fc3d493691c82145d56debeea43881f2591f47ee8200e00cf7767c63d2976fb,247,373,PNG,valid,original,original,verified
CAT_COW_DANGI_0042,cow_dangi,Dangi,cattle,https://upload.wikimedia.org/wikipedia/commons/4/42/Uday_Shankar_-_Konkani_Vishwakosh.jpg?utm_source=commons.wikimedia.org&utm_campaign=imageinfo&utm_content=original,Wikimedia Commons,CC BY-SA 3.0,2026-09-17,File:Uday Shankar - Konkani Vishwakosh.jpg,cattle/cow_dangi/cow_dangi_0042.jpg,7a4e16a13b6d97b87ba9efc70bcf6f1ac5104860942c2aea4a6010f37ef273b5,217,249,JPEG,valid,original,original,verified
CAT_COW_DANGI_0043,cow_dangi,Dangi,cattle,https://upload.wikimedia.org/wikipedia/commons/7/7a/William_Somerset_Maugham-Konkani_Vishwakosh.png?utm_source=commons.wikimedia.org&utm_campaign=imageinfo&utm_content=original,Wikimedia Commons,CC BY-SA 3.0,2026-09-17,File:William Somerset Maugham-Konkani Vishwakosh.png,cattle/cow_dangi/cow_dangi_0043.jpg,b04c889c914b55f3afb586a789844e30401ab90e621ee7efbd405bf47f80b271,205,247,PNG,valid,original,original,verified
CAT_COW_DEONI_0004,cow_deoni,Deoni,cattle,https://upload.wikimedia.org/wikipedia/commons/e/e1/Syrian_National_Coalition_recognition.png?utm_source=commons.wikimedia.org&utm_campaign=imageinfo&utm_content=original,Wikimedia Commons,CC BY-SA 3.0,2026-09-17,File:Syrian National Coalition recognition.png,cattle/cow_deoni/cow_deoni_0004.jpg,49e41bb64d21b337c8748f2f3f452a5fe50759096003ba77f936e2fb5e0c3a15,800,411,PNG,valid,original,original,verified
CAT_COW_GAOLAO_0003,cow_gaolao,Gaolao,cattle,https://upload.wikimedia.org/wikipedia/commons/8/8e/Aguapanela_arvi_22824674.jpg?utm_source=commons.wikimedia.org&utm_campaign=imageinfo&utm_content=original,Wikimedia Commons,CC BY 4.0,2026-09-17,File:Aguapanela arvi 22824674.jpg,cattle/cow_gaolao/cow_gaolao_0003.jpg,8fe87f7293709316d56c67837efa5619ddb180713fe02a0a7a72fd71ee477907,2048,1365,JPEG,valid,original,original,verified
CAT_COW_GAOLAO_0004,cow_gaolao,Gaolao,cattle,https://upload.wikimedia.org/wikipedia/commons/9/96/Aguapanela_arvi_238194964.jpg?utm_source=commons.wikimedia.org&utm_campaign=imageinfo&utm_content=original,Wikimedia Commons,CC BY-SA 4.0,2026-09-17,File:Aguapanela arvi 238194964.jpg,cattle/cow_gaolao/cow_gaolao_0004.jpg,28dc88ed836ca5300a510870ba7b609ae65f37f2c507c962ae281b21b8d0ef86,2048,899,JPEG,valid,original,original,verified
CAT_COW_GAOLAO_0005,cow_gaolao,Gaolao,cattle,https://upload.wikimedia.org/wikipedia/commons/4/43/Aguapanela_arvi_238194979.jpg?utm_source=commons.wikimedia.org&utm_campaign=imageinfo&utm_content=original,Wikimedia Commons,CC BY-SA 4.0,2026-09-17,File:Aguapanela arvi 238194979.jpg,cattle/cow_gaolao/cow_gaolao_0005.jpg,32cc4644912abebffaf0e5ecc329f942402f7e49ddecef179dadc4a2ae07b53f,899,2048,JPEG,valid,original,original,verified
CAT_COW_GAOLAO_0006,cow_gaolao,Gaolao,cattle,https://upload.wikimedia.org/wikipedia/commons/2/24/Aguapanela_arvi_238194983.jpg?utm_source=commons.wikimedia.org&utm_campaign=imageinfo&utm_content=original,Wikimedia Commons,CC BY-SA 4.0,2026-09-17,File:Aguapanela arvi 238194983.jpg,cattle/cow_gaolao/cow_gaolao_0006.jpg,6761bd834bd01dec6223c2812bc07fff940ed233d8b995de0124c9265ba1e83d,2048,899,JPEG,valid,original,original,verified
CAT_COW_GAOLAO_0007,cow_gaolao,Gaolao,cattle,https://upload.wikimedia.org/wikipedia/commons/f/f9/Aguapanela_arvi_364271648.jpg?utm_source=commons.wikimedia.org&utm_campaign=imageinfo&utm_content=original,Wikimedia Commons,CC BY 4.0,2026-09-17,File:Aguapanela arvi 364271648.jpg,cattle/cow_gaolao/cow_gaolao_0007.jpg,9026dccd03526eeca04ac8f840e2e9693266faa81ea54488cc977cc59c530f9f,1536,2048,JPEG,valid,original,original,verified
CAT_COW_GAOLAO_0008,cow_gaolao,Gaolao,cattle,https://upload.wikimedia.org/wikipedia/commons/8/8b/Aguapanela_arvi_429159945.jpg?utm_source=commons.wikimedia.org&utm_campaign=imageinfo&utm_content=original,Wikimedia Commons,CC BY-SA 4.0,2026-09-17,File:Aguapanela arvi 429159945.jpg,cattle/cow_gaolao/cow_gaolao_0008.jpg,348daa9b78d53e9be07a09dacb79977eb7eae26004dc78a6f0e46f3131038cb4,1080,1920,JPEG,valid,original,original,verified
CAT_COW_GAOLAO_0009,cow_gaolao,Gaolao,cattle,https://upload.wikimedia.org/wikipedia/commons/e/eb/Aguapanela_arvi_88445603.jpg?utm_source=commons.wikimedia.org&utm_campaign=imageinfo&utm_content=original,Wikimedia Commons,CC BY-SA 4.0,2026-09-17,File:Aguapanela arvi 88445603.jpg,cattle/cow_gaolao/cow_gaolao_0009.jpg,49c7cc1f4a699c2c262a6ec52690c56c8ce66f7d2e1d05f662f0ceb21ee3d0f8,540,720,JPEG,valid,original,original,verified
CAT_COW_GAOLAO_0010,cow_gaolao,Gaolao,cattle,https://upload.wikimedia.org/wikipedia/commons/1/1a/Aguapanela_arvi_88445610.jpg?utm_source=commons.wikimedia.org&utm_campaign=imageinfo&utm_content=original,Wikimedia Commons,CC BY-SA 4.0,2026-09-17,File:Aguapanela arvi 88445610.jpg,cattle/cow_gaolao/cow_gaolao_0010.jpg,c12b663de2b2abeed6ccca6013420df0fbe616b13ee44f38449d2aa4b24cabf5,720,540,JPEG,valid,original,original,verified
CAT_COW_GAOLAO_0011,cow_gaolao,Gaolao,cattle,https://upload.wikimedia.org/wikipedia/commons/b/bb/Aguapanela_arvi_88445625.jpg?utm_source=commons.wikimedia.org&utm_campaign=imageinfo&utm_content=original,Wikimedia Commons,CC BY-SA 4.0,2026-09-17,File:Aguapanela arvi 88445625.jpg,cattle/cow_gaolao/cow_gaolao_0011.jpg,2fbe3af1b4dc2f4954e113fd6f9f3357e54ade56af6f50224637ec9d13b96e30,540,720,JPEG,valid,original,original,verified
CAT_COW_GAOLAO_0012,cow_gaolao,Gaolao,cattle,https://upload.wikimedia.org/wikipedia/commons/3/3f/Arvi-Grotenfelt.jpg?utm_source=commons.wikimedia.org&utm_campaign=imageinfo&utm_content=original,Wikimedia Commons,Public domain,2026-09-17,File:Arvi-Grotenfelt.jpg,cattle/cow_gaolao/cow_gaolao_0012.jpg,95ce5cba852b2cc85ea3114fee5d4daf231c9ff84f056d9779ccb5faf87e3890,371,423,JPEG,valid,original,original,verified
CAT_COW_GAOLAO_0013,cow_gaolao,Gaolao,cattle,https://upload.wikimedia.org/wikipedia/commons/5/5f/Arvi_Aasmaa.jpg?utm_source=commons.wikimedia.org&utm_campaign=imageinfo&utm_content=original,Wikimedia Commons,CC BY-SA 3.0,2026-09-17,File:Arvi Aasmaa.jpg,cattle/cow_gaolao/cow_gaolao_0013.jpg,1be263ef64889c126664f32228a380682d178c9c99a5aabe4312fff03886261f,886,591,JPEG,valid,original,original,verified
CAT_COW_GAOLAO_0014,cow_gaolao,Gaolao,cattle,https://upload.wikimedia.org/wikipedia/commons/5/53/Arvi_Agios_Antonios_monastery.JPG?utm_source=commons.wikimedia.org&utm_campaign=imageinfo&utm_content=original,Wikimedia Commons,CC BY-SA 3.0,2026-09-17,File:Arvi Agios Antonios monastery.JPG,cattle/cow_gaolao/cow_gaolao_0014.jpg,4f32f07d01620a71d043aa2db16c2906f6a0b75fcd772eb93b7c6262b0e63209,3264,2448,JPEG,valid,original,original,verified
CAT_COW_GAOLAO_0015,cow_gaolao,Gaolao,cattle,https://upload.wikimedia.org/wikipedia/commons/7/75/Arvi_Agios_Antonios_monastery2.JPG?utm_source=commons.wikimedia.org&utm_campaign=imageinfo&utm_content=original,Wikimedia Commons,CC BY-SA 3.0,2026-09-17,File:Arvi Agios Antonios monastery2.JPG,cattle/cow_gaolao/cow_gaolao_0015.jpg,9115181095061f67b593711f78e11617d5b3d915027e4dad81dbb825de29b709,3264,2448,JPEG,valid,original,original,verified
CAT_COW_GAOLAO_0016,cow_gaolao,Gaolao,cattle,https://upload.wikimedia.org/wikipedia/commons/d/df/Arvi_Agios_Antonios_monastery_3.JPG?utm_source=commons.wikimedia.org&utm_campaign=imageinfo&utm_content=original,Wikimedia Commons,CC BY-SA 3.0,2026-09-17,File:Arvi Agios Antonios monastery 3.JPG,cattle/cow_gaolao/cow_gaolao_0016.jpg,8cc0f90837e50839675fd5ca7a34b001f575c0a14e27e61720a384df6b62c30e,3264,2448,JPEG,valid,original,original,verified
CAT_COW_GAOLAO_0017,cow_gaolao,Gaolao,cattle,https://upload.wikimedia.org/wikipedia/commons/5/5f/Arvi_Altm%C3%A4e_arhitekt_99.jpg?utm_source=commons.wikimedia.org&utm_campaign=imageinfo&utm_content=original,Wikimedia Commons,CC BY-SA 4.0,2026-09-17,File:Arvi Altmäe arhitekt 99.jpg,cattle/cow_gaolao/cow_gaolao_0017.jpg,73b885622e319bdb89823018e45522be518880cd2fd76f31f30b4b7d46436a29,2967,4448,JPEG,valid,original,original,verified
CAT_COW_GAOLAO_0018,cow_gaolao,Gaolao,cattle,https://upload.wikimedia.org/wikipedia/commons/d/d0/Arvi_Freiberg.jpg?utm_source=commons.wikimedia.org&utm_campaign=imageinfo&utm_content=original,Wikimedia Commons,CC BY-SA 3.0,2026-09-17,File:Arvi Freiberg.jpg,cattle/cow_gaolao/cow_gaolao_0018.jpg,3679ced235fb131ea767f5f37a94e2fa8444c5dcddd64f9b575f707223fc54d2,2592,3888,JPEG,valid,original,original,verified
CAT_COW_GAOLAO_0019,cow_gaolao,Gaolao,cattle,https://upload.wikimedia.org/wikipedia/commons/8/81/Arvi_Freiberg_2010.jpg?utm_source=commons.wikimedia.org&utm_campaign=imageinfo&utm_content=original,Wikimedia Commons,CC BY-SA 3.0,2026-09-17,File:Arvi Freiberg 2010.jpg,cattle/cow_gaolao/cow_gaolao_0019.jpg,2d5757382ba79f201b601c4b88c42f3a7e13beab75c21112481c7377cb677697,2592,3888,JPEG,valid,original,original,verified
CAT_COW_GAOLAO_0020,cow_gaolao,Gaolao,cattle,https://upload.wikimedia.org/wikipedia/commons/b/bb/Arvi_Grotenfelt_Helsinki1930.jpg?utm_source=commons.wikimedia.org&utm_campaign=imageinfo&utm_content=original,Wikimedia Commons,Public domain,2026-09-17,File:Arvi Grotenfelt Helsinki1930.jpg,cattle/cow_gaolao/cow_gaolao_0020.jpg,70df9bcb38347d565025c3463347221becb383b251f2ab62a3f24fd593d75e13,299,479,JPEG,valid,original,original,verified
CAT_COW_GAOLAO_0021,cow_gaolao,Gaolao,cattle,https://upload.wikimedia.org/wikipedia/commons/e/e5/Arvi_Hamburg%2C_insener%2C_Tallinna_Tehnika%C3%BClikool_13.jpg?utm_source=commons.wikimedia.org&utm_campaign=imageinfo&utm_content=original,Wikimedia Commons,CC BY-SA 4.0,2026-09-17,"File:Arvi Hamburg, insener, Tallinna Tehnikaülikool 13.jpg",cattle/cow_gaolao/cow_gaolao_0021.jpg,6f3a4de7eb3c33db5fcfc09a88a06027e4356761676f70560c623e3032f2589e,1691,2526,JPEG,valid,original,original,verified
CAT_COW_GAOLAO_0022,cow_gaolao,Gaolao,cattle,https://upload.wikimedia.org/wikipedia/commons/1/1e/Arvi_Karotam%2C_2013_%28cropped%29.jpg?utm_source=commons.wikimedia.org&utm_campaign=imageinfo&utm_content=original,Wikimedia Commons,CC BY-SA 4.0,2026-09-17,"File:Arvi Karotam, 2013 (cropped).jpg",cattle/cow_gaolao/cow_gaolao_0022.jpg,05ce84a0d32f493f91837db97547d0367848ba7a4462c65136ebb9c7a48e4f6d,894,1264,JPEG,valid,original,original,verified
CAT_COW_GAOLAO_0023,cow_gaolao,Gaolao,cattle,https://upload.wikimedia.org/wikipedia/commons/4/44/Arvi_Kivimaa_by_Ollila.jpg?utm_source=commons.wikimedia.org&utm_campaign=imageinfo&utm_content=original,Wikimedia Commons,Public domain,2026-09-17,File:Arvi Kivimaa by Ollila.jpg,cattle/cow_gaolao/cow_gaolao_0023.jpg,9898e709e1220c65a178e58cd039361a4cd8fc3a110cd270f2e8d51d247afd10,636,803,JPEG,valid,original,original,verified
CAT_COW_GAOLAO_0024,cow_gaolao,Gaolao,cattle,https://upload.wikimedia.org/wikipedia/commons/e/e3/Arvi_Lind%2C_Ville_Pernaa%2C_Matti_R%C3%B6nk%C3%A4_I9208_C.JPG?utm_source=commons.wikimedia.org&utm_campaign=imageinfo&utm_content=original,Wikimedia Commons,CC BY-SA 3.0,2026-09-17,"File:Arvi Lind, Ville Pernaa, Matti Rönkä I9208 C.JPG",cattle/cow_gaolao/cow_gaolao_0024.jpg,bccc374004e5ee9a36e27956d3af6add187fa3964c95db8e037adfd04bd196bc,2809,1873,JPEG,valid,original,original,verified
CAT_COW_GAOLAO_0025,cow_gaolao,Gaolao,cattle,https://upload.wikimedia.org/wikipedia/commons/2/27/Arvi_Lind_I9175_C.JPG?utm_source=commons.wikimedia.org&utm_campaign=imageinfo&utm_content=original,Wikimedia Commons,CC BY-SA 3.0,2026-09-17,File:Arvi Lind I9175 C.JPG,cattle/cow_gaolao/cow_gaolao_0025.jpg,a55eae3210c8c750d6a982be9f3b0113f0fbc9ce5e6565df9e4178e56b9e8e1c,1590,2278,JPEG,valid,original,original,verified
CAT_COW_GAOLAO_0026,cow_gaolao,Gaolao,cattle,https://upload.wikimedia.org/wikipedia/commons/b/ba/Arvi_Lind_I9209_C.JPG?utm_source=commons.wikimedia.org&utm_campaign=imageinfo&utm_content=original,Wikimedia Commons,CC BY-SA 3.0,2026-09-17,File:Arvi Lind I9209 C.JPG,cattle/cow_gaolao/cow_gaolao_0026.jpg,4157aed2ddda09bbfeca5f8fcee6d7764bdaa397c1a153358a1ac4d510966e62,1149,1653,JPEG,valid,original,original,verified
CAT_COW_GAOLAO_0027,cow_gaolao,Gaolao,cattle,https://upload.wikimedia.org/wikipedia/commons/7/7d/Arvi_Martian_Crater.png?utm_source=commons.wikimedia.org&utm_campaign=imageinfo&utm_content=original,Wikimedia Commons,Public domain,2026-09-17,File:Arvi Martian Crater.png,cattle/cow_gaolao/cow_gaolao_0027.jpg,aaf34d899d4e244a6f1c35f16cb6c48d313f99b675bcb0e86e2ead9b9627ac4c,802,590,PNG,valid,original,original,verified
CAT_COW_GAOLAO_0028,cow_gaolao,Gaolao,cattle,https://upload.wikimedia.org/wikipedia/commons/0/00/Arvi_Metrocable_station_-_panoramio.jpg?utm_source=commons.wikimedia.org&utm_campaign=imageinfo&utm_content=original,Wikimedia Commons,CC BY-SA 3.0,2026-09-17,File:Arvi Metrocable station - panoramio.jpg,cattle/cow_gaolao/cow_gaolao_0028.jpg,79994230c67d50105f858f61e5ea5fb973f16f489b1deb463081196b6e2bde79,4288,3216,JPEG,valid,original,original,verified
CAT_COW_GAOLAO_0029,cow_gaolao,Gaolao,cattle,https://upload.wikimedia.org/wikipedia/commons/a/a9/Arvi_Nuormaa_1895-1956.jpg?utm_source=commons.wikimedia.org&utm_campaign=imageinfo&utm_content=original,Wikimedia Commons,CC BY-SA 4.0,2026-09-17,File:Arvi Nuormaa 1895-1956.jpg,cattle/cow_gaolao/cow_gaolao_0029.jpg,76e306d2cb80e42745bcb8e269a1e7b5e6e9c2b95b0857ed2dbec8e0cf588ea0,3112,4500,JPEG,valid,original,original,verified
CAT_COW_GAOLAO_0030,cow_gaolao,Gaolao,cattle,https://upload.wikimedia.org/wikipedia/commons/6/64/Arvi_Oksala.jpg?utm_source=commons.wikimedia.org&utm_campaign=imageinfo&utm_content=original,Wikimedia Commons,CC BY 4.0,2026-09-17,File:Arvi Oksala.jpg,cattle/cow_gaolao/cow_gaolao_0030.jpg,9444bb81cce44f57d7e9faf2cc316204b3f588f5ef861a5a8d0f1336848ab952,5250,3508,JPEG,valid,original,original,verified
CAT_COW_GAOLAO_0031,cow_gaolao,Gaolao,cattle,https://upload.wikimedia.org/wikipedia/commons/7/78/Arvi_Oksala_%28cropped%29.jpg?utm_source=commons.wikimedia.org&utm_campaign=imageinfo&utm_content=original,Wikimedia Commons,CC BY 4.0,2026-09-17,File:Arvi Oksala (cropped).jpg,cattle/cow_gaolao/cow_gaolao_0031.jpg,e263d58fa90df34600f062ced496a630d92de4850d954599e9791520d7f9d3c9,529,705,JPEG,valid,original,original,verified
CAT_COW_GAOLAO_0032,cow_gaolao,Gaolao,cattle,https://upload.wikimedia.org/wikipedia/commons/b/bf/Arvi_Tapver%2C_eesti_kirjanik_ja_muusik._2026.jpg?utm_source=commons.wikimedia.org&utm_campaign=imageinfo&utm_content=original,Wikimedia Commons,CC BY-SA 4.0,2026-09-17,"File:Arvi Tapver, eesti kirjanik ja muusik. 2026.jpg",cattle/cow_gaolao/cow_gaolao_0032.jpg,eaaf8eb0de0136b261f744757d7d719e3e77dc6b5f8574ee7fe380a685cce48b,2000,3000,JPEG,valid,original,original,verified
CAT_COW_GAOLAO_0033,cow_gaolao,Gaolao,cattle,https://upload.wikimedia.org/wikipedia/commons/5/5a/Arvi_Tavast_2021.jpg?utm_source=commons.wikimedia.org&utm_campaign=imageinfo&utm_content=original,Wikimedia Commons,CC BY-SA 4.0,2026-09-17,File:Arvi Tavast 2021.jpg,cattle/cow_gaolao/cow_gaolao_0033.jpg,324bc4316e6ab2c8bab42ef76ab3575ad0e198f24e3669a6bf12f34011b4aa09,3000,4512,JPEG,valid,original,original,verified
