image_id,breed_id,breed_name,species,split,relative_path,sha256,computed_sha256,computed_md5,file_size_bytes
BUF_BUFFALO_BANNI_0001,buffalo_banni,Banni,buffalo,train,dataset/expanded_82_breeds_v2/buffalo/buffalo_banni/banni_0001.jpg,638681a013197e9fedc3e0b6d432818c3b49104a3427db6c24c832e790360738,638681a013197e9fedc3e0b6d432818c3b49104a3427db6c24c832e790360738,dd9e29adc1253655801dc2a48d37bec8,146114
BUF_BUFFALO_BARGUR_0001,buffalo_bargur,Bargur,buffalo,train,dataset/expanded_82_breeds_v2/buffalo/buffalo_bargur/bargur_0001.jpg,4cf82453815c118b09b65bdb9ecbcde4dea0c4bad6272f1998c598e49e275178,4cf82453815c118b09b65bdb9ecbcde4dea0c4bad6272f1998c598e49e275178,fc435e831d008a2ce0bac4da43f9e941,172813
BUF_BUFFALO_BARGUR_0002,buffalo_bargur,Bargur,buffalo,train,dataset/expanded_82_breeds_v2/buffalo/buffalo_bargur/bargur_0002.jpg,4432e52c80dceea916b0ff96ea6d3d2844ff535138b456606d6eb98aa1f439f7,4432e52c80dceea916b0ff96ea6d3d2844ff535138b456606d6eb98aa1f439f7,fc1608254a52bf6933c92df5c062c3d9,171266
BUF_BUFFALO_BARGUR_0007,buffalo_bargur,Bargur,buffalo,train,dataset/expanded_82_breeds_v2/buffalo/buffalo_bargur/bargur_0007.jpg,83dc10e330409b8d69f1943fcfa16729c66385364928bc562cf4046b2a3980a3,83dc10e330409b8d69f1943fcfa16729c66385364928bc562cf4046b2a3980a3,eb1fdb31ac709b3b9016101093ce63df,18207
BUF_BUFFALO_BARGUR_0004,buffalo_bargur,Bargur,buffalo,train,dataset/expanded_82_breeds_v2/buffalo/buffalo_bargur/bargur_0004.jpg,15d220e60d6691a5e8a6693d19b90835b80e6490d2c96c52ee9ed6899c2d7f39,15d220e60d6691a5e8a6693d19b90835b80e6490d2c96c52ee9ed6899c2d7f39,8e896360dc80ff62b617520bd9338d12,649068
BUF_BUFFALO_BHADAWARI_0002,buffalo_bhadawari,Bhadawari,buffalo,train,dataset/expanded_82_breeds_v2/buffalo/buffalo_bhadawari/bhadawari_0002.jpg,d5b390a20390bdb95eff275542625be87f6928becff19cf1c3df24fde4fa2f4d,d5b390a20390bdb95eff275542625be87f6928becff19cf1c3df24fde4fa2f4d,0e5bfd216101fdf8df837b191dc4ad6b,124941
BUF_BUFFALO_CHHATTISGARHI_0002,buffalo_chhattisgarhi,Chhattisgarhi,buffalo,train,dataset/expanded_82_breeds_v2/buffalo/buffalo_chhattisgarhi/chhattisgarhi_0002.jpg,bd40473a741a29400cdea63baf92300048b9a268c4d0afbd722bb102eeeb2526,bd40473a741a29400cdea63baf92300048b9a268c4d0afbd722bb102eeeb2526,1d36cda16f4ca4981513850ceeed6dd3,182489
BUF_BUFFALO_CHILIKA_0002,buffalo_chilika,Chilika,buffalo,train,dataset/expanded_82_breeds_v2/buffalo/buffalo_chilika/chilika_0002.jpg,503ec558d8eaf19a45cea1dbc86b171bbf7ddf49f3a96de559fd110b6612aac8,503ec558d8eaf19a45cea1dbc86b171bbf7ddf49f3a96de559fd110b6612aac8,4f1e840cfef97dc46d99e7d48ecd6dbc,177130
BUF_BUFFALO_DHARWADI_0002,buffalo_dharwadi,Dharwadi,buffalo,train,dataset/expanded_82_breeds_v2/buffalo/buffalo_dharwadi/dharwadi_0002.jpg,5d21dd8813ea2c35cd488a3213978eb0ef970b3c7838f463fd19d138386ff387,5d21dd8813ea2c35cd488a3213978eb0ef970b3c7838f463fd19d138386ff387,b4e13cf3b2de65314ebc6f6c8542cb21,181675
BUF_BUFFALO_GOJRI_0002,buffalo_gojri,Gojri,buffalo,train,dataset/expanded_82_breeds_v2/buffalo/buffalo_gojri/gojri_0002.jpg,4cc95c53cad507e03a9ff9939ec17aef64fd9a079638c468ca56ee0c4be86735,4cc95c53cad507e03a9ff9939ec17aef64fd9a079638c468ca56ee0c4be86735,0107d7b0defeb3ab1bf99ccb860f30bb,191629
BUF_BUFFALO_GOMANCHALI_0001,buffalo_gomanchali,Gomanchali,buffalo,train,dataset/expanded_82_breeds_v2/buffalo/buffalo_gomanchali/gomanchali_0001.jpg,4d8446f95adb835e5993e6263ffe3f4277c6cac7cd3e0ec13b2bc4c0071777a3,4d8446f95adb835e5993e6263ffe3f4277c6cac7cd3e0ec13b2bc4c0071777a3,5e2867be551329c2cec0ea844d8735b4,336805
BUF_BUFFALO_JAFFARABADI_0002,buffalo_jaffarabadi,Jaffarabadi,buffalo,train,dataset/expanded_82_breeds_v2/buffalo/buffalo_jaffarabadi/jaffarabadi_0002.jpg,392d855bd73c2a59687cdd5c3a3fdc7fb8aeaf2a7a06066353c2eaa366810211,392d855bd73c2a59687cdd5c3a3fdc7fb8aeaf2a7a06066353c2eaa366810211,979427d9fafc26caa6f5c7864a3ff10e,1216478
BUF_BUFFALO_KALAHANDI_0002,buffalo_kalahandi,Kalahandi,buffalo,train,dataset/expanded_82_breeds_v2/buffalo/buffalo_kalahandi/kalahandi_0002.jpg,440868f7a04cc50b81b666bfed32754646543c1084faa2e4b0afc017c089a55d,440868f7a04cc50b81b666bfed32754646543c1084faa2e4b0afc017c089a55d,c5b31a6d85b051188c567badd0b5a743,184223
BUF_BUFFALO_LUIT_SWAMP_0002,buffalo_luit_swamp,Luit (Swamp),buffalo,train,dataset/expanded_82_breeds_v2/buffalo/buffalo_luit_swamp/luit_swamp_0002.jpg,cce8fd5ce311fd45e6362a2948da42eedf3fff53e91a68a6c320f47b5aca4011,cce8fd5ce311fd45e6362a2948da42eedf3fff53e91a68a6c320f47b5aca4011,8246ffd4e44dd747e895aaa3a30c140a,157329
BUF_BUFFALO_MANAH_0002,buffalo_manah,Manah,buffalo,train,dataset/expanded_82_breeds_v2/buffalo/buffalo_manah/manah_0002.jpg,01976fa4fa2db3ccdc5cbf0185a2e12715a5fe691914703629f9d3e035538426,01976fa4fa2db3ccdc5cbf0185a2e12715a5fe691914703629f9d3e035538426,7456dc3b00436243749243729f0ee6b9,86608
BUF_BUFFALO_MANDA_0029,buffalo_manda,Manda,buffalo,train,dataset/expanded_82_breeds_v2/buffalo/buffalo_manda/manda_0029.jpg,93ea0ef45d032decc6d782a069660e498203f667d9fa0de2ea75397b7418e686,93ea0ef45d032decc6d782a069660e498203f667d9fa0de2ea75397b7418e686,ff58a1ad9c04447e868565b9eccf5ecc,1974372
BUF_BUFFALO_MANDA_0017,buffalo_manda,Manda,buffalo,train,dataset/expanded_82_breeds_v2/buffalo/buffalo_manda/manda_0017.jpg,3ccc3a6ef92441d4258a43211720c5724e7ba8c30fa2d726190877ead3751c9b,3ccc3a6ef92441d4258a43211720c5724e7ba8c30fa2d726190877ead3751c9b,7a034876a00122a9541198b6c5bdb01c,2039504
BUF_BUFFALO_MANDA_0025,buffalo_manda,Manda,buffalo,train,dataset/expanded_82_breeds_v2/buffalo/buffalo_manda/manda_0025.jpg,32214509c277aac7405ea8f68c884bc3e82a7fa52bb326a24992afa4b95d60fa,32214509c277aac7405ea8f68c884bc3e82a7fa52bb326a24992afa4b95d60fa,81b9cf8346953856f69e138f9303be58,5547705
BUF_BUFFALO_MANDA_0019,buffalo_manda,Manda,buffalo,train,dataset/expanded_82_breeds_v2/buffalo/buffalo_manda/manda_0019.jpg,9bcdbb14b3d5fc1c008113c0258b1f52350f612e6f2ef7b9c6fa7e80b45a1dce,9bcdbb14b3d5fc1c008113c0258b1f52350f612e6f2ef7b9c6fa7e80b45a1dce,ea36d60533190172069d9ff02a7351eb,5516020
BUF_BUFFALO_MANDA_0010,buffalo_manda,Manda,buffalo,train,dataset/expanded_82_breeds_v2/buffalo/buffalo_manda/manda_0010.jpg,8004da732618d1854b831c1686f3a68ec78c29611347428de5c4d4b89c1fd6ac,8004da732618d1854b831c1686f3a68ec78c29611347428de5c4d4b89c1fd6ac,26741004b0545d2877798dd7b1575adc,4810126
BUF_BUFFALO_MANDA_0011,buffalo_manda,Manda,buffalo,train,dataset/expanded_82_breeds_v2/buffalo/buffalo_manda/manda_0011.jpg,c023eadbd7c1fea18df03c656fac30e11c714a6999d5aad46a403745fdaa2b57,c023eadbd7c1fea18df03c656fac30e11c714a6999d5aad46a403745fdaa2b57,1069a944d0c0708e041f81c61752f5c6,5744191
BUF_BUFFALO_MANDA_0031,buffalo_manda,Manda,buffalo,train,dataset/expanded_82_breeds_v2/buffalo/buffalo_manda/manda_0031.jpg,6b532315283d3176a1f138980bf27d3ec65d2364ed1479e13ad71b10b4b79739,6b532315283d3176a1f138980bf27d3ec65d2364ed1479e13ad71b10b4b79739,70279065d2e067b90da5911f1be06b6c,3087136
BUF_BUFFALO_MANDA_0026,buffalo_manda,Manda,buffalo,train,dataset/expanded_82_breeds_v2/buffalo/buffalo_manda/manda_0026.jpg,a51b335bed74a7f5e940253ce1a5c996daee4e57a2731f6def29ee182e454215,a51b335bed74a7f5e940253ce1a5c996daee4e57a2731f6def29ee182e454215,a5f05c9364c5901bea103ab141d8b31f,3891428
BUF_BUFFALO_MANDA_0014,buffalo_manda,Manda,buffalo,train,dataset/expanded_82_breeds_v2/buffalo/buffalo_manda/manda_0014.jpg,1b0a461ce5964d6ebf052c9b4174b52f657202011ffd22f564353d5c0189835c,1b0a461ce5964d6ebf052c9b4174b52f657202011ffd22f564353d5c0189835c,4c8d3007d77b6c8f3a9ff992400146e7,1034656
BUF_BUFFALO_MANDA_0001,buffalo_manda,Manda,buffalo,train,dataset/expanded_82_breeds_v2/buffalo/buffalo_manda/manda_0001.jpg,eea75257a32a4745da91ab01d718ebdf8e8aa92e0c2f66418688bdd3fdd9831e,eea75257a32a4745da91ab01d718ebdf8e8aa92e0c2f66418688bdd3fdd9831e,8fb5f739621e14f42eaa171e9485e7cc,199542
BUF_BUFFALO_MANDA_0006,buffalo_manda,Manda,buffalo,train,dataset/expanded_82_breeds_v2/buffalo/buffalo_manda/manda_0006.jpg,497aab6cf3f614bcf881f1848acf6258a48008dda623fe7d59bc9d92923f334d,497aab6cf3f614bcf881f1848acf6258a48008dda623fe7d59bc9d92923f334d,89014b46dff6f6c8e3c9a506822e5b14,4106020
BUF_BUFFALO_MANDA_0018,buffalo_manda,Manda,buffalo,train,dataset/expanded_82_breeds_v2/buffalo/buffalo_manda/manda_0018.jpg,daa50015faf75bf6b8fa2edc6b70f23a1d8cc42eda661f0870d63f4b2eb072ff,daa50015faf75bf6b8fa2edc6b70f23a1d8cc42eda661f0870d63f4b2eb072ff,3764cb34fe592eee6e98cccd17531167,4959679
BUF_BUFFALO_MANDA_0007,buffalo_manda,Manda,buffalo,train,dataset/expanded_82_breeds_v2/buffalo/buffalo_manda/manda_0007.jpg,d9e4b58696ac08229d257885338cb690c27a11f8a24b8c4b1562c8f31f55bba1,d9e4b58696ac08229d257885338cb690c27a11f8a24b8c4b1562c8f31f55bba1,c4562f7c00fb2bba9d512166edea78ba,2171961
BUF_BUFFALO_MANDA_0015,buffalo_manda,Manda,buffalo,train,dataset/expanded_82_breeds_v2/buffalo/buffalo_manda/manda_0015.jpg,4e2a1b612c6871098c2f5d8fe296dc381cbd4d73ce0d578b14ce7d32f421d6b2,4e2a1b612c6871098c2f5d8fe296dc381cbd4d73ce0d578b14ce7d32f421d6b2,0011ffb0a184dcf794c6691357c49199,1370327
BUF_BUFFALO_MANDA_0013,buffalo_manda,Manda,buffalo,train,dataset/expanded_82_breeds_v2/buffalo/buffalo_manda/manda_0013.jpg,d7a27f185daec6f8ec75c57d513d6df2b21a30c654b2b8325a936a13a0b3d5df,d7a27f185daec6f8ec75c57d513d6df2b21a30c654b2b8325a936a13a0b3d5df,426ab9c0aea1b0705724509f433cb491,8486673
BUF_BUFFALO_MANDA_0024,buffalo_manda,Manda,buffalo,train,dataset/expanded_82_breeds_v2/buffalo/buffalo_manda/manda_0024.jpg,0cf4dc3f68e11b2dd0b15436cec8474a4b37962a73786c98ddd0d79200977ff5,0cf4dc3f68e11b2dd0b15436cec8474a4b37962a73786c98ddd0d79200977ff5,fdc7e7c684b07896b0acd4a65263749d,5223981
BUF_BUFFALO_MANDA_0002,buffalo_manda,Manda,buffalo,train,dataset/expanded_82_breeds_v2/buffalo/buffalo_manda/manda_0002.jpg,dde35cf18cbd141ccb0bd1195ed54fc305892ad435128adbc798c261606fff24,dde35cf18cbd141ccb0bd1195ed54fc305892ad435128adbc798c261606fff24,53842577ec8d512b2dc6a3f39ecb4c61,180438
BUF_BUFFALO_MANDA_0003,buffalo_manda,Manda,buffalo,train,dataset/expanded_82_breeds_v2/buffalo/buffalo_manda/manda_0003.jpg,8076df5c892dafaa201ee348759df392af8c1dc73e1fb82b595756f6c13b1b69,8076df5c892dafaa201ee348759df392af8c1dc73e1fb82b595756f6c13b1b69,6256bfadb86d1d79981c1330a8795d64,1187669
BUF_BUFFALO_MANDA_0027,buffalo_manda,Manda,buffalo,train,dataset/expanded_82_breeds_v2/buffalo/buffalo_manda/manda_0027.jpg,4d597751630f2cd2d4f7a26535a99375d352517ba31f7ffa202701a294c87fda,4d597751630f2cd2d4f7a26535a99375d352517ba31f7ffa202701a294c87fda,1dfc3168923bd3ba63785a2dbbc21eea,7798825
BUF_BUFFALO_MANDA_0004,buffalo_manda,Manda,buffalo,train,dataset/expanded_82_breeds_v2/buffalo/buffalo_manda/manda_0004.jpg,bfcfe8e8cd4b62ae0c421ed377c5026581b6264bb50796fc830dae8ba8b1d0dc,bfcfe8e8cd4b62ae0c421ed377c5026581b6264bb50796fc830dae8ba8b1d0dc,a5fd7a3ff04a888c493191c05478e884,1710641
BUF_BUFFALO_MANDA_0023,buffalo_manda,Manda,buffalo,train,dataset/expanded_82_breeds_v2/buffalo/buffalo_manda/manda_0023.jpg,f3dd9f2d612e017daa0471bb00192bf51062af2ea374df4c7b1c65effdf3a7e6,f3dd9f2d612e017daa0471bb00192bf51062af2ea374df4c7b1c65effdf3a7e6,0fa636db414babddb8e34f6d44c8c545,6219359
BUF_BUFFALO_MARATHWADI_0002,buffalo_marathwadi,Marathwadi,buffalo,train,dataset/expanded_82_breeds_v2/buffalo/buffalo_marathwadi/marathwadi_0002.jpg,f1e7cb176b56dcc0dc337019ab9817cf73d94fa5b01c956cebe33bbb63dc09df,f1e7cb176b56dcc0dc337019ab9817cf73d94fa5b01c956cebe33bbb63dc09df,e8e17b6521433c5049af65253f8e85ac,17783
BUF_BUFFALO_MEHSANA_0011,buffalo_mehsana,Mehsana,buffalo,train,dataset/expanded_82_breeds_v2/buffalo/buffalo_mehsana/mehsana_0011.jpg,8ac45ff128e777b75fddaa3ef44007cc66c7bd0aa48a4ab6426079e65d8500ca,8ac45ff128e777b75fddaa3ef44007cc66c7bd0aa48a4ab6426079e65d8500ca,99f2b23c2bd3da757f836984d9d08a80,3256616
BUF_BUFFALO_MEHSANA_0002,buffalo_mehsana,Mehsana,buffalo,train,dataset/expanded_82_breeds_v2/buffalo/buffalo_mehsana/mehsana_0002.jpg,857ba70f474ec391714753beb7d5214c7c92a1598de70191ab81953d46b02767,857ba70f474ec391714753beb7d5214c7c92a1598de70191ab81953d46b02767,16e70c558b8166cc6b81cde5b2b68a0b,3037270
BUF_BUFFALO_MEHSANA_0007,buffalo_mehsana,Mehsana,buffalo,train,dataset/expanded_82_breeds_v2/buffalo/buffalo_mehsana/mehsana_0007.jpg,6c281f085f7dfb7b41ea399a39be6b97fbb7f98e2a977f13c0489e5c4ae8fc5e,6c281f085f7dfb7b41ea399a39be6b97fbb7f98e2a977f13c0489e5c4ae8fc5e,cbb66ffbb3b83352f3226b4bcdcee069,1669615
BUF_BUFFALO_MEHSANA_0001,buffalo_mehsana,Mehsana,buffalo,train,dataset/expanded_82_breeds_v2/buffalo/buffalo_mehsana/mehsana_0001.jpg,e2d703d4d732b4acf77092c34a76581c04475dc2789b953c38f02ae8b80e7074,e2d703d4d732b4acf77092c34a76581c04475dc2789b953c38f02ae8b80e7074,df6078b8f87f890e133f6b98b5bf3967,126868
BUF_BUFFALO_MEHSANA_0012,buffalo_mehsana,Mehsana,buffalo,train,dataset/expanded_82_breeds_v2/buffalo/buffalo_mehsana/mehsana_0012.jpg,4a98a5f490f31909df7dbdeb681daafe490e1101079afa953ce491da91069e70,4a98a5f490f31909df7dbdeb681daafe490e1101079afa953ce491da91069e70,55bfd24ea9b3e4501700a7a999bb954b,2480429
BUF_BUFFALO_MEHSANA_0003,buffalo_mehsana,Mehsana,buffalo,train,dataset/expanded_82_breeds_v2/buffalo/buffalo_mehsana/mehsana_0003.jpg,0d71acf4278d9bd0d88976ceceaa9230b11b5a7d9ac62f29eac1e23ccdd3f80b,0d71acf4278d9bd0d88976ceceaa9230b11b5a7d9ac62f29eac1e23ccdd3f80b,a93a438d97eaa8692e7cecb5597768d2,4065157
BUF_BUFFALO_MEHSANA_0005,buffalo_mehsana,Mehsana,buffalo,train,dataset/expanded_82_breeds_v2/buffalo/buffalo_mehsana/mehsana_0005.jpg,388bad850554bb7c4e56454674b04ecee4cdaac9b38b409a8906c4be7f7cd4ce,388bad850554bb7c4e56454674b04ecee4cdaac9b38b409a8906c4be7f7cd4ce,66796c0966dbcb19a7e69644ca035f2f,1813424
BUF_BUFFALO_MELGHATI_0002,buffalo_melghati,Melghati,buffalo,train,dataset/expanded_82_breeds_v2/buffalo/buffalo_melghati/melghati_0002.jpg,54562dfcf5e9268e9a3d6caad26c20671fe80b4bc09249997ea2bdc5222a8d89,54562dfcf5e9268e9a3d6caad26c20671fe80b4bc09249997ea2bdc5222a8d89,58229efae8c44ed649cab999da3725bb,152833
BUF_BUFFALO_MURRAH_0009,buffalo_murrah,Murrah,buffalo,train,dataset/expanded_82_breeds_v2/buffalo/buffalo_murrah/murrah_0009.jpg,74dcb38d5dafc154a6d69877f64311fd85351760d9544e0b0210d1be06da7a0a,74dcb38d5dafc154a6d69877f64311fd85351760d9544e0b0210d1be06da7a0a,061e401c41e83838867a3e1ab88c41cf,6154931
BUF_BUFFALO_MURRAH_0002,buffalo_murrah,Murrah,buffalo,train,dataset/expanded_82_breeds_v2/buffalo/buffalo_murrah/murrah_0002.jpg,ce930a339c91616ab17b6ca722c458232db2a28a00e3820a6e872a6e882c37d2,ce930a339c91616ab17b6ca722c458232db2a28a00e3820a6e872a6e882c37d2,8e4b243292fe10709ddf361708c78607,156697
BUF_BUFFALO_MURRAH_0006,buffalo_murrah,Murrah,buffalo,train,dataset/expanded_82_breeds_v2/buffalo/buffalo_murrah/murrah_0006.jpg,e61326ecfd497c7a8b4579102b7dc2b5f637254744c2afe810dbff431de2c822,e61326ecfd497c7a8b4579102b7dc2b5f637254744c2afe810dbff431de2c822,36cb79bf9a516f1eee77a6223bbd8cad,3164747
BUF_BUFFALO_MURRAH_0001,buffalo_murrah,Murrah,buffalo,train,dataset/expanded_82_breeds_v2/buffalo/buffalo_murrah/murrah_0001.jpg,c57a65a8f7f9af158537bac47786e9f670e2aa4248cff65d406533d8b78613af,c57a65a8f7f9af158537bac47786e9f670e2aa4248cff65d406533d8b78613af,0078063f5cf823ccedb0c91d40a8e1e6,127307
BUF_BUFFALO_MURRAH_0008,buffalo_murrah,Murrah,buffalo,train,dataset/expanded_82_breeds_v2/buffalo/buffalo_murrah/murrah_0008.jpg,871486851c331d2961a98661cd98c3776a191e91658af665a90cd47e3b531026,871486851c331d2961a98661cd98c3776a191e91658af665a90cd47e3b531026,da691bb64dba0862e67270de8fa3102f,4220561
BUF_BUFFALO_MURRAH_0003,buffalo_murrah,Murrah,buffalo,train,dataset/expanded_82_breeds_v2/buffalo/buffalo_murrah/murrah_0003.jpg,f3512c2e6fb06334edb8249ad39b91553b519be06f2009009f241844baccd82e,f3512c2e6fb06334edb8249ad39b91553b519be06f2009009f241844baccd82e,2b29de73d27c58dab089b62df12dfe38,5155510
BUF_BUFFALO_NAGPURI_0006,buffalo_nagpuri,Nagpuri,buffalo,train,dataset/expanded_82_breeds_v2/buffalo/buffalo_nagpuri/nagpuri_0006.jpg,3125c0ea19bf63caed853f744e742d033885fcc7d32445c60ea3844aba587a85,3125c0ea19bf63caed853f744e742d033885fcc7d32445c60ea3844aba587a85,3a93e43ea39dc47c6ba97979d0944abb,720151
BUF_BUFFALO_NAGPURI_0001,buffalo_nagpuri,Nagpuri,buffalo,train,dataset/expanded_82_breeds_v2/buffalo/buffalo_nagpuri/nagpuri_0001.jpg,a4a93433c7605d388d4ae25c0aead1933a5a7e3275e658d9a1782b94e417a82e,a4a93433c7605d388d4ae25c0aead1933a5a7e3275e658d9a1782b94e417a82e,577548ddbfb7ea3115d366e1e4a859e0,1944197
BUF_BUFFALO_NAGPURI_0010,buffalo_nagpuri,Nagpuri,buffalo,train,dataset/expanded_82_breeds_v2/buffalo/buffalo_nagpuri/nagpuri_0010.jpg,0c5cae401cd5da16a392e5e4dfd5af18dd75de52656379cf3e99b5d34b981c7e,0c5cae401cd5da16a392e5e4dfd5af18dd75de52656379cf3e99b5d34b981c7e,4784022ffe0544a9ea10bda0cab954d3,227788
BUF_BUFFALO_NAGPURI_0011,buffalo_nagpuri,Nagpuri,buffalo,train,dataset/expanded_82_breeds_v2/buffalo/buffalo_nagpuri/nagpuri_0011.jpg,be56fd7ea3b9fcab0d252093538caab100675f47d452fe4a628af95b31ea314d,be56fd7ea3b9fcab0d252093538caab100675f47d452fe4a628af95b31ea314d,8ee5e62bb7a9b5b09cc2acb718c9749b,4330944
BUF_BUFFALO_NAGPURI_0003,buffalo_nagpuri,Nagpuri,buffalo,train,dataset/expanded_82_breeds_v2/buffalo/buffalo_nagpuri/nagpuri_0003.jpg,6c5957f2498779ac4b7a2f101f9a62964db129e3cd53743e9c4bdedd0777d6eb,6c5957f2498779ac4b7a2f101f9a62964db129e3cd53743e9c4bdedd0777d6eb,92645182814619c27728db1b48b8f0cf,548677
BUF_BUFFALO_NAGPURI_0002,buffalo_nagpuri,Nagpuri,buffalo,train,dataset/expanded_82_breeds_v2/buffalo/buffalo_nagpuri/nagpuri_0002.jpg,c17f1cc5d81b833929fbd15d624b519e837f2f81a3dedb7f66258b22660ca0f5,c17f1cc5d81b833929fbd15d624b519e837f2f81a3dedb7f66258b22660ca0f5,16f0c636596e2e47555005285db4c343,491874
BUF_BUFFALO_NAGPURI_0009,buffalo_nagpuri,Nagpuri,buffalo,train,dataset/expanded_82_breeds_v2/buffalo/buffalo_nagpuri/nagpuri_0009.jpg,19b42b442872b021bd70ad5cd2041a167706f0269e917d3ceabc5f156761b5d8,19b42b442872b021bd70ad5cd2041a167706f0269e917d3ceabc5f156761b5d8,4492623c2636bca387fde2a120b516ce,326342
BUF_BUFFALO_NILI_RAVI_0001,buffalo_nili_ravi,Nili Ravi,buffalo,train,dataset/expanded_82_breeds_v2/buffalo/buffalo_nili_ravi/nili_ravi_0001.jpg,446394afa6ccbaba3f424383aec4a9f6cf7f07338aa9e2f4dad37c98d43d3b25,446394afa6ccbaba3f424383aec4a9f6cf7f07338aa9e2f4dad37c98d43d3b25,fddac8a4ed71c999f16ecde130bd64ef,124297
BUF_BUFFALO_PANDHARPURI_0002,buffalo_pandharpuri,Pandharpuri,buffalo,train,dataset/expanded_82_breeds_v2/buffalo/buffalo_pandharpuri/pandharpuri_0002.jpg,d41a55bdbbaa45b496392adbfef528ec599b40cfd18002b04723e2599104a3ea,d41a55bdbbaa45b496392adbfef528ec599b40cfd18002b04723e2599104a3ea,a5423624354c02742f7b6fbd55b00fbe,153119
BUF_BUFFALO_PURNATHADI_0002,buffalo_purnathadi,Purnathadi,buffalo,train,dataset/expanded_82_breeds_v2/buffalo/buffalo_purnathadi/purnathadi_0002.jpg,1ad8cca9ed0b52e4d8878049e22111746cf493fd346fc7edf1cc74194d90eef9,1ad8cca9ed0b52e4d8878049e22111746cf493fd346fc7edf1cc74194d90eef9,0338dd6576d00a1b71907fb8a1cd6e0d,184453
BUF_BUFFALO_SURTI_0001,buffalo_surti,Surti,buffalo,train,dataset/expanded_82_breeds_v2/buffalo/buffalo_surti/surti_0001.jpg,1962efab463181663b7ceaad1f680d9f23e70ed0eac7a1a3f11e12ac6c349b17,1962efab463181663b7ceaad1f680d9f23e70ed0eac7a1a3f11e12ac6c349b17,608fedf16e411af3239c7541c4239798,183039
BUF_BUFFALO_SURTI_0018,buffalo_surti,Surti,buffalo,train,dataset/expanded_82_breeds_v2/buffalo/buffalo_surti/surti_0018.jpg,29c1f4553178f50396912dd5b537912c5c897f6f29c2a4353a3614f918dcf1f4,29c1f4553178f50396912dd5b537912c5c897f6f29c2a4353a3614f918dcf1f4,7ad03068617c7ad22d40a4b156142baf,23719
BUF_BUFFALO_SURTI_0016,buffalo_surti,Surti,buffalo,train,dataset/expanded_82_breeds_v2/buffalo/buffalo_surti/surti_0016.jpg,94894cadbd435beed9788c25e2739862e569ca07de285484a00d95f74ade633a,94894cadbd435beed9788c25e2739862e569ca07de285484a00d95f74ade633a,164ba6640e6a18e531cd114c9711205d,89452
BUF_BUFFALO_SURTI_0002,buffalo_surti,Surti,buffalo,train,dataset/expanded_82_breeds_v2/buffalo/buffalo_surti/surti_0002.jpg,f5040e98eca998d8c5cdf2bf6579d58d9db2941ae4951658a2ac70bde5637878,f5040e98eca998d8c5cdf2bf6579d58d9db2941ae4951658a2ac70bde5637878,f01ee44d1f5b6fd447a79be7d4c08ba7,113585
BUF_BUFFALO_SURTI_0009,buffalo_surti,Surti,buffalo,train,dataset/expanded_82_breeds_v2/buffalo/buffalo_surti/surti_0009.jpg,33f0a0eaec90387b9baabce31638d1367eeb53bd28d09e5978b7614caa068023,33f0a0eaec90387b9baabce31638d1367eeb53bd28d09e5978b7614caa068023,29cd3fee648cd9c2dfc541e01e15ec3f,3811415
BUF_BUFFALO_SURTI_0006,buffalo_surti,Surti,buffalo,train,dataset/expanded_82_breeds_v2/buffalo/buffalo_surti/surti_0006.jpg,ba091e2825c4bb752fa56d11359e403bc188d2e2a41bfbfe2cdd3190381fd31d,ba091e2825c4bb752fa56d11359e403bc188d2e2a41bfbfe2cdd3190381fd31d,b3e50c05f4f844d4c447bd752c763a20,2687638
BUF_BUFFALO_SURTI_0012,buffalo_surti,Surti,buffalo,train,dataset/expanded_82_breeds_v2/buffalo/buffalo_surti/surti_0012.jpg,e4f63e888bd4a8cdbdafccbfa9a0d4a41542dd44c0c556f5b76b638a9123b9ea,e4f63e888bd4a8cdbdafccbfa9a0d4a41542dd44c0c556f5b76b638a9123b9ea,c4e80cfacec07afe68d5823d4c9aaf3f,130503
BUF_BUFFALO_SURTI_0004,buffalo_surti,Surti,buffalo,train,dataset/expanded_82_breeds_v2/buffalo/buffalo_surti/surti_0004.jpg,82dd33f10799531865a2741136eea856bae9ee874371a55ac76fac06af90a2f8,82dd33f10799531865a2741136eea856bae9ee874371a55ac76fac06af90a2f8,7b7371ef66a25cf8bf31ddd77c49fdba,2686418
BUF_BUFFALO_SURTI_0019,buffalo_surti,Surti,buffalo,train,dataset/expanded_82_breeds_v2/buffalo/buffalo_surti/surti_0019.jpg,b381bc14a15ccf96b345d6b0563d28343607f125fbb4859f2a3ee6ffec536eb3,b381bc14a15ccf96b345d6b0563d28343607f125fbb4859f2a3ee6ffec536eb3,d50e49d6d84ce08a5501f494ef7246bc,146502
BUF_BUFFALO_SURTI_0017,buffalo_surti,Surti,buffalo,train,dataset/expanded_82_breeds_v2/buffalo/buffalo_surti/surti_0017.jpg,1004af5cfe52e0aee2548d35a964e8275f740bf23ba6085fa5c149a70079ca2e,1004af5cfe52e0aee2548d35a964e8275f740bf23ba6085fa5c149a70079ca2e,889f82655f0b664f3d89e30f144eeda9,3339492
BUF_BUFFALO_SURTI_0014,buffalo_surti,Surti,buffalo,train,dataset/expanded_82_breeds_v2/buffalo/buffalo_surti/surti_0014.jpg,8e180fee0e55c7ccf278bad74e97d1c29ff4fb6f19416f0360cb8d6f8bcf81c1,8e180fee0e55c7ccf278bad74e97d1c29ff4fb6f19416f0360cb8d6f8bcf81c1,0e9da6cc02f2538b687618ac47a04f04,71987
BUF_BUFFALO_SURTI_0003,buffalo_surti,Surti,buffalo,train,dataset/expanded_82_breeds_v2/buffalo/buffalo_surti/surti_0003.jpg,b7b7370f308a819d7177d70352d8f33e1a27950456ce90760d76708353a87ecf,b7b7370f308a819d7177d70352d8f33e1a27950456ce90760d76708353a87ecf,beaaf2bd8656f2ac261693e87ff493db,4246125
BUF_BUFFALO_SURTI_0010,buffalo_surti,Surti,buffalo,train,dataset/expanded_82_breeds_v2/buffalo/buffalo_surti/surti_0010.jpg,47b97b4ed8415dff87f19fc8c3eae28f34cc4a76f15d5d5b4b5616a1fdddb2e9,47b97b4ed8415dff87f19fc8c3eae28f34cc4a76f15d5d5b4b5616a1fdddb2e9,4da3838e4618f62a83dd82d13572f21d,559339
BUF_BUFFALO_SURTI_0021,buffalo_surti,Surti,buffalo,train,dataset/expanded_82_breeds_v2/buffalo/buffalo_surti/surti_0021.jpg,87f6c56c0e26b15e54bc132b1163b515054a962918055d82423fff447970272f,87f6c56c0e26b15e54bc132b1163b515054a962918055d82423fff447970272f,537afe12be3abf7a0e1ba85ee8e74fdb,278639
BUF_BUFFALO_SURTI_0005,buffalo_surti,Surti,buffalo,train,dataset/expanded_82_breeds_v2/buffalo/buffalo_surti/surti_0005.jpg,15a9c1569ec61f8168f647df0aec251eb589440e6239583bb7d3795192564353,15a9c1569ec61f8168f647df0aec251eb589440e6239583bb7d3795192564353,5ccc1dd66f7de730bb8f91ea6b764222,2115823
BUF_BUFFALO_TODA_0001,buffalo_toda,Toda,buffalo,train,dataset/expanded_82_breeds_v2/buffalo/buffalo_toda/toda_0001.jpg,c799a1e92430abef9402c1f07b741084b71fbe797ccf21357797444587242193,c799a1e92430abef9402c1f07b741084b71fbe797ccf21357797444587242193,2841a2db46da2376faa6a6c3bc7eb12c,129709
BUF_BUFFALO_TODA_0002,buffalo_toda,Toda,buffalo,train,dataset/expanded_82_breeds_v2/buffalo/buffalo_toda/toda_0002.jpg,7b2847b00c485371129fc86cdef58f48fda1e1376ce1be027b007344785670bb,7b2847b00c485371129fc86cdef58f48fda1e1376ce1be027b007344785670bb,8410e12fc52904eef5382e4937e0d22b,160910
BUF_BUFFALO_TODA_0006,buffalo_toda,Toda,buffalo,train,dataset/expanded_82_breeds_v2/buffalo/buffalo_toda/toda_0006.jpg,f60236bef7229b923bc1d8a89b7777f51e6d52697714d4131d35f84382b3bc4d,f60236bef7229b923bc1d8a89b7777f51e6d52697714d4131d35f84382b3bc4d,9373fc957249a3a7197d205bf2850a9c,54554
BUF_BUFFALO_TODA_0017,buffalo_toda,Toda,buffalo,train,dataset/expanded_82_breeds_v2/buffalo/buffalo_toda/toda_0017.jpg,4843618420cca7392e9f218d51b3371ce354aab557638aaa8625ca7f5a473f29,4843618420cca7392e9f218d51b3371ce354aab557638aaa8625ca7f5a473f29,32934340c7164c757b780fe2357b881b,22079
BUF_BUFFALO_TODA_0013,buffalo_toda,Toda,buffalo,train,dataset/expanded_82_breeds_v2/buffalo/buffalo_toda/toda_0013.jpg,bfb551942eca9f7ea5d2d14b4a01eaa313f953de9e7538f1f0aab553e08f5f79,bfb551942eca9f7ea5d2d14b4a01eaa313f953de9e7538f1f0aab553e08f5f79,b574cb08e34d8209228f9122cafe6554,15253
BUF_BUFFALO_TODA_0016,buffalo_toda,Toda,buffalo,train,dataset/expanded_82_breeds_v2/buffalo/buffalo_toda/toda_0016.jpg,f3a2b04f5201e52c0e2f46d2415609ae53dbdbf813391eec35e30e544f715678,f3a2b04f5201e52c0e2f46d2415609ae53dbdbf813391eec35e30e544f715678,bf332db78295c7bc60763375f3eb6514,115883
BUF_BUFFALO_TODA_0009,buffalo_toda,Toda,buffalo,train,dataset/expanded_82_breeds_v2/buffalo/buffalo_toda/toda_0009.jpg,cccc664ef8c1dd28ad9b8c55ad7c137afde5d523a84715806d1c25212fcf4c46,cccc664ef8c1dd28ad9b8c55ad7c137afde5d523a84715806d1c25212fcf4c46,b83c3c4ff6fd48a19c70893c5f9d9856,4846741
BUF_BUFFALO_TODA_0015,buffalo_toda,Toda,buffalo,train,dataset/expanded_82_breeds_v2/buffalo/buffalo_toda/toda_0015.jpg,67bca53aff454471ace05d75b5264b1655c7fdfe47362b5517b9626ce19f3aa1,67bca53aff454471ace05d75b5264b1655c7fdfe47362b5517b9626ce19f3aa1,2587adad670d73523ba71dfbfff802ce,246931
BUF_BUFFALO_TODA_0003,buffalo_toda,Toda,buffalo,train,dataset/expanded_82_breeds_v2/buffalo/buffalo_toda/toda_0003.jpg,ce474e1fdeaa6bf4f8b437211a62e6f5238fed2c503cdab1412511f629007ce7,ce474e1fdeaa6bf4f8b437211a62e6f5238fed2c503cdab1412511f629007ce7,34586d9b0b685b1463266db442b7cb20,436250
BUF_BUFFALO_TODA_0010,buffalo_toda,Toda,buffalo,train,dataset/expanded_82_breeds_v2/buffalo/buffalo_toda/toda_0010.jpg,c5338855378575099570420875dab96b79703a7db13d6e886d85f2cc233749b3,c5338855378575099570420875dab96b79703a7db13d6e886d85f2cc233749b3,d8bdd277f24cf0b3143151c500ee0b3d,3844171
BUF_BUFFALO_TODA_0018,buffalo_toda,Toda,buffalo,train,dataset/expanded_82_breeds_v2/buffalo/buffalo_toda/toda_0018.jpg,b64b822b545bd086f9347fc5515b55e1c19c460a2d923669ffaeec4476c8de2a,b64b822b545bd086f9347fc5515b55e1c19c460a2d923669ffaeec4476c8de2a,303797a5c282dec776b349074f38b09b,50223
CAT_COW_AMRITMAHAL_0001,cow_amritmahal,Amritmahal,cattle,train,dataset/expanded_82_breeds_v2/cattle/cow_amritmahal/amritmahal_0001.jpg,c056eff99c51e75c3adf05ed7eb5836deaa009bb4b65fa665da0c2a87cd6e44f,c056eff99c51e75c3adf05ed7eb5836deaa009bb4b65fa665da0c2a87cd6e44f,d10bfbcdbc85a2fba5b25f49e2700d96,7341679
CAT_COW_AMRITMAHAL_0002,cow_amritmahal,Amritmahal,cattle,train,dataset/expanded_82_breeds_v2/cattle/cow_amritmahal/amritmahal_0002.jpg,dda9ce7066ba45873d455b0e1e6e5354e5c350d746b2217b8455644d74fc6e92,dda9ce7066ba45873d455b0e1e6e5354e5c350d746b2217b8455644d74fc6e92,b5a68aa0346faddb0199777a71ef2d36,617747
CAT_COW_AMRITMAHAL_0006,cow_amritmahal,Amritmahal,cattle,train,dataset/expanded_82_breeds_v2/cattle/cow_amritmahal/cow_amritmahal_0006.jpg,0436ef40731fc32d4228c2ae5a0a29f24b399db0d6f0e12150194c036db21a3f,0436ef40731fc32d4228c2ae5a0a29f24b399db0d6f0e12150194c036db21a3f,6e56aa9f549f094e7dbe2c136a1b8c54,893111
CAT_COW_AMRITMAHAL_0003,cow_amritmahal,Amritmahal,cattle,train,dataset/expanded_82_breeds_v2/cattle/cow_amritmahal/cow_amritmahal_0003.jpg,203dffdd998e5fde992bca74e974796546a0dd0c6a8e83973fc97b2061e87a74,203dffdd998e5fde992bca74e974796546a0dd0c6a8e83973fc97b2061e87a74,6f91bc2ed0f79e4274913ab1d64578db,6937711
CAT_COW_BACHAUR_0016,cow_bachaur,Bachaur,cattle,train,dataset/expanded_82_breeds_v2/cattle/cow_bachaur/cow_bachaur_0016.jpg,1a548acf41318b057d5196a5967c1b09a21e8ce58437828be1a634ffb5c108b2,1a548acf41318b057d5196a5967c1b09a21e8ce58437828be1a634ffb5c108b2,efe15b0c852734eeaec294db9284a1d7,52665
CAT_COW_BACHAUR_0010,cow_bachaur,Bachaur,cattle,train,dataset/expanded_82_breeds_v2/cattle/cow_bachaur/cow_bachaur_0010.jpg,9d784ab2ae7e1dc60df3ad12e515713725528f4031d27a6f8af4e5098a4e6178,9d784ab2ae7e1dc60df3ad12e515713725528f4031d27a6f8af4e5098a4e6178,504a9c346900e2ba9c7d034f348cc00c,2314541
CAT_COW_BACHAUR_0001,cow_bachaur,Bachaur,cattle,train,dataset/expanded_82_breeds_v2/cattle/cow_bachaur/bachaur_0001.jpg,b6cbc3f41305aff4fcafc8f46e6d7409c3d2fdf8b7e8a9aaf5e89bdcc7f25cbe,b6cbc3f41305aff4fcafc8f46e6d7409c3d2fdf8b7e8a9aaf5e89bdcc7f25cbe,2f02b9c49edfb28e4e8d37a72cdd8f78,21145
CAT_COW_BACHAUR_0009,cow_bachaur,Bachaur,cattle,train,dataset/expanded_82_breeds_v2/cattle/cow_bachaur/cow_bachaur_0009.jpg,aa37fa12801c6b70d4dea161a6e4641c503f03d967f61abcc51a3ed39126460d,aa37fa12801c6b70d4dea161a6e4641c503f03d967f61abcc51a3ed39126460d,6f5dc5eb6abc5e968e2607c6f64c1ec4,130377
CAT_COW_BACHAUR_0018,cow_bachaur,Bachaur,cattle,train,dataset/expanded_82_breeds_v2/cattle/cow_bachaur/cow_bachaur_0018.jpg,6cbff43dc2e040f6c03646e439c52fc14b1698f6e34fb3c17835c794441ec6bc,6cbff43dc2e040f6c03646e439c52fc14b1698f6e34fb3c17835c794441ec6bc,a63c790c0bb8958ce5000f9c9d165423,3486545
CAT_COW_BACHAUR_0013,cow_bachaur,Bachaur,cattle,train,dataset/expanded_82_breeds_v2/cattle/cow_bachaur/cow_bachaur_0013.jpg,fad8b40f4776ea6e867b9aef1f08397784d277cfd415086e717f314e5ccf5729,fad8b40f4776ea6e867b9aef1f08397784d277cfd415086e717f314e5ccf5729,965273a1e42d9c150ad2ace7bd7810f9,46990
CAT_COW_BACHAUR_0002,cow_bachaur,Bachaur,cattle,train,dataset/expanded_82_breeds_v2/cattle/cow_bachaur/bachaur_0002.jpg,fc2c6df15c4225f0423b1fd0230da7d6838af3361b5080dff8077cf572dc9c85,fc2c6df15c4225f0423b1fd0230da7d6838af3361b5080dff8077cf572dc9c85,942eb02631ffafa0e7ac16b820545ad3,107524
CAT_COW_BACHAUR_0014,cow_bachaur,Bachaur,cattle,train,dataset/expanded_82_breeds_v2/cattle/cow_bachaur/cow_bachaur_0014.jpg,5c01b8e61138065f43c78be1f1b56fb57d1a4dd56b80fb8c4232c06ce6be215a,5c01b8e61138065f43c78be1f1b56fb57d1a4dd56b80fb8c4232c06ce6be215a,2f164e5c14c98b1847a42a8123c35392,59951
CAT_COW_BACHAUR_0006,cow_bachaur,Bachaur,cattle,train,dataset/expanded_82_breeds_v2/cattle/cow_bachaur/cow_bachaur_0006.jpg,2cf265d9c0ed6f6de9337d4bd5f2b2e13ff4a4d82f00ba251a39e8441c1fc1c1,2cf265d9c0ed6f6de9337d4bd5f2b2e13ff4a4d82f00ba251a39e8441c1fc1c1,8c6dd54728dd1cc646c73e5fe743634e,4117314
CAT_COW_BACHAUR_0003,cow_bachaur,Bachaur,cattle,train,dataset/expanded_82_breeds_v2/cattle/cow_bachaur/cow_bachaur_0003.jpg,f53ea52e04f2cd24d402a97e21f1fea65937528226701f4b2d91af1890a8b115,f53ea52e04f2cd24d402a97e21f1fea65937528226701f4b2d91af1890a8b115,9eb85fd69216ebf1cd49a37e6d6f5006,78560
CAT_COW_BACHAUR_0012,cow_bachaur,Bachaur,cattle,train,dataset/expanded_82_breeds_v2/cattle/cow_bachaur/cow_bachaur_0012.jpg,ede49243330022f7a581843407ae61e3972a9aaa10f562fd21b43847451a877a,ede49243330022f7a581843407ae61e3972a9aaa10f562fd21b43847451a877a,7b847fcfb340d0595bcac58ecbfa9936,81300
CAT_COW_BACHAUR_0021,cow_bachaur,Bachaur,cattle,train,dataset/expanded_82_breeds_v2/cattle/cow_bachaur/cow_bachaur_0021.jpg,d29be610d2af76b2f9888a7455b630db65313e51ff776328f35bd611b9a53830,d29be610d2af76b2f9888a7455b630db65313e51ff776328f35bd611b9a53830,d7dafb1e7aabd2723b13c2fb1177f200,2357732
CAT_COW_BACHAUR_0004,cow_bachaur,Bachaur,cattle,train,dataset/expanded_82_breeds_v2/cattle/cow_bachaur/cow_bachaur_0004.jpg,25eee2cdb37840e28df3c585bb1c20512a07333c0b881d62c2da6263a4fd65d2,25eee2cdb37840e28df3c585bb1c20512a07333c0b881d62c2da6263a4fd65d2,225458e0f93e1cf8dc14c29478def3e6,183066
CAT_COW_BACHAUR_0005,cow_bachaur,Bachaur,cattle,train,dataset/expanded_82_breeds_v2/cattle/cow_bachaur/cow_bachaur_0005.jpg,372981914fdde37558044fdfe7c89344384279fa07cfe07dcad88ba823d2cc49,372981914fdde37558044fdfe7c89344384279fa07cfe07dcad88ba823d2cc49,b9a9e9054d27917d3fb2206e53527e5d,50646
CAT_COW_BACHAUR_0019,cow_bachaur,Bachaur,cattle,train,dataset/expanded_82_breeds_v2/cattle/cow_bachaur/cow_bachaur_0019.jpg,b2c292f75ca0003d5613d745817e5c7a32626243e7b18af0aa795e0d75993ff6,b2c292f75ca0003d5613d745817e5c7a32626243e7b18af0aa795e0d75993ff6,3e5f47df6a809eb717a39929314d1d0f,2684612
CAT_COW_BACHAUR_0017,cow_bachaur,Bachaur,cattle,train,dataset/expanded_82_breeds_v2/cattle/cow_bachaur/cow_bachaur_0017.jpg,b830a3fd25c41ee0dbb8ed3341b4ac8df40d76a0bf1cf7e4782647c51d3805a2,b830a3fd25c41ee0dbb8ed3341b4ac8df40d76a0bf1cf7e4782647c51d3805a2,229d6f2318a03a947cd6a04796cd8a83,1373920
CAT_COW_BACHAUR_0022,cow_bachaur,Bachaur,cattle,train,dataset/expanded_82_breeds_v2/cattle/cow_bachaur/cow_bachaur_0022.jpg,6678e8088bf31b100f95dc7875a68749c28c23327bcad00732559be16f56c4d7,6678e8088bf31b100f95dc7875a68749c28c23327bcad00732559be16f56c4d7,03cdb1f7af0a42b494808244b77cc429,318738
CAT_COW_BADRI_0001,cow_badri,Badri,cattle,train,dataset/expanded_82_breeds_v2/cattle/cow_badri/badri_0001.jpg,550a3f22a94526620db04856087c812f1df65a281003ad865dd12694b4d37704,550a3f22a94526620db04856087c812f1df65a281003ad865dd12694b4d37704,037211f5013c436ff83321bb5a4892d5,94088
CAT_COW_BADRI_0002,cow_badri,Badri,cattle,train,dataset/expanded_82_breeds_v2/cattle/cow_badri/badri_0002.jpg,16f87b4864d26296cf1db73f6c00877d3b70a6fa6b791f1cd432e4edb7d0f717,16f87b4864d26296cf1db73f6c00877d3b70a6fa6b791f1cd432e4edb7d0f717,28348fd3526c37767064911c938469f3,15701
CAT_COW_BADRI_0006,cow_badri,Badri,cattle,train,dataset/expanded_82_breeds_v2/cattle/cow_badri/badri_0006.jpg,0c3380c0a836214d7f6d55ed9ea50c28a5a34603838b4eaa64500043ae02089e,0c3380c0a836214d7f6d55ed9ea50c28a5a34603838b4eaa64500043ae02089e,8e6cc7e2ae6ab3bb5971c01f2f74b2f5,64621
CAT_COW_BADRI_0016,cow_badri,Badri,cattle,train,dataset/expanded_82_breeds_v2/cattle/cow_badri/badri_0016.jpg,b3c9f59d2be1f6344c502e3deb75a1e50232c06429a97a63f155425eaa466cda,b3c9f59d2be1f6344c502e3deb75a1e50232c06429a97a63f155425eaa466cda,d711cdb5a41325ad70879635d571b9ef,289585
CAT_COW_BADRI_0012,cow_badri,Badri,cattle,train,dataset/expanded_82_breeds_v2/cattle/cow_badri/badri_0012.jpg,2656910c455dddfe1cc19e0da95c4ba27554275a91d1688532c4797e505bf064,2656910c455dddfe1cc19e0da95c4ba27554275a91d1688532c4797e505bf064,448af229ae7ca143d553d15b399e08f1,102979
CAT_COW_BADRI_0015,cow_badri,Badri,cattle,train,dataset/expanded_82_breeds_v2/cattle/cow_badri/badri_0015.jpg,50cc7057ca2129eb7bda6cdffa4abf20bab163ae50631660c803c35bfb8f4093,50cc7057ca2129eb7bda6cdffa4abf20bab163ae50631660c803c35bfb8f4093,abf5b1c74f38f18128ee1d6852155e27,1390137
CAT_COW_BADRI_0009,cow_badri,Badri,cattle,train,dataset/expanded_82_breeds_v2/cattle/cow_badri/badri_0009.jpg,1be0525690dae6258c0fa739f5ee0379121ec03a4e4e153e78e9ef9eae888148,1be0525690dae6258c0fa739f5ee0379121ec03a4e4e153e78e9ef9eae888148,7f76c0dd403700d9aefc990612c508f2,158419
CAT_COW_BADRI_0014,cow_badri,Badri,cattle,train,dataset/expanded_82_breeds_v2/cattle/cow_badri/badri_0014.jpg,df2d312cb012ad306220cda71305561d7318256d275e03ca7dc610c3de330076,df2d312cb012ad306220cda71305561d7318256d275e03ca7dc610c3de330076,b29373c20d77510330b9aba253269e35,2005125
CAT_COW_BADRI_0003,cow_badri,Badri,cattle,train,dataset/expanded_82_breeds_v2/cattle/cow_badri/badri_0003.jpg,800e3601bdbba469e059aba353180d49b08183fd8fea9a637317979d73116a51,800e3601bdbba469e059aba353180d49b08183fd8fea9a637317979d73116a51,82f1dc150b19de6a411f3a04813acdb5,20279
CAT_COW_BADRI_0010,cow_badri,Badri,cattle,train,dataset/expanded_82_breeds_v2/cattle/cow_badri/badri_0010.jpg,938beb0d7ec20e957c5e99e7cfba5b4cb3233730e68e9a02c925485be0e756f5,938beb0d7ec20e957c5e99e7cfba5b4cb3233730e68e9a02c925485be0e756f5,4d1a023755b91c731038a3e9ee888528,609217
CAT_COW_BADRI_0017,cow_badri,Badri,cattle,train,dataset/expanded_82_breeds_v2/cattle/cow_badri/badri_0017.jpg,d27e9bd508c4d2312d6d86c9e43e385357aafc191f9423dc252547995af195ef,d27e9bd508c4d2312d6d86c9e43e385357aafc191f9423dc252547995af195ef,2905c0e79edc6832cc078d850f05ea62,1219609
CAT_COW_BARGUR_0001,cow_bargur,Bargur,cattle,train,dataset/expanded_82_breeds_v2/cattle/cow_bargur/bargur_0001.jpg,c75a9fa006f3991eb01d9db585da69833267e5e2a8713e8bd86cd916b2818d27,c75a9fa006f3991eb01d9db585da69833267e5e2a8713e8bd86cd916b2818d27,8c37be04019326053065a727a4ea1715,2069591
CAT_COW_BARGUR_0002,cow_bargur,Bargur,cattle,train,dataset/expanded_82_breeds_v2/cattle/cow_bargur/cow_bargur_0002.jpg,cfb03973d7f961f4a81b1655a82e5a3131a38392fc4462bde9dff605a457ea64,cfb03973d7f961f4a81b1655a82e5a3131a38392fc4462bde9dff605a457ea64,9b7ac16f362ee7d8a1771aa49113afec,6666211
CAT_COW_BARGUR_0006,cow_bargur,Bargur,cattle,train,dataset/expanded_82_breeds_v2/cattle/cow_bargur/cow_bargur_0006.jpg,0e2d45a20b9279f713ec638d6a3a82833daa6b84be65a4d833675369c88cc475,0e2d45a20b9279f713ec638d6a3a82833daa6b84be65a4d833675369c88cc475,95ade20bacf1ba3690c4ad7fee01ce4f,164674
CAT_COW_BARGUR_0003,cow_bargur,Bargur,cattle,train,dataset/expanded_82_breeds_v2/cattle/cow_bargur/cow_bargur_0003.jpg,299dd3037aeee915addf7cfeb1ea0c8dd1570b032707c97ae0be2ee558ed7e54,299dd3037aeee915addf7cfeb1ea0c8dd1570b032707c97ae0be2ee558ed7e54,ca9c64f66a8f3815c7d124d1a1a92135,8534725
CAT_COW_BARGUR_0005,cow_bargur,Bargur,cattle,train,dataset/expanded_82_breeds_v2/cattle/cow_bargur/cow_bargur_0005.jpg,83db308f964854c35a0a93535a5aa1ad88e74fd7576ba71ba58f5905ba3ac25e,83db308f964854c35a0a93535a5aa1ad88e74fd7576ba71ba58f5905ba3ac25e,072b577110b944860e18034c9e9bc5ef,105885
CAT_COW_BELAHI_0002,cow_belahi,Belahi,cattle,train,dataset/expanded_82_breeds_v2/cattle/cow_belahi/belahi_0002.jpg,6acf68dd0ac8c827dd98b10f3c7962909afba3ddf54663494d8c65c4a804b770,6acf68dd0ac8c827dd98b10f3c7962909afba3ddf54663494d8c65c4a804b770,7157fee8b1c6a08c7a8ec34aeb590215,25307
CAT_COW_BINJHARPURI_0002,cow_binjharpuri,Binjharpuri,cattle,train,dataset/expanded_82_breeds_v2/cattle/cow_binjharpuri/binjharpuri_0002.jpg,080e70cd936def55514f4c80e700dfaa98b60ed9d7952e986dbec6f67a293a08,080e70cd936def55514f4c80e700dfaa98b60ed9d7952e986dbec6f67a293a08,73cdbf81a27445826ff315fce64b755b,2207097
CAT_COW_DAGRI_0002,cow_dagri,Dagri,cattle,train,dataset/expanded_82_breeds_v2/cattle/cow_dagri/dagri_0002.jpg,a79118f4b63bf9a9966be62b4c2b6b6ac3a7bb99ae4ed87227825c5a87911f2c,a79118f4b63bf9a9966be62b4c2b6b6ac3a7bb99ae4ed87227825c5a87911f2c,c44fe8fad294c61fdf06c37792337cb5,191327
CAT_COW_DANGI_0043,cow_dangi,Dangi,cattle,train,dataset/expanded_82_breeds_v2/cattle/cow_dangi/cow_dangi_0043.jpg,b04c889c914b55f3afb586a789844e30401ab90e621ee7efbd405bf47f80b271,b04c889c914b55f3afb586a789844e30401ab90e621ee7efbd405bf47f80b271,85c35ec275f024fd26c228d49a71aed6,59164
CAT_COW_DANGI_0030,cow_dangi,Dangi,cattle,train,dataset/expanded_82_breeds_v2/cattle/cow_dangi/cow_dangi_0030.jpg,9af8c01858999b0b5d3c052475ede810b9364d87c5892e9c9052418b4fa74ffb,9af8c01858999b0b5d3c052475ede810b9364d87c5892e9c9052418b4fa74ffb,7b88a38500ac13f50aa6381c025c7e9c,3075311
CAT_COW_DANGI_0031,cow_dangi,Dangi,cattle,train,dataset/expanded_82_breeds_v2/cattle/cow_dangi/cow_dangi_0031.jpg,b238cac0ec5bb9fd6455495f0f83a16e18e7b8ed5ac22ee299de1d0a048e2d3b,b238cac0ec5bb9fd6455495f0f83a16e18e7b8ed5ac22ee299de1d0a048e2d3b,af94f495ecb607c7bd4742d4068caa3c,3104697
CAT_COW_DANGI_0042,cow_dangi,Dangi,cattle,train,dataset/expanded_82_breeds_v2/cattle/cow_dangi/cow_dangi_0042.jpg,7a4e16a13b6d97b87ba9efc70bcf6f1ac5104860942c2aea4a6010f37ef273b5,7a4e16a13b6d97b87ba9efc70bcf6f1ac5104860942c2aea4a6010f37ef273b5,328c5e3237394d69025be38b77fea3a0,15884
CAT_COW_DANGI_0040,cow_dangi,Dangi,cattle,train,dataset/expanded_82_breeds_v2/cattle/cow_dangi/cow_dangi_0040.jpg,9fbf2abe82569dd802d287ddc01b82c065c11d853954c43c9230b1da16d8efbc,9fbf2abe82569dd802d287ddc01b82c065c11d853954c43c9230b1da16d8efbc,f1c828513bb766e11b28591126f6437f,388833
CAT_COW_DANGI_0002,cow_dangi,Dangi,cattle,train,dataset/expanded_82_breeds_v2/cattle/cow_dangi/dangi_0002.jpg,36bd7b3a412e1e60529a20c5eabc8085bb3d2ae77c4a624209facd7b2fb532be,36bd7b3a412e1e60529a20c5eabc8085bb3d2ae77c4a624209facd7b2fb532be,7943f66be29a4de4785205c6d532f5bb,6663643
CAT_COW_DANGI_0010,cow_dangi,Dangi,cattle,train,dataset/expanded_82_breeds_v2/cattle/cow_dangi/cow_dangi_0010.jpg,3e77889e8acd63106f690864876f049b4973857be597f3aaef18104b0fd571fb,3e77889e8acd63106f690864876f049b4973857be597f3aaef18104b0fd571fb,7d494eb91dffe05d25f787174a1a5e54,75797
CAT_COW_DANGI_0018,cow_dangi,Dangi,cattle,train,dataset/expanded_82_breeds_v2/cattle/cow_dangi/cow_dangi_0018.jpg,7937bb60086154e9e99f3f0b746de7dc2eb5453b96f2e7b704303cc9b0af5ff1,7937bb60086154e9e99f3f0b746de7dc2eb5453b96f2e7b704303cc9b0af5ff1,e61801253c17341f183ccb86fee89eef,1946241
CAT_COW_DANGI_0014,cow_dangi,Dangi,cattle,train,dataset/expanded_82_breeds_v2/cattle/cow_dangi/cow_dangi_0014.jpg,41b199b86065c59b68b012c1a679be44783513e48c9092359b9915ed43dbf7fb,41b199b86065c59b68b012c1a679be44783513e48c9092359b9915ed43dbf7fb,f9ee8719c9c85b58eee1eb1b49cba2e4,43611
CAT_COW_DANGI_0009,cow_dangi,Dangi,cattle,train,dataset/expanded_82_breeds_v2/cattle/cow_dangi/cow_dangi_0009.jpg,4ca7a7ef5f140bdf16c99b2fbdf9e2a15bfa901b2b57008d3159eff1e148d026,4ca7a7ef5f140bdf16c99b2fbdf9e2a15bfa901b2b57008d3159eff1e148d026,8a15a31b22a066c7c650408eb116af33,35868
CAT_COW_DANGI_0012,cow_dangi,Dangi,cattle,train,dataset/expanded_82_breeds_v2/cattle/cow_dangi/cow_dangi_0012.jpg,b4331345ebca9bea3ce49b44dfb506d573024116f8da43144dddeb3b62e81991,b4331345ebca9bea3ce49b44dfb506d573024116f8da43144dddeb3b62e81991,a0740ad5466addd96a75861ccc4939b3,30869
CAT_COW_DANGI_0033,cow_dangi,Dangi,cattle,train,dataset/expanded_82_breeds_v2/cattle/cow_dangi/cow_dangi_0033.jpg,af611d734158639931ac9f811068ae10b7956e5087de1b9ff199fc26c940ac41,af611d734158639931ac9f811068ae10b7956e5087de1b9ff199fc26c940ac41,268d3f2c3154129a0e8b856c3731def9,52793
CAT_COW_DANGI_0037,cow_dangi,Dangi,cattle,train,dataset/expanded_82_breeds_v2/cattle/cow_dangi/cow_dangi_0037.jpg,db1167f0b611527f59e3731d3833e00ab477bfdac2751800a57743b67017db4a,db1167f0b611527f59e3731d3833e00ab477bfdac2751800a57743b67017db4a,6faf9281dfab2fde351882f3befaa596,19668
CAT_COW_DANGI_0025,cow_dangi,Dangi,cattle,train,dataset/expanded_82_breeds_v2/cattle/cow_dangi/cow_dangi_0025.jpg,adb1f8ead9a5fc17cbf9314c6192167f7646cc8af67827f948e16c74158bbc0f,adb1f8ead9a5fc17cbf9314c6192167f7646cc8af67827f948e16c74158bbc0f,c1fc99b7a3326159dc5efaa65b02b766,444853
CAT_COW_DANGI_0023,cow_dangi,Dangi,cattle,train,dataset/expanded_82_breeds_v2/cattle/cow_dangi/cow_dangi_0023.jpg,a62f7642da6a0c3407febce4234c09eff839fdb2eadf31bb95166aaed2e07036,a62f7642da6a0c3407febce4234c09eff839fdb2eadf31bb95166aaed2e07036,d70f9dfcb02b629805af3b96416be34d,303914
CAT_COW_DANGI_0019,cow_dangi,Dangi,cattle,train,dataset/expanded_82_breeds_v2/cattle/cow_dangi/cow_dangi_0019.jpg,e94fed632a2be65addcffcac49230e3da6ff12c5958fc2c4f1ae32ebb041f4b4,e94fed632a2be65addcffcac49230e3da6ff12c5958fc2c4f1ae32ebb041f4b4,91c20c893ed69e1a4cca3ea178320b5e,1038470
CAT_COW_DANGI_0003,cow_dangi,Dangi,cattle,train,dataset/expanded_82_breeds_v2/cattle/cow_dangi/dangi_0003.jpg,d993a3444f608be9f8ac688f51b33bf91fde9c8f9580a4907a5fa626d87a0711,d993a3444f608be9f8ac688f51b33bf91fde9c8f9580a4907a5fa626d87a0711,60d03a049c1cd1d2cd111e2ad494bb59,4870487
CAT_COW_DANGI_0021,cow_dangi,Dangi,cattle,train,dataset/expanded_82_breeds_v2/cattle/cow_dangi/cow_dangi_0021.jpg,6a5e281b810b462c07d6573c91e979b290619e86d3be83cddcd6ef2875968dbe,6a5e281b810b462c07d6573c91e979b290619e86d3be83cddcd6ef2875968dbe,5d6b60bea346378268994477598e8e83,6640007
CAT_COW_DANGI_0015,cow_dangi,Dangi,cattle,train,dataset/expanded_82_breeds_v2/cattle/cow_dangi/cow_dangi_0015.jpg,8cd43a8fece29c4550ecc611ab559408df1a26103064946dc18f623cdf0f0fe9,8cd43a8fece29c4550ecc611ab559408df1a26103064946dc18f623cdf0f0fe9,77b876714bf894d6d42913bf79af525f,18552
CAT_COW_DANGI_0022,cow_dangi,Dangi,cattle,train,dataset/expanded_82_breeds_v2/cattle/cow_dangi/cow_dangi_0022.jpg,cc8efb0782358bd5e6f98d3a9386d7f097c2466d3c2807e90de23913f512325d,cc8efb0782358bd5e6f98d3a9386d7f097c2466d3c2807e90de23913f512325d,9deaac865d1e7a1d4adb0815a15a5f5a,7846590
CAT_COW_DANGI_0036,cow_dangi,Dangi,cattle,train,dataset/expanded_82_breeds_v2/cattle/cow_dangi/cow_dangi_0036.jpg,fd2b55e7bd49ac009af8ba9c4b8c47d4461e7a301bd211af7cdb66224c21898d,fd2b55e7bd49ac009af8ba9c4b8c47d4461e7a301bd211af7cdb66224c21898d,c5d20cea78d72f14668963e4f3c95468,112944
CAT_COW_DANGI_0032,cow_dangi,Dangi,cattle,train,dataset/expanded_82_breeds_v2/cattle/cow_dangi/cow_dangi_0032.jpg,e85ea042e5fba7d0aa16c46544e9fcfc0ed9773cd102e2b48c8bdfe77524219c,e85ea042e5fba7d0aa16c46544e9fcfc0ed9773cd102e2b48c8bdfe77524219c,217e633a93a7c20db18ed6a6f3bc9192,3109326
CAT_COW_DANGI_0006,cow_dangi,Dangi,cattle,train,dataset/expanded_82_breeds_v2/cattle/cow_dangi/cow_dangi_0006.jpg,d1b7995a9d915ce02e16f6fabd34b781dac05f837872f7f4895c8a5ab4a84b92,d1b7995a9d915ce02e16f6fabd34b781dac05f837872f7f4895c8a5ab4a84b92,568fbf182ffb16092cbaa97d1b95f459,86755
CAT_COW_DANGI_0035,cow_dangi,Dangi,cattle,train,dataset/expanded_82_breeds_v2/cattle/cow_dangi/cow_dangi_0035.jpg,e5b04774061f7bf6d8c802f14b726a3b3addb381eb71314df5624eac4695db9d,e5b04774061f7bf6d8c802f14b726a3b3addb381eb71314df5624eac4695db9d,1a69cd2ba65be95baa18ff580cd47300,190163
CAT_COW_DANGI_0004,cow_dangi,Dangi,cattle,train,dataset/expanded_82_breeds_v2/cattle/cow_dangi/dangi_0004.jpg,0112319dcaa4b7dd49451b6016558a5c7f005a362a577eb92141ad7037fa7c55,0112319dcaa4b7dd49451b6016558a5c7f005a362a577eb92141ad7037fa7c55,4272ed5c2b3e6e2530ccc94e07bbcc28,6225315
CAT_COW_DANGI_0011,cow_dangi,Dangi,cattle,train,dataset/expanded_82_breeds_v2/cattle/cow_dangi/cow_dangi_0011.jpg,c68b431eee20bf8cb716d02d50b0b9f557bc2f2d17b4c3f2853db0075e943882,c68b431eee20bf8cb716d02d50b0b9f557bc2f2d17b4c3f2853db0075e943882,1e1f67d0399d71d6629743cd52098e01,13050
CAT_COW_DANGI_0017,cow_dangi,Dangi,cattle,train,dataset/expanded_82_breeds_v2/cattle/cow_dangi/cow_dangi_0017.jpg,bbd957afa38a3946b73dc142a9fa3449b272fbc3031ee0a91eeaa73fced96349,bbd957afa38a3946b73dc142a9fa3449b272fbc3031ee0a91eeaa73fced96349,cdb3d93073d6bae257929178e1ac9f71,1279263
CAT_COW_DANGI_0038,cow_dangi,Dangi,cattle,train,dataset/expanded_82_breeds_v2/cattle/cow_dangi/cow_dangi_0038.jpg,ac335b7469bd5761c01bbc7171725a04112489653a402f35d7b33c995d6cfdb1,ac335b7469bd5761c01bbc7171725a04112489653a402f35d7b33c995d6cfdb1,d0286bd064260b3fa2fc95706794132e,27117
CAT_COW_DANGI_0007,cow_dangi,Dangi,cattle,train,dataset/expanded_82_breeds_v2/cattle/cow_dangi/cow_dangi_0007.jpg,4585fce0a74458e9c6947a063bb9f5f1774894f6e9b86c000f06530dbbf39ed2,4585fce0a74458e9c6947a063bb9f5f1774894f6e9b86c000f06530dbbf39ed2,995ff4d855ce2702c61f1d4301f13a03,67029
CAT_COW_DANGI_0005,cow_dangi,Dangi,cattle,train,dataset/expanded_82_breeds_v2/cattle/cow_dangi/dangi_0005.jpg,7da61b6da45841fe31d0aa7f211ff8d1092064dfd4a40e3b28efa5269b2f0bf7,7da61b6da45841fe31d0aa7f211ff8d1092064dfd4a40e3b28efa5269b2f0bf7,6d7742c70301e1a4627945081b574bdf,62366
CAT_COW_DANGI_0027,cow_dangi,Dangi,cattle,train,dataset/expanded_82_breeds_v2/cattle/cow_dangi/cow_dangi_0027.jpg,099aa75624c6196713470d6854e3b54febba3c221f005c2c657762cb1852e830,099aa75624c6196713470d6854e3b54febba3c221f005c2c657762cb1852e830,f5402956fb6e0c09fcf7756f3b58217c,22568
CAT_COW_DEONI_0001,cow_deoni,Deoni,cattle,train,dataset/expanded_82_breeds_v2/cattle/cow_deoni/deoni_0001.jpg,b44a343268a256430dca29f7d3cfc46e6cf0624be436a7d5d19ab960c7f37f5d,b44a343268a256430dca29f7d3cfc46e6cf0624be436a7d5d19ab960c7f37f5d,6b8348fc037f3cbfa79fdc8227ee4249,7013264
CAT_COW_DEONI_0003,cow_deoni,Deoni,cattle,train,dataset/expanded_82_breeds_v2/cattle/cow_deoni/deoni_0003.jpg,257916074e3a9841d48edc38857f17b112940718962d38bf59bea5fc0f1dec53,257916074e3a9841d48edc38857f17b112940718962d38bf59bea5fc0f1dec53,3f2d2d1e1461c3dd2c40d9da678e2a67,789703
CAT_COW_GANGATIRI_0002,cow_gangatiri,Gangatiri,cattle,train,dataset/expanded_82_breeds_v2/cattle/cow_gangatiri/gangatiri_0002.jpg,4d1c74989a2a1e34735a053d82b3eec58fa9abea780665444c3231ba3c3ab5ff,4d1c74989a2a1e34735a053d82b3eec58fa9abea780665444c3231ba3c3ab5ff,5ad2ced6b25b2b632dbba13da0bd40ff,7303534
CAT_COW_GANGATIRI_0006,cow_gangatiri,Gangatiri,cattle,train,dataset/expanded_82_breeds_v2/cattle/cow_gangatiri/gangatiri_0006.jpg,16c2d3f0d26f705cca44bc6361fa87bba2ff651026435792963b2fa7c15ac1a1,16c2d3f0d26f705cca44bc6361fa87bba2ff651026435792963b2fa7c15ac1a1,b472af0a5e44af16e2c9cd0fe84e1cbe,2887274
CAT_COW_GANGATIRI_0001,cow_gangatiri,Gangatiri,cattle,train,dataset/expanded_82_breeds_v2/cattle/cow_gangatiri/gangatiri_0001.jpg,17236ffb086601258d87f6627b8ca3f852e3aa72e2aa89b049348af74ec50f2c,17236ffb086601258d87f6627b8ca3f852e3aa72e2aa89b049348af74ec50f2c,a792f4b7c05daf6d4ec3d0fe28a4e1cc,2218494
CAT_COW_GANGATIRI_0008,cow_gangatiri,Gangatiri,cattle,train,dataset/expanded_82_breeds_v2/cattle/cow_gangatiri/gangatiri_0008.jpg,8802bfb8772862eb33a7ca70cd8cd46da13c3be16da19b7ea55ea808ddfb5af1,8802bfb8772862eb33a7ca70cd8cd46da13c3be16da19b7ea55ea808ddfb5af1,a8603d4d6cb3ea007e0c46d1397ed054,688166
CAT_COW_GANGATIRI_0003,cow_gangatiri,Gangatiri,cattle,train,dataset/expanded_82_breeds_v2/cattle/cow_gangatiri/gangatiri_0003.jpg,06abc2bac103ffc5a04349aea5393a0bc265652ddd2c939ae041de8412ae92be,06abc2bac103ffc5a04349aea5393a0bc265652ddd2c939ae041de8412ae92be,3037455dd7d67ac9e52a5d50e8662472,5321101
CAT_COW_GANGATIRI_0005,cow_gangatiri,Gangatiri,cattle,train,dataset/expanded_82_breeds_v2/cattle/cow_gangatiri/gangatiri_0005.jpg,85dd7a9275acf569fd4cf3be9bd65534ffbb1c7d5a326d4f8eae36ad0337d621,85dd7a9275acf569fd4cf3be9bd65534ffbb1c7d5a326d4f8eae36ad0337d621,b5f4d888a285927e270fac12030883ad,1699527
CAT_COW_GAOLAO_0001,cow_gaolao,Gaolao,cattle,train,dataset/expanded_82_breeds_v2/cattle/cow_gaolao/gaolao_0001.jpg,717005b0ec6fded10dec9c3bf708fcc0f1b3db5faff9263e351fa768da856900,717005b0ec6fded10dec9c3bf708fcc0f1b3db5faff9263e351fa768da856900,fbf4f0af3de207f4ff6531de235d2194,5189258
CAT_COW_GAOLAO_0018,cow_gaolao,Gaolao,cattle,train,dataset/expanded_82_breeds_v2/cattle/cow_gaolao/cow_gaolao_0018.jpg,3679ced235fb131ea767f5f37a94e2fa8444c5dcddd64f9b575f707223fc54d2,3679ced235fb131ea767f5f37a94e2fa8444c5dcddd64f9b575f707223fc54d2,54cecbbc062bff8dccc9ee5a5ce4c82a,1940536
CAT_COW_GAOLAO_0029,cow_gaolao,Gaolao,cattle,train,dataset/expanded_82_breeds_v2/cattle/cow_gaolao/cow_gaolao_0029.jpg,76e306d2cb80e42745bcb8e269a1e7b5e6e9c2b95b0857ed2dbec8e0cf588ea0,76e306d2cb80e42745bcb8e269a1e7b5e6e9c2b95b0857ed2dbec8e0cf588ea0,afb0775f2bf7f41741a9220106a63fee,1259609
CAT_COW_GAOLAO_0020,cow_gaolao,Gaolao,cattle,train,dataset/expanded_82_breeds_v2/cattle/cow_gaolao/cow_gaolao_0020.jpg,70df9bcb38347d565025c3463347221becb383b251f2ab62a3f24fd593d75e13,70df9bcb38347d565025c3463347221becb383b251f2ab62a3f24fd593d75e13,3944717cfaf7cdd5ff4f02622531ed39,11287
CAT_COW_GAOLAO_0011,cow_gaolao,Gaolao,cattle,train,dataset/expanded_82_breeds_v2/cattle/cow_gaolao/cow_gaolao_0011.jpg,2fbe3af1b4dc2f4954e113fd6f9f3357e54ade56af6f50224637ec9d13b96e30,2fbe3af1b4dc2f4954e113fd6f9f3357e54ade56af6f50224637ec9d13b96e30,5bc1c57a810decea08021ee9981fea3a,59227
CAT_COW_GAOLAO_0012,cow_gaolao,Gaolao,cattle,train,dataset/expanded_82_breeds_v2/cattle/cow_gaolao/cow_gaolao_0012.jpg,95ce5cba852b2cc85ea3114fee5d4daf231c9ff84f056d9779ccb5faf87e3890,95ce5cba852b2cc85ea3114fee5d4daf231c9ff84f056d9779ccb5faf87e3890,8144584dc90b849c707a3abea6417690,29847
CAT_COW_GAOLAO_0022,cow_gaolao,Gaolao,cattle,train,dataset/expanded_82_breeds_v2/cattle/cow_gaolao/cow_gaolao_0022.jpg,05ce84a0d32f493f91837db97547d0367848ba7a4462c65136ebb9c7a48e4f6d,05ce84a0d32f493f91837db97547d0367848ba7a4462c65136ebb9c7a48e4f6d,d7055139ba965b375a1884a807a6f229,1487712
CAT_COW_GAOLAO_0024,cow_gaolao,Gaolao,cattle,train,dataset/expanded_82_breeds_v2/cattle/cow_gaolao/cow_gaolao_0024.jpg,bccc374004e5ee9a36e27956d3af6add187fa3964c95db8e037adfd04bd196bc,bccc374004e5ee9a36e27956d3af6add187fa3964c95db8e037adfd04bd196bc,3bdf6a7ce82a46c88ec913fae413a454,2205787
CAT_COW_GAOLAO_0015,cow_gaolao,Gaolao,cattle,train,dataset/expanded_82_breeds_v2/cattle/cow_gaolao/cow_gaolao_0015.jpg,9115181095061f67b593711f78e11617d5b3d915027e4dad81dbb825de29b709,9115181095061f67b593711f78e11617d5b3d915027e4dad81dbb825de29b709,47c72daee0fd4f91b4d54759049f0769,1765861
CAT_COW_GAOLAO_0003,cow_gaolao,Gaolao,cattle,train,dataset/expanded_82_breeds_v2/cattle/cow_gaolao/cow_gaolao_0003.jpg,8fe87f7293709316d56c67837efa5619ddb180713fe02a0a7a72fd71ee477907,8fe87f7293709316d56c67837efa5619ddb180713fe02a0a7a72fd71ee477907,c526d4229855bc48bff58b3bbf39a3cc,683051
CAT_COW_GAOLAO_0007,cow_gaolao,Gaolao,cattle,train,dataset/expanded_82_breeds_v2/cattle/cow_gaolao/cow_gaolao_0007.jpg,9026dccd03526eeca04ac8f840e2e9693266faa81ea54488cc977cc59c530f9f,9026dccd03526eeca04ac8f840e2e9693266faa81ea54488cc977cc59c530f9f,8de025ad727c6f0cbbd7ceb72eade40b,1963850
CAT_COW_GAOLAO_0019,cow_gaolao,Gaolao,cattle,train,dataset/expanded_82_breeds_v2/cattle/cow_gaolao/cow_gaolao_0019.jpg,2d5757382ba79f201b601c4b88c42f3a7e13beab75c21112481c7377cb677697,2d5757382ba79f201b601c4b88c42f3a7e13beab75c21112481c7377cb677697,6e8e846824d3025f92fe826c23435b38,2545776
CAT_COW_GAOLAO_0008,cow_gaolao,Gaolao,cattle,train,dataset/expanded_82_breeds_v2/cattle/cow_gaolao/cow_gaolao_0008.jpg,348daa9b78d53e9be07a09dacb79977eb7eae26004dc78a6f0e46f3131038cb4,348daa9b78d53e9be07a09dacb79977eb7eae26004dc78a6f0e46f3131038cb4,6c9c5bffaf59fe0c863033aac5e2f3fc,268073
CAT_COW_GAOLAO_0016,cow_gaolao,Gaolao,cattle,train,dataset/expanded_82_breeds_v2/cattle/cow_gaolao/cow_gaolao_0016.jpg,8cc0f90837e50839675fd5ca7a34b001f575c0a14e27e61720a384df6b62c30e,8cc0f90837e50839675fd5ca7a34b001f575c0a14e27e61720a384df6b62c30e,b3fbda2f2ef2f25e1a6fb9b71c8f022b,2528283
CAT_COW_GAOLAO_0014,cow_gaolao,Gaolao,cattle,train,dataset/expanded_82_breeds_v2/cattle/cow_gaolao/cow_gaolao_0014.jpg,4f32f07d01620a71d043aa2db16c2906f6a0b75fcd772eb93b7c6262b0e63209,4f32f07d01620a71d043aa2db16c2906f6a0b75fcd772eb93b7c6262b0e63209,55a7e4563143ef60e78c2d49f47c69b9,1881897
CAT_COW_GAOLAO_0027,cow_gaolao,Gaolao,cattle,train,dataset/expanded_82_breeds_v2/cattle/cow_gaolao/cow_gaolao_0027.jpg,aaf34d899d4e244a6f1c35f16cb6c48d313f99b675bcb0e86e2ead9b9627ac4c,aaf34d899d4e244a6f1c35f16cb6c48d313f99b675bcb0e86e2ead9b9627ac4c,b2013a6834e4f1566c43d7a741114d75,1409906
CAT_COW_GAOLAO_0004,cow_gaolao,Gaolao,cattle,train,dataset/expanded_82_breeds_v2/cattle/cow_gaolao/cow_gaolao_0004.jpg,28dc88ed836ca5300a510870ba7b609ae65f37f2c507c962ae281b21b8d0ef86,28dc88ed836ca5300a510870ba7b609ae65f37f2c507c962ae281b21b8d0ef86,c5df3bf2705a1143f525e7c4de20efbe,459263
CAT_COW_GAOLAO_0005,cow_gaolao,Gaolao,cattle,train,dataset/expanded_82_breeds_v2/cattle/cow_gaolao/cow_gaolao_0005.jpg,32cc4644912abebffaf0e5ecc329f942402f7e49ddecef179dadc4a2ae07b53f,32cc4644912abebffaf0e5ecc329f942402f7e49ddecef179dadc4a2ae07b53f,6e18163ca95f7fc3b78860ee818ed524,351957
CAT_COW_GAOLAO_0032,cow_gaolao,Gaolao,cattle,train,dataset/expanded_82_breeds_v2/cattle/cow_gaolao/cow_gaolao_0032.jpg,eaaf8eb0de0136b261f744757d7d719e3e77dc6b5f8574ee7fe380a685cce48b,eaaf8eb0de0136b261f744757d7d719e3e77dc6b5f8574ee7fe380a685cce48b,691364e1972bc12c024912e3419a03c6,3104391
CAT_COW_GAOLAO_0006,cow_gaolao,Gaolao,cattle,train,dataset/expanded_82_breeds_v2/cattle/cow_gaolao/cow_gaolao_0006.jpg,6761bd834bd01dec6223c2812bc07fff940ed233d8b995de0124c9265ba1e83d,6761bd834bd01dec6223c2812bc07fff940ed233d8b995de0124c9265ba1e83d,1153e3fdcf7fc922a2a7ec32be4bf387,462020
CAT_COW_GAOLAO_0030,cow_gaolao,Gaolao,cattle,train,dataset/expanded_82_breeds_v2/cattle/cow_gaolao/cow_gaolao_0030.jpg,9444bb81cce44f57d7e9faf2cc316204b3f588f5ef861a5a8d0f1336848ab952,9444bb81cce44f57d7e9faf2cc316204b3f588f5ef861a5a8d0f1336848ab952,ab0e1e8bd78d59aa4eed8eb2388dcfee,2990011
CAT_COW_GAOLAO_0026,cow_gaolao,Gaolao,cattle,train,dataset/expanded_82_breeds_v2/cattle/cow_gaolao/cow_gaolao_0026.jpg,4157aed2ddda09bbfeca5f8fcee6d7764bdaa397c1a153358a1ac4d510966e62,4157aed2ddda09bbfeca5f8fcee6d7764bdaa397c1a153358a1ac4d510966e62,a508102195080058f16d94ea74f3619d,992678
CAT_COW_GAOLAO_0033,cow_gaolao,Gaolao,cattle,train,dataset/expanded_82_breeds_v2/cattle/cow_gaolao/cow_gaolao_0033.jpg,324bc4316e6ab2c8bab42ef76ab3575ad0e198f24e3669a6bf12f34011b4aa09,324bc4316e6ab2c8bab42ef76ab3575ad0e198f24e3669a6bf12f34011b4aa09,c0208c228849a7d36f09c77c34f22087,7316045
CAT_COW_GHUMUSARI_0001,cow_ghumusari,Ghumusari,cattle,train,dataset/expanded_82_breeds_v2/cattle/cow_ghumusari/ghumusari_0001.jpg,e80d65563301b40be97e912859397f8462e1c18e1351e8296819826899a7c304,e80d65563301b40be97e912859397f8462e1c18e1351e8296819826899a7c304,3e059a6fb3563d7118b30ad5bf06c089,18651
CAT_COW_GIR_0028,cow_gir,Gir,cattle,train,dataset/expanded_82_breeds_v2/cattle/cow_gir/gir_0028.jpg,3f0431bdf6044bdbfe689b43b38ff69e234150a740276232ca2ece1f7f9c273e,3f0431bdf6044bdbfe689b43b38ff69e234150a740276232ca2ece1f7f9c273e,92c32cca4bc9186e3603ee943aa8655c,6236089
CAT_COW_GIR_0016,cow_gir,Gir,cattle,train,dataset/expanded_82_breeds_v2/cattle/cow_gir/gir_0016.jpg,4d8d216fd4101bf7b6ea994dc6ebf6cf8e88588c210bade695c8ecb9dd72059f,4d8d216fd4101bf7b6ea994dc6ebf6cf8e88588c210bade695c8ecb9dd72059f,f8dc79f7e053cdd4f5da408a129007f1,2821630
CAT_COW_GIR_0024,cow_gir,Gir,cattle,train,dataset/expanded_82_breeds_v2/cattle/cow_gir/gir_0024.jpg,fa7d66695050d5e8186d45571bb1ddcaa4cfa5c9659fcbc7c769c997a7ace5fb,fa7d66695050d5e8186d45571bb1ddcaa4cfa5c9659fcbc7c769c997a7ace5fb,062dc398eacade42a89065e7779f472c,4111299
CAT_COW_GIR_0018,cow_gir,Gir,cattle,train,dataset/expanded_82_breeds_v2/cattle/cow_gir/gir_0018.jpg,53bf1737cbfe545b91c493271576bac76ce1e1bf74384a597226cb941f17a764,53bf1737cbfe545b91c493271576bac76ce1e1bf74384a597226cb941f17a764,5c35faf501c5aca9c72ddbb45f0dedad,1397061
CAT_COW_GIR_0009,cow_gir,Gir,cattle,train,dataset/expanded_82_breeds_v2/cattle/cow_gir/gir_0009.jpg,c36d231ece1c79e416a942f3a5858508d9cac09e1b1364170637dba66a86c6f0,c36d231ece1c79e416a942f3a5858508d9cac09e1b1364170637dba66a86c6f0,bf22751604e73f0cc5f549cd98b45945,4345280
CAT_COW_GIR_0010,cow_gir,Gir,cattle,train,dataset/expanded_82_breeds_v2/cattle/cow_gir/gir_0010.jpg,7d8824c6b6c9078f1b450ca53fbab9ac639b25eac35737484d5531f87920c422,7d8824c6b6c9078f1b450ca53fbab9ac639b25eac35737484d5531f87920c422,a8e3c1f2d71581aebbf6935f37c34eba,1781680
CAT_COW_GIR_0030,cow_gir,Gir,cattle,train,dataset/expanded_82_breeds_v2/cattle/cow_gir/gir_0030.jpg,ae7b21ce3d0794894a13e630339e9f3e21f6f602a4de239072b80f3b8515cbc2,ae7b21ce3d0794894a13e630339e9f3e21f6f602a4de239072b80f3b8515cbc2,3db613c1b9e60404394018f256d17c1d,5721824
CAT_COW_GIR_0025,cow_gir,Gir,cattle,train,dataset/expanded_82_breeds_v2/cattle/cow_gir/gir_0025.jpg,dc72cdd347f9d1fce28a50c27ead80da269f6b2b26240fe3e95cfbc1464f70fb,dc72cdd347f9d1fce28a50c27ead80da269f6b2b26240fe3e95cfbc1464f70fb,9f66ed3f0be3b5fc23143286692d02ee,6021272
CAT_COW_GIR_0013,cow_gir,Gir,cattle,train,dataset/expanded_82_breeds_v2/cattle/cow_gir/gir_0013.jpg,88901a9eb8558e8c42f97a13b620a8b8b0f2da064c1f6b0ea141c7cddb80d17a,88901a9eb8558e8c42f97a13b620a8b8b0f2da064c1f6b0ea141c7cddb80d17a,ea4d02a870cc3ddcb4fe60389b1f2bca,6664272
CAT_COW_GIR_0001,cow_gir,Gir,cattle,train,dataset/expanded_82_breeds_v2/cattle/cow_gir/gir_0001.jpg,2a5e27bf03b57f24e6de2d536b4a7d19093c6ff52f04dc2bb4e462c63c93d7df,2a5e27bf03b57f24e6de2d536b4a7d19093c6ff52f04dc2bb4e462c63c93d7df,1c9dab35a181862a189cbcabb911c65f,9632990
CAT_COW_GIR_0005,cow_gir,Gir,cattle,train,dataset/expanded_82_breeds_v2/cattle/cow_gir/gir_0005.jpg,a5e8d6caa83b81f3a0cbc031507456add88481fe3e90494aab73a1a773bef672,a5e8d6caa83b81f3a0cbc031507456add88481fe3e90494aab73a1a773bef672,089a9acf4f2c1c77d55a550cf8e6579a,871881
CAT_COW_GIR_0017,cow_gir,Gir,cattle,train,dataset/expanded_82_breeds_v2/cattle/cow_gir/gir_0017.jpg,80c73f5ffa46eedc9335075984bb3b4ef0c9de42f7946529674e8a7559d19e48,80c73f5ffa46eedc9335075984bb3b4ef0c9de42f7946529674e8a7559d19e48,e92ea41e7a3a8d9f0931d3db8c5c1606,76860
CAT_COW_GIR_0006,cow_gir,Gir,cattle,train,dataset/expanded_82_breeds_v2/cattle/cow_gir/gir_0006.jpg,8a1438141e4bb5178e1bfcfe8f141a39f67f6e6b3d2bd6dc2cf46c8aa39975d1,8a1438141e4bb5178e1bfcfe8f141a39f67f6e6b3d2bd6dc2cf46c8aa39975d1,7e714d141011114c4a88765e60f477c6,5308450
CAT_COW_GIR_0014,cow_gir,Gir,cattle,train,dataset/expanded_82_breeds_v2/cattle/cow_gir/gir_0014.jpg,8e5edf63a5a6e53f1086b41622ec5f2641d914384897298a494f720729d057f1,8e5edf63a5a6e53f1086b41622ec5f2641d914384897298a494f720729d057f1,504e636a000bb4c710e1bdb7e1c34661,1781422
CAT_COW_GIR_0012,cow_gir,Gir,cattle,train,dataset/expanded_82_breeds_v2/cattle/cow_gir/gir_0012.jpg,4a20f84bc97b15ba52733431d9f04f4414924cf926676b2bf19a84350609afce,4a20f84bc97b15ba52733431d9f04f4414924cf926676b2bf19a84350609afce,b4c081d580cc0194a064fab5bec40e31,4944652
CAT_COW_GIR_0023,cow_gir,Gir,cattle,train,dataset/expanded_82_breeds_v2/cattle/cow_gir/gir_0023.jpg,15b78dceeaa1d93f05c0b83452e241a57c6b94d59231c642a63806930207743e,15b78dceeaa1d93f05c0b83452e241a57c6b94d59231c642a63806930207743e,db90f9ba14506c4aa5a6093a3b1d2c1f,4711455
CAT_COW_GIR_0002,cow_gir,Gir,cattle,train,dataset/expanded_82_breeds_v2/cattle/cow_gir/gir_0002.jpg,2c429caacf825933f66b161234c5b41a2b32577542ec4a0e6dc276eb8fffc854,2c429caacf825933f66b161234c5b41a2b32577542ec4a0e6dc276eb8fffc854,de0be4394d605e2648c5c66fb0b5aac2,18307
CAT_COW_GIR_0003,cow_gir,Gir,cattle,train,dataset/expanded_82_breeds_v2/cattle/cow_gir/gir_0003.jpg,373562b9768d8db3562f5cf5cd88e2c46338c0a9bdc6171df17e965778e76751,373562b9768d8db3562f5cf5cd88e2c46338c0a9bdc6171df17e965778e76751,827f96272410f5c274caa5153da83fc0,129293
CAT_COW_GIR_0026,cow_gir,Gir,cattle,train,dataset/expanded_82_breeds_v2/cattle/cow_gir/gir_0026.jpg,546074aafc798ffafb7afa1c874e1728ea307c42a155305f0dcd4b79894f6ad5,546074aafc798ffafb7afa1c874e1728ea307c42a155305f0dcd4b79894f6ad5,10decb7686f6116dccc0ab3fb16bb2e9,579746
CAT_COW_GIR_0004,cow_gir,Gir,cattle,train,dataset/expanded_82_breeds_v2/cattle/cow_gir/gir_0004.jpg,ea43c80367a325b04dcd67908e734b07eb7d915ca87698c1459f150783bc8e3f,ea43c80367a325b04dcd67908e734b07eb7d915ca87698c1459f150783bc8e3f,1f7e265fe56ae75e81058ebf4ce6df88,1537154
CAT_COW_GIR_0022,cow_gir,Gir,cattle,train,dataset/expanded_82_breeds_v2/cattle/cow_gir/gir_0022.jpg,558f794ba5e40beb41c1079633e21c46b3b69ae77e63fd28fc3772c9c6d19194,558f794ba5e40beb41c1079633e21c46b3b69ae77e63fd28fc3772c9c6d19194,e5b006563585a56aca4fc3839e161c1d,616612
CAT_COW_HALLIKAR_0001,cow_hallikar,Hallikar,cattle,train,dataset/expanded_82_breeds_v2/cattle/cow_hallikar/hallikar_0001.jpg,50d7a358a9fe406b98f4f47df192d2f6c4f87e7607942f7b13b19cddef2a48cb,50d7a358a9fe406b98f4f47df192d2f6c4f87e7607942f7b13b19cddef2a48cb,f7db9eb0a51036481ca173b617b616ed,1461738
CAT_COW_HALLIKAR_0002,cow_hallikar,Hallikar,cattle,train,dataset/expanded_82_breeds_v2/cattle/cow_hallikar/hallikar_0002.jpg,3762697eff497605bccbcdae04ad948c54ba3020eee655920dcd433e55c8e7b1,3762697eff497605bccbcdae04ad948c54ba3020eee655920dcd433e55c8e7b1,6d43d6773a5bdb96dfc9b13ba53951ee,1088103
CAT_COW_HALLIKAR_0006,cow_hallikar,Hallikar,cattle,train,dataset/expanded_82_breeds_v2/cattle/cow_hallikar/hallikar_0006.jpg,faecd6f37f38284e55e6a85aedf1712887b1401739c3983225c98daba83f0640,faecd6f37f38284e55e6a85aedf1712887b1401739c3983225c98daba83f0640,b6723c92b4b0c9943b255355b19dd051,6812834
CAT_COW_HALLIKAR_0003,cow_hallikar,Hallikar,cattle,train,dataset/expanded_82_breeds_v2/cattle/cow_hallikar/hallikar_0003.jpg,3d6b3cd7b52daf5961bdddfc3ebbff1e1c64cf2fcbe4e511cd0e8f6f4a69efb8,3d6b3cd7b52daf5961bdddfc3ebbff1e1c64cf2fcbe4e511cd0e8f6f4a69efb8,08438bd530d54f43bdee3f889bcefe84,545147
CAT_COW_HARIANA_0001,cow_hariana,Hariana,cattle,train,dataset/expanded_82_breeds_v2/cattle/cow_hariana/hariana_0001.jpg,feb13d255d4f982e448fc1436b22a5f22413afd2b459298bd4b63da4a52eff5b,feb13d255d4f982e448fc1436b22a5f22413afd2b459298bd4b63da4a52eff5b,0be59d809206c0e9aaff7374c3229506,5111084
CAT_COW_HIMACHALI_PAHARI_0002,cow_himachali_pahari,Himachali Pahari,cattle,train,dataset/expanded_82_breeds_v2/cattle/cow_himachali_pahari/himachali_pahari_0002.jpg,662ea92d6ca579ccd5ce2a82bb96c302f8e762a062a95443c57eaea2b3be192f,662ea92d6ca579ccd5ce2a82bb96c302f8e762a062a95443c57eaea2b3be192f,fa334f5d56dd391dc9e4a63b5fc9081d,220455
CAT_COW_KANGAYAM_0001,cow_kangayam,Kangayam,cattle,train,dataset/expanded_82_breeds_v2/cattle/cow_kangayam/kangayam_0001.jpg,5d7fe6c7216bba4f6b51f18351d510dea7ca5f0980690f00ddea02dc3033d538,5d7fe6c7216bba4f6b51f18351d510dea7ca5f0980690f00ddea02dc3033d538,d4aed9535c57fb684cd5f1403e1e95fa,252283
CAT_COW_KANGAYAM_0002,cow_kangayam,Kangayam,cattle,train,dataset/expanded_82_breeds_v2/cattle/cow_kangayam/kangayam_0002.jpg,4c7e3a1903193a95adc5f5f5dd052d5cd44d81c5f47d98194bd909e1db3997f9,4c7e3a1903193a95adc5f5f5dd052d5cd44d81c5f47d98194bd909e1db3997f9,d392dcc1dc2230d830362c13a9d68663,2734621
CAT_COW_KANGAYAM_0006,cow_kangayam,Kangayam,cattle,train,dataset/expanded_82_breeds_v2/cattle/cow_kangayam/kangayam_0006.jpg,0d1e4b671a34ba203b9fb393d0dc0eeaedeb30a179611051e95d4d8098d49c30,0d1e4b671a34ba203b9fb393d0dc0eeaedeb30a179611051e95d4d8098d49c30,bbabacf2e72b2f0201ad5240cab80f63,3161108
CAT_COW_KANGAYAM_0016,cow_kangayam,Kangayam,cattle,train,dataset/expanded_82_breeds_v2/cattle/cow_kangayam/kangayam_0016.jpg,e3b60fdf2ff7022a4309b1f6d7de52ed95a6f1517c6475f3757e423f7e7a6523,e3b60fdf2ff7022a4309b1f6d7de52ed95a6f1517c6475f3757e423f7e7a6523,d7997382f5f16cf5ab8564596c82ba8a,1877397
CAT_COW_KANGAYAM_0012,cow_kangayam,Kangayam,cattle,train,dataset/expanded_82_breeds_v2/cattle/cow_kangayam/kangayam_0012.jpg,511e76da95745b5d487b5de83e3fe69b06ebfaa412fbd346e37b5c338bdd3370,511e76da95745b5d487b5de83e3fe69b06ebfaa412fbd346e37b5c338bdd3370,5f7fdc40509632246f04c81f2cc2c644,5053694
CAT_COW_KANGAYAM_0015,cow_kangayam,Kangayam,cattle,train,dataset/expanded_82_breeds_v2/cattle/cow_kangayam/kangayam_0015.jpg,2ba0b0eab80c194dd5b0ecbb772710a2a83b72e0a99cfc577bf5bc4a5393b27f,2ba0b0eab80c194dd5b0ecbb772710a2a83b72e0a99cfc577bf5bc4a5393b27f,768c308657ea71f7689877a1c6fb7e0c,1965318
CAT_COW_KANGAYAM_0009,cow_kangayam,Kangayam,cattle,train,dataset/expanded_82_breeds_v2/cattle/cow_kangayam/kangayam_0009.jpg,879a8f5403ed2e87113dc45d5ee5efc46596178ded7724801489d5c12f6ffaf2,879a8f5403ed2e87113dc45d5ee5efc46596178ded7724801489d5c12f6ffaf2,722e5644ee91d651457970b4439ca062,373211
CAT_COW_KANGAYAM_0014,cow_kangayam,Kangayam,cattle,train,dataset/expanded_82_breeds_v2/cattle/cow_kangayam/kangayam_0014.jpg,ab08c1856a73da3afc3db9ffea02ed2a27c95f7b9e3f1b91f4ea471e98d5a832,ab08c1856a73da3afc3db9ffea02ed2a27c95f7b9e3f1b91f4ea471e98d5a832,5d8c6559a710696bdfa27dd371285793,1238223
CAT_COW_KANGAYAM_0003,cow_kangayam,Kangayam,cattle,train,dataset/expanded_82_breeds_v2/cattle/cow_kangayam/kangayam_0003.jpg,533d12f3ac4094ce49c3c1f931ed4fcfbede4a8463ec769e06b4af52f3c70188,533d12f3ac4094ce49c3c1f931ed4fcfbede4a8463ec769e06b4af52f3c70188,a34bec68f98efe5bf19765d5d594c5d7,2340001
CAT_COW_KANGAYAM_0010,cow_kangayam,Kangayam,cattle,train,dataset/expanded_82_breeds_v2/cattle/cow_kangayam/kangayam_0010.jpg,987b96a3b517880d2d3057e13c4fdb291fef92849eba5c58c81e96cd11471d8a,987b96a3b517880d2d3057e13c4fdb291fef92849eba5c58c81e96cd11471d8a,b1faa31c18d9314303f2d847b270b6b6,410937
CAT_COW_KANGAYAM_0017,cow_kangayam,Kangayam,cattle,train,dataset/expanded_82_breeds_v2/cattle/cow_kangayam/kangayam_0017.jpg,dc5332525b5f8834a04f66382b70d454859d5a4bca1abb34649347e5aa9f7a59,dc5332525b5f8834a04f66382b70d454859d5a4bca1abb34649347e5aa9f7a59,3bc6f92435360052f0789e453256d047,1767454
CAT_COW_KANKREJ_0010,cow_kankrej,Kankrej,cattle,train,dataset/expanded_82_breeds_v2/cattle/cow_kankrej/kankrej_0010.jpg,f3bab42b53068e672238c9ab006d13718713ae08803eabebf4b16ee34d9b8017,f3bab42b53068e672238c9ab006d13718713ae08803eabebf4b16ee34d9b8017,e98d9a2eb07ac6b3ce5bf0e75adecaad,5825461
CAT_COW_KANKREJ_0012,cow_kankrej,Kankrej,cattle,train,dataset/expanded_82_breeds_v2/cattle/cow_kankrej/kankrej_0012.jpg,fe1d10018b351904c53e775f1ed8145dd5d585a0ec6e2564bf97d35a062953dd,fe1d10018b351904c53e775f1ed8145dd5d585a0ec6e2564bf97d35a062953dd,dbf1c55f91960c1a9fa38da752e6c95d,1852302
CAT_COW_KANKREJ_0001,cow_kankrej,Kankrej,cattle,train,dataset/expanded_82_breeds_v2/cattle/cow_kankrej/kankrej_0001.jpg,e35a951386903b93bfaf461b8cfcd1d7f4293ab16c6828e9f98356697e8d167f,e35a951386903b93bfaf461b8cfcd1d7f4293ab16c6828e9f98356697e8d167f,baf4406959788f99b785d7f1739d706b,3110723
CAT_COW_KANKREJ_0015,cow_kankrej,Kankrej,cattle,train,dataset/expanded_82_breeds_v2/cattle/cow_kankrej/kankrej_0015.jpg,c7f068786a83762708b6825ce7513d89768eb1907589a819bf9c164972ec503e,c7f068786a83762708b6825ce7513d89768eb1907589a819bf9c164972ec503e,7a93871c9e0f28d88179a93216071f90,384633
CAT_COW_KANKREJ_0006,cow_kankrej,Kankrej,cattle,train,dataset/expanded_82_breeds_v2/cattle/cow_kankrej/kankrej_0006.jpg,ff58dfec937b58b6cdbf585f0a369f40f5c437aa34a95fad16ccfe2466aadc10,ff58dfec937b58b6cdbf585f0a369f40f5c437aa34a95fad16ccfe2466aadc10,a1464f2573767127058e9332aa9b58de,563265
CAT_COW_KANKREJ_0009,cow_kankrej,Kankrej,cattle,train,dataset/expanded_82_breeds_v2/cattle/cow_kankrej/kankrej_0009.jpg,c0274845ac08253204e8ce9c2d39ed60d85fdb4f82ce9dbd47b0188936e3c49c,c0274845ac08253204e8ce9c2d39ed60d85fdb4f82ce9dbd47b0188936e3c49c,ddaed5bbc6b03937ce8da61fdc66831f,4655068
CAT_COW_KANKREJ_0003,cow_kankrej,Kankrej,cattle,train,dataset/expanded_82_breeds_v2/cattle/cow_kankrej/kankrej_0003.jpg,133319de06e225d6909d807d4303adb3fc0fd7d8026f5b0a4e628a2e0b0e4eb9,133319de06e225d6909d807d4303adb3fc0fd7d8026f5b0a4e628a2e0b0e4eb9,4180c6aa8e0c1d0b569f4355fb79cdaf,2092060
CAT_COW_KANKREJ_0002,cow_kankrej,Kankrej,cattle,train,dataset/expanded_82_breeds_v2/cattle/cow_kankrej/kankrej_0002.jpg,19d2e0e661efbfb434d04055aecd7663d370a97744c18c14df0ded22e9e80e97,19d2e0e661efbfb434d04055aecd7663d370a97744c18c14df0ded22e9e80e97,32be093e46bdad336be2a6b55bb40e13,771385
CAT_COW_KANKREJ_0016,cow_kankrej,Kankrej,cattle,train,dataset/expanded_82_breeds_v2/cattle/cow_kankrej/kankrej_0016.jpg,f8f7c6718058e7a0972eea4fe1c849e63ecde6645b8ad768b6c12914e517f3a9,f8f7c6718058e7a0972eea4fe1c849e63ecde6645b8ad768b6c12914e517f3a9,8002624b113c6b69d104115cee7fd4f4,364667
CAT_COW_KANKREJ_0005,cow_kankrej,Kankrej,cattle,train,dataset/expanded_82_breeds_v2/cattle/cow_kankrej/kankrej_0005.jpg,2e1308606bac8b1f5c9ad499b26bf8e51da632c4dc2b0cd6a280bd9c03f24c41,2e1308606bac8b1f5c9ad499b26bf8e51da632c4dc2b0cd6a280bd9c03f24c41,b9f263eeb916b46a9c92b34073199493,756098
CAT_COW_KANKREJ_0008,cow_kankrej,Kankrej,cattle,train,dataset/expanded_82_breeds_v2/cattle/cow_kankrej/kankrej_0008.jpg,97cfc33bae1077138944506eca8f05b0eea9341da760f57cbebd893ab1f2b3c7,97cfc33bae1077138944506eca8f05b0eea9341da760f57cbebd893ab1f2b3c7,69564af4d7eaad0ffb934ea9ca46df86,8425254
CAT_COW_KATHANI_0002,cow_kathani,Kathani,cattle,train,dataset/expanded_82_breeds_v2/cattle/cow_kathani/kathani_0002.jpg,6d0cf646031d319c3f2792a2e0ebe96d78a9cfea2dba95406d9c0cb82452f609,6d0cf646031d319c3f2792a2e0ebe96d78a9cfea2dba95406d9c0cb82452f609,871e0f33e25de53cfb1ccb28b2d0e6c9,27478
CAT_COW_KENKATHA_0002,cow_kenkatha,Kenkatha,cattle,train,dataset/expanded_82_breeds_v2/cattle/cow_kenkatha/kenkatha_0002.jpg,ae20a6133d690f8fe6987e008bfd127a2e40fce32766682ea51638a844efa94f,ae20a6133d690f8fe6987e008bfd127a2e40fce32766682ea51638a844efa94f,4b4edcfbc2b512441c242adc0d7480c8,5783368
CAT_COW_KHARIAR_0001,cow_khariar,Khariar,cattle,train,dataset/expanded_82_breeds_v2/cattle/cow_khariar/khariar_0001.jpg,1d92edf8c10a72cf1d2ff89b8c509985456ef16e5552576fb1f23ff5089605aa,1d92edf8c10a72cf1d2ff89b8c509985456ef16e5552576fb1f23ff5089605aa,bba88d372407774c625ba0c55fefc849,34115
CAT_COW_KHERIGARH_0002,cow_kherigarh,Kherigarh,cattle,train,dataset/expanded_82_breeds_v2/cattle/cow_kherigarh/kherigarh_0002.jpg,b857c7731088877c23d6a82079b23e2923c50bb6c2f6369daa81db5c575274ed,b857c7731088877c23d6a82079b23e2923c50bb6c2f6369daa81db5c575274ed,825f6e70ea52cae9900eb7a273282c51,6139651
CAT_COW_KHILLAR_0002,cow_khillar,Khillar,cattle,train,dataset/expanded_82_breeds_v2/cattle/cow_khillar/khillar_0002.jpg,7504e35976f58dfa4a9ce88412fc94069c6c77c3f29df542a6218c7e80b0f8ba,7504e35976f58dfa4a9ce88412fc94069c6c77c3f29df542a6218c7e80b0f8ba,84d904bd4f6b5669bc0ba4f994674963,6124598
CAT_COW_KONKAN_KAPILA_0002,cow_konkan_kapila,Konkan Kapila,cattle,train,dataset/expanded_82_breeds_v2/cattle/cow_konkan_kapila/konkan_kapila_0002.jpg,ebc71fc7ac7563205130b662a85d45f731e660fec34d187867db428847793eaa,ebc71fc7ac7563205130b662a85d45f731e660fec34d187867db428847793eaa,0c2298728b8fe24152df2ed1e4206c0a,148592
CAT_COW_KOPPAL_0001,cow_koppal,Koppal,cattle,train,dataset/expanded_82_breeds_v2/cattle/cow_koppal/koppal_0001.jpg,86b1d104c2a835d91436ad3827c0a5fa69f8087f13d47dd027e137177fcb7a9c,86b1d104c2a835d91436ad3827c0a5fa69f8087f13d47dd027e137177fcb7a9c,0355193ca8fffb2b29cf5110bc9bb3c4,6115120
CAT_COW_KOSALI_0001,cow_kosali,Kosali,cattle,train,dataset/expanded_82_breeds_v2/cattle/cow_kosali/kosali_0001.jpg,75226a6ed9ec3248aa53323359a658e7feb647ab08925ef265099c5b67ef8a1a,75226a6ed9ec3248aa53323359a658e7feb647ab08925ef265099c5b67ef8a1a,06a1e89488b57cc670c767dabba1ec6a,22126
CAT_COW_KRISHNA_VALLEY_0002,cow_krishna_valley,Krishna Valley,cattle,train,dataset/expanded_82_breeds_v2/cattle/cow_krishna_valley/krishna_valley_0002.jpg,2a70cc6ec057302cbbb4ececfd41997fed1362fa863775672c9335b2f1d016f9,2a70cc6ec057302cbbb4ececfd41997fed1362fa863775672c9335b2f1d016f9,d5f9c57023399a00191369a3827f326f,6612125
CAT_COW_LADAKHI_0002,cow_ladakhi,Ladakhi,cattle,train,dataset/expanded_82_breeds_v2/cattle/cow_ladakhi/ladakhi_0002.jpg,039173eecec00477c5c9de1cf93d090c345fcfcfac6248f6fb4b3f07bec9cadc,039173eecec00477c5c9de1cf93d090c345fcfcfac6248f6fb4b3f07bec9cadc,064a2a7058f37cee8eddf164b558437f,3022708
CAT_COW_LADAKHI_0005,cow_ladakhi,Ladakhi,cattle,train,dataset/expanded_82_breeds_v2/cattle/cow_ladakhi/ladakhi_0005.jpg,97d3c5d90f3cf3b98f14768e1e61f7aedb900c3c72baf2128233d439a459b4b6,97d3c5d90f3cf3b98f14768e1e61f7aedb900c3c72baf2128233d439a459b4b6,e8f32a5d078e986ac80352e44500b2d1,3444507
CAT_COW_LADAKHI_0003,cow_ladakhi,Ladakhi,cattle,train,dataset/expanded_82_breeds_v2/cattle/cow_ladakhi/ladakhi_0003.jpg,466d7022a49d2ca2dfdd72bf27582f8e839431485183dbed7a14572684bbcd62,466d7022a49d2ca2dfdd72bf27582f8e839431485183dbed7a14572684bbcd62,6422992fdbc2da78d57457f224d0d652,2984564
CAT_COW_LAKHIMI_0002,cow_lakhimi,Lakhimi,cattle,train,dataset/expanded_82_breeds_v2/cattle/cow_lakhimi/lakhimi_0002.jpg,313af9be72d97032ffa339cff96993f42f400a3b0520a583e0ee8e6034e91fdf,313af9be72d97032ffa339cff96993f42f400a3b0520a583e0ee8e6034e91fdf,7f3e0b13213eb27e50eebc5e61762302,121459
CAT_COW_MAHAKAUSHALI_0002,cow_mahakaushali,Mahakaushali,cattle,train,dataset/expanded_82_breeds_v2/cattle/cow_mahakaushali/mahakaushali_0002.jpg,4edb4ae1f8f4a5497d9ada099276620953cd3a075ac00600a5dad0338bd50b21,4edb4ae1f8f4a5497d9ada099276620953cd3a075ac00600a5dad0338bd50b21,38ffee25c0d3edd7a7064cb3aaec4198,233934
CAT_COW_MALNAD_GIDDA_0002,cow_malnad_gidda,Malnad Gidda,cattle,train,dataset/expanded_82_breeds_v2/cattle/cow_malnad_gidda/malnad_gidda_0002.jpg,1cdaf1512231b59df6b84e628dc2c92d012548bbfb1f161fce7d8cd2e3e5609f,1cdaf1512231b59df6b84e628dc2c92d012548bbfb1f161fce7d8cd2e3e5609f,2f00aa456652cdd0076185f919f75bc4,5340136
CAT_COW_MALVI_0001,cow_malvi,Malvi,cattle,train,dataset/expanded_82_breeds_v2/cattle/cow_malvi/malvi_0001.jpg,678ba3abb596d53192d17b9eed76e25a2da7ef5c8df97fcac66c17623780c74c,678ba3abb596d53192d17b9eed76e25a2da7ef5c8df97fcac66c17623780c74c,a952829388f6d76b339ba3f7e9542100,5503334
CAT_COW_MASILUM_0002,cow_masilum,Masilum,cattle,train,dataset/expanded_82_breeds_v2/cattle/cow_masilum/masilum_0002.jpg,31b7df408f270353bedc9fe391c6a03b45db630d876e2150bf0f4c5cafb184b0,31b7df408f270353bedc9fe391c6a03b45db630d876e2150bf0f4c5cafb184b0,3f141722a90eaa2a489b88c856ba2895,34388
CAT_COW_MEDINI_0001,cow_medini,Medini,cattle,train,dataset/expanded_82_breeds_v2/cattle/cow_medini/medini_0001.jpg,8c0eaae7f74dfb08a39f3c9d9069efbf82bbe8b5e0bfa7ce7f1dbe46a84c4633,8c0eaae7f74dfb08a39f3c9d9069efbf82bbe8b5e0bfa7ce7f1dbe46a84c4633,750e0b5a79704274b114d22d12cee07f,1686010
CAT_COW_MEWATI_0002,cow_mewati,Mewati,cattle,train,dataset/expanded_82_breeds_v2/cattle/cow_mewati/mewati_0002.jpg,bac3bc489e40194dc84d3106b5d27f63e6b8ddb50569109d2cd6309ab24d1afe,bac3bc489e40194dc84d3106b5d27f63e6b8ddb50569109d2cd6309ab24d1afe,57b693bda406942f3b65423f94ece34f,35297
CAT_COW_MOTU_0002,cow_motu,Motu,cattle,train,dataset/expanded_82_breeds_v2/cattle/cow_motu/motu_0002.jpg,0b000c2bb33f1657a885d85106aa8506d99beb114141157564dc889de84e6d9f,0b000c2bb33f1657a885d85106aa8506d99beb114141157564dc889de84e6d9f,58118edb7e73f00a8f26d081d314cf7f,1616990
CAT_COW_NAGORI_0001,cow_nagori,Nagori,cattle,train,dataset/expanded_82_breeds_v2/cattle/cow_nagori/nagori_0001.jpg,4179b149e75d27c109a47375fbd42d3707653805b781406dbd1d4e04e035134d,4179b149e75d27c109a47375fbd42d3707653805b781406dbd1d4e04e035134d,2b72dc95b1e989e7ed45cd2f3f86788d,235887
CAT_COW_NAGORI_0002,cow_nagori,Nagori,cattle,train,dataset/expanded_82_breeds_v2/cattle/cow_nagori/nagori_0002.jpg,e2cb83d85f20ea9e5ec453f6f0daf8754f82bb82b5948fec46127dee81a68ff2,e2cb83d85f20ea9e5ec453f6f0daf8754f82bb82b5948fec46127dee81a68ff2,ff140c719af79950a7f9859785bd75cd,4278781
CAT_COW_NAGORI_0006,cow_nagori,Nagori,cattle,train,dataset/expanded_82_breeds_v2/cattle/cow_nagori/nagori_0006.jpg,0626d18ba3b7794673301658832198c3263ecb5b409205f0ee89ac45ff70fa8d,0626d18ba3b7794673301658832198c3263ecb5b409205f0ee89ac45ff70fa8d,b59f74478110465d8639e00d51ce923c,5980659
CAT_COW_NAGORI_0016,cow_nagori,Nagori,cattle,train,dataset/expanded_82_breeds_v2/cattle/cow_nagori/nagori_0016.jpg,b359116c62773d9cd5467f0a549bcfe882cda4377522b5412b93d31c7a2b0d0a,b359116c62773d9cd5467f0a549bcfe882cda4377522b5412b93d31c7a2b0d0a,9c42d3a57acc8454785375d3a97f576a,3689285
CAT_COW_NAGORI_0012,cow_nagori,Nagori,cattle,train,dataset/expanded_82_breeds_v2/cattle/cow_nagori/nagori_0012.jpg,13c9fd2e97ae9b8c27d681294de9b9c4174dcf6c4f10a2aa19c36c7002c97a88,13c9fd2e97ae9b8c27d681294de9b9c4174dcf6c4f10a2aa19c36c7002c97a88,a5838ca710a052f6b8028fce7d4f187c,2952164
CAT_COW_NAGORI_0015,cow_nagori,Nagori,cattle,train,dataset/expanded_82_breeds_v2/cattle/cow_nagori/nagori_0015.jpg,242bec24901bdb89a08d91ff7d739df969a20fe38ccc632fa70db55857c403f8,242bec24901bdb89a08d91ff7d739df969a20fe38ccc632fa70db55857c403f8,29bed3bb55b8fb4af06fb0a025c7284c,4342293
CAT_COW_NAGORI_0009,cow_nagori,Nagori,cattle,train,dataset/expanded_82_breeds_v2/cattle/cow_nagori/nagori_0009.jpg,fa5be4b707e58d8760074389ffbbb57649037237b226950a517d2f2b258ec288,fa5be4b707e58d8760074389ffbbb57649037237b226950a517d2f2b258ec288,d70558710a093301f5faedab1a835297,36162
CAT_COW_NAGORI_0014,cow_nagori,Nagori,cattle,train,dataset/expanded_82_breeds_v2/cattle/cow_nagori/nagori_0014.jpg,a72baa005cb183184d9bc309f16c99631118664815082e27c4926d5684f0bcad,a72baa005cb183184d9bc309f16c99631118664815082e27c4926d5684f0bcad,a4b10b0ec99c83523cca0119205d26cc,5803644
CAT_COW_NAGORI_0003,cow_nagori,Nagori,cattle,train,dataset/expanded_82_breeds_v2/cattle/cow_nagori/nagori_0003.jpg,3dac423213a628d47e57687078ffad074f7c2ef122e360129d86985223d9d515,3dac423213a628d47e57687078ffad074f7c2ef122e360129d86985223d9d515,430d23ff4238db6be0b7e84b2adc1d54,645220
CAT_COW_NAGORI_0010,cow_nagori,Nagori,cattle,train,dataset/expanded_82_breeds_v2/cattle/cow_nagori/nagori_0010.jpg,3f1fb924c0b6f368ec5acb6ae93df67b46bf800a179ec4603c07aaee54ed4dc0,3f1fb924c0b6f368ec5acb6ae93df67b46bf800a179ec4603c07aaee54ed4dc0,d26df8065aaa98a2337e126a68eca777,4754196
CAT_COW_NAGORI_0017,cow_nagori,Nagori,cattle,train,dataset/expanded_82_breeds_v2/cattle/cow_nagori/nagori_0017.jpg,42f9a492842307af6531ba6cf49b7d7fd0512c4cb413dde774c9f287602d0cd1,42f9a492842307af6531ba6cf49b7d7fd0512c4cb413dde774c9f287602d0cd1,764107c9d965bf24762fc957422b369d,120180
CAT_COW_NARI_0001,cow_nari,Nari,cattle,train,dataset/expanded_82_breeds_v2/cattle/cow_nari/nari_0001.jpg,297f46352b10c6a44f675a5916f8b79320545f8f4f9486a119390f76bfc969bf,297f46352b10c6a44f675a5916f8b79320545f8f4f9486a119390f76bfc969bf,9b2f627230fb730ba1130c07e87c6196,148652
CAT_COW_NIMARI_0011,cow_nimari,Nimari,cattle,train,dataset/expanded_82_breeds_v2/cattle/cow_nimari/nimari_0011.jpg,308257f3dfd65495f979d15e06277fa06a26b83b51aaeb9eb9fa2f1ca4afc1a4,308257f3dfd65495f979d15e06277fa06a26b83b51aaeb9eb9fa2f1ca4afc1a4,1f095915658d8606e9c0d23ebfab216b,5514767
CAT_COW_NIMARI_0010,cow_nimari,Nimari,cattle,train,dataset/expanded_82_breeds_v2/cattle/cow_nimari/nimari_0010.jpg,cc9e3ba666d9246b9aaf8aa6d4da3c1ee625a7e3df1520f2bdb599a034751dfa,cc9e3ba666d9246b9aaf8aa6d4da3c1ee625a7e3df1520f2bdb599a034751dfa,ad867266d9591fd0bf3e7687406c6a54,5958525
CAT_COW_NIMARI_0001,cow_nimari,Nimari,cattle,train,dataset/expanded_82_breeds_v2/cattle/cow_nimari/nimari_0001.jpg,d2cd885b4544224f048b2a05fdb1fe5719cd5281b50fbd2b8f96bf6b15a9b5d9,d2cd885b4544224f048b2a05fdb1fe5719cd5281b50fbd2b8f96bf6b15a9b5d9,2e2888cd04e075ccd84979a052088ba9,9266038
CAT_COW_NIMARI_0009,cow_nimari,Nimari,cattle,train,dataset/expanded_82_breeds_v2/cattle/cow_nimari/nimari_0009.jpg,ac439119254d622553f9d2a709f7e0834da7e8edf64bc203bf8456d6add2d373,ac439119254d622553f9d2a709f7e0834da7e8edf64bc203bf8456d6add2d373,0e041a70d972a55a8b3cc2eb60da0c97,7017037
CAT_COW_NIMARI_0006,cow_nimari,Nimari,cattle,train,dataset/expanded_82_breeds_v2/cattle/cow_nimari/nimari_0006.jpg,cf06184026ee3c69feb4951a27de533b6266f37937202b656e8adf71f8f32ec7,cf06184026ee3c69feb4951a27de533b6266f37937202b656e8adf71f8f32ec7,06b338cd8db4caf94206d8a95af03b02,1297172
CAT_COW_NIMARI_0003,cow_nimari,Nimari,cattle,train,dataset/expanded_82_breeds_v2/cattle/cow_nimari/nimari_0003.jpg,716a4e5b2be054a74f22ecee16b90696e8ac4dcd6dd656933c92c95bca2e08eb,716a4e5b2be054a74f22ecee16b90696e8ac4dcd6dd656933c92c95bca2e08eb,b0256ebbc1d5af680fff059cc03431d0,581308
CAT_COW_NIMARI_0002,cow_nimari,Nimari,cattle,train,dataset/expanded_82_breeds_v2/cattle/cow_nimari/nimari_0002.jpg,4e27212e8bf820b928748687cde5188afdadd82aa760a32ba799e3757c83758e,4e27212e8bf820b928748687cde5188afdadd82aa760a32ba799e3757c83758e,05edd8a3db9617e73a0776a52fd3b88f,1394367
CAT_COW_NIMARI_0012,cow_nimari,Nimari,cattle,train,dataset/expanded_82_breeds_v2/cattle/cow_nimari/nimari_0012.jpg,0a2986259b611e10c1505427d4dcad9643531a5e004322a8f60bf826d897805a,0a2986259b611e10c1505427d4dcad9643531a5e004322a8f60bf826d897805a,a480227a129d3690422fcb0594c4d085,1360598
CAT_COW_ONGOLE_0028,cow_ongole,Ongole,cattle,train,dataset/expanded_82_breeds_v2/cattle/cow_ongole/ongole_0028.jpg,4fc485f0aa36ff8849ccc9a9bdfef67e874e4e632d1a8baaf27fa5ccc25c1147,4fc485f0aa36ff8849ccc9a9bdfef67e874e4e632d1a8baaf27fa5ccc25c1147,d67b9e56e6c4715b88813eb6f56d51cf,6549408
CAT_COW_ONGOLE_0017,cow_ongole,Ongole,cattle,train,dataset/expanded_82_breeds_v2/cattle/cow_ongole/ongole_0017.jpg,701759b39bb20529374db88bd381a51ec6e248480fc2c5826bad809bf66947e6,701759b39bb20529374db88bd381a51ec6e248480fc2c5826bad809bf66947e6,293b1b171eef90a5f5f25d9fb6d06eea,419992
CAT_COW_ONGOLE_0013,cow_ongole,Ongole,cattle,train,dataset/expanded_82_breeds_v2/cattle/cow_ongole/ongole_0013.jpg,69531e79ee6a4051eca4c269b04259e4557373f6c334b38f616f14e6f76863d1,69531e79ee6a4051eca4c269b04259e4557373f6c334b38f616f14e6f76863d1,1402e5dda95cbe39243e28a0f8b6588d,7383711
CAT_COW_ONGOLE_0023,cow_ongole,Ongole,cattle,train,dataset/expanded_82_breeds_v2/cattle/cow_ongole/ongole_0023.jpg,05ae2d41cd610d681cb8c63c7ee652e965775ffcbe19c50373527a77b226ac93,05ae2d41cd610d681cb8c63c7ee652e965775ffcbe19c50373527a77b226ac93,ee7e407295c3def28acbdd9417e3bc0c,5934859
CAT_COW_ONGOLE_0009,cow_ongole,Ongole,cattle,train,dataset/expanded_82_breeds_v2/cattle/cow_ongole/ongole_0009.jpg,a8ae96ef46a85d4c7a7211ca88245c40fe8b92e1fe1bdf69b4e7607c30140c2b,a8ae96ef46a85d4c7a7211ca88245c40fe8b92e1fe1bdf69b4e7607c30140c2b,6b0b95f8ec65cff888df4b851676600c,950744
CAT_COW_ONGOLE_0010,cow_ongole,Ongole,cattle,train,dataset/expanded_82_breeds_v2/cattle/cow_ongole/ongole_0010.jpg,2ea919e2dbca10eb1dafcc24a2e111151fc3bb64333ab750f3a60add39211bc5,2ea919e2dbca10eb1dafcc24a2e111151fc3bb64333ab750f3a60add39211bc5,f93ed4f3b9149737ebfef0b46a403ae7,3806779
CAT_COW_ONGOLE_0022,cow_ongole,Ongole,cattle,train,dataset/expanded_82_breeds_v2/cattle/cow_ongole/ongole_0022.jpg,643b98fe958e410319384ef43b04cf2632428c37b4e200d652ec0948cd76b22d,643b98fe958e410319384ef43b04cf2632428c37b4e200d652ec0948cd76b22d,5658cd419213ecf9af378868af9d5432,1249870
CAT_COW_ONGOLE_0001,cow_ongole,Ongole,cattle,train,dataset/expanded_82_breeds_v2/cattle/cow_ongole/ongole_0001.jpg,3f56ab905113c64ba73a38e37feba91e4ba5b4152983437e93c0c8fbbc9875af,3f56ab905113c64ba73a38e37feba91e4ba5b4152983437e93c0c8fbbc9875af,948233c2a9dcb78393ca1392466b9590,581447
CAT_COW_ONGOLE_0027,cow_ongole,Ongole,cattle,train,dataset/expanded_82_breeds_v2/cattle/cow_ongole/ongole_0027.jpg,c1de0c35219d0339c9f19709a87415daf19f52cc62e3d2dc0244579226def60c,c1de0c35219d0339c9f19709a87415daf19f52cc62e3d2dc0244579226def60c,b015f466e08dadab3a2a7734317f10af,6384583
CAT_COW_ONGOLE_0014,cow_ongole,Ongole,cattle,train,dataset/expanded_82_breeds_v2/cattle/cow_ongole/ongole_0014.jpg,6982a501c0221feabdcd6c9af2866df58447ada13b676b790384d6b550e0f51a,6982a501c0221feabdcd6c9af2866df58447ada13b676b790384d6b550e0f51a,49f7a098e9d748a61824b5122e57ddde,452395
CAT_COW_ONGOLE_0016,cow_ongole,Ongole,cattle,train,dataset/expanded_82_breeds_v2/cattle/cow_ongole/ongole_0016.jpg,734dc27b80d7035ea6a79ad63bf93db4964c2b4fa0e9bcb6ce4d1b95b7c3f4e9,734dc27b80d7035ea6a79ad63bf93db4964c2b4fa0e9bcb6ce4d1b95b7c3f4e9,d6b3bc72945d0a95cd8ff88d6b0a208a,449685
CAT_COW_ONGOLE_0012,cow_ongole,Ongole,cattle,train,dataset/expanded_82_breeds_v2/cattle/cow_ongole/ongole_0012.jpg,d8880ff9218b0f30b7da0659a2c0a4765672e09cb70697311cf7b3e9cf6618aa,d8880ff9218b0f30b7da0659a2c0a4765672e09cb70697311cf7b3e9cf6618aa,f737d1bf1579fa20bd9f3a69a9625861,2128678
CAT_COW_ONGOLE_0018,cow_ongole,Ongole,cattle,train,dataset/expanded_82_breeds_v2/cattle/cow_ongole/ongole_0018.jpg,a81cd9bb6900457569515ec1142939cc1a6343ad6b99def5cd8693a292152dee,a81cd9bb6900457569515ec1142939cc1a6343ad6b99def5cd8693a292152dee,50d71596fc29ca60793163e14709380e,436986
CAT_COW_ONGOLE_0002,cow_ongole,Ongole,cattle,train,dataset/expanded_82_breeds_v2/cattle/cow_ongole/ongole_0002.jpg,596afbf34b1099f0bd0b11fa49b997bd4eaafc6e6f89e0b2dc06141e61ba8f34,596afbf34b1099f0bd0b11fa49b997bd4eaafc6e6f89e0b2dc06141e61ba8f34,e23825c9ed74b0e4d0192ed87c0d421e,129322
CAT_COW_ONGOLE_0005,cow_ongole,Ongole,cattle,train,dataset/expanded_82_breeds_v2/cattle/cow_ongole/ongole_0005.jpg,f1a5d5d2b3e410c7e3dcc97658ef6e435e54b60dd53c485b7e36c1c49b5e7894,f1a5d5d2b3e410c7e3dcc97658ef6e435e54b60dd53c485b7e36c1c49b5e7894,5b7d2b2d8fdff74a81470164906eee21,5474989
CAT_COW_ONGOLE_0006,cow_ongole,Ongole,cattle,train,dataset/expanded_82_breeds_v2/cattle/cow_ongole/ongole_0006.jpg,a3583690ee911252b036f7a4e638ec8d3517618cab8e34931cf3200e148b8767,a3583690ee911252b036f7a4e638ec8d3517618cab8e34931cf3200e148b8767,29ed533414da337a54e465f0a8739c9e,448335
CAT_COW_ONGOLE_0003,cow_ongole,Ongole,cattle,train,dataset/expanded_82_breeds_v2/cattle/cow_ongole/ongole_0003.jpg,3819fc1ca0eff7f3acaed94b7fe7ad4bbe78c19097a97c76ca041c83e150dac5,3819fc1ca0eff7f3acaed94b7fe7ad4bbe78c19097a97c76ca041c83e150dac5,01f5c398cd43e2d7f6be4a157860ed58,186151
CAT_COW_ONGOLE_0025,cow_ongole,Ongole,cattle,train,dataset/expanded_82_breeds_v2/cattle/cow_ongole/ongole_0025.jpg,47a61ca0d2a6c3d25d3f56fa0a9047347ee06303bffd7cd6eefd7eb9eeb6b96c,47a61ca0d2a6c3d25d3f56fa0a9047347ee06303bffd7cd6eefd7eb9eeb6b96c,c617ced28c68998ee34a1fd9e7835684,3730176
CAT_COW_ONGOLE_0004,cow_ongole,Ongole,cattle,train,dataset/expanded_82_breeds_v2/cattle/cow_ongole/ongole_0004.jpg,2df038997fbf67214fae9530c8cb27615336be7e91f1730dc0e1bfcf7228b3c6,2df038997fbf67214fae9530c8cb27615336be7e91f1730dc0e1bfcf7228b3c6,210f1ae93f865e7928e338975a40c1ae,5452693
CAT_COW_ONGOLE_0024,cow_ongole,Ongole,cattle,train,dataset/expanded_82_breeds_v2/cattle/cow_ongole/ongole_0024.jpg,bd00f791f43e15cf46c550df663bf009fc0cec392aae0ccbc379314446d4d26b,bd00f791f43e15cf46c550df663bf009fc0cec392aae0ccbc379314446d4d26b,a44c77d494075eb4ea0ea2dbad79d7f1,23057
CAT_COW_ONGOLE_0026,cow_ongole,Ongole,cattle,train,dataset/expanded_82_breeds_v2/cattle/cow_ongole/ongole_0026.jpg,0dd66c891e040aa883f19cc56cd7b850a40bf0ed97c79f82b0b198dad695adb0,0dd66c891e040aa883f19cc56cd7b850a40bf0ed97c79f82b0b198dad695adb0,6a6d6758f3cbda00fc0c3af3ef595c80,97588
CAT_COW_PERIYAR_0001,cow_periyar,Periyar,cattle,train,dataset/expanded_82_breeds_v2/cattle/cow_periyar/periyar_0001.jpg,b9f401063758f1219072cc1cefcad28df36e25beca0129d8e8e58ec567bd1a16,b9f401063758f1219072cc1cefcad28df36e25beca0129d8e8e58ec567bd1a16,e4e29015943574f58d20a4b72255b83a,288557
CAT_COW_PERIYAR_0002,cow_periyar,Periyar,cattle,train,dataset/expanded_82_breeds_v2/cattle/cow_periyar/periyar_0002.jpg,07fd410b4bfcb7c496397d5f2b0b1d393a5c283c20d16bbb198c1b775fd7a163,07fd410b4bfcb7c496397d5f2b0b1d393a5c283c20d16bbb198c1b775fd7a163,1b18348b90bef1e6f897a7f48f046551,91100
CAT_COW_PERIYAR_0006,cow_periyar,Periyar,cattle,train,dataset/expanded_82_breeds_v2/cattle/cow_periyar/periyar_0006.jpg,c1264bbc940228dce52bb776fad865f19e26a82d41c96428a850c69a1ffabd7c,c1264bbc940228dce52bb776fad865f19e26a82d41c96428a850c69a1ffabd7c,1946e2fc6060215f454aa4dfd1b885df,125731
CAT_COW_PERIYAR_0003,cow_periyar,Periyar,cattle,train,dataset/expanded_82_breeds_v2/cattle/cow_periyar/periyar_0003.jpg,b602ccfed40fb65024d6b72d672cf71943acad8e5061f3cdbd3ca43de2423fbd,b602ccfed40fb65024d6b72d672cf71943acad8e5061f3cdbd3ca43de2423fbd,da2aa194ab421f8fcb6137af7c748e6a,114282
CAT_COW_PODA_THURPU_0002,cow_poda_thurpu,Poda Thurpu,cattle,train,dataset/expanded_82_breeds_v2/cattle/cow_poda_thurpu/poda_thurpu_0002.jpg,4c438a909b275525ad318c4d7896322e4b7c8cc2cb2bf724e05fc22aec18478a,4c438a909b275525ad318c4d7896322e4b7c8cc2cb2bf724e05fc22aec18478a,0a17efc6bf9d5bd1cc7626a01c5e1881,131612
CAT_COW_PONWAR_0001,cow_ponwar,Ponwar,cattle,train,dataset/expanded_82_breeds_v2/cattle/cow_ponwar/ponwar_0001.jpg,d1158a2bdaa473910e75d7e56918ecc2cce04f6e4fb74b703b3021cea12bcaed,d1158a2bdaa473910e75d7e56918ecc2cce04f6e4fb74b703b3021cea12bcaed,e4b6cf4baa4d4bbdd8337f52cf71aa86,5812406
CAT_COW_PULIKULAM_0002,cow_pulikulam,Pulikulam,cattle,train,dataset/expanded_82_breeds_v2/cattle/cow_pulikulam/pulikulam_0002.jpg,4ecb5362c798472ec48b6fea02ea098e3bd31789a7632127b36a63bb56914137,4ecb5362c798472ec48b6fea02ea098e3bd31789a7632127b36a63bb56914137,6f479b7636b0611b1fc39eb041899cee,2384996
CAT_COW_PUNGANUR_0001,cow_punganur,Punganur,cattle,train,dataset/expanded_82_breeds_v2/cattle/cow_punganur/punganur_0001.jpg,00d9ced858995f7def1068e9e422025bcb85cd51ad93728542c44b2143399f52,00d9ced858995f7def1068e9e422025bcb85cd51ad93728542c44b2143399f52,fe18cd51d0e6b19d06fdcf359de7070a,744109
CAT_COW_PUNGANUR_0002,cow_punganur,Punganur,cattle,train,dataset/expanded_82_breeds_v2/cattle/cow_punganur/punganur_0002.jpg,7156c1094102a12e126fd2fab028b844e9b78942cb924813401673f78b62ab1d,7156c1094102a12e126fd2fab028b844e9b78942cb924813401673f78b62ab1d,4d6fc4f4e7c91ecf481170f428fe69db,201573
CAT_COW_PUNGANUR_0006,cow_punganur,Punganur,cattle,train,dataset/expanded_82_breeds_v2/cattle/cow_punganur/punganur_0006.jpg,34e3428e1b384318632dc26ce8f1db2d3b85b64aaca85b4fe9b98d95ca72395d,34e3428e1b384318632dc26ce8f1db2d3b85b64aaca85b4fe9b98d95ca72395d,ed4aa839a83cb3aeb1cab12160fe6676,6227576
CAT_COW_PUNGANUR_0015,cow_punganur,Punganur,cattle,train,dataset/expanded_82_breeds_v2/cattle/cow_punganur/punganur_0015.jpg,19bbf31be9639296589893d507f1560220b6bc0f55fa1b55ed4cbe22adbaf5b6,19bbf31be9639296589893d507f1560220b6bc0f55fa1b55ed4cbe22adbaf5b6,a35558216118d2c9a3964f8a126f0274,149558
CAT_COW_PUNGANUR_0014,cow_punganur,Punganur,cattle,train,dataset/expanded_82_breeds_v2/cattle/cow_punganur/punganur_0014.jpg,f67279723ac4fbe73cab0c837c49d9b21f7cae3934f8b6930f73014d8a1e2b7b,f67279723ac4fbe73cab0c837c49d9b21f7cae3934f8b6930f73014d8a1e2b7b,e258696df975018a6dfce2011324e65b,5561203
CAT_COW_PUNGANUR_0012,cow_punganur,Punganur,cattle,train,dataset/expanded_82_breeds_v2/cattle/cow_punganur/punganur_0012.jpg,e39651aa91114ae4f0f94609451448c809c7147302ae3dbeadafec2cf8d7d456,e39651aa91114ae4f0f94609451448c809c7147302ae3dbeadafec2cf8d7d456,1c69baa94e1c05da51fc9e29f7b66ef9,181326
CAT_COW_PUNGANUR_0009,cow_punganur,Punganur,cattle,train,dataset/expanded_82_breeds_v2/cattle/cow_punganur/punganur_0009.jpg,bd56b9be11aa1d4abf9aa7b63a6c38b1c8052fca8cfcfb3b797e1b3b86b64eca,bd56b9be11aa1d4abf9aa7b63a6c38b1c8052fca8cfcfb3b797e1b3b86b64eca,69d61461483cb94e4e905ffc7f0201e5,6109037
CAT_COW_PUNGANUR_0010,cow_punganur,Punganur,cattle,train,dataset/expanded_82_breeds_v2/cattle/cow_punganur/punganur_0010.jpg,f04372d81c4e5e41f90af84c288e71842a2e901e865f0d01cba6617510bc79ba,f04372d81c4e5e41f90af84c288e71842a2e901e865f0d01cba6617510bc79ba,44d7917ae075b507b55f858d5f46651c,148221
CAT_COW_PUNGANUR_0003,cow_punganur,Punganur,cattle,train,dataset/expanded_82_breeds_v2/cattle/cow_punganur/punganur_0003.jpg,243baf92c9fcf8a2ae8996f31351e89bced3063220221771775b78fa2a542391,243baf92c9fcf8a2ae8996f31351e89bced3063220221771775b78fa2a542391,f07f5e9cb9f3986c86dd13785ded8a6d,6222453
CAT_COW_PUNGANUR_0016,cow_punganur,Punganur,cattle,train,dataset/expanded_82_breeds_v2/cattle/cow_punganur/punganur_0016.jpg,b894715741bd88c6e969397194b08d0514f87f113d7e3bfb324ba142e503237a,b894715741bd88c6e969397194b08d0514f87f113d7e3bfb324ba142e503237a,889186f33f67bd56b2c71040737bd972,1304990
CAT_COW_PUNGANUR_0005,cow_punganur,Punganur,cattle,train,dataset/expanded_82_breeds_v2/cattle/cow_punganur/punganur_0005.jpg,a8d97dac990ed828d3b5b2029856788f1d5eaa261059e5525adfbdfa02345d96,a8d97dac990ed828d3b5b2029856788f1d5eaa261059e5525adfbdfa02345d96,f395ba2ca20e7299bb76d735ec2a7953,5992625
CAT_COW_PUNGANUR_0008,cow_punganur,Punganur,cattle,train,dataset/expanded_82_breeds_v2/cattle/cow_punganur/punganur_0008.jpg,e5e6f821f96ad253744a533d92c2b6879009e5ff6b87f73360f66b9d097abbdb,e5e6f821f96ad253744a533d92c2b6879009e5ff6b87f73360f66b9d097abbdb,078767c2ee6172613228c4063b536b34,6017010
CAT_COW_PURNEA_0002,cow_purnea,Purnea,cattle,train,dataset/expanded_82_breeds_v2/cattle/cow_purnea/purnea_0002.jpg,57ba4bbf22086e0cb6567a1c14a6f19233194cdccd150632b44d2bb96f326ebf,57ba4bbf22086e0cb6567a1c14a6f19233194cdccd150632b44d2bb96f326ebf,00c719d548a5ae93725a6f67dfbf27f5,132987
CAT_COW_RATHI_0002,cow_rathi,Rathi,cattle,train,dataset/expanded_82_breeds_v2/cattle/cow_rathi/rathi_0002.jpg,6ed6b666d0616b5e035a6a5c09b203af9ebd95787d2c49e180864e078e41e292,6ed6b666d0616b5e035a6a5c09b203af9ebd95787d2c49e180864e078e41e292,29505a069f2c5d4510feb526ea2c2181,7240674
CAT_COW_RED_KANDHARI_0001,cow_red_kandhari,Red Kandhari,cattle,train,dataset/expanded_82_breeds_v2/cattle/cow_red_kandhari/red_kandhari_0001.jpg,51b94aebe52a45f59c5d73d30049e269d2611319753d76c382174809bf685f77,51b94aebe52a45f59c5d73d30049e269d2611319753d76c382174809bf685f77,8aad9b764e40b61fd0a43b4edc677e1d,2088820
CAT_COW_RED_SINDHI_0002,cow_red_sindhi,Red Sindhi,cattle,train,dataset/expanded_82_breeds_v2/cattle/cow_red_sindhi/red_sindhi_0002.jpg,0555c82c1f0ca7d7cc937086dba2d58d09ab8883315ab51a912e5d08445aa4fa,0555c82c1f0ca7d7cc937086dba2d58d09ab8883315ab51a912e5d08445aa4fa,0f66008c38fe36b493cb0d136be0cf0b,173416
CAT_COW_RED_SINDHI_0005,cow_red_sindhi,Red Sindhi,cattle,train,dataset/expanded_82_breeds_v2/cattle/cow_red_sindhi/red_sindhi_0005.jpg,68c87013381d6796fe6a2e08e6463a31155aa3e9a4ed2397b94b7e69b36b9f6d,68c87013381d6796fe6a2e08e6463a31155aa3e9a4ed2397b94b7e69b36b9f6d,fe8cc984ac5633e40be37cf78dcfb910,357259
CAT_COW_RED_SINDHI_0003,cow_red_sindhi,Red Sindhi,cattle,train,dataset/expanded_82_breeds_v2/cattle/cow_red_sindhi/red_sindhi_0003.jpg,45f524e3e35a4634662da6893d97c076b2635f08076f71b35d4a8bbb652ae35e,45f524e3e35a4634662da6893d97c076b2635f08076f71b35d4a8bbb652ae35e,f43771fd068d4bd0c6e92cbc8268b8a6,6954643
CAT_COW_ROHILKHANDI_0002,cow_rohilkhandi,Rohilkhandi,cattle,train,dataset/expanded_82_breeds_v2/cattle/cow_rohilkhandi/rohilkhandi_0002.jpg,a2cd37416aa99a6dbea43ebe71fa22f57881193b4a801eb7d0183e375810b9c5,a2cd37416aa99a6dbea43ebe71fa22f57881193b4a801eb7d0183e375810b9c5,ae8f0874d3a44da34f5f9d85940f177f,115296
CAT_COW_SAHIWAL_0001,cow_sahiwal,Sahiwal,cattle,train,dataset/expanded_82_breeds_v2/cattle/cow_sahiwal/sahiwal_0001.jpg,14a4b18463aa743116d330a3c2ffa0f7703fbb920f6fc8d25917527671e456cf,14a4b18463aa743116d330a3c2ffa0f7703fbb920f6fc8d25917527671e456cf,b355413ffdfd8b837ca66e028f3226d9,123592
CAT_COW_SAHIWAL_0014,cow_sahiwal,Sahiwal,cattle,train,dataset/expanded_82_breeds_v2/cattle/cow_sahiwal/sahiwal_0014.jpg,1c45722a588912eb2013157d4a685087a512d27a93c9bcb13b38c29a103bdf4d,1c45722a588912eb2013157d4a685087a512d27a93c9bcb13b38c29a103bdf4d,b55f7a77346295540a53e5bb2efc161d,2373079
CAT_COW_SAHIWAL_0009,cow_sahiwal,Sahiwal,cattle,train,dataset/expanded_82_breeds_v2/cattle/cow_sahiwal/sahiwal_0009.jpg,69b86bcf604359f0cf059b752d8f20562cd8e8e56db8f8bdea658b6f9fd74c76,69b86bcf604359f0cf059b752d8f20562cd8e8e56db8f8bdea658b6f9fd74c76,c32653f6d061c9adfa7424acec2445dd,3555948
CAT_COW_SAHIWAL_0002,cow_sahiwal,Sahiwal,cattle,train,dataset/expanded_82_breeds_v2/cattle/cow_sahiwal/sahiwal_0002.jpg,ba22d26e86d6995fcc7ff2fd1a7ce3be4320dbda16691d402fff40d425177d30,ba22d26e86d6995fcc7ff2fd1a7ce3be4320dbda16691d402fff40d425177d30,cab12e1d4850093f8299df81bb182f0a,228265
CAT_COW_SAHIWAL_0016,cow_sahiwal,Sahiwal,cattle,train,dataset/expanded_82_breeds_v2/cattle/cow_sahiwal/sahiwal_0016.jpg,becedf40468160f29840760e49e4bbd85d92dbe3b71eb66a1abb58f47f50dde0,becedf40468160f29840760e49e4bbd85d92dbe3b71eb66a1abb58f47f50dde0,0454ecc886938aae1a5a86a17a339f94,3429026
CAT_COW_SAHIWAL_0006,cow_sahiwal,Sahiwal,cattle,train,dataset/expanded_82_breeds_v2/cattle/cow_sahiwal/sahiwal_0006.jpg,90140308fb101d7b931fa519641135ce5879d0a68af93c3e015125f158f035a6,90140308fb101d7b931fa519641135ce5879d0a68af93c3e015125f158f035a6,183b9470ac22594675809bc1300476cc,134006
CAT_COW_SAHIWAL_0021,cow_sahiwal,Sahiwal,cattle,train,dataset/expanded_82_breeds_v2/cattle/cow_sahiwal/sahiwal_0021.jpg,66dbaa06e7d06884d45377003420ae5e777a17ff1ba142c7988dffaa7bb42f6f,66dbaa06e7d06884d45377003420ae5e777a17ff1ba142c7988dffaa7bb42f6f,e517269eb8a309c5f9a7be91264b87d9,193285
CAT_COW_SAHIWAL_0012,cow_sahiwal,Sahiwal,cattle,train,dataset/expanded_82_breeds_v2/cattle/cow_sahiwal/sahiwal_0012.jpg,5b65c69de7db7de2da73f42c63b9054045cd2aea2b0683ffbf277e57aa64fdd9,5b65c69de7db7de2da73f42c63b9054045cd2aea2b0683ffbf277e57aa64fdd9,12516cb70e466af47c6e95be34e626cf,5360469
CAT_COW_SAHIWAL_0004,cow_sahiwal,Sahiwal,cattle,train,dataset/expanded_82_breeds_v2/cattle/cow_sahiwal/sahiwal_0004.jpg,83d242bdf26b3e479b84c9826c61c749602bc3889438dbaae22a99a04d2aea69,83d242bdf26b3e479b84c9826c61c749602bc3889438dbaae22a99a04d2aea69,2796f06c081cd551ddb22401feaa9582,111778
CAT_COW_SAHIWAL_0005,cow_sahiwal,Sahiwal,cattle,train,dataset/expanded_82_breeds_v2/cattle/cow_sahiwal/sahiwal_0005.jpg,8e7c8e55d91126976e2d5aefeead20ef3a28ab494f57d1b95a8456c3378ac1a5,8e7c8e55d91126976e2d5aefeead20ef3a28ab494f57d1b95a8456c3378ac1a5,d8f04c621026580f8bb639602698e309,211614
CAT_COW_SAHIWAL_0018,cow_sahiwal,Sahiwal,cattle,train,dataset/expanded_82_breeds_v2/cattle/cow_sahiwal/sahiwal_0018.jpg,ca5ab935ff86b1da863189233aa0a557729daea42c20be6ae490b243407b7490,ca5ab935ff86b1da863189233aa0a557729daea42c20be6ae490b243407b7490,003deba97460070dfb1f246501a4a411,7270665
CAT_COW_SAHIWAL_0013,cow_sahiwal,Sahiwal,cattle,train,dataset/expanded_82_breeds_v2/cattle/cow_sahiwal/sahiwal_0013.jpg,91c577043da01f2e656d99119b2015326d8a691c6df818f1abe8b40015940740,91c577043da01f2e656d99119b2015326d8a691c6df818f1abe8b40015940740,635237d3eb0c6eda4e7984590a01bf4f,2004250
CAT_COW_SAHIWAL_0019,cow_sahiwal,Sahiwal,cattle,train,dataset/expanded_82_breeds_v2/cattle/cow_sahiwal/sahiwal_0019.jpg,513eb89161020d6e0aca65aa837947ead375f4424942a4bead9cd8b41959070d,513eb89161020d6e0aca65aa837947ead375f4424942a4bead9cd8b41959070d,b79561181fd67a065aeed2bb590736fa,4012233
CAT_COW_SAHIWAL_0017,cow_sahiwal,Sahiwal,cattle,train,dataset/expanded_82_breeds_v2/cattle/cow_sahiwal/sahiwal_0017.jpg,93ee759aca09cd8ccebb14bedf92c7c71c85548a99b8216da51cb009d29c2d6e,93ee759aca09cd8ccebb14bedf92c7c71c85548a99b8216da51cb009d29c2d6e,f12399a3506b65c6b1639f582a5a762f,5797088
CAT_COW_SAHIWAL_0003,cow_sahiwal,Sahiwal,cattle,train,dataset/expanded_82_breeds_v2/cattle/cow_sahiwal/sahiwal_0003.jpg,ba38febe379da40e27dc246d13a98d9d7b7df742669092c3fe3bd298628d3fca,ba38febe379da40e27dc246d13a98d9d7b7df742669092c3fe3bd298628d3fca,5f82029b67793b27afd31f9e044d1018,186468
CAT_COW_SAHIWAL_0010,cow_sahiwal,Sahiwal,cattle,train,dataset/expanded_82_breeds_v2/cattle/cow_sahiwal/sahiwal_0010.jpg,24c9a57203e8fde6fcae9413bfc71482888e8f193ad71c34648e746dcecd3d08,24c9a57203e8fde6fcae9413bfc71482888e8f193ad71c34648e746dcecd3d08,b3bc7b4d80287c0e5126e7cd92df28c6,3188615
CAT_COW_SANCHORI_0002,cow_sanchori,Sanchori,cattle,train,dataset/expanded_82_breeds_v2/cattle/cow_sanchori/sanchori_0002.jpg,0579efb31c52c6ad51da78d2f076e94a124a10a25e27e193a308775237f267ac,0579efb31c52c6ad51da78d2f076e94a124a10a25e27e193a308775237f267ac,5369f8bcfca63f0db02f023321432039,21198
CAT_COW_SHWETA_KAPILA_0002,cow_shweta_kapila,Shweta Kapila,cattle,train,dataset/expanded_82_breeds_v2/cattle/cow_shweta_kapila/shweta_kapila_0002.jpg,fa3fe95547679b0b111a2875ee1d2c4fddff285cd215b2abf20ab2c90963c023,fa3fe95547679b0b111a2875ee1d2c4fddff285cd215b2abf20ab2c90963c023,b008631fd2b697b8e8c744a80c327e60,261761
CAT_COW_SIRI_0001,cow_siri,Siri,cattle,train,dataset/expanded_82_breeds_v2/cattle/cow_siri/siri_0001.jpg,c47ed1b1ccb1f3d25900cdbed266eb0df27c89fbbae2d80685fed0427c08275a,c47ed1b1ccb1f3d25900cdbed266eb0df27c89fbbae2d80685fed0427c08275a,3094f1a30cb97e3316c8e3ac3ee75c3c,4838460
CAT_COW_SIRI_0018,cow_siri,Siri,cattle,train,dataset/expanded_82_breeds_v2/cattle/cow_siri/siri_0018.jpg,ac65c3be5bfc515e6b4b36fbb95f22848753cf3c67839bfca544280d1fd353ba,ac65c3be5bfc515e6b4b36fbb95f22848753cf3c67839bfca544280d1fd353ba,31d755e900528ab8f7f8c67f8cb46087,483587
CAT_COW_SIRI_0016,cow_siri,Siri,cattle,train,dataset/expanded_82_breeds_v2/cattle/cow_siri/siri_0016.jpg,6e030aa39ec50839b55842342bd615f5ab05aabb1f97b1be9e36c6e14949d4dd,6e030aa39ec50839b55842342bd615f5ab05aabb1f97b1be9e36c6e14949d4dd,c58e9a4ea3f991caba96121175f31804,7244715
CAT_COW_SIRI_0002,cow_siri,Siri,cattle,train,dataset/expanded_82_breeds_v2/cattle/cow_siri/siri_0002.jpg,f8a462fea40a0f655d21c0a703c2b1e07bf2764967515655480334ef85e6edc1,f8a462fea40a0f655d21c0a703c2b1e07bf2764967515655480334ef85e6edc1,5ed2f38df74c556c8723061cb4835736,6547759
CAT_COW_SIRI_0009,cow_siri,Siri,cattle,train,dataset/expanded_82_breeds_v2/cattle/cow_siri/siri_0009.jpg,ef66d85162c2ee20d7148b430cceb4d8cb5884289bbfc8cb244980a228f80c9c,ef66d85162c2ee20d7148b430cceb4d8cb5884289bbfc8cb244980a228f80c9c,c8d1346cff965ebfc8adf43094751913,2437621
CAT_COW_SIRI_0006,cow_siri,Siri,cattle,train,dataset/expanded_82_breeds_v2/cattle/cow_siri/siri_0006.jpg,9155874587d1e73e61a523be6cdef6dae77bdd92aa681628c297c861ce5ec43a,9155874587d1e73e61a523be6cdef6dae77bdd92aa681628c297c861ce5ec43a,52c8d37abdfb8bb7d1c555f42023f6d3,3982523
CAT_COW_SIRI_0012,cow_siri,Siri,cattle,train,dataset/expanded_82_breeds_v2/cattle/cow_siri/siri_0012.jpg,420cbf659cecc376ad0170d6687653dae9a713063cdcf259500a3f8a69a71989,420cbf659cecc376ad0170d6687653dae9a713063cdcf259500a3f8a69a71989,b8a4279ef6064bb3193662b30d9656f9,2217173
CAT_COW_SIRI_0004,cow_siri,Siri,cattle,train,dataset/expanded_82_breeds_v2/cattle/cow_siri/siri_0004.jpg,21b6454e3a9782a3bac725bff13694a674b4c2d83796454a28340b4f236163f8,21b6454e3a9782a3bac725bff13694a674b4c2d83796454a28340b4f236163f8,69843e03e0d6e7e13c41849fb30e1f0c,151024
CAT_COW_SIRI_0019,cow_siri,Siri,cattle,train,dataset/expanded_82_breeds_v2/cattle/cow_siri/siri_0019.jpg,336f6c925696f4bbd994d7ec9e96b04fbd43dcb7250ebb366fd9356bbaebc82f,336f6c925696f4bbd994d7ec9e96b04fbd43dcb7250ebb366fd9356bbaebc82f,600b4a3a70e90f2ba8d70a2eabae6840,490550
CAT_COW_SIRI_0017,cow_siri,Siri,cattle,train,dataset/expanded_82_breeds_v2/cattle/cow_siri/siri_0017.jpg,414a1e1f0062a99fe9628e84888cb2da7e8074955dc4cd742972072b6212b95a,414a1e1f0062a99fe9628e84888cb2da7e8074955dc4cd742972072b6212b95a,dfee602b4b213103db51f5043955d5b6,1219552
CAT_COW_SIRI_0014,cow_siri,Siri,cattle,train,dataset/expanded_82_breeds_v2/cattle/cow_siri/siri_0014.jpg,9b8d6d7d1187c85e9b9c4e027de407a3d53cbf9077d63a483547eef3692319a3,9b8d6d7d1187c85e9b9c4e027de407a3d53cbf9077d63a483547eef3692319a3,4a76aaef8665a8e1df6671a529018e6b,7491085
CAT_COW_SIRI_0003,cow_siri,Siri,cattle,train,dataset/expanded_82_breeds_v2/cattle/cow_siri/siri_0003.jpg,eb20f1cef8a2ff2d383652656163cad304a778f293bd4f6ea640af7ca321b013,eb20f1cef8a2ff2d383652656163cad304a778f293bd4f6ea640af7ca321b013,5de72c0ad797d77f4c4b9f94764eac0e,1569453
CAT_COW_SIRI_0010,cow_siri,Siri,cattle,train,dataset/expanded_82_breeds_v2/cattle/cow_siri/siri_0010.jpg,187f0439a57c33440286f265f8f6fedd0350b10225096f7e253c1caeb11ff36a,187f0439a57c33440286f265f8f6fedd0350b10225096f7e253c1caeb11ff36a,94b5960249cb9254260b8a6c2e0e48ce,2150623
CAT_COW_SIRI_0021,cow_siri,Siri,cattle,train,dataset/expanded_82_breeds_v2/cattle/cow_siri/siri_0021.jpg,d771848d377ef400fed6823ecb84cf7fc0a1d769ea3feac481f630b1c71b82b1,d771848d377ef400fed6823ecb84cf7fc0a1d769ea3feac481f630b1c71b82b1,951aeba3adf82b9bd40ce3bbaf23f7bf,579443
CAT_COW_SIRI_0005,cow_siri,Siri,cattle,train,dataset/expanded_82_breeds_v2/cattle/cow_siri/siri_0005.jpg,5b29d38e22aab813ee5372db9317e38e71755cc6e90479a2cfbb2b92010f2b3c,5b29d38e22aab813ee5372db9317e38e71755cc6e90479a2cfbb2b92010f2b3c,9bae180fb78db33ea8e02183c4ab5c71,3493407
CAT_COW_THARPARKAR_0006,cow_tharparkar,Tharparkar,cattle,train,dataset/expanded_82_breeds_v2/cattle/cow_tharparkar/tharparkar_0006.jpg,192dae7b3b856eae5e2b30e2fbe50bdc00f243d84e525f91c3b3f4bcab406d85,192dae7b3b856eae5e2b30e2fbe50bdc00f243d84e525f91c3b3f4bcab406d85,58e94ff57635c71df4dda86c04b06efe,2688866
CAT_COW_THARPARKAR_0001,cow_tharparkar,Tharparkar,cattle,train,dataset/expanded_82_breeds_v2/cattle/cow_tharparkar/tharparkar_0001.jpg,c366b759a0f3b68b8a55557a6657da4ae52256fb034275791369d68bbf50bcd1,c366b759a0f3b68b8a55557a6657da4ae52256fb034275791369d68bbf50bcd1,1f6ced0bbaa19c0a98382428b1cbf649,1467364
CAT_COW_THARPARKAR_0010,cow_tharparkar,Tharparkar,cattle,train,dataset/expanded_82_breeds_v2/cattle/cow_tharparkar/tharparkar_0010.jpg,cb6958f14469928d03027e10a4c8241c22189816eef750334b0195871f2e010a,cb6958f14469928d03027e10a4c8241c22189816eef750334b0195871f2e010a,935f37a6e5a0acc3e3602932c536a111,2456232
CAT_COW_THARPARKAR_0012,cow_tharparkar,Tharparkar,cattle,train,dataset/expanded_82_breeds_v2/cattle/cow_tharparkar/tharparkar_0012.jpg,1d3bf83a47ee366e9ab1bdd50f3104950bef26cc7f50076eb0549d40300cf937,1d3bf83a47ee366e9ab1bdd50f3104950bef26cc7f50076eb0549d40300cf937,e4d28cc5dffcb12f07b9d262b007eb1a,468015
CAT_COW_THARPARKAR_0003,cow_tharparkar,Tharparkar,cattle,train,dataset/expanded_82_breeds_v2/cattle/cow_tharparkar/tharparkar_0003.jpg,d766323bf0c272dc6e0b48a69316bbe473d5b49bb3015b71fba981563ce13a60,d766323bf0c272dc6e0b48a69316bbe473d5b49bb3015b71fba981563ce13a60,a0798f98c9db9f909d83ebbea2c748a0,4941621
CAT_COW_THARPARKAR_0002,cow_tharparkar,Tharparkar,cattle,train,dataset/expanded_82_breeds_v2/cattle/cow_tharparkar/tharparkar_0002.jpg,fe758df4830d49b3da1c4f272736275ed5b27ef2e94167112443be5fe7f715d6,fe758df4830d49b3da1c4f272736275ed5b27ef2e94167112443be5fe7f715d6,054446e71bb2399cdc1c14d6453aed25,1996933
CAT_COW_THARPARKAR_0009,cow_tharparkar,Tharparkar,cattle,train,dataset/expanded_82_breeds_v2/cattle/cow_tharparkar/tharparkar_0009.jpg,fa3bba810a88c2851a4694680e20501ee25a5760af0859b00bbd240432cc9726,fa3bba810a88c2851a4694680e20501ee25a5760af0859b00bbd240432cc9726,7fa20c17f1bc0091a0460f0bf5ff09df,2847441
CAT_COW_THUTHO_0002,cow_thutho,Thutho,cattle,train,dataset/expanded_82_breeds_v2/cattle/cow_thutho/thutho_0002.jpg,fbbcbd1db923678b57f665fa80af6cafa1ca21d237452cebc9c9b98b0e0466a8,fbbcbd1db923678b57f665fa80af6cafa1ca21d237452cebc9c9b98b0e0466a8,493750f74e7e7329aa41f7e8f9018f17,148182
CAT_COW_UMARDA_0002,cow_umarda,Umarda,cattle,train,dataset/expanded_82_breeds_v2/cattle/cow_umarda/umarda_0002.jpg,8ab8db03850c39d369385cefbeee746731ebac33ae4bc11462cd6012380999f8,8ab8db03850c39d369385cefbeee746731ebac33ae4bc11462cd6012380999f8,200ec11aae60bffe9635f495339b6551,421662
CAT_COW_UMBLACHERY_0002,cow_umblachery,Umblachery,cattle,train,dataset/expanded_82_breeds_v2/cattle/cow_umblachery/umblachery_0002.jpg,f9a39652b4c6cf020743adcba17c6406faf2049f1c94bb2bd51c28d9f0919c33,f9a39652b4c6cf020743adcba17c6406faf2049f1c94bb2bd51c28d9f0919c33,b2058e11f9dd9d9b343c91ecec58008c,5432725
CAT_COW_VECHUR_0001,cow_vechur,Vechur,cattle,train,dataset/expanded_82_breeds_v2/cattle/cow_vechur/vechur_0001.jpg,9801f11ba4db300cacc0b5839e9c29acfb43712a71c258f60b2a5920b402f656,9801f11ba4db300cacc0b5839e9c29acfb43712a71c258f60b2a5920b402f656,4289afcfc8c826fa9ed3fdf7148cc676,4640072
CAT_COW_VECHUR_0006,cow_vechur,Vechur,cattle,train,dataset/expanded_82_breeds_v2/cattle/cow_vechur/vechur_0006.jpg,19a45fdb57505f1422e9bfb0de0f9e3e88e24cc68056fc12e16ccb1b05ed046e,19a45fdb57505f1422e9bfb0de0f9e3e88e24cc68056fc12e16ccb1b05ed046e,699e85a998a940080c3f3731843c4ff1,4838754
CAT_COW_VECHUR_0012,cow_vechur,Vechur,cattle,train,dataset/expanded_82_breeds_v2/cattle/cow_vechur/vechur_0012.jpg,bd20364f0c334f63c24836469ab15b4e4e2dbe91da872750cd6bf861823a0cfa,bd20364f0c334f63c24836469ab15b4e4e2dbe91da872750cd6bf861823a0cfa,5874f7cf85891364bae7ec3d62beecf1,4502958
CAT_COW_VECHUR_0002,cow_vechur,Vechur,cattle,train,dataset/expanded_82_breeds_v2/cattle/cow_vechur/vechur_0002.jpg,9a8e9204f8f28c742be644ff79c146d5579f388ba0c6172f13d6f09b703c8023,9a8e9204f8f28c742be644ff79c146d5579f388ba0c6172f13d6f09b703c8023,ae8fa0f2f241917a96046c18a17df29e,4528745
CAT_COW_VECHUR_0009,cow_vechur,Vechur,cattle,train,dataset/expanded_82_breeds_v2/cattle/cow_vechur/vechur_0009.jpg,480eef221bab4eebd29b7694188b476716acc8cffc58e2a7620332fcc69e92ab,480eef221bab4eebd29b7694188b476716acc8cffc58e2a7620332fcc69e92ab,92f4426841a744ab3fb8b2922bf38044,5150720
CAT_COW_VECHUR_0017,cow_vechur,Vechur,cattle,train,dataset/expanded_82_breeds_v2/cattle/cow_vechur/vechur_0017.jpg,04a7ef1a80275fd4007ad1d62d399060bca46b2bc92cdfa502c7fa66c2dce06b,04a7ef1a80275fd4007ad1d62d399060bca46b2bc92cdfa502c7fa66c2dce06b,efa6ce260c30b1bc1eecdfbe2e6767dc,6237434
CAT_COW_VECHUR_0004,cow_vechur,Vechur,cattle,train,dataset/expanded_82_breeds_v2/cattle/cow_vechur/vechur_0004.jpg,ca1295cb4115721d700e65f9c122cf9625ba983c7dc5cc6a8169eb1c522fe2be,ca1295cb4115721d700e65f9c122cf9625ba983c7dc5cc6a8169eb1c522fe2be,356ded73617423be0d9ba7fea8e95cbd,4431612
CAT_COW_VECHUR_0014,cow_vechur,Vechur,cattle,train,dataset/expanded_82_breeds_v2/cattle/cow_vechur/vechur_0014.jpg,d2eab248898cad1c32881d02ce64883be14dea5288cf432f6e1250aed459491a,d2eab248898cad1c32881d02ce64883be14dea5288cf432f6e1250aed459491a,fbf05d3c6104d95b1041406ec37f6e0c,6165163
CAT_COW_VECHUR_0016,cow_vechur,Vechur,cattle,train,dataset/expanded_82_breeds_v2/cattle/cow_vechur/vechur_0016.jpg,f0f90d1b8a5891ad3660a62266d6018393d3bb5021de4645ff5dd8df22b21eb5,f0f90d1b8a5891ad3660a62266d6018393d3bb5021de4645ff5dd8df22b21eb5,335852c001a173de3cec80d22724728d,6222354
CAT_COW_VECHUR_0018,cow_vechur,Vechur,cattle,train,dataset/expanded_82_breeds_v2/cattle/cow_vechur/vechur_0018.jpg,9617b0f0e23e051e729de4dc85e4fef10348886be6b37c61f0748af13238bc04,9617b0f0e23e051e729de4dc85e4fef10348886be6b37c61f0748af13238bc04,ef00f787d3f870b55bfffeca54e9e9ce,6482744
CAT_COW_VECHUR_0003,cow_vechur,Vechur,cattle,train,dataset/expanded_82_breeds_v2/cattle/cow_vechur/vechur_0003.jpg,8c0bc6a85239b240fb8e7416f915e5a77685411be9f6173b86fc4783b3fea6f3,8c0bc6a85239b240fb8e7416f915e5a77685411be9f6173b86fc4783b3fea6f3,3d43dd2f964ab1062422db4de871c515,4213945
CAT_COW_VECHUR_0010,cow_vechur,Vechur,cattle,train,dataset/expanded_82_breeds_v2/cattle/cow_vechur/vechur_0010.jpg,0d7473439c3c5a453b2939b698c569f37e2dc0f13d8dffaabb54924ca93d6564,0d7473439c3c5a453b2939b698c569f37e2dc0f13d8dffaabb54924ca93d6564,15eca31bfb08a9ea65f6a5381e13f363,6943828
CAT_COW_VECHUR_0019,cow_vechur,Vechur,cattle,train,dataset/expanded_82_breeds_v2/cattle/cow_vechur/vechur_0019.jpg,b56f72e9475b0f16f05a9f7a5002050e95a2e24d5f5df68ba1c7b2a2f7c2fa9e,b56f72e9475b0f16f05a9f7a5002050e95a2e24d5f5df68ba1c7b2a2f7c2fa9e,281a6341492e2b4ba79f4d2ce96a74d1,749427
